{
"type": "FeatureCollection",
"name": "cafes.raw",
"features": [
{ "type": "Feature", "properties": { "name": "Illy Caffetteria Respighi" }, "geometry": { "type": "Point", "coordinates": [ 7.7039615, 45.0926447 ] } },
{ "type": "Feature", "properties": { "name": "Caffetteria Ferrua" }, "geometry": { "type": "Point", "coordinates": [ 7.703499, 45.0933002 ] } },
{ "type": "Feature", "properties": { }, "geometry": { "type": "Point", "coordinates": [ 7.6990545, 45.0927881 ] } },
{ "type": "Feature", "properties": { "name": "Bar Airone" }, "geometry": { "type": "Point", "coordinates": [ 7.7076204, 45.0883586 ] } },
{ "type": "Feature", "properties": { }, "geometry": { "type": "Point", "coordinates": [ 7.7123759, 45.0912962 ] } },
{ "type": "Feature", "properties": { }, "geometry": { "type": "Point", "coordinates": [ 7.7142465, 45.0923216 ] } },
{ "type": "Feature", "properties": { }, "geometry": { "type": "Point", "coordinates": [ 7.7147272, 45.0928305 ] } },
{ "type": "Feature", "properties": { }, "geometry": { "type": "Point", "coordinates": [ 7.7146585, 45.090328 ] } },
{ "type": "Feature", "properties": { "name": "Fantasia Bar - Gross" }, "geometry": { "type": "Point", "coordinates": [ 7.7213362, 45.1040634 ] } },
{ "type": "Feature", "properties": { "name": "La Sibilla" }, "geometry": { "type": "Point", "coordinates": [ 7.7452364, 45.1309444 ] } },
{ "type": "Feature", "properties": { }, "geometry": { "type": "Point", "coordinates": [ 7.7453308, 45.1309686 ] } },
{ "type": "Feature", "properties": { }, "geometry": { "type": "Point", "coordinates": [ 7.7472191, 45.1312532 ] } },
{ "type": "Feature", "properties": { "name": "Brek" }, "geometry": { "type": "Point", "coordinates": [ 7.7418032, 45.1214611 ] } },
{ "type": "Feature", "properties": { "name": "McDonald's" }, "geometry": { "type": "Point", "coordinates": [ 7.7416401, 45.1215762 ] } },
{ "type": "Feature", "properties": { "name": "Tosto" }, "geometry": { "type": "Point", "coordinates": [ 7.7401895, 45.1226239 ] } },
{ "type": "Feature", "properties": { }, "geometry": { "type": "Point", "coordinates": [ 7.7412882, 45.1232477 ] } },
{ "type": "Feature", "properties": { "name": "Pizza Family" }, "geometry": { "type": "Point", "coordinates": [ 7.7410221, 45.1234415 ] } },
{ "type": "Feature", "properties": { "name": "Da Paoletto" }, "geometry": { "type": "Point", "coordinates": [ 7.7404814, 45.1226118 ] } },
{ "type": "Feature", "properties": { }, "geometry": { "type": "Point", "coordinates": [ 7.7020622, 45.108886 ] } },
{ "type": "Feature", "properties": { "name": "Caffetteria I Sibilla" }, "geometry": { "type": "Point", "coordinates": [ 7.700507, 45.0698846 ] } },
{ "type": "Feature", "properties": { "name": "Ibiza" }, "geometry": { "type": "Point", "coordinates": [ 7.7059999, 45.0923229 ] } },
{ "type": "Feature", "properties": { "name": "Coriolano" }, "geometry": { "type": "Point", "coordinates": [ 7.730188, 45.084405 ] } },
{ "type": "Feature", "properties": { "name": "Mesopotamia Grandoo" }, "geometry": { "type": "Point", "coordinates": [ 7.6929056, 45.0717949 ] } },
{ "type": "Feature", "properties": { }, "geometry": { "type": "Point", "coordinates": [ 7.7246304, 45.1004463 ] } },
{ "type": "Feature", "properties": { "name": "Bar Salerno" }, "geometry": { "type": "Point", "coordinates": [ 7.685196, 45.0631304 ] } },
{ "type": "Feature", "properties": { "name": "Focacceria pizzeria caffè Vi Ri" }, "geometry": { "type": "Point", "coordinates": [ 7.6736336, 45.0802687 ] } },
{ "type": "Feature", "properties": { "name": "Istambul Kebap" }, "geometry": { "type": "Point", "coordinates": [ 7.6692819, 45.0751109 ] } },
{ "type": "Feature", "properties": { "name": "Bar Ice Blue" }, "geometry": { "type": "Point", "coordinates": [ 7.668915, 45.0745152 ] } },
{ "type": "Feature", "properties": { "name": "La Deeva" }, "geometry": { "type": "Point", "coordinates": [ 7.6691618, 45.0741411 ] } },
{ "type": "Feature", "properties": { "name": "GB Caffetteria" }, "geometry": { "type": "Point", "coordinates": [ 7.6691961, 45.0749351 ] } },
{ "type": "Feature", "properties": { "name": "Caffetteria Versailles" }, "geometry": { "type": "Point", "coordinates": [ 7.6782308, 45.0466123 ] } },
{ "type": "Feature", "properties": { "name": "Caffetteria Carlo Alberto" }, "geometry": { "type": "Point", "coordinates": [ 7.6870089, 45.0689192 ] } },
{ "type": "Feature", "properties": { "name": "New York Caffè" }, "geometry": { "type": "Point", "coordinates": [ 7.6458604, 45.1051148 ] } },
{ "type": "Feature", "properties": { "name": "Bar Atlantic" }, "geometry": { "type": "Point", "coordinates": [ 7.5536526, 45.0094401 ] } },
{ "type": "Feature", "properties": { "name": "Paninoteca" }, "geometry": { "type": "Point", "coordinates": [ 7.7490061, 45.1155642 ] } },
{ "type": "Feature", "properties": { "name": "Mangia come parli" }, "geometry": { "type": "Point", "coordinates": [ 7.7510769, 45.1074273 ] } },
{ "type": "Feature", "properties": { "name": "Laurence Cafè" }, "geometry": { "type": "Point", "coordinates": [ 7.6380177, 45.081275 ] } },
{ "type": "Feature", "properties": { "name": "Vasile Bar" }, "geometry": { "type": "Point", "coordinates": [ 7.6858638, 45.0505611 ] } },
{ "type": "Feature", "properties": { "name": "Lucky Bar" }, "geometry": { "type": "Point", "coordinates": [ 7.6379484, 45.0403543 ] } },
{ "type": "Feature", "properties": { "name": "Fermata Carducci" }, "geometry": { "type": "Point", "coordinates": [ 7.6705497, 45.0415331 ] } },
{ "type": "Feature", "properties": { "name": "Avenue" }, "geometry": { "type": "Point", "coordinates": [ 7.6482433, 45.0224226 ] } },
{ "type": "Feature", "properties": { "name": "Caffetteria Gelateria Serafino" }, "geometry": { "type": "Point", "coordinates": [ 7.6699993, 45.086517 ] } },
{ "type": "Feature", "properties": { "name": "McDonald's" }, "geometry": { "type": "Point", "coordinates": [ 7.6699724, 45.0871207 ] } },
{ "type": "Feature", "properties": { "name": "Bar Roma" }, "geometry": { "type": "Point", "coordinates": [ 7.6356561, 45.127868 ] } },
{ "type": "Feature", "properties": { "name": "Wood's Cafè" }, "geometry": { "type": "Point", "coordinates": [ 7.6384455, 45.0822838 ] } },
{ "type": "Feature", "properties": { "name": "Foodball" }, "geometry": { "type": "Point", "coordinates": [ 7.6055502, 45.0666099 ] } },
{ "type": "Feature", "properties": { "name": "La Mandria" }, "geometry": { "type": "Point", "coordinates": [ 7.563411, 45.1934675 ] } },
{ "type": "Feature", "properties": { }, "geometry": { "type": "Point", "coordinates": [ 7.625985, 45.0646578 ] } },
{ "type": "Feature", "properties": { }, "geometry": { "type": "Point", "coordinates": [ 7.6227529, 45.0523778 ] } },
{ "type": "Feature", "properties": { "name": "Al Diciannove B" }, "geometry": { "type": "Point", "coordinates": [ 7.6027451, 45.0030506 ] } },
{ "type": "Feature", "properties": { }, "geometry": { "type": "Point", "coordinates": [ 7.6153024, 45.0312749 ] } },
{ "type": "Feature", "properties": { "name": "Caffè Le Fornaci" }, "geometry": { "type": "Point", "coordinates": [ 7.5970988, 45.0275681 ] } },
{ "type": "Feature", "properties": { "name": "Focacceria Reale" }, "geometry": { "type": "Point", "coordinates": [ 7.6843954, 45.0712939 ] } },
{ "type": "Feature", "properties": { "name": "Caffè Pasticceria Clemy" }, "geometry": { "type": "Point", "coordinates": [ 7.6030627, 45.0055866 ] } },
{ "type": "Feature", "properties": { }, "geometry": { "type": "Point", "coordinates": [ 7.6518163, 45.0369902 ] } },
{ "type": "Feature", "properties": { "name": "Tencuaba" }, "geometry": { "type": "Point", "coordinates": [ 7.7331092, 45.1188073 ] } },
{ "type": "Feature", "properties": { "name": "Mi Caffè" }, "geometry": { "type": "Point", "coordinates": [ 7.7046086, 45.0912547 ] } },
{ "type": "Feature", "properties": { "name": "Acqua & Caffè" }, "geometry": { "type": "Point", "coordinates": [ 7.7022289, 45.0944153 ] } },
{ "type": "Feature", "properties": { "name": "Celi@chia & food" }, "geometry": { "type": "Point", "coordinates": [ 7.7177293, 45.0953052 ] } },
{ "type": "Feature", "properties": { }, "geometry": { "type": "Point", "coordinates": [ 7.719755, 45.0972022 ] } },
{ "type": "Feature", "properties": { }, "geometry": { "type": "Point", "coordinates": [ 7.6983805, 45.099726 ] } },
{ "type": "Feature", "properties": { "name": "G&V Bistrot Caffè" }, "geometry": { "type": "Point", "coordinates": [ 7.6756076, 45.0827712 ] } },
{ "type": "Feature", "properties": { "name": "Bar degli Angeli" }, "geometry": { "type": "Point", "coordinates": [ 7.6981165, 45.067651 ] } },
{ "type": "Feature", "properties": { "name": "Istanbul Pizza Kebab" }, "geometry": { "type": "Point", "coordinates": [ 7.7018601, 45.0950727 ] } },
{ "type": "Feature", "properties": { "name": "Caffé Dandy" }, "geometry": { "type": "Point", "coordinates": [ 7.5322136, 45.0052436 ] } },
{ "type": "Feature", "properties": { "name": "Jolly bar" }, "geometry": { "type": "Point", "coordinates": [ 7.6424709, 45.0752554 ] } },
{ "type": "Feature", "properties": { "name": "Cafè Chocolat" }, "geometry": { "type": "Point", "coordinates": [ 7.7440501, 45.1019985 ] } },
{ "type": "Feature", "properties": { "name": "La Locanda della Mandria" }, "geometry": { "type": "Point", "coordinates": [ 7.6025918, 45.1410679 ] } },
{ "type": "Feature", "properties": { "name": "Caffè degli Argenti" }, "geometry": { "type": "Point", "coordinates": [ 7.6246767, 45.1349847 ] } },
{ "type": "Feature", "properties": { "name": "Padiglione d'Ercole" }, "geometry": { "type": "Point", "coordinates": [ 7.6217635, 45.1377403 ] } },
{ "type": "Feature", "properties": { "name": "Bar Panoramix" }, "geometry": { "type": "Point", "coordinates": [ 7.7843156, 45.0606986 ] } },
{ "type": "Feature", "properties": { }, "geometry": { "type": "Point", "coordinates": [ 7.5159697, 45.0836929 ] } },
{ "type": "Feature", "properties": { "name": "Caffetteria Mary Pickford" }, "geometry": { "type": "Point", "coordinates": [ 7.6148213, 45.074609 ] } },
{ "type": "Feature", "properties": { "name": "McDonald's" }, "geometry": { "type": "Point", "coordinates": [ 7.6858564, 45.0699675 ] } },
{ "type": "Feature", "properties": { "name": "Caffè Visetto" }, "geometry": { "type": "Point", "coordinates": [ 7.5361011, 45.0027778 ] } },
{ "type": "Feature", "properties": { "name": "Cafè Boulevard" }, "geometry": { "type": "Point", "coordinates": [ 7.5371633, 45.0110355 ] } },
{ "type": "Feature", "properties": { "name": "Al13" }, "geometry": { "type": "Point", "coordinates": [ 7.5366013, 45.0037371 ] } },
{ "type": "Feature", "properties": { "name": "Bar San Giuseppe" }, "geometry": { "type": "Point", "coordinates": [ 7.5357029, 45.0057446 ] } },
{ "type": "Feature", "properties": { "name": "Ke'Bar" }, "geometry": { "type": "Point", "coordinates": [ 7.5798297, 45.0191239 ] } },
{ "type": "Feature", "properties": { "name": "Bar Icarus" }, "geometry": { "type": "Point", "coordinates": [ 7.6350538, 45.0723657 ] } },
{ "type": "Feature", "properties": { "name": "Caffetteria degli artisti" }, "geometry": { "type": "Point", "coordinates": [ 7.6825982, 45.0595328 ] } },
{ "type": "Feature", "properties": { "name": "Ciccio" }, "geometry": { "type": "Point", "coordinates": [ 7.6846242, 45.0588142 ] } },
{ "type": "Feature", "properties": { "name": "Hanif" }, "geometry": { "type": "Point", "coordinates": [ 7.6812904, 45.0601294 ] } },
{ "type": "Feature", "properties": { "name": "Pisapia" }, "geometry": { "type": "Point", "coordinates": [ 7.6840808, 45.059166 ] } },
{ "type": "Feature", "properties": { "name": "Ramses" }, "geometry": { "type": "Point", "coordinates": [ 7.6831228, 45.059505 ] } },
{ "type": "Feature", "properties": { "name": "Bar Lisa" }, "geometry": { "type": "Point", "coordinates": [ 7.6817102, 45.0598533 ] } },
{ "type": "Feature", "properties": { "name": "Bar Michele" }, "geometry": { "type": "Point", "coordinates": [ 7.6796836, 45.0570341 ] } },
{ "type": "Feature", "properties": { "name": "Belfiore" }, "geometry": { "type": "Point", "coordinates": [ 7.6787514, 45.0547636 ] } },
{ "type": "Feature", "properties": { "name": "Mondo Caffè" }, "geometry": { "type": "Point", "coordinates": [ 7.678907, 45.0534013 ] } },
{ "type": "Feature", "properties": { "name": "Caffè Isabella" }, "geometry": { "type": "Point", "coordinates": [ 7.6811958, 45.0555243 ] } },
{ "type": "Feature", "properties": { }, "geometry": { "type": "Point", "coordinates": [ 7.6801707, 45.0536149 ] } },
{ "type": "Feature", "properties": { "name": "BMY" }, "geometry": { "type": "Point", "coordinates": [ 7.6813702, 45.0590899 ] } },
{ "type": "Feature", "properties": { "name": "Zelly" }, "geometry": { "type": "Point", "coordinates": [ 7.6807681, 45.0609972 ] } },
{ "type": "Feature", "properties": { "name": "Liana" }, "geometry": { "type": "Point", "coordinates": [ 7.6827717, 45.0596589 ] } },
{ "type": "Feature", "properties": { "name": "Torrefazioneà" }, "geometry": { "type": "Point", "coordinates": [ 7.681537, 45.0590306 ] } },
{ "type": "Feature", "properties": { "name": "Exco Cafè" }, "geometry": { "type": "Point", "coordinates": [ 7.657334, 45.0664959 ] } },
{ "type": "Feature", "properties": { "name": "Caffè Baratti e Milano" }, "geometry": { "type": "Point", "coordinates": [ 7.6866058, 45.0697211 ] } },
{ "type": "Feature", "properties": { }, "geometry": { "type": "Point", "coordinates": [ 7.617919, 45.0400558 ] } },
{ "type": "Feature", "properties": { "name": "Golden Bar" }, "geometry": { "type": "Point", "coordinates": [ 7.6235114, 45.0361666 ] } },
{ "type": "Feature", "properties": { "name": "l'alveare bar città" }, "geometry": { "type": "Point", "coordinates": [ 7.6240076, 45.0360794 ] } },
{ "type": "Feature", "properties": { "name": "L'officina della pasta" }, "geometry": { "type": "Point", "coordinates": [ 7.6184688, 45.0348777 ] } },
{ "type": "Feature", "properties": { }, "geometry": { "type": "Point", "coordinates": [ 7.6204349, 45.0342086 ] } },
{ "type": "Feature", "properties": { "name": "Mediterraneo" }, "geometry": { "type": "Point", "coordinates": [ 7.6561218, 45.0264877 ] } },
{ "type": "Feature", "properties": { "name": "Caffè 7 note" }, "geometry": { "type": "Point", "coordinates": [ 7.6540429, 45.0277684 ] } },
{ "type": "Feature", "properties": { }, "geometry": { "type": "Point", "coordinates": [ 7.5766484, 45.1342571 ] } },
{ "type": "Feature", "properties": { }, "geometry": { "type": "Point", "coordinates": [ 7.5768106, 45.1351861 ] } },
{ "type": "Feature", "properties": { }, "geometry": { "type": "Point", "coordinates": [ 7.5763373, 45.1356043 ] } },
{ "type": "Feature", "properties": { "name": "McDonald's" }, "geometry": { "type": "Point", "coordinates": [ 7.5379215, 45.0659067 ] } },
{ "type": "Feature", "properties": { "name": "Caldo e freddo" }, "geometry": { "type": "Point", "coordinates": [ 7.6793391, 45.0609467 ] } },
{ "type": "Feature", "properties": { "name": "Strattà" }, "geometry": { "type": "Point", "coordinates": [ 7.6829804, 45.0674347 ] } },
{ "type": "Feature", "properties": { "name": "Caffè Motovelodromo" }, "geometry": { "type": "Point", "coordinates": [ 7.7152143, 45.0682576 ] } },
{ "type": "Feature", "properties": { "name": "Bistrot Mirafiori" }, "geometry": { "type": "Point", "coordinates": [ 7.6238948, 45.0136287 ] } },
{ "type": "Feature", "properties": { }, "geometry": { "type": "Point", "coordinates": [ 7.6233753, 45.0176771 ] } },
{ "type": "Feature", "properties": { }, "geometry": { "type": "Point", "coordinates": [ 7.6575815, 45.0538393 ] } },
{ "type": "Feature", "properties": { "name": "San Giorgio" }, "geometry": { "type": "Point", "coordinates": [ 7.6581653, 45.0539742 ] } },
{ "type": "Feature", "properties": { "name": "Fiorio" }, "geometry": { "type": "Point", "coordinates": [ 7.6565746, 45.0531233 ] } },
{ "type": "Feature", "properties": { "name": "Charlien" }, "geometry": { "type": "Point", "coordinates": [ 7.6576643, 45.0543634 ] } },
{ "type": "Feature", "properties": { "name": "Caffè Roma" }, "geometry": { "type": "Point", "coordinates": [ 7.6322618, 45.1333109 ] } },
{ "type": "Feature", "properties": { }, "geometry": { "type": "Point", "coordinates": [ 7.6347627, 45.1323672 ] } },
{ "type": "Feature", "properties": { "name": "Caffetteria Roberto" }, "geometry": { "type": "Point", "coordinates": [ 7.6328413, 45.1333566 ] } },
{ "type": "Feature", "properties": { "name": "Burger King" }, "geometry": { "type": "Point", "coordinates": [ 7.6680686, 45.0873631 ] } },
{ "type": "Feature", "properties": { "name": "Dolcissimo" }, "geometry": { "type": "Point", "coordinates": [ 7.5819118, 45.0652936 ] } },
{ "type": "Feature", "properties": { "name": "M**Bun" }, "geometry": { "type": "Point", "coordinates": [ 7.6746755, 45.0716031 ] } },
{ "type": "Feature", "properties": { "name": "Il Dolce Stile" }, "geometry": { "type": "Point", "coordinates": [ 7.5436792, 45.0715516 ] } },
{ "type": "Feature", "properties": { "name": "Bar Einaudi" }, "geometry": { "type": "Point", "coordinates": [ 7.6591316, 45.0606528 ] } },
{ "type": "Feature", "properties": { "name": "Caffetteria Angelica" }, "geometry": { "type": "Point", "coordinates": [ 7.6571361, 45.053533 ] } },
{ "type": "Feature", "properties": { "name": "Nuovo Caffè Letterario" }, "geometry": { "type": "Point", "coordinates": [ 7.8196877, 45.0149709 ] } },
{ "type": "Feature", "properties": { "name": "Caffè Centrale" }, "geometry": { "type": "Point", "coordinates": [ 7.6305903, 45.1336872 ] } },
{ "type": "Feature", "properties": { }, "geometry": { "type": "Point", "coordinates": [ 7.6757047, 45.0963341 ] } },
{ "type": "Feature", "properties": { }, "geometry": { "type": "Point", "coordinates": [ 7.5787989, 45.0631875 ] } },
{ "type": "Feature", "properties": { "name": "Ruffini Caffè" }, "geometry": { "type": "Point", "coordinates": [ 7.6309349, 45.0572875 ] } },
{ "type": "Feature", "properties": { }, "geometry": { "type": "Point", "coordinates": [ 7.6320816, 45.0588881 ] } },
{ "type": "Feature", "properties": { }, "geometry": { "type": "Point", "coordinates": [ 7.6343396, 45.0612395 ] } },
{ "type": "Feature", "properties": { }, "geometry": { "type": "Point", "coordinates": [ 7.6573318, 45.1522905 ] } },
{ "type": "Feature", "properties": { }, "geometry": { "type": "Point", "coordinates": [ 7.6579541, 45.1529014 ] } },
{ "type": "Feature", "properties": { }, "geometry": { "type": "Point", "coordinates": [ 7.6566639, 45.153013 ] } },
{ "type": "Feature", "properties": { }, "geometry": { "type": "Point", "coordinates": [ 7.6561164, 45.1555484 ] } },
{ "type": "Feature", "properties": { }, "geometry": { "type": "Point", "coordinates": [ 7.6552101, 45.1542317 ] } },
{ "type": "Feature", "properties": { }, "geometry": { "type": "Point", "coordinates": [ 7.6551864, 45.1549769 ] } },
{ "type": "Feature", "properties": { }, "geometry": { "type": "Point", "coordinates": [ 7.6518785, 45.171457 ] } },
{ "type": "Feature", "properties": { }, "geometry": { "type": "Point", "coordinates": [ 7.6607124, 45.1519024 ] } },
{ "type": "Feature", "properties": { "name": "Agorà" }, "geometry": { "type": "Point", "coordinates": [ 7.6602738, 45.1519612 ] } },
{ "type": "Feature", "properties": { "name": "La Luna" }, "geometry": { "type": "Point", "coordinates": [ 7.6549603, 45.1518977 ] } },
{ "type": "Feature", "properties": { }, "geometry": { "type": "Point", "coordinates": [ 7.6565214, 45.1517162 ] } },
{ "type": "Feature", "properties": { "name": "Romo" }, "geometry": { "type": "Point", "coordinates": [ 7.6399384, 45.0396782 ] } },
{ "type": "Feature", "properties": { "name": "Horas" }, "geometry": { "type": "Point", "coordinates": [ 7.6827732, 45.0584374 ] } },
{ "type": "Feature", "properties": { "name": "Torteria Cafè Marconi" }, "geometry": { "type": "Point", "coordinates": [ 7.6776182, 45.0571571 ] } },
{ "type": "Feature", "properties": { "name": "Bar Marconi" }, "geometry": { "type": "Point", "coordinates": [ 7.6775182, 45.0573596 ] } },
{ "type": "Feature", "properties": { "name": "Caffè Torino" }, "geometry": { "type": "Point", "coordinates": [ 7.6817924, 45.0675336 ] } },
{ "type": "Feature", "properties": { "name": "Caffetteria degli Angeli" }, "geometry": { "type": "Point", "coordinates": [ 7.6844502, 45.0728711 ] } },
{ "type": "Feature", "properties": { "name": "Duomo" }, "geometry": { "type": "Point", "coordinates": [ 7.6839762, 45.0724362 ] } },
{ "type": "Feature", "properties": { "name": "Cafè Perotti" }, "geometry": { "type": "Point", "coordinates": [ 7.6832776, 45.0710671 ] } },
{ "type": "Feature", "properties": { }, "geometry": { "type": "Point", "coordinates": [ 7.6831045, 45.0711364 ] } },
{ "type": "Feature", "properties": { "name": "Lumax" }, "geometry": { "type": "Point", "coordinates": [ 7.6781801, 45.0635439 ] } },
{ "type": "Feature", "properties": { "name": "L'elite" }, "geometry": { "type": "Point", "coordinates": [ 7.6824403, 45.0556363 ] } },
{ "type": "Feature", "properties": { "name": "Mavi" }, "geometry": { "type": "Point", "coordinates": [ 7.6840133, 45.0586556 ] } },
{ "type": "Feature", "properties": { "name": "Samambaia" }, "geometry": { "type": "Point", "coordinates": [ 7.6826112, 45.0574773 ] } },
{ "type": "Feature", "properties": { "name": "San Marco" }, "geometry": { "type": "Point", "coordinates": [ 7.6836561, 45.0613234 ] } },
{ "type": "Feature", "properties": { "name": "Caffè Lagrange" }, "geometry": { "type": "Point", "coordinates": [ 7.680827, 45.0636191 ] } },
{ "type": "Feature", "properties": { "name": "Caffeteria Carlo Alberto" }, "geometry": { "type": "Point", "coordinates": [ 7.6816665, 45.0620746 ] } },
{ "type": "Feature", "properties": { "name": "Pepino" }, "geometry": { "type": "Point", "coordinates": [ 7.6845851, 45.0690975 ] } },
{ "type": "Feature", "properties": { }, "geometry": { "type": "Point", "coordinates": [ 7.6698307, 45.111378 ] } },
{ "type": "Feature", "properties": { "name": "Il Banchetto" }, "geometry": { "type": "Point", "coordinates": [ 7.6772487, 45.0567223 ] } },
{ "type": "Feature", "properties": { "name": "Marinella" }, "geometry": { "type": "Point", "coordinates": [ 7.6093988, 45.0706423 ] } },
{ "type": "Feature", "properties": { "name": "Korean food" }, "geometry": { "type": "Point", "coordinates": [ 7.6803461, 45.0720354 ] } },
{ "type": "Feature", "properties": { "name": "Bar Francia" }, "geometry": { "type": "Point", "coordinates": [ 7.6838406, 45.0715756 ] } },
{ "type": "Feature", "properties": { "name": "Cafe Savoia" }, "geometry": { "type": "Point", "coordinates": [ 7.6842708, 45.0714108 ] } },
{ "type": "Feature", "properties": { "name": "Caffetteria Cristal" }, "geometry": { "type": "Point", "coordinates": [ 7.6829921, 45.0701746 ] } },
{ "type": "Feature", "properties": { "name": "Torrefazione Beccuti" }, "geometry": { "type": "Point", "coordinates": [ 7.6814662, 45.0706754 ] } },
{ "type": "Feature", "properties": { "name": "Istanbul" }, "geometry": { "type": "Point", "coordinates": [ 7.6811767, 45.0866812 ] } },
{ "type": "Feature", "properties": { "name": "Bar dell'Angolo" }, "geometry": { "type": "Point", "coordinates": [ 7.6808814, 45.0853784 ] } },
{ "type": "Feature", "properties": { "name": "Istanbul" }, "geometry": { "type": "Point", "coordinates": [ 7.6796634, 45.0841172 ] } },
{ "type": "Feature", "properties": { "name": "Bar Cigna" }, "geometry": { "type": "Point", "coordinates": [ 7.6789445, 45.083068 ] } },
{ "type": "Feature", "properties": { "name": "Caffè Lungodora" }, "geometry": { "type": "Point", "coordinates": [ 7.6804788, 45.085642 ] } },
{ "type": "Feature", "properties": { "name": "Bella Istanbul" }, "geometry": { "type": "Point", "coordinates": [ 7.6796592, 45.0887423 ] } },
{ "type": "Feature", "properties": { "name": "Caffè della Posta" }, "geometry": { "type": "Point", "coordinates": [ 7.6704114, 45.0669314 ] } },
{ "type": "Feature", "properties": { "name": "Caffè Vergnano 1882" }, "geometry": { "type": "Point", "coordinates": [ 7.6672129, 45.0679942 ] } },
{ "type": "Feature", "properties": { }, "geometry": { "type": "Point", "coordinates": [ 7.6404548, 45.0594248 ] } },
{ "type": "Feature", "properties": { }, "geometry": { "type": "Point", "coordinates": [ 7.5971803, 44.9987957 ] } },
{ "type": "Feature", "properties": { "name": "Roma già Talmone" }, "geometry": { "type": "Point", "coordinates": [ 7.679244, 45.0642911 ] } },
{ "type": "Feature", "properties": { "name": "Bar Genova" }, "geometry": { "type": "Point", "coordinates": [ 7.6643949, 45.0197042 ] } },
{ "type": "Feature", "properties": { "name": "Bar Liceo" }, "geometry": { "type": "Point", "coordinates": [ 7.70112, 44.9957796 ] } },
{ "type": "Feature", "properties": { "name": "L'Oragiusta" }, "geometry": { "type": "Point", "coordinates": [ 7.6804421, 44.9996703 ] } },
{ "type": "Feature", "properties": { "name": "Prabernasca Cafè" }, "geometry": { "type": "Point", "coordinates": [ 7.5027857, 45.0133569 ] } },
{ "type": "Feature", "properties": { "name": "Bar Pascià" }, "geometry": { "type": "Point", "coordinates": [ 7.663479, 45.0229867 ] } },
{ "type": "Feature", "properties": { "name": "Bar Pa.Fi." }, "geometry": { "type": "Point", "coordinates": [ 7.5710332, 45.0723045 ] } },
{ "type": "Feature", "properties": { "name": "Bar Unico" }, "geometry": { "type": "Point", "coordinates": [ 7.6040345, 45.0683801 ] } },
{ "type": "Feature", "properties": { "name": "Notevolmente" }, "geometry": { "type": "Point", "coordinates": [ 7.5585263, 45.0722192 ] } },
{ "type": "Feature", "properties": { "name": "Lobelix" }, "geometry": { "type": "Point", "coordinates": [ 7.6777621, 45.0747405 ] } },
{ "type": "Feature", "properties": { "name": "Cristal" }, "geometry": { "type": "Point", "coordinates": [ 7.6773621, 45.0708783 ] } },
{ "type": "Feature", "properties": { "name": "Piadine in bianco e nero" }, "geometry": { "type": "Point", "coordinates": [ 7.6775302, 45.0711024 ] } },
{ "type": "Feature", "properties": { "name": "Caffè Retrò" }, "geometry": { "type": "Point", "coordinates": [ 7.678135, 45.0648196 ] } },
{ "type": "Feature", "properties": { "name": "Mambo Cafè" }, "geometry": { "type": "Point", "coordinates": [ 7.6772838, 45.0646628 ] } },
{ "type": "Feature", "properties": { "name": "Piscitella" }, "geometry": { "type": "Point", "coordinates": [ 7.6774658, 45.0651476 ] } },
{ "type": "Feature", "properties": { "name": "Caffè Rossacci" }, "geometry": { "type": "Point", "coordinates": [ 7.6776002, 45.0650455 ] } },
{ "type": "Feature", "properties": { "name": "La Mia Piadina Romagnola" }, "geometry": { "type": "Point", "coordinates": [ 7.6773998, 45.0650647 ] } },
{ "type": "Feature", "properties": { "name": "Caffè San Quintino" }, "geometry": { "type": "Point", "coordinates": [ 7.6767412, 45.0648591 ] } },
{ "type": "Feature", "properties": { "name": "Caffetteria Ernesto" }, "geometry": { "type": "Point", "coordinates": [ 7.6764781, 45.0650055 ] } },
{ "type": "Feature", "properties": { "name": "Cafè \"Le Colonne\"" }, "geometry": { "type": "Point", "coordinates": [ 7.6752848, 45.0657825 ] } },
{ "type": "Feature", "properties": { "name": "Caffè Prati" }, "geometry": { "type": "Point", "coordinates": [ 7.6782549, 45.0692006 ] } },
{ "type": "Feature", "properties": { "name": "Tazza d'Oro" }, "geometry": { "type": "Point", "coordinates": [ 7.6780156, 45.0684829 ] } },
{ "type": "Feature", "properties": { "name": "Pam Pam" }, "geometry": { "type": "Point", "coordinates": [ 7.5481481, 45.0717654 ] } },
{ "type": "Feature", "properties": { "name": "Oasi Bar" }, "geometry": { "type": "Point", "coordinates": [ 7.789966, 45.1883146 ] } },
{ "type": "Feature", "properties": { "name": "Gran Caffè" }, "geometry": { "type": "Point", "coordinates": [ 7.6539116, 45.0738232 ] } },
{ "type": "Feature", "properties": { "name": "Caffè Crocetta" }, "geometry": { "type": "Point", "coordinates": [ 7.664387, 45.0586951 ] } },
{ "type": "Feature", "properties": { "name": "Al Lanches Bar" }, "geometry": { "type": "Point", "coordinates": [ 7.6753317, 45.0713121 ] } },
{ "type": "Feature", "properties": { "name": "Caffénero" }, "geometry": { "type": "Point", "coordinates": [ 7.6252483, 45.0400047 ] } },
{ "type": "Feature", "properties": { "name": "L'Hamburgheria di Eataly - Punto Vendita Torino (TO)" }, "geometry": { "type": "Point", "coordinates": [ 7.6763974, 45.0687701 ] } },
{ "type": "Feature", "properties": { "name": "L'Uliveto" }, "geometry": { "type": "Point", "coordinates": [ 7.676732, 45.0528604 ] } },
{ "type": "Feature", "properties": { "name": "Bolla Cafe" }, "geometry": { "type": "Point", "coordinates": [ 7.6801517, 45.0342288 ] } },
{ "type": "Feature", "properties": { "name": "Caffè Savoia" }, "geometry": { "type": "Point", "coordinates": [ 7.6786458, 45.0765536 ] } },
{ "type": "Feature", "properties": { "name": "bar roma" }, "geometry": { "type": "Point", "coordinates": [ 7.6474484, 45.0019612 ] } },
{ "type": "Feature", "properties": { "name": "Bar Filadelfia" }, "geometry": { "type": "Point", "coordinates": [ 7.6547661, 45.0385177 ] } },
{ "type": "Feature", "properties": { "name": "Blanche cafè" }, "geometry": { "type": "Point", "coordinates": [ 7.6719323, 45.0809109 ] } },
{ "type": "Feature", "properties": { "name": "Horus" }, "geometry": { "type": "Point", "coordinates": [ 7.5627112, 45.0720038 ] } },
{ "type": "Feature", "properties": { "name": "Il Clarinetto" }, "geometry": { "type": "Point", "coordinates": [ 7.63728, 45.0015915 ] } },
{ "type": "Feature", "properties": { "name": "McDonald's" }, "geometry": { "type": "Point", "coordinates": [ 7.6330829, 45.0940638 ] } },
{ "type": "Feature", "properties": { }, "geometry": { "type": "Point", "coordinates": [ 7.6348335, 45.1291836 ] } },
{ "type": "Feature", "properties": { "name": "Birreria Maximilian" }, "geometry": { "type": "Point", "coordinates": [ 7.6283947, 45.1343347 ] } },
{ "type": "Feature", "properties": { "name": "Caffè del Parco" }, "geometry": { "type": "Point", "coordinates": [ 7.686056, 45.0306855 ] } },
{ "type": "Feature", "properties": { "name": "Bar Pasticceria Lupo" }, "geometry": { "type": "Point", "coordinates": [ 7.7027593, 45.092968 ] } },
{ "type": "Feature", "properties": { "name": "Tabacchi Bar Lotto Ricevitoria 87" }, "geometry": { "type": "Point", "coordinates": [ 7.7028364, 45.0926111 ] } },
{ "type": "Feature", "properties": { "name": "Happy Bar" }, "geometry": { "type": "Point", "coordinates": [ 7.7009964, 45.0938286 ] } },
{ "type": "Feature", "properties": { }, "geometry": { "type": "Point", "coordinates": [ 7.6879862, 45.0293361 ] } },
{ "type": "Feature", "properties": { "name": "Jolly" }, "geometry": { "type": "Point", "coordinates": [ 7.5149068, 45.0257664 ] } },
{ "type": "Feature", "properties": { "name": "Bar caffetteria Loyal" }, "geometry": { "type": "Point", "coordinates": [ 7.6414831, 45.0370484 ] } },
{ "type": "Feature", "properties": { "name": "Caffè Al Bicerin" }, "geometry": { "type": "Point", "coordinates": [ 7.678984, 45.0762364 ] } },
{ "type": "Feature", "properties": { "name": "Pasticceria Caffetteria Sida" }, "geometry": { "type": "Point", "coordinates": [ 7.6715577, 45.0803696 ] } },
{ "type": "Feature", "properties": { "name": "Caffè a Gogò & Tabac" }, "geometry": { "type": "Point", "coordinates": [ 7.6542676, 45.028317 ] } },
{ "type": "Feature", "properties": { "name": "M**Bun" }, "geometry": { "type": "Point", "coordinates": [ 7.5205451, 45.0721568 ] } },
{ "type": "Feature", "properties": { "name": "Chiosco Bar" }, "geometry": { "type": "Point", "coordinates": [ 7.6749887, 45.095726 ] } },
{ "type": "Feature", "properties": { }, "geometry": { "type": "Point", "coordinates": [ 7.6489539, 45.1737032 ] } },
{ "type": "Feature", "properties": { }, "geometry": { "type": "Point", "coordinates": [ 7.6384902, 45.178877 ] } },
{ "type": "Feature", "properties": { "name": "Kebab - Pizzeria Osha" }, "geometry": { "type": "Point", "coordinates": [ 7.6313302, 45.0405196 ] } },
{ "type": "Feature", "properties": { "name": "Rizzollo" }, "geometry": { "type": "Point", "coordinates": [ 7.6422451, 45.0643975 ] } },
{ "type": "Feature", "properties": { "name": "Bar Baffo" }, "geometry": { "type": "Point", "coordinates": [ 7.5723382, 45.1476319 ] } },
{ "type": "Feature", "properties": { "name": "Bontà del Sud" }, "geometry": { "type": "Point", "coordinates": [ 7.6552439, 45.0670418 ] } },
{ "type": "Feature", "properties": { "name": "Leonardo Caffè" }, "geometry": { "type": "Point", "coordinates": [ 7.6289368, 45.0978779 ] } },
{ "type": "Feature", "properties": { "name": "Bar Muretto" }, "geometry": { "type": "Point", "coordinates": [ 7.6309089, 45.1028835 ] } },
{ "type": "Feature", "properties": { "name": "Talent Cafè" }, "geometry": { "type": "Point", "coordinates": [ 7.6331887, 45.0955521 ] } },
{ "type": "Feature", "properties": { }, "geometry": { "type": "Point", "coordinates": [ 7.6334461, 45.0946735 ] } },
{ "type": "Feature", "properties": { "name": "ARKI cafè" }, "geometry": { "type": "Point", "coordinates": [ 7.6568993, 45.0660386 ] } },
{ "type": "Feature", "properties": { "name": "Pasticceria Beatrice" }, "geometry": { "type": "Point", "coordinates": [ 7.6712601, 45.0431722 ] } },
{ "type": "Feature", "properties": { }, "geometry": { "type": "Point", "coordinates": [ 7.6595128, 45.064608 ] } },
{ "type": "Feature", "properties": { "name": "McDonald's" }, "geometry": { "type": "Point", "coordinates": [ 7.5357396, 45.1025263 ] } },
{ "type": "Feature", "properties": { "name": "Bar Billy" }, "geometry": { "type": "Point", "coordinates": [ 7.7005029, 45.0848774 ] } },
{ "type": "Feature", "properties": { "name": "O' bistrot e Masaniello" }, "geometry": { "type": "Point", "coordinates": [ 7.706653, 45.0897121 ] } },
{ "type": "Feature", "properties": { }, "geometry": { "type": "Point", "coordinates": [ 7.5138027, 45.0713361 ] } },
{ "type": "Feature", "properties": { "name": "Caffetteria tabacchi ricevitoria" }, "geometry": { "type": "Point", "coordinates": [ 7.5139349, 45.0713353 ] } },
{ "type": "Feature", "properties": { "name": "Moine" }, "geometry": { "type": "Point", "coordinates": [ 7.5159068, 45.0713943 ] } },
{ "type": "Feature", "properties": { "name": "Corner Caffè" }, "geometry": { "type": "Point", "coordinates": [ 7.6660896, 45.0676635 ] } },
{ "type": "Feature", "properties": { }, "geometry": { "type": "Point", "coordinates": [ 7.5097829, 45.069256 ] } },
{ "type": "Feature", "properties": { "name": "Il frullo" }, "geometry": { "type": "Point", "coordinates": [ 7.5083616, 45.0700115 ] } },
{ "type": "Feature", "properties": { "name": "L'ora giusta" }, "geometry": { "type": "Point", "coordinates": [ 7.5187639, 45.0696628 ] } },
{ "type": "Feature", "properties": { "name": "Caffetteria Valdocco" }, "geometry": { "type": "Point", "coordinates": [ 7.6753758, 45.0782377 ] } },
{ "type": "Feature", "properties": { "name": "Caffetteria Grandi Incontri" }, "geometry": { "type": "Point", "coordinates": [ 7.6754616, 45.0787529 ] } },
{ "type": "Feature", "properties": { "name": "Bar Drink lover" }, "geometry": { "type": "Point", "coordinates": [ 7.52208, 45.0954002 ] } },
{ "type": "Feature", "properties": { }, "geometry": { "type": "Point", "coordinates": [ 7.5360293, 45.1013658 ] } },
{ "type": "Feature", "properties": { "name": "Caffè Lara" }, "geometry": { "type": "Point", "coordinates": [ 7.5474245, 45.1004867 ] } },
{ "type": "Feature", "properties": { "name": "Bar Ristò" }, "geometry": { "type": "Point", "coordinates": [ 7.5456225, 45.1033453 ] } },
{ "type": "Feature", "properties": { }, "geometry": { "type": "Point", "coordinates": [ 7.5463809, 45.1020088 ] } },
{ "type": "Feature", "properties": { }, "geometry": { "type": "Point", "coordinates": [ 7.5176102, 45.1080183 ] } },
{ "type": "Feature", "properties": { "name": "Alì Babà" }, "geometry": { "type": "Point", "coordinates": [ 7.5486537, 45.0997911 ] } },
{ "type": "Feature", "properties": { "name": "Al Montebello" }, "geometry": { "type": "Point", "coordinates": [ 7.6927817, 45.0691241 ] } },
{ "type": "Feature", "properties": { "name": "Mai dire no" }, "geometry": { "type": "Point", "coordinates": [ 7.6954552, 45.0719975 ] } },
{ "type": "Feature", "properties": { "name": "Caffe delle Scienze" }, "geometry": { "type": "Point", "coordinates": [ 7.6855724, 45.0699298 ] } },
{ "type": "Feature", "properties": { }, "geometry": { "type": "Point", "coordinates": [ 7.664865, 45.0658896 ] } },
{ "type": "Feature", "properties": { "name": "Le Twins" }, "geometry": { "type": "Point", "coordinates": [ 7.5191744, 45.0761352 ] } },
{ "type": "Feature", "properties": { "name": "Caffè dei Portici" }, "geometry": { "type": "Point", "coordinates": [ 7.6015903, 45.0064704 ] } },
{ "type": "Feature", "properties": { }, "geometry": { "type": "Point", "coordinates": [ 7.6010223, 45.0069853 ] } },
{ "type": "Feature", "properties": { "name": "La Felce" }, "geometry": { "type": "Point", "coordinates": [ 7.602951, 45.0062013 ] } },
{ "type": "Feature", "properties": { }, "geometry": { "type": "Point", "coordinates": [ 7.5484738, 45.1028841 ] } },
{ "type": "Feature", "properties": { }, "geometry": { "type": "Point", "coordinates": [ 7.54725, 45.103309 ] } },
{ "type": "Feature", "properties": { }, "geometry": { "type": "Point", "coordinates": [ 7.546558, 45.1052711 ] } },
{ "type": "Feature", "properties": { }, "geometry": { "type": "Point", "coordinates": [ 7.546467, 45.1054748 ] } },
{ "type": "Feature", "properties": { }, "geometry": { "type": "Point", "coordinates": [ 7.5442047, 45.1093197 ] } },
{ "type": "Feature", "properties": { }, "geometry": { "type": "Point", "coordinates": [ 7.5471934, 45.1009037 ] } },
{ "type": "Feature", "properties": { }, "geometry": { "type": "Point", "coordinates": [ 7.5478885, 45.0986078 ] } },
{ "type": "Feature", "properties": { }, "geometry": { "type": "Point", "coordinates": [ 7.5241042, 45.1003849 ] } },
{ "type": "Feature", "properties": { "name": "Farmacia del Cambio" }, "geometry": { "type": "Point", "coordinates": [ 7.6849442, 45.0695933 ] } },
{ "type": "Feature", "properties": { "name": "Gilda" }, "geometry": { "type": "Point", "coordinates": [ 7.6915673, 45.0674581 ] } },
{ "type": "Feature", "properties": { }, "geometry": { "type": "Point", "coordinates": [ 7.5230126, 45.0988537 ] } },
{ "type": "Feature", "properties": { }, "geometry": { "type": "Point", "coordinates": [ 7.5482323, 45.0983285 ] } },
{ "type": "Feature", "properties": { "name": "Crystal Caffè" }, "geometry": { "type": "Point", "coordinates": [ 7.5488166, 45.0984466 ] } },
{ "type": "Feature", "properties": { }, "geometry": { "type": "Point", "coordinates": [ 7.5471771, 45.1004971 ] } },
{ "type": "Feature", "properties": { }, "geometry": { "type": "Point", "coordinates": [ 7.5449109, 45.1006615 ] } },
{ "type": "Feature", "properties": { "name": "Bar 10 e Lode" }, "geometry": { "type": "Point", "coordinates": [ 7.5353123, 45.1024586 ] } },
{ "type": "Feature", "properties": { }, "geometry": { "type": "Point", "coordinates": [ 7.5412578, 45.1030637 ] } },
{ "type": "Feature", "properties": { "name": "M**Bun" }, "geometry": { "type": "Point", "coordinates": [ 7.6814537, 45.0632719 ] } },
{ "type": "Feature", "properties": { "name": "Consueto Di Furnari Marco" }, "geometry": { "type": "Point", "coordinates": [ 7.5200727, 45.0693649 ] } },
{ "type": "Feature", "properties": { "name": "Te la do io la pizza" }, "geometry": { "type": "Point", "coordinates": [ 7.5468382, 45.1015939 ] } },
{ "type": "Feature", "properties": { }, "geometry": { "type": "Point", "coordinates": [ 7.5481679, 45.098069 ] } },
{ "type": "Feature", "properties": { "name": "Ferehneit 451" }, "geometry": { "type": "Point", "coordinates": [ 7.529924, 45.1006016 ] } },
{ "type": "Feature", "properties": { "name": "Roxy Bar" }, "geometry": { "type": "Point", "coordinates": [ 7.5164107, 45.1088701 ] } },
{ "type": "Feature", "properties": { "name": "Mon Soleil" }, "geometry": { "type": "Point", "coordinates": [ 7.6448333, 45.0436705 ] } },
{ "type": "Feature", "properties": { "name": "Caffetteria Filadelfia" }, "geometry": { "type": "Point", "coordinates": [ 7.6434759, 45.0427129 ] } },
{ "type": "Feature", "properties": { "name": "Cora Caffè" }, "geometry": { "type": "Point", "coordinates": [ 7.6416444, 45.0437176 ] } },
{ "type": "Feature", "properties": { "name": "Art Café" }, "geometry": { "type": "Point", "coordinates": [ 7.6611614, 45.0567361 ] } },
{ "type": "Feature", "properties": { "name": "Malù" }, "geometry": { "type": "Point", "coordinates": [ 7.6420659, 45.0380758 ] } },
{ "type": "Feature", "properties": { "name": "Diverxò" }, "geometry": { "type": "Point", "coordinates": [ 7.6433872, 45.0392973 ] } },
{ "type": "Feature", "properties": { "name": "Scab's" }, "geometry": { "type": "Point", "coordinates": [ 7.6435352, 45.0408512 ] } },
{ "type": "Feature", "properties": { "name": "Play Time" }, "geometry": { "type": "Point", "coordinates": [ 7.6437147, 45.0416589 ] } },
{ "type": "Feature", "properties": { "name": "Dellaferrera" }, "geometry": { "type": "Point", "coordinates": [ 7.6443779, 45.0424062 ] } },
{ "type": "Feature", "properties": { "name": "Le Cocotte" }, "geometry": { "type": "Point", "coordinates": [ 7.6448337, 45.0432332 ] } },
{ "type": "Feature", "properties": { "name": "Antica Torrefazione del Principe" }, "geometry": { "type": "Point", "coordinates": [ 7.6459337, 45.0452287 ] } },
{ "type": "Feature", "properties": { "name": "Caffè Rossini" }, "geometry": { "type": "Point", "coordinates": [ 7.6483651, 45.0495564 ] } },
{ "type": "Feature", "properties": { }, "geometry": { "type": "Point", "coordinates": [ 7.6493342, 45.0506178 ] } },
{ "type": "Feature", "properties": { "name": "Pasticceria Gelateria Torino" }, "geometry": { "type": "Point", "coordinates": [ 7.6495409, 45.0509487 ] } },
{ "type": "Feature", "properties": { "name": "L'angolo del caffè" }, "geometry": { "type": "Point", "coordinates": [ 7.6496795, 45.0511796 ] } },
{ "type": "Feature", "properties": { "name": "Le Tablier" }, "geometry": { "type": "Point", "coordinates": [ 7.6496962, 45.0512076 ] } },
{ "type": "Feature", "properties": { "name": "Caffè 900" }, "geometry": { "type": "Point", "coordinates": [ 7.6497675, 45.0517189 ] } },
{ "type": "Feature", "properties": { "name": "Caffè 901" }, "geometry": { "type": "Point", "coordinates": [ 7.6502214, 45.0519317 ] } },
{ "type": "Feature", "properties": { }, "geometry": { "type": "Point", "coordinates": [ 7.6505571, 45.0518807 ] } },
{ "type": "Feature", "properties": { "name": "Mamma... Che Pizza!!!" }, "geometry": { "type": "Point", "coordinates": [ 7.6506775, 45.0518569 ] } },
{ "type": "Feature", "properties": { "name": "Caffetteria Ventuno" }, "geometry": { "type": "Point", "coordinates": [ 7.6516494, 45.0501643 ] } },
{ "type": "Feature", "properties": { "name": "Pizza Speedy" }, "geometry": { "type": "Point", "coordinates": [ 7.6513647, 45.0499589 ] } },
{ "type": "Feature", "properties": { "name": "Best Istanbul" }, "geometry": { "type": "Point", "coordinates": [ 7.6453534, 45.0461237 ] } },
{ "type": "Feature", "properties": { "name": "Happy Hour" }, "geometry": { "type": "Point", "coordinates": [ 7.6426686, 45.0442615 ] } },
{ "type": "Feature", "properties": { "name": "Cristall" }, "geometry": { "type": "Point", "coordinates": [ 7.6403113, 45.0426753 ] } },
{ "type": "Feature", "properties": { "name": "Joy" }, "geometry": { "type": "Point", "coordinates": [ 7.6462645, 45.0398437 ] } },
{ "type": "Feature", "properties": { "name": "Superkebabbaro" }, "geometry": { "type": "Point", "coordinates": [ 7.6377119, 45.0404579 ] } },
{ "type": "Feature", "properties": { "name": "Caffetteria zeroundici" }, "geometry": { "type": "Point", "coordinates": [ 7.6425432, 45.0385751 ] } },
{ "type": "Feature", "properties": { "name": "Caffè Blanco" }, "geometry": { "type": "Point", "coordinates": [ 7.5200726, 45.0701617 ] } },
{ "type": "Feature", "properties": { }, "geometry": { "type": "Point", "coordinates": [ 7.6503848, 45.0532303 ] } },
{ "type": "Feature", "properties": { "name": "Caffè Thelys" }, "geometry": { "type": "Point", "coordinates": [ 7.54509, 45.0724993 ] } },
{ "type": "Feature", "properties": { "name": "Florio" }, "geometry": { "type": "Point", "coordinates": [ 7.5452544, 45.0746142 ] } },
{ "type": "Feature", "properties": { "name": "Top Art" }, "geometry": { "type": "Point", "coordinates": [ 7.5669886, 45.0724685 ] } },
{ "type": "Feature", "properties": { "name": "Cafè Loco" }, "geometry": { "type": "Point", "coordinates": [ 7.5664923, 45.0725123 ] } },
{ "type": "Feature", "properties": { "name": "Businnes" }, "geometry": { "type": "Point", "coordinates": [ 7.6519808, 45.1517608 ] } },
{ "type": "Feature", "properties": { "name": "Bar 999" }, "geometry": { "type": "Point", "coordinates": [ 7.6417307, 45.0465828 ] } },
{ "type": "Feature", "properties": { "name": "Storico" }, "geometry": { "type": "Point", "coordinates": [ 7.5522542, 45.0702839 ] } },
{ "type": "Feature", "properties": { "name": "Franky's" }, "geometry": { "type": "Point", "coordinates": [ 7.6801285, 45.0620041 ] } },
{ "type": "Feature", "properties": { "name": "Barbarella" }, "geometry": { "type": "Point", "coordinates": [ 7.6802392, 45.0591223 ] } },
{ "type": "Feature", "properties": { "name": "Caffè Liberty" }, "geometry": { "type": "Point", "coordinates": [ 7.6203291, 45.0117994 ] } },
{ "type": "Feature", "properties": { "name": "Amsterdam Chips" }, "geometry": { "type": "Point", "coordinates": [ 7.68118, 45.0725238 ] } },
{ "type": "Feature", "properties": { "name": "Il Capolinea" }, "geometry": { "type": "Point", "coordinates": [ 7.5619371, 45.0722538 ] } },
{ "type": "Feature", "properties": { "name": "La Nuvola" }, "geometry": { "type": "Point", "coordinates": [ 7.649113, 45.0199191 ] } },
{ "type": "Feature", "properties": { "name": "Bar Le Clips" }, "geometry": { "type": "Point", "coordinates": [ 7.6789643, 44.9988677 ] } },
{ "type": "Feature", "properties": { "name": "Blanco Café Restaurant" }, "geometry": { "type": "Point", "coordinates": [ 7.6802273, 44.9988642 ] } },
{ "type": "Feature", "properties": { "name": "Intercity Cafè" }, "geometry": { "type": "Point", "coordinates": [ 7.6781884, 44.9983189 ] } },
{ "type": "Feature", "properties": { "name": "Caffè San Carlo" }, "geometry": { "type": "Point", "coordinates": [ 7.6824451, 45.0684756 ] } },
{ "type": "Feature", "properties": { "name": "Bar Corso" }, "geometry": { "type": "Point", "coordinates": [ 7.6825677, 45.0630844 ] } },
{ "type": "Feature", "properties": { "name": "Gelateria Visconti - Testa" }, "geometry": { "type": "Point", "coordinates": [ 7.6688784, 45.0579065 ] } },
{ "type": "Feature", "properties": { "name": "Bottega Storica Odilla Bastoni" }, "geometry": { "type": "Point", "coordinates": [ 7.658434, 45.0540479 ] } },
{ "type": "Feature", "properties": { "name": "Caffè Piazzi" }, "geometry": { "type": "Point", "coordinates": [ 7.6605488, 45.054228 ] } },
{ "type": "Feature", "properties": { "name": "Novanta Caffetteria Panetteria Pasticceria" }, "geometry": { "type": "Point", "coordinates": [ 7.6590249, 45.0553161 ] } },
{ "type": "Feature", "properties": { "name": "Tortemania" }, "geometry": { "type": "Point", "coordinates": [ 7.6568296, 45.057436 ] } },
{ "type": "Feature", "properties": { "name": "Caffetteria Crocetta" }, "geometry": { "type": "Point", "coordinates": [ 7.6591727, 45.0549211 ] } },
{ "type": "Feature", "properties": { "name": "Pepe" }, "geometry": { "type": "Point", "coordinates": [ 7.6924394, 45.0629358 ] } },
{ "type": "Feature", "properties": { "name": "Nurah Café" }, "geometry": { "type": "Point", "coordinates": [ 7.6804701, 45.0755546 ] } },
{ "type": "Feature", "properties": { "name": "Cooperativa Gelteria Naturale di San Salvario" }, "geometry": { "type": "Point", "coordinates": [ 7.6808933, 45.0592791 ] } },
{ "type": "Feature", "properties": { "name": "La Maison de Marie" }, "geometry": { "type": "Point", "coordinates": [ 7.6794612, 45.0736923 ] } },
{ "type": "Feature", "properties": { "name": "Hamburgeria" }, "geometry": { "type": "Point", "coordinates": [ 7.6473149, 45.0652838 ] } },
{ "type": "Feature", "properties": { "name": "Alla goccia!" }, "geometry": { "type": "Point", "coordinates": [ 7.6962783, 45.0683553 ] } },
{ "type": "Feature", "properties": { "name": "Caffè della Caduta" }, "geometry": { "type": "Point", "coordinates": [ 7.702286, 45.0695584 ] } },
{ "type": "Feature", "properties": { "name": "Manitu" }, "geometry": { "type": "Point", "coordinates": [ 7.65226, 45.0671143 ] } },
{ "type": "Feature", "properties": { "name": "Il Covo dei Golosi" }, "geometry": { "type": "Point", "coordinates": [ 7.650579, 45.0672405 ] } },
{ "type": "Feature", "properties": { "name": "Locanda Leggera" }, "geometry": { "type": "Point", "coordinates": [ 7.7029082, 45.0687147 ] } },
{ "type": "Feature", "properties": { "name": "Retrogusto" }, "geometry": { "type": "Point", "coordinates": [ 7.6399315, 45.0394686 ] } },
{ "type": "Feature", "properties": { "name": "Caffè Gelateria Fiorio" }, "geometry": { "type": "Point", "coordinates": [ 7.6881141, 45.0694059 ] } },
{ "type": "Feature", "properties": { "name": "caffetteria Palazzo di Città" }, "geometry": { "type": "Point", "coordinates": [ 7.6813062, 45.0728134 ] } },
{ "type": "Feature", "properties": { "name": "Caffè Reale" }, "geometry": { "type": "Point", "coordinates": [ 7.6859549, 45.0734691 ] } },
{ "type": "Feature", "properties": { "name": "Najkiki" }, "geometry": { "type": "Point", "coordinates": [ 7.6481688, 45.0183204 ] } },
{ "type": "Feature", "properties": { "name": "Peyron caffetteria" }, "geometry": { "type": "Point", "coordinates": [ 7.6614062, 45.0782021 ] } },
{ "type": "Feature", "properties": { "name": "Zero's Kafe" }, "geometry": { "type": "Point", "coordinates": [ 7.6794164, 45.0738772 ] } },
{ "type": "Feature", "properties": { "name": "10 e lode" }, "geometry": { "type": "Point", "coordinates": [ 7.5513259, 45.0718717 ] } },
{ "type": "Feature", "properties": { "name": "La Cuite" }, "geometry": { "type": "Point", "coordinates": [ 7.6802371, 45.0579647 ] } },
{ "type": "Feature", "properties": { }, "geometry": { "type": "Point", "coordinates": [ 7.6764213, 45.0436715 ] } },
{ "type": "Feature", "properties": { "name": "Caffetteria dell'Arco" }, "geometry": { "type": "Point", "coordinates": [ 7.6804856, 44.9997969 ] } },
{ "type": "Feature", "properties": { "name": "Jolly" }, "geometry": { "type": "Point", "coordinates": [ 7.6762965, 45.0431378 ] } },
{ "type": "Feature", "properties": { "name": "Respeat" }, "geometry": { "type": "Point", "coordinates": [ 7.6783431, 45.0709814 ] } },
{ "type": "Feature", "properties": { "name": "My Friend" }, "geometry": { "type": "Point", "coordinates": [ 7.6573499, 45.052919 ] } },
{ "type": "Feature", "properties": { "name": "Istanbul" }, "geometry": { "type": "Point", "coordinates": [ 7.6438887, 45.0345742 ] } },
{ "type": "Feature", "properties": { "name": "L'Orchidea" }, "geometry": { "type": "Point", "coordinates": [ 7.6410517, 45.0390867 ] } },
{ "type": "Feature", "properties": { "name": "Bar Luca e Dario" }, "geometry": { "type": "Point", "coordinates": [ 7.7463977, 45.1443561 ] } },
{ "type": "Feature", "properties": { }, "geometry": { "type": "Point", "coordinates": [ 7.6485487, 45.0515473 ] } },
{ "type": "Feature", "properties": { "name": "Cornelius" }, "geometry": { "type": "Point", "coordinates": [ 7.6778936, 45.0485045 ] } },
{ "type": "Feature", "properties": { "name": "Cafè Fiurin" }, "geometry": { "type": "Point", "coordinates": [ 7.6754974, 45.0642681 ] } },
{ "type": "Feature", "properties": { "name": "Pinguino" }, "geometry": { "type": "Point", "coordinates": [ 7.520076, 45.0759365 ] } },
{ "type": "Feature", "properties": { "name": "Caffè Villa Reale" }, "geometry": { "type": "Point", "coordinates": [ 7.6068765, 44.9978819 ] } },
{ "type": "Feature", "properties": { "name": "Bar Cristal" }, "geometry": { "type": "Point", "coordinates": [ 7.6680996, 45.0767798 ] } },
{ "type": "Feature", "properties": { "name": "Cafè" }, "geometry": { "type": "Point", "coordinates": [ 7.6379545, 45.0158716 ] } },
{ "type": "Feature", "properties": { "name": "Non un caffè... il caffè" }, "geometry": { "type": "Point", "coordinates": [ 7.6657548, 45.0733696 ] } },
{ "type": "Feature", "properties": { "name": "Fiorio" }, "geometry": { "type": "Point", "coordinates": [ 7.6844204, 45.0713398 ] } },
{ "type": "Feature", "properties": { "name": "Cremeria Riccardo" }, "geometry": { "type": "Point", "coordinates": [ 7.6691334, 45.0780908 ] } },
{ "type": "Feature", "properties": { "name": "La Piadonza" }, "geometry": { "type": "Point", "coordinates": [ 7.6955104, 45.0724805 ] } },
{ "type": "Feature", "properties": { "name": "Chiosco Il Rettore" }, "geometry": { "type": "Point", "coordinates": [ 7.6970465, 45.0726986 ] } },
{ "type": "Feature", "properties": { "name": "Vincent Café" }, "geometry": { "type": "Point", "coordinates": [ 7.6652116, 45.0725585 ] } },
{ "type": "Feature", "properties": { "name": "Lahori Karahi" }, "geometry": { "type": "Point", "coordinates": [ 7.6796414, 45.0613817 ] } },
{ "type": "Feature", "properties": { "name": "Lollipop" }, "geometry": { "type": "Point", "coordinates": [ 7.5468675, 45.1015304 ] } },
{ "type": "Feature", "properties": { "name": "101" }, "geometry": { "type": "Point", "coordinates": [ 7.6531894, 45.0535529 ] } },
{ "type": "Feature", "properties": { "name": "L'Aperivò" }, "geometry": { "type": "Point", "coordinates": [ 7.662583, 45.0782998 ] } },
{ "type": "Feature", "properties": { "name": "Royal Bar" }, "geometry": { "type": "Point", "coordinates": [ 7.6630202, 45.078836 ] } },
{ "type": "Feature", "properties": { "name": "Caffé Oporto" }, "geometry": { "type": "Point", "coordinates": [ 7.665581, 45.0692637 ] } },
{ "type": "Feature", "properties": { "name": "Ambhara Bar" }, "geometry": { "type": "Point", "coordinates": [ 7.6835073, 45.0789725 ] } },
{ "type": "Feature", "properties": { "name": "Aperhaus" }, "geometry": { "type": "Point", "coordinates": [ 7.6777072, 45.0566896 ] } },
{ "type": "Feature", "properties": { "name": "Natura" }, "geometry": { "type": "Point", "coordinates": [ 7.6873112, 45.0698573 ] } },
{ "type": "Feature", "properties": { "name": "Kebab Aladino" }, "geometry": { "type": "Point", "coordinates": [ 7.6442609, 45.0798141 ] } },
{ "type": "Feature", "properties": { "name": "Caffetteria Incontri..." }, "geometry": { "type": "Point", "coordinates": [ 7.6229344, 45.0731395 ] } },
{ "type": "Feature", "properties": { "name": "Il nuovo Spuntino" }, "geometry": { "type": "Point", "coordinates": [ 7.6227903, 45.0722711 ] } },
{ "type": "Feature", "properties": { "name": "Caffetteria Fabrizi" }, "geometry": { "type": "Point", "coordinates": [ 7.6447382, 45.0809227 ] } },
{ "type": "Feature", "properties": { "name": "Conte Max" }, "geometry": { "type": "Point", "coordinates": [ 7.6828936, 45.0402661 ] } },
{ "type": "Feature", "properties": { "name": "Girarrosti S. Rita" }, "geometry": { "type": "Point", "coordinates": [ 7.7645454, 45.100943 ] } },
{ "type": "Feature", "properties": { "name": "Star Pizza Kebap" }, "geometry": { "type": "Point", "coordinates": [ 7.6426207, 45.0761263 ] } },
{ "type": "Feature", "properties": { "name": "King's Coffee" }, "geometry": { "type": "Point", "coordinates": [ 7.6433217, 45.0761329 ] } },
{ "type": "Feature", "properties": { "name": "Caffè Rivoli 6" }, "geometry": { "type": "Point", "coordinates": [ 7.6436893, 45.0760164 ] } },
{ "type": "Feature", "properties": { }, "geometry": { "type": "Point", "coordinates": [ 7.6233481, 45.0741615 ] } },
{ "type": "Feature", "properties": { "name": "Monegato" }, "geometry": { "type": "Point", "coordinates": [ 7.6928391, 45.0681154 ] } },
{ "type": "Feature", "properties": { "name": "Caffetteria Euro" }, "geometry": { "type": "Point", "coordinates": [ 7.6414543, 45.0794311 ] } },
{ "type": "Feature", "properties": { "name": "Da Leo" }, "geometry": { "type": "Point", "coordinates": [ 7.6421155, 45.0794141 ] } },
{ "type": "Feature", "properties": { "name": "Entra - Game Cafè" }, "geometry": { "type": "Point", "coordinates": [ 7.6426508, 45.079411 ] } },
{ "type": "Feature", "properties": { "name": "Caffetteria La dolcezza" }, "geometry": { "type": "Point", "coordinates": [ 7.6421641, 45.0810769 ] } },
{ "type": "Feature", "properties": { }, "geometry": { "type": "Point", "coordinates": [ 7.631977, 45.01498 ] } },
{ "type": "Feature", "properties": { "name": "Bar Patty" }, "geometry": { "type": "Point", "coordinates": [ 7.6418214, 45.0808847 ] } },
{ "type": "Feature", "properties": { "name": "Quality coffee taste" }, "geometry": { "type": "Point", "coordinates": [ 7.5190553, 45.0703898 ] } },
{ "type": "Feature", "properties": { "name": "Caffè Snoopy" }, "geometry": { "type": "Point", "coordinates": [ 7.6326118, 45.0164409 ] } },
{ "type": "Feature", "properties": { "name": "Caffè Borromini" }, "geometry": { "type": "Point", "coordinates": [ 7.711003, 45.067217 ] } },
{ "type": "Feature", "properties": { "name": "Boero caffè" }, "geometry": { "type": "Point", "coordinates": [ 7.6579679, 45.054049 ] } },
{ "type": "Feature", "properties": { "name": "Posta Vecchia" }, "geometry": { "type": "Point", "coordinates": [ 7.5155893, 45.0773067 ] } },
{ "type": "Feature", "properties": { "name": "SiLo caffè" }, "geometry": { "type": "Point", "coordinates": [ 7.6377652, 45.0244686 ] } },
{ "type": "Feature", "properties": { "name": "Caffè Elena" }, "geometry": { "type": "Point", "coordinates": [ 7.6944817, 45.0660998 ] } },
{ "type": "Feature", "properties": { "name": "Bar88" }, "geometry": { "type": "Point", "coordinates": [ 7.6413231, 45.0813692 ] } },
{ "type": "Feature", "properties": { "name": "Turkish Pizza Kebab" }, "geometry": { "type": "Point", "coordinates": [ 7.6421596, 45.0812894 ] } },
{ "type": "Feature", "properties": { }, "geometry": { "type": "Point", "coordinates": [ 7.6803169, 45.1068336 ] } },
{ "type": "Feature", "properties": { }, "geometry": { "type": "Point", "coordinates": [ 7.7065111, 45.1001242 ] } },
{ "type": "Feature", "properties": { "name": "Torteria Berlicabarbis" }, "geometry": { "type": "Point", "coordinates": [ 7.6953943, 45.0752649 ] } },
{ "type": "Feature", "properties": { "name": "Barlume" }, "geometry": { "type": "Point", "coordinates": [ 7.6948588, 45.0746087 ] } },
{ "type": "Feature", "properties": { "name": "Tropical Paradise" }, "geometry": { "type": "Point", "coordinates": [ 7.6948454, 45.0748644 ] } },
{ "type": "Feature", "properties": { "name": "Caffè Martinez" }, "geometry": { "type": "Point", "coordinates": [ 7.6786746, 45.0734181 ] } },
{ "type": "Feature", "properties": { "name": "La Bicyclette" }, "geometry": { "type": "Point", "coordinates": [ 7.6792796, 45.073706 ] } },
{ "type": "Feature", "properties": { "name": "Dunque" }, "geometry": { "type": "Point", "coordinates": [ 7.6957756, 45.0714819 ] } },
{ "type": "Feature", "properties": { "name": "gelateria" }, "geometry": { "type": "Point", "coordinates": [ 7.5253304, 45.06599 ] } },
{ "type": "Feature", "properties": { "name": "Caffetteria del Palio" }, "geometry": { "type": "Point", "coordinates": [ 7.5243571, 45.0666953 ] } },
{ "type": "Feature", "properties": { "name": "Maison du Café" }, "geometry": { "type": "Point", "coordinates": [ 7.682283, 45.0656081 ] } },
{ "type": "Feature", "properties": { "name": "Caffetteria Santa Pelagia" }, "geometry": { "type": "Point", "coordinates": [ 7.6903588, 45.0655698 ] } },
{ "type": "Feature", "properties": { "name": "Piadineria romagnola" }, "geometry": { "type": "Point", "coordinates": [ 7.6912307, 45.0654061 ] } },
{ "type": "Feature", "properties": { "name": "Pizza on the Road" }, "geometry": { "type": "Point", "coordinates": [ 7.6584621, 45.0888611 ] } },
{ "type": "Feature", "properties": { "name": "I Tartufi" }, "geometry": { "type": "Point", "coordinates": [ 7.6828346, 45.0634493 ] } },
{ "type": "Feature", "properties": { "name": "Bar Rondò" }, "geometry": { "type": "Point", "coordinates": [ 7.6752996, 45.0792079 ] } },
{ "type": "Feature", "properties": { "name": "Smashers" }, "geometry": { "type": "Point", "coordinates": [ 7.6914849, 45.0654394 ] } },
{ "type": "Feature", "properties": { "name": "Sweet&Sour School" }, "geometry": { "type": "Point", "coordinates": [ 7.6741331, 45.0818117 ] } },
{ "type": "Feature", "properties": { }, "geometry": { "type": "Point", "coordinates": [ 7.683184, 45.0559731 ] } },
{ "type": "Feature", "properties": { "name": "Il chiosco della Tesoriera" }, "geometry": { "type": "Point", "coordinates": [ 7.6398131, 45.0778018 ] } },
{ "type": "Feature", "properties": { "name": "Roxy Bar" }, "geometry": { "type": "Point", "coordinates": [ 7.5166015, 45.0713505 ] } },
{ "type": "Feature", "properties": { }, "geometry": { "type": "Point", "coordinates": [ 7.5197885, 45.0697047 ] } },
{ "type": "Feature", "properties": { "name": "Wallpaper" }, "geometry": { "type": "Point", "coordinates": [ 7.6992737, 45.061782 ] } },
{ "type": "Feature", "properties": { "name": "SPES" }, "geometry": { "type": "Point", "coordinates": [ 7.6696832, 45.1030572 ] } },
{ "type": "Feature", "properties": { "name": "La Corona" }, "geometry": { "type": "Point", "coordinates": [ 7.5146912, 45.0686279 ] } },
{ "type": "Feature", "properties": { "name": "Family Bar" }, "geometry": { "type": "Point", "coordinates": [ 7.663407, 45.0746503 ] } },
{ "type": "Feature", "properties": { "name": "Nazionale" }, "geometry": { "type": "Point", "coordinates": [ 7.5194895, 45.0721201 ] } },
{ "type": "Feature", "properties": { }, "geometry": { "type": "Point", "coordinates": [ 7.6471565, 45.0442967 ] } },
{ "type": "Feature", "properties": { "name": "Caffé Reale" }, "geometry": { "type": "Point", "coordinates": [ 7.6738971, 45.0471392 ] } },
{ "type": "Feature", "properties": { "name": "Platti" }, "geometry": { "type": "Point", "coordinates": [ 7.6746001, 45.0647706 ] } },
{ "type": "Feature", "properties": { "name": "Luna'sTorta" }, "geometry": { "type": "Point", "coordinates": [ 7.6775963, 45.0523284 ] } },
{ "type": "Feature", "properties": { }, "geometry": { "type": "Point", "coordinates": [ 7.6755687, 45.0742026 ] } },
{ "type": "Feature", "properties": { "name": "Focaccia Gran Torino" }, "geometry": { "type": "Point", "coordinates": [ 7.6832023, 45.0663647 ] } },
{ "type": "Feature", "properties": { }, "geometry": { "type": "Point", "coordinates": [ 7.6904257, 45.0802682 ] } },
{ "type": "Feature", "properties": { }, "geometry": { "type": "Point", "coordinates": [ 7.667999, 45.0341785 ] } },
{ "type": "Feature", "properties": { "name": "Ingrosso Minuto" }, "geometry": { "type": "Point", "coordinates": [ 7.6830378, 45.0746377 ] } },
{ "type": "Feature", "properties": { "name": "Bar Taty" }, "geometry": { "type": "Point", "coordinates": [ 7.726198, 45.1035724 ] } },
{ "type": "Feature", "properties": { "name": "Mon" }, "geometry": { "type": "Point", "coordinates": [ 7.7253588, 45.1020545 ] } },
{ "type": "Feature", "properties": { "name": "La Drogheria" }, "geometry": { "type": "Point", "coordinates": [ 7.6952465, 45.0641777 ] } },
{ "type": "Feature", "properties": { "name": "Aria Fritta" }, "geometry": { "type": "Point", "coordinates": [ 7.6804772, 45.0727477 ] } },
{ "type": "Feature", "properties": { }, "geometry": { "type": "Point", "coordinates": [ 7.6830678, 45.0736822 ] } },
{ "type": "Feature", "properties": { "name": "Bar Antica Piazza delle Erbe" }, "geometry": { "type": "Point", "coordinates": [ 7.6839889, 45.0721498 ] } },
{ "type": "Feature", "properties": { "name": "U Roast" }, "geometry": { "type": "Point", "coordinates": [ 7.6577849, 45.0699495 ] } },
{ "type": "Feature", "properties": { "name": "Istanbul Pizza Kebap" }, "geometry": { "type": "Point", "coordinates": [ 7.6406016, 45.0700231 ] } },
{ "type": "Feature", "properties": { "name": "Peterbacco Enoteca" }, "geometry": { "type": "Point", "coordinates": [ 7.6701761, 45.0816594 ] } },
{ "type": "Feature", "properties": { "name": "Corner Cafè" }, "geometry": { "type": "Point", "coordinates": [ 7.6652865, 45.0726968 ] } },
{ "type": "Feature", "properties": { "name": "Incontro" }, "geometry": { "type": "Point", "coordinates": [ 7.56292, 45.0724017 ] } },
{ "type": "Feature", "properties": { "name": "Lo Spuntino" }, "geometry": { "type": "Point", "coordinates": [ 7.5523918, 45.0706898 ] } },
{ "type": "Feature", "properties": { "name": "Madison Cafè" }, "geometry": { "type": "Point", "coordinates": [ 7.5621209, 45.0678661 ] } },
{ "type": "Feature", "properties": { "name": "Gelateria" }, "geometry": { "type": "Point", "coordinates": [ 7.5859465, 45.0646995 ] } },
{ "type": "Feature", "properties": { }, "geometry": { "type": "Point", "coordinates": [ 7.585816, 45.0613025 ] } },
{ "type": "Feature", "properties": { "name": "Caffetteria Enzo" }, "geometry": { "type": "Point", "coordinates": [ 7.6414774, 45.0735692 ] } },
{ "type": "Feature", "properties": { "name": "Grey Cafè" }, "geometry": { "type": "Point", "coordinates": [ 7.6408121, 45.0726787 ] } },
{ "type": "Feature", "properties": { "name": "Caffè Metrò" }, "geometry": { "type": "Point", "coordinates": [ 7.6456004, 45.0749432 ] } },
{ "type": "Feature", "properties": { "name": "Punto Caffè 18" }, "geometry": { "type": "Point", "coordinates": [ 7.6477382, 45.0741868 ] } },
{ "type": "Feature", "properties": { "name": "Typical Foods" }, "geometry": { "type": "Point", "coordinates": [ 7.6469059, 45.0744747 ] } },
{ "type": "Feature", "properties": { "name": "Don Carlos" }, "geometry": { "type": "Point", "coordinates": [ 7.6847855, 45.0625466 ] } },
{ "type": "Feature", "properties": { "name": "Costadoro Caffé Bar Ceste" }, "geometry": { "type": "Point", "coordinates": [ 7.678463, 45.0700764 ] } },
{ "type": "Feature", "properties": { "name": "Corner Caffè" }, "geometry": { "type": "Point", "coordinates": [ 7.6439928, 45.0798655 ] } },
{ "type": "Feature", "properties": { "name": "Riecco" }, "geometry": { "type": "Point", "coordinates": [ 7.6828374, 45.0723816 ] } },
{ "type": "Feature", "properties": { "name": "Convitto Café" }, "geometry": { "type": "Point", "coordinates": [ 7.6884167, 45.0677743 ] } },
{ "type": "Feature", "properties": { "name": "Caffè Bordino" }, "geometry": { "type": "Point", "coordinates": [ 7.7319749, 45.0800099 ] } },
{ "type": "Feature", "properties": { "name": "Dehors della Caffetteria del RIstoro del Priore" }, "geometry": { "type": "Point", "coordinates": [ 7.7677756, 45.0811093 ] } },
{ "type": "Feature", "properties": { "name": "Stazione" }, "geometry": { "type": "Point", "coordinates": [ 7.766189, 45.0813681 ] } },
{ "type": "Feature", "properties": { "name": "Osteria del Balòn" }, "geometry": { "type": "Point", "coordinates": [ 7.6840008, 45.0802138 ] } },
{ "type": "Feature", "properties": { "name": "Bar Antico Borgo" }, "geometry": { "type": "Point", "coordinates": [ 7.6839297, 45.0798227 ] } },
{ "type": "Feature", "properties": { "name": "Tauer Bakery" }, "geometry": { "type": "Point", "coordinates": [ 7.6823836, 45.0572592 ] } },
{ "type": "Feature", "properties": { "name": "Memis Rivoli" }, "geometry": { "type": "Point", "coordinates": [ 7.5188605, 45.0762483 ] } },
{ "type": "Feature", "properties": { "name": "La Vecchia Lira" }, "geometry": { "type": "Point", "coordinates": [ 7.627486, 45.0501517 ] } },
{ "type": "Feature", "properties": { "name": "Golden Bar" }, "geometry": { "type": "Point", "coordinates": [ 7.6385521, 45.0699693 ] } },
{ "type": "Feature", "properties": { "name": "L'artista - Pizza Kebab" }, "geometry": { "type": "Point", "coordinates": [ 7.6382722, 45.0699443 ] } },
{ "type": "Feature", "properties": { "name": "Risto- bar Kebap pizza grill" }, "geometry": { "type": "Point", "coordinates": [ 7.5208762, 45.0684002 ] } },
{ "type": "Feature", "properties": { "name": "Caffetteria Tripoli" }, "geometry": { "type": "Point", "coordinates": [ 7.6480068, 45.0489667 ] } },
{ "type": "Feature", "properties": { "name": "Pronto pizza" }, "geometry": { "type": "Point", "coordinates": [ 7.6471154, 45.1780669 ] } },
{ "type": "Feature", "properties": { "name": "Sicily StreEat Arancini & Co" }, "geometry": { "type": "Point", "coordinates": [ 7.6869656, 45.0693798 ] } },
{ "type": "Feature", "properties": { "name": "Caffè Cervino" }, "geometry": { "type": "Point", "coordinates": [ 7.6767762, 45.063185 ] } },
{ "type": "Feature", "properties": { }, "geometry": { "type": "Point", "coordinates": [ 7.6294796, 45.0038782 ] } },
{ "type": "Feature", "properties": { "name": "Art & Coffee" }, "geometry": { "type": "Point", "coordinates": [ 7.6772574, 45.0542595 ] } },
{ "type": "Feature", "properties": { "name": "Il Sole" }, "geometry": { "type": "Point", "coordinates": [ 7.5150352, 45.0688164 ] } },
{ "type": "Feature", "properties": { "name": "Caffetteria Lipari" }, "geometry": { "type": "Point", "coordinates": [ 7.5191811, 45.0628597 ] } },
{ "type": "Feature", "properties": { "name": "Toastamore" }, "geometry": { "type": "Point", "coordinates": [ 7.6708664, 45.0407712 ] } },
{ "type": "Feature", "properties": { "name": "360 Caffetteria Creperia" }, "geometry": { "type": "Point", "coordinates": [ 7.6838913, 45.0421001 ] } },
{ "type": "Feature", "properties": { "name": "Qui Da Noi" }, "geometry": { "type": "Point", "coordinates": [ 7.6155116, 45.0741585 ] } },
{ "type": "Feature", "properties": { "name": "Ola" }, "geometry": { "type": "Point", "coordinates": [ 7.6821208, 45.071468 ] } },
{ "type": "Feature", "properties": { "name": "Bar Architettura" }, "geometry": { "type": "Point", "coordinates": [ 7.6853485, 45.0538842 ] } },
{ "type": "Feature", "properties": { }, "geometry": { "type": "Point", "coordinates": [ 7.5229463, 45.0321884 ] } },
{ "type": "Feature", "properties": { }, "geometry": { "type": "Point", "coordinates": [ 7.5257197, 45.0302208 ] } },
{ "type": "Feature", "properties": { }, "geometry": { "type": "Point", "coordinates": [ 7.5183868, 45.034137 ] } },
{ "type": "Feature", "properties": { "name": "Alexander Cafè" }, "geometry": { "type": "Point", "coordinates": [ 7.6671797, 45.0754109 ] } },
{ "type": "Feature", "properties": { "name": "Caffè Aroma" }, "geometry": { "type": "Point", "coordinates": [ 7.6667639, 45.0748427 ] } },
{ "type": "Feature", "properties": { "name": "Il Bistrot" }, "geometry": { "type": "Point", "coordinates": [ 7.6666754, 45.0747006 ] } },
{ "type": "Feature", "properties": { "name": "Rita e Pietro" }, "geometry": { "type": "Point", "coordinates": [ 7.6319106, 45.0438641 ] } },
{ "type": "Feature", "properties": { }, "geometry": { "type": "Point", "coordinates": [ 7.7088985, 45.1267168 ] } },
{ "type": "Feature", "properties": { "name": "Biliardomania" }, "geometry": { "type": "Point", "coordinates": [ 7.7066244, 45.1138088 ] } },
{ "type": "Feature", "properties": { }, "geometry": { "type": "Point", "coordinates": [ 7.7056361, 45.129317 ] } },
{ "type": "Feature", "properties": { "name": "Da Baffo Hub Culturale" }, "geometry": { "type": "Point", "coordinates": [ 7.6913027, 45.0900022 ] } },
{ "type": "Feature", "properties": { }, "geometry": { "type": "Point", "coordinates": [ 7.6900262, 45.0922914 ] } },
{ "type": "Feature", "properties": { }, "geometry": { "type": "Point", "coordinates": [ 7.6894566, 45.091633 ] } },
{ "type": "Feature", "properties": { "name": "Sultan Kebap" }, "geometry": { "type": "Point", "coordinates": [ 7.6937997, 45.0865622 ] } },
{ "type": "Feature", "properties": { "name": "Pai Bikery" }, "geometry": { "type": "Point", "coordinates": [ 7.6970022, 45.0751974 ] } },
{ "type": "Feature", "properties": { "name": "Le Panche Cocktail Bar" }, "geometry": { "type": "Point", "coordinates": [ 7.6944475, 45.0745096 ] } },
{ "type": "Feature", "properties": { "name": "Fabian Cafè" }, "geometry": { "type": "Point", "coordinates": [ 7.691089, 45.0791355 ] } },
{ "type": "Feature", "properties": { "name": "Brocante" }, "geometry": { "type": "Point", "coordinates": [ 7.6833842, 45.0794133 ] } },
{ "type": "Feature", "properties": { }, "geometry": { "type": "Point", "coordinates": [ 7.6959218, 45.0824784 ] } },
{ "type": "Feature", "properties": { "name": "Bar Iris" }, "geometry": { "type": "Point", "coordinates": [ 7.6793769, 45.088946 ] } },
{ "type": "Feature", "properties": { "name": "Route 66 Cafe" }, "geometry": { "type": "Point", "coordinates": [ 7.6905045, 45.0809774 ] } },
{ "type": "Feature", "properties": { "name": "Bar Marco" }, "geometry": { "type": "Point", "coordinates": [ 7.6808649, 45.0778768 ] } },
{ "type": "Feature", "properties": { "name": "Bar San Giorgio" }, "geometry": { "type": "Point", "coordinates": [ 7.6894811, 45.0854355 ] } },
{ "type": "Feature", "properties": { "name": "B77" }, "geometry": { "type": "Point", "coordinates": [ 7.6954957, 45.0805032 ] } },
{ "type": "Feature", "properties": { "name": "Bar Enoteca" }, "geometry": { "type": "Point", "coordinates": [ 7.6908167, 45.0817873 ] } },
{ "type": "Feature", "properties": { "name": "Bar Maurizio" }, "geometry": { "type": "Point", "coordinates": [ 7.6714959, 45.0960996 ] } },
{ "type": "Feature", "properties": { "name": "Bar caffetteria Amateis" }, "geometry": { "type": "Point", "coordinates": [ 7.6775255, 45.0959288 ] } },
{ "type": "Feature", "properties": { "name": "Caffè Gran Torino" }, "geometry": { "type": "Point", "coordinates": [ 7.674163, 45.0957719 ] } },
{ "type": "Feature", "properties": { "name": "Caffetteria Tresor" }, "geometry": { "type": "Point", "coordinates": [ 7.6760832, 45.0952932 ] } },
{ "type": "Feature", "properties": { "name": "Kiki's Coffee" }, "geometry": { "type": "Point", "coordinates": [ 7.677152, 45.0947964 ] } },
{ "type": "Feature", "properties": { "name": "Pancolazione" }, "geometry": { "type": "Point", "coordinates": [ 7.6786102, 45.0917457 ] } },
{ "type": "Feature", "properties": { "name": "Massimo Caffetteria" }, "geometry": { "type": "Point", "coordinates": [ 7.6726217, 45.10124 ] } },
{ "type": "Feature", "properties": { "name": "Cafè La Bodeguita" }, "geometry": { "type": "Point", "coordinates": [ 7.6354966, 45.0756612 ] } },
{ "type": "Feature", "properties": { "name": "Bar Olimpic" }, "geometry": { "type": "Point", "coordinates": [ 7.6359773, 45.0780091 ] } },
{ "type": "Feature", "properties": { "name": "al Ventidue" }, "geometry": { "type": "Point", "coordinates": [ 7.6229048, 45.0765364 ] } },
{ "type": "Feature", "properties": { "name": "Mood Café" }, "geometry": { "type": "Point", "coordinates": [ 7.6338644, 45.0781475 ] } },
{ "type": "Feature", "properties": { "name": "BufaliTO" }, "geometry": { "type": "Point", "coordinates": [ 7.628138, 45.0793875 ] } },
{ "type": "Feature", "properties": { "name": "Bar Alessandria" }, "geometry": { "type": "Point", "coordinates": [ 7.6427108, 45.0826386 ] } },
{ "type": "Feature", "properties": { "name": "La Torrefazione" }, "geometry": { "type": "Point", "coordinates": [ 7.6658806, 45.0780613 ] } },
{ "type": "Feature", "properties": { "name": "Mesopotamia Grandoo" }, "geometry": { "type": "Point", "coordinates": [ 7.6677758, 45.084319 ] } },
{ "type": "Feature", "properties": { "name": "Il Cucchiaino Incantato" }, "geometry": { "type": "Point", "coordinates": [ 7.6677226, 45.0842434 ] } },
{ "type": "Feature", "properties": { "name": "In'TO Street Bar" }, "geometry": { "type": "Point", "coordinates": [ 7.6641016, 45.0853081 ] } },
{ "type": "Feature", "properties": { "name": "sicily bar" }, "geometry": { "type": "Point", "coordinates": [ 7.6659963, 45.0778182 ] } },
{ "type": "Feature", "properties": { "name": "L'Emporio" }, "geometry": { "type": "Point", "coordinates": [ 7.6500023, 45.0800222 ] } },
{ "type": "Feature", "properties": { "name": "Caffè Sole" }, "geometry": { "type": "Point", "coordinates": [ 7.617937, 45.0718228 ] } },
{ "type": "Feature", "properties": { "name": "Topazio" }, "geometry": { "type": "Point", "coordinates": [ 7.6208944, 45.0718476 ] } },
{ "type": "Feature", "properties": { "name": "Bar Miami" }, "geometry": { "type": "Point", "coordinates": [ 7.6288533, 45.0643311 ] } },
{ "type": "Feature", "properties": { "name": "Mayflower" }, "geometry": { "type": "Point", "coordinates": [ 7.6483063, 45.0610908 ] } },
{ "type": "Feature", "properties": { "name": "da Franco" }, "geometry": { "type": "Point", "coordinates": [ 7.6186606, 45.0707137 ] } },
{ "type": "Feature", "properties": { "name": "I Love Café" }, "geometry": { "type": "Point", "coordinates": [ 7.6187344, 45.0709696 ] } },
{ "type": "Feature", "properties": { "name": "La Svolta" }, "geometry": { "type": "Point", "coordinates": [ 7.6187497, 45.0710047 ] } },
{ "type": "Feature", "properties": { "name": "Helga's" }, "geometry": { "type": "Point", "coordinates": [ 7.6216524, 45.0721976 ] } },
{ "type": "Feature", "properties": { "name": "FuoriLuogo" }, "geometry": { "type": "Point", "coordinates": [ 7.6474055, 45.0625677 ] } },
{ "type": "Feature", "properties": { "name": "La Torrefazione" }, "geometry": { "type": "Point", "coordinates": [ 7.6354529, 45.0582299 ] } },
{ "type": "Feature", "properties": { "name": "Pasticceria Petri" }, "geometry": { "type": "Point", "coordinates": [ 7.6462884, 45.0595053 ] } },
{ "type": "Feature", "properties": { "name": "Bar '800" }, "geometry": { "type": "Point", "coordinates": [ 7.6453907, 45.0601007 ] } },
{ "type": "Feature", "properties": { "name": "Caffetteria Gemma" }, "geometry": { "type": "Point", "coordinates": [ 7.6459763, 45.0599765 ] } },
{ "type": "Feature", "properties": { "name": "Bar Sport" }, "geometry": { "type": "Point", "coordinates": [ 7.6390901, 45.0736786 ] } },
{ "type": "Feature", "properties": { "name": "Carla e Beppe" }, "geometry": { "type": "Point", "coordinates": [ 7.628965, 45.0747228 ] } },
{ "type": "Feature", "properties": { "name": "La Piadineria" }, "geometry": { "type": "Point", "coordinates": [ 7.6547924, 45.065777 ] } },
{ "type": "Feature", "properties": { "name": "Aldo's Bacaro" }, "geometry": { "type": "Point", "coordinates": [ 7.6550518, 45.0652437 ] } },
{ "type": "Feature", "properties": { "name": "Caffè Boasi" }, "geometry": { "type": "Point", "coordinates": [ 7.6519436, 45.0651017 ] } },
{ "type": "Feature", "properties": { "name": "Caffetteria Bernini" }, "geometry": { "type": "Point", "coordinates": [ 7.655962, 45.0754406 ] } },
{ "type": "Feature", "properties": { "name": "Coffee Black" }, "geometry": { "type": "Point", "coordinates": [ 7.6411021, 45.0499901 ] } },
{ "type": "Feature", "properties": { "name": "Il Mio Bar" }, "geometry": { "type": "Point", "coordinates": [ 7.6392715, 45.0492769 ] } },
{ "type": "Feature", "properties": { "name": "Turkish Urfa" }, "geometry": { "type": "Point", "coordinates": [ 7.6411352, 45.0501105 ] } },
{ "type": "Feature", "properties": { "name": "Coffe Spritz" }, "geometry": { "type": "Point", "coordinates": [ 7.6368013, 45.0499281 ] } },
{ "type": "Feature", "properties": { "name": "Fede Caffè" }, "geometry": { "type": "Point", "coordinates": [ 7.6370962, 45.0498359 ] } },
{ "type": "Feature", "properties": { "name": "Il Dolciario" }, "geometry": { "type": "Point", "coordinates": [ 7.6351562, 45.0504329 ] } },
{ "type": "Feature", "properties": { "name": "'O Scugnizzo" }, "geometry": { "type": "Point", "coordinates": [ 7.6082974, 45.0209015 ] } },
{ "type": "Feature", "properties": { }, "geometry": { "type": "Point", "coordinates": [ 7.608289, 45.020889 ] } },
{ "type": "Feature", "properties": { }, "geometry": { "type": "Point", "coordinates": [ 7.6083488, 45.0208658 ] } },
{ "type": "Feature", "properties": { "name": "Cafè" }, "geometry": { "type": "Point", "coordinates": [ 7.6119855, 45.0206767 ] } },
{ "type": "Feature", "properties": { "name": "L'angolo del caffè" }, "geometry": { "type": "Point", "coordinates": [ 7.6555845, 45.0313966 ] } },
{ "type": "Feature", "properties": { "name": "Bar Sport" }, "geometry": { "type": "Point", "coordinates": [ 7.6555248, 45.0323035 ] } },
{ "type": "Feature", "properties": { "name": "Pizzeria Del Sole" }, "geometry": { "type": "Point", "coordinates": [ 7.6552921, 45.0323764 ] } },
{ "type": "Feature", "properties": { "name": "Da Babo Pizza & Kebab" }, "geometry": { "type": "Point", "coordinates": [ 7.6550329, 45.033727 ] } },
{ "type": "Feature", "properties": { "name": "Bar Sprint" }, "geometry": { "type": "Point", "coordinates": [ 7.6544761, 45.0326295 ] } },
{ "type": "Feature", "properties": { "name": "Pasticceria Maggiora" }, "geometry": { "type": "Point", "coordinates": [ 7.6932611, 45.0573069 ] } },
{ "type": "Feature", "properties": { "name": "Paninaro di Sassi" }, "geometry": { "type": "Point", "coordinates": [ 7.7297672, 45.0805267 ] } },
{ "type": "Feature", "properties": { "name": "Bar Franco di Franco Graziella & C. SAS" }, "geometry": { "type": "Point", "coordinates": [ 7.7330425, 45.0787266 ] } },
{ "type": "Feature", "properties": { }, "geometry": { "type": "Point", "coordinates": [ 7.7125369, 45.0677636 ] } },
{ "type": "Feature", "properties": { "name": "La Piadineria" }, "geometry": { "type": "Point", "coordinates": [ 7.7111136, 45.0675485 ] } },
{ "type": "Feature", "properties": { "name": "Tiffany" }, "geometry": { "type": "Point", "coordinates": [ 7.6562273, 45.056638 ] } },
{ "type": "Feature", "properties": { "name": "Caffé Cavalieri" }, "geometry": { "type": "Point", "coordinates": [ 7.6605094, 45.0519024 ] } },
{ "type": "Feature", "properties": { "name": "La formula del caffè" }, "geometry": { "type": "Point", "coordinates": [ 7.6620395, 45.0577762 ] } },
{ "type": "Feature", "properties": { "name": "Green Café" }, "geometry": { "type": "Point", "coordinates": [ 7.6729861, 45.0586822 ] } },
{ "type": "Feature", "properties": { }, "geometry": { "type": "Point", "coordinates": [ 7.6657104, 45.0502451 ] } },
{ "type": "Feature", "properties": { "name": "Burger Town" }, "geometry": { "type": "Point", "coordinates": [ 7.6613405, 45.0223368 ] } },
{ "type": "Feature", "properties": { "name": "La Parisienne Cafè & Petit Cuisine" }, "geometry": { "type": "Point", "coordinates": [ 7.6645414, 45.0244133 ] } },
{ "type": "Feature", "properties": { "name": "Caffetteria Torrefazione Debernardi" }, "geometry": { "type": "Point", "coordinates": [ 7.6742334, 45.0499932 ] } },
{ "type": "Feature", "properties": { "name": "Piadinizza" }, "geometry": { "type": "Point", "coordinates": [ 7.674342, 45.0502688 ] } },
{ "type": "Feature", "properties": { "name": "Muurgheria" }, "geometry": { "type": "Point", "coordinates": [ 7.6727293, 45.0461273 ] } },
{ "type": "Feature", "properties": { }, "geometry": { "type": "Point", "coordinates": [ 7.6782639, 45.0506825 ] } },
{ "type": "Feature", "properties": { "name": "La Fucina Caffè" }, "geometry": { "type": "Point", "coordinates": [ 7.6764135, 45.0491663 ] } },
{ "type": "Feature", "properties": { "name": "Caffetteria Rebecca" }, "geometry": { "type": "Point", "coordinates": [ 7.6780419, 45.0506132 ] } },
{ "type": "Feature", "properties": { "name": "Rojto Coffee Club" }, "geometry": { "type": "Point", "coordinates": [ 7.6728287, 45.0462981 ] } },
{ "type": "Feature", "properties": { "name": "Retro' Gusto Bistrot" }, "geometry": { "type": "Point", "coordinates": [ 7.6817617, 45.0614613 ] } },
{ "type": "Feature", "properties": { "name": "Orso Laboratorio Caffè" }, "geometry": { "type": "Point", "coordinates": [ 7.6839668, 45.0580087 ] } },
{ "type": "Feature", "properties": { "name": "Poplette & Co." }, "geometry": { "type": "Point", "coordinates": [ 7.682479, 45.0578083 ] } },
{ "type": "Feature", "properties": { "name": "Lanificio San Salvatore" }, "geometry": { "type": "Point", "coordinates": [ 7.6804207, 45.0576686 ] } },
{ "type": "Feature", "properties": { "name": "Soundart" }, "geometry": { "type": "Point", "coordinates": [ 7.6809346, 45.0590041 ] } },
{ "type": "Feature", "properties": { "name": "Krimikal" }, "geometry": { "type": "Point", "coordinates": [ 7.6828388, 45.0597157 ] } },
{ "type": "Feature", "properties": { "name": "Ennio Bar" }, "geometry": { "type": "Point", "coordinates": [ 7.6762913, 45.0552322 ] } },
{ "type": "Feature", "properties": { "name": "Cafe Matisse" }, "geometry": { "type": "Point", "coordinates": [ 7.6787739, 45.0516117 ] } },
{ "type": "Feature", "properties": { "name": "Astoria" }, "geometry": { "type": "Point", "coordinates": [ 7.6805169, 45.0593681 ] } },
{ "type": "Feature", "properties": { }, "geometry": { "type": "Point", "coordinates": [ 7.6761392, 45.0538563 ] } },
{ "type": "Feature", "properties": { "name": "Tiratisù" }, "geometry": { "type": "Point", "coordinates": [ 7.6782771, 45.0535091 ] } },
{ "type": "Feature", "properties": { "name": "Hamerica's" }, "geometry": { "type": "Point", "coordinates": [ 7.6794839, 45.0571093 ] } },
{ "type": "Feature", "properties": { "name": "Mollica" }, "geometry": { "type": "Point", "coordinates": [ 7.6833779, 45.0589823 ] } },
{ "type": "Feature", "properties": { "name": "Aldo's Bakery" }, "geometry": { "type": "Point", "coordinates": [ 7.6784167, 45.0582822 ] } },
{ "type": "Feature", "properties": { "name": "Caffè Raffaello" }, "geometry": { "type": "Point", "coordinates": [ 7.6774314, 45.0519405 ] } },
{ "type": "Feature", "properties": { "name": "Turkish Anatolia 2" }, "geometry": { "type": "Point", "coordinates": [ 7.7013655, 45.0700065 ] } },
{ "type": "Feature", "properties": { "name": "Napoleone Bonaparte" }, "geometry": { "type": "Point", "coordinates": [ 7.6985167, 45.0677897 ] } },
{ "type": "Feature", "properties": { "name": "Kebhouze - Aldo Moro" }, "geometry": { "type": "Point", "coordinates": [ 7.6935195, 45.067231 ] } },
{ "type": "Feature", "properties": { "name": "La Piramide" }, "geometry": { "type": "Point", "coordinates": [ 7.6921703, 45.0670602 ] } },
{ "type": "Feature", "properties": { "name": "Alvà" }, "geometry": { "type": "Point", "coordinates": [ 7.6975786, 45.0687832 ] } },
{ "type": "Feature", "properties": { "name": "Amsterdam Chips" }, "geometry": { "type": "Point", "coordinates": [ 7.6958283, 45.0652346 ] } },
{ "type": "Feature", "properties": { "name": "Botellon Botega" }, "geometry": { "type": "Point", "coordinates": [ 7.6954123, 45.0718927 ] } },
{ "type": "Feature", "properties": { "name": "swag drink and food" }, "geometry": { "type": "Point", "coordinates": [ 7.6910861, 45.0736387 ] } },
{ "type": "Feature", "properties": { "name": "Bar Cavour" }, "geometry": { "type": "Point", "coordinates": [ 7.6849443, 45.0695715 ] } },
{ "type": "Feature", "properties": { "name": "Con mollica o senza?" }, "geometry": { "type": "Point", "coordinates": [ 7.6817765, 45.0634259 ] } },
{ "type": "Feature", "properties": { "name": "Smashy" }, "geometry": { "type": "Point", "coordinates": [ 7.6912176, 45.0666773 ] } },
{ "type": "Feature", "properties": { "name": "La Mangiatoja" }, "geometry": { "type": "Point", "coordinates": [ 7.6911472, 45.0663199 ] } },
{ "type": "Feature", "properties": { "name": "Kombu" }, "geometry": { "type": "Point", "coordinates": [ 7.6873097, 45.06679 ] } },
{ "type": "Feature", "properties": { "name": "MOOD29" }, "geometry": { "type": "Point", "coordinates": [ 7.6872993, 45.0617819 ] } },
{ "type": "Feature", "properties": { "name": "Gerla 1927" }, "geometry": { "type": "Point", "coordinates": [ 7.6813087, 45.0640272 ] } },
{ "type": "Feature", "properties": { "name": "Linopassamilvino" }, "geometry": { "type": "Point", "coordinates": [ 7.6840694, 45.0664322 ] } },
{ "type": "Feature", "properties": { "name": "Focacceria Tipica Ligure" }, "geometry": { "type": "Point", "coordinates": [ 7.6835038, 45.066528 ] } },
{ "type": "Feature", "properties": { "name": "Caffè Damosso" }, "geometry": { "type": "Point", "coordinates": [ 7.682886, 45.065254 ] } },
{ "type": "Feature", "properties": { "name": "Piadineria Brulé" }, "geometry": { "type": "Point", "coordinates": [ 7.6846665, 45.0663806 ] } },
{ "type": "Feature", "properties": { "name": "Crostone.it" }, "geometry": { "type": "Point", "coordinates": [ 7.6846984, 45.0664263 ] } },
{ "type": "Feature", "properties": { "name": "Mu Bao" }, "geometry": { "type": "Point", "coordinates": [ 7.6855456, 45.069884 ] } },
{ "type": "Feature", "properties": { "name": "Just" }, "geometry": { "type": "Point", "coordinates": [ 7.6940252, 45.0649715 ] } },
{ "type": "Feature", "properties": { "name": "Caffè Mokita" }, "geometry": { "type": "Point", "coordinates": [ 7.6826974, 45.06698 ] } },
{ "type": "Feature", "properties": { "name": "Caffè Mulassano" }, "geometry": { "type": "Point", "coordinates": [ 7.6868085, 45.0698461 ] } },
{ "type": "Feature", "properties": { "name": "Flower Burger" }, "geometry": { "type": "Point", "coordinates": [ 7.6778844, 45.0711625 ] } },
{ "type": "Feature", "properties": { "name": "Gofreria Piemonteisa" }, "geometry": { "type": "Point", "coordinates": [ 7.6821971, 45.0714054 ] } },
{ "type": "Feature", "properties": { "name": "Judafire Music Cafè" }, "geometry": { "type": "Point", "coordinates": [ 7.6801679, 45.0748263 ] } },
{ "type": "Feature", "properties": { "name": "New Prosit" }, "geometry": { "type": "Point", "coordinates": [ 7.6830106, 45.0733361 ] } },
{ "type": "Feature", "properties": { "name": "Antica Drogheria" }, "geometry": { "type": "Point", "coordinates": [ 7.6733813, 45.0722727 ] } },
{ "type": "Feature", "properties": { "name": "Walle’s Burger" }, "geometry": { "type": "Point", "coordinates": [ 7.6706891, 45.0755317 ] } },
{ "type": "Feature", "properties": { "name": "Roberto Caffè" }, "geometry": { "type": "Point", "coordinates": [ 7.6769434, 45.0741387 ] } },
{ "type": "Feature", "properties": { "name": "Mo" }, "geometry": { "type": "Point", "coordinates": [ 7.6811164, 45.0725478 ] } },
{ "type": "Feature", "properties": { "name": "The Tea" }, "geometry": { "type": "Point", "coordinates": [ 7.6812818, 45.0736066 ] } },
{ "type": "Feature", "properties": { "name": "La Piadineria" }, "geometry": { "type": "Point", "coordinates": [ 7.6698984, 45.0732078 ] } },
{ "type": "Feature", "properties": { "name": "Every Day" }, "geometry": { "type": "Point", "coordinates": [ 7.6702844, 45.0730696 ] } },
{ "type": "Feature", "properties": { "name": "Bar Le Rose" }, "geometry": { "type": "Point", "coordinates": [ 7.6703437, 45.0730483 ] } },
{ "type": "Feature", "properties": { "name": "La Farcia" }, "geometry": { "type": "Point", "coordinates": [ 7.6791064, 45.0707654 ] } },
{ "type": "Feature", "properties": { "name": "Pankè" }, "geometry": { "type": "Point", "coordinates": [ 7.6815852, 45.072705 ] } },
{ "type": "Feature", "properties": { "name": "Caffè Savoia" }, "geometry": { "type": "Point", "coordinates": [ 7.6806739, 45.0767288 ] } },
{ "type": "Feature", "properties": { "name": "Shore" }, "geometry": { "type": "Point", "coordinates": [ 7.6808093, 45.0766789 ] } },
{ "type": "Feature", "properties": { "name": "Pastarell" }, "geometry": { "type": "Point", "coordinates": [ 7.6690492, 45.074435 ] } },
{ "type": "Feature", "properties": { "name": "Focacceria" }, "geometry": { "type": "Point", "coordinates": [ 7.668982, 45.0744608 ] } },
{ "type": "Feature", "properties": { "name": "Tomatika" }, "geometry": { "type": "Point", "coordinates": [ 7.6825009, 45.0702084 ] } },
{ "type": "Feature", "properties": { "name": "Caffeteria del centro" }, "geometry": { "type": "Point", "coordinates": [ 7.680046, 45.0662802 ] } },
{ "type": "Feature", "properties": { "name": "Da Aydin" }, "geometry": { "type": "Point", "coordinates": [ 7.6778904, 45.0635777 ] } },
{ "type": "Feature", "properties": { "name": "Dama" }, "geometry": { "type": "Point", "coordinates": [ 7.6725725, 45.0663153 ] } },
{ "type": "Feature", "properties": { "name": "Caffetteria Manzoni" }, "geometry": { "type": "Point", "coordinates": [ 7.668974, 45.0704095 ] } },
{ "type": "Feature", "properties": { "name": "Caffè Miretti" }, "geometry": { "type": "Point", "coordinates": [ 7.6771195, 45.0653688 ] } },
{ "type": "Feature", "properties": { "name": "Pizza & Capricci" }, "geometry": { "type": "Point", "coordinates": [ 7.640124, 45.0375804 ] } },
{ "type": "Feature", "properties": { "name": "OndeRoad" }, "geometry": { "type": "Point", "coordinates": [ 7.6288569, 45.0979321 ] } },
{ "type": "Feature", "properties": { }, "geometry": { "type": "Point", "coordinates": [ 7.7608176, 45.1354501 ] } },
{ "type": "Feature", "properties": { "name": "BARCODE" }, "geometry": { "type": "Point", "coordinates": [ 7.6720102, 45.0762745 ] } },
{ "type": "Feature", "properties": { "name": "Bar All'angolo" }, "geometry": { "type": "Point", "coordinates": [ 7.5430564, 45.0730253 ] } },
{ "type": "Feature", "properties": { "name": "Ary Café" }, "geometry": { "type": "Point", "coordinates": [ 7.5190278, 45.0706523 ] } },
{ "type": "Feature", "properties": { "name": "Tiffany Caffè" }, "geometry": { "type": "Point", "coordinates": [ 7.5197312, 45.0709335 ] } },
{ "type": "Feature", "properties": { "name": "Istanbul Pizza Kebap" }, "geometry": { "type": "Point", "coordinates": [ 7.6956795, 45.0756598 ] } },
{ "type": "Feature", "properties": { "name": "Kebab dell'Università" }, "geometry": { "type": "Point", "coordinates": [ 7.6953227, 45.0696247 ] } },
{ "type": "Feature", "properties": { "name": "Bar Tu" }, "geometry": { "type": "Point", "coordinates": [ 7.6985946, 45.0759172 ] } },
{ "type": "Feature", "properties": { "name": "Orgada Pizza" }, "geometry": { "type": "Point", "coordinates": [ 7.6938013, 45.0735863 ] } },
{ "type": "Feature", "properties": { }, "geometry": { "type": "Point", "coordinates": [ 7.5776781, 45.0637842 ] } },
{ "type": "Feature", "properties": { "name": "Bar - tabacchi" }, "geometry": { "type": "Point", "coordinates": [ 7.5837009, 45.0675857 ] } },
{ "type": "Feature", "properties": { "name": "Master Sandwich" }, "geometry": { "type": "Point", "coordinates": [ 7.6844027, 45.0721233 ] } },
{ "type": "Feature", "properties": { }, "geometry": { "type": "Point", "coordinates": [ 7.7574022, 45.1068236 ] } },
{ "type": "Feature", "properties": { }, "geometry": { "type": "Point", "coordinates": [ 7.7508625, 45.1074771 ] } },
{ "type": "Feature", "properties": { "name": "John Toast" }, "geometry": { "type": "Point", "coordinates": [ 7.6926634, 45.0689906 ] } },
{ "type": "Feature", "properties": { "name": "PastHouse" }, "geometry": { "type": "Point", "coordinates": [ 7.6928555, 45.0692324 ] } },
{ "type": "Feature", "properties": { "name": "Caffetteria Il Delfino" }, "geometry": { "type": "Point", "coordinates": [ 7.612179, 45.0191484 ] } },
{ "type": "Feature", "properties": { "name": "Bar Beppe" }, "geometry": { "type": "Point", "coordinates": [ 7.6106065, 45.0174644 ] } },
{ "type": "Feature", "properties": { "name": "Pizzeria Snoopy" }, "geometry": { "type": "Point", "coordinates": [ 7.611116, 45.0178733 ] } },
{ "type": "Feature", "properties": { "name": "Onyx Cafe" }, "geometry": { "type": "Point", "coordinates": [ 7.6773641, 45.0630016 ] } },
{ "type": "Feature", "properties": { "name": "B2" }, "geometry": { "type": "Point", "coordinates": [ 7.678737, 45.0647089 ] } },
{ "type": "Feature", "properties": { "name": "Crostone" }, "geometry": { "type": "Point", "coordinates": [ 7.6799532, 45.0654642 ] } },
{ "type": "Feature", "properties": { "name": "sicily" }, "geometry": { "type": "Point", "coordinates": [ 7.6796016, 45.0651501 ] } },
{ "type": "Feature", "properties": { "name": "L'enoteca" }, "geometry": { "type": "Point", "coordinates": [ 7.6801538, 45.0657273 ] } },
{ "type": "Feature", "properties": { "name": "We Tea" }, "geometry": { "type": "Point", "coordinates": [ 7.6844914, 45.0663133 ] } },
{ "type": "Feature", "properties": { "name": "Exki" }, "geometry": { "type": "Point", "coordinates": [ 7.6808119, 45.0661956 ] } },
{ "type": "Feature", "properties": { "name": "cln" }, "geometry": { "type": "Point", "coordinates": [ 7.6825862, 45.06677 ] } },
{ "type": "Feature", "properties": { "name": "Bun Burgers" }, "geometry": { "type": "Point", "coordinates": [ 7.6801218, 45.0653212 ] } },
{ "type": "Feature", "properties": { "name": "Il Pascia" }, "geometry": { "type": "Point", "coordinates": [ 7.6895495, 45.068757 ] } },
{ "type": "Feature", "properties": { "name": "John Toast" }, "geometry": { "type": "Point", "coordinates": [ 7.6814615, 45.0670923 ] } },
{ "type": "Feature", "properties": { "name": "Neuv Caval'd Brôns" }, "geometry": { "type": "Point", "coordinates": [ 7.6833782, 45.0678684 ] } },
{ "type": "Feature", "properties": { "name": "Poormanger" }, "geometry": { "type": "Point", "coordinates": [ 7.6788879, 45.0643179 ] } },
{ "type": "Feature", "properties": { "name": "Poney Bubble Tea" }, "geometry": { "type": "Point", "coordinates": [ 7.6798227, 45.0656233 ] } },
{ "type": "Feature", "properties": { "name": "Bar Doria" }, "geometry": { "type": "Point", "coordinates": [ 7.6830005, 45.0640737 ] } },
{ "type": "Feature", "properties": { "name": "12 Oz Street Coffee" }, "geometry": { "type": "Point", "coordinates": [ 7.678701, 45.0633653 ] } },
{ "type": "Feature", "properties": { "name": "Panfè" }, "geometry": { "type": "Point", "coordinates": [ 7.6789713, 45.0638744 ] } },
{ "type": "Feature", "properties": { "name": "Starbucks" }, "geometry": { "type": "Point", "coordinates": [ 7.6803787, 45.0656654 ] } },
{ "type": "Feature", "properties": { "name": "Tramezzino Torino" }, "geometry": { "type": "Point", "coordinates": [ 7.6786716, 45.0639936 ] } },
{ "type": "Feature", "properties": { "name": "Bar gelateria" }, "geometry": { "type": "Point", "coordinates": [ 7.689047, 45.0687517 ] } },
{ "type": "Feature", "properties": { "name": "Plinto" }, "geometry": { "type": "Point", "coordinates": [ 7.6867595, 45.067119 ] } },
{ "type": "Feature", "properties": { "name": "Focacceria Lagrange" }, "geometry": { "type": "Point", "coordinates": [ 7.6832252, 45.0664298 ] } },
{ "type": "Feature", "properties": { "name": "cafe bar universita" }, "geometry": { "type": "Point", "coordinates": [ 7.6877854, 45.069549 ] } },
{ "type": "Feature", "properties": { "name": "Caffè Roberto" }, "geometry": { "type": "Point", "coordinates": [ 7.6876447, 45.070017 ] } },
{ "type": "Feature", "properties": { "name": "Quello Buono" }, "geometry": { "type": "Point", "coordinates": [ 7.6793438, 45.0652481 ] } },
{ "type": "Feature", "properties": { "name": "Caffè delle arti" }, "geometry": { "type": "Point", "coordinates": [ 7.6882052, 45.0674415 ] } },
{ "type": "Feature", "properties": { "name": "MÒ-Mangè" }, "geometry": { "type": "Point", "coordinates": [ 7.6818888, 45.0643374 ] } },
{ "type": "Feature", "properties": { "name": "Caffè Risorgimento" }, "geometry": { "type": "Point", "coordinates": [ 7.686071, 45.0681197 ] } },
{ "type": "Feature", "properties": { "name": "La Sosta" }, "geometry": { "type": "Point", "coordinates": [ 7.6813171, 45.0726102 ] } },
{ "type": "Feature", "properties": { "name": "PataTò" }, "geometry": { "type": "Point", "coordinates": [ 7.6899214, 45.0685413 ] } },
{ "type": "Feature", "properties": { "name": "Coffee Time" }, "geometry": { "type": "Point", "coordinates": [ 7.6929797, 45.0647198 ] } },
{ "type": "Feature", "properties": { "name": "Caffè Kenzia" }, "geometry": { "type": "Point", "coordinates": [ 7.6843148, 45.0647322 ] } },
{ "type": "Feature", "properties": { "name": "Caffè Quickly" }, "geometry": { "type": "Point", "coordinates": [ 7.6797762, 45.0652202 ] } },
{ "type": "Feature", "properties": { "name": "Bar SanGJP" }, "geometry": { "type": "Point", "coordinates": [ 7.686065, 45.0641088 ] } },
{ "type": "Feature", "properties": { "name": "Caffè ariston" }, "geometry": { "type": "Point", "coordinates": [ 7.6823803, 45.0655711 ] } },
{ "type": "Feature", "properties": { "name": "Carlo e Camillo" }, "geometry": { "type": "Point", "coordinates": [ 7.6839452, 45.0650323 ] } },
{ "type": "Feature", "properties": { "name": "Pizza Speedy" }, "geometry": { "type": "Point", "coordinates": [ 7.6917425, 45.0656558 ] } },
{ "type": "Feature", "properties": { "name": "Zucca" }, "geometry": { "type": "Point", "coordinates": [ 7.6809739, 45.0644607 ] } },
{ "type": "Feature", "properties": { "name": "Blah Blah" }, "geometry": { "type": "Point", "coordinates": [ 7.689471, 45.0688347 ] } },
{ "type": "Feature", "properties": { "name": "Caffè Antonelli" }, "geometry": { "type": "Point", "coordinates": [ 7.6918728, 45.063628 ] } },
{ "type": "Feature", "properties": { "name": "Gatsby" }, "geometry": { "type": "Point", "coordinates": [ 7.6817463, 45.064672 ] } },
{ "type": "Feature", "properties": { "name": "Vinci's" }, "geometry": { "type": "Point", "coordinates": [ 7.6851839, 45.0644358 ] } },
{ "type": "Feature", "properties": { "name": "Caffeteria Po" }, "geometry": { "type": "Point", "coordinates": [ 7.6901765, 45.0683736 ] } },
{ "type": "Feature", "properties": { "name": "Deep space lounge" }, "geometry": { "type": "Point", "coordinates": [ 7.6823924, 45.0697661 ] } },
{ "type": "Feature", "properties": { "name": "Isola" }, "geometry": { "type": "Point", "coordinates": [ 7.6803726, 45.0598824 ] } },
{ "type": "Feature", "properties": { "name": "Clarissa" }, "geometry": { "type": "Point", "coordinates": [ 7.6956439, 45.0639277 ] } },
{ "type": "Feature", "properties": { "name": "Efeso Bistrot Café" }, "geometry": { "type": "Point", "coordinates": [ 7.692694, 45.0681383 ] } },
{ "type": "Feature", "properties": { "name": "L Caval D Brons Ristorante Malabar" }, "geometry": { "type": "Point", "coordinates": [ 7.6833738, 45.068007 ] } },
{ "type": "Feature", "properties": { "name": "caffe pasticceria Capitaneo" }, "geometry": { "type": "Point", "coordinates": [ 7.6814147, 45.0864726 ] } },
{ "type": "Feature", "properties": { "name": "Bar No Name" }, "geometry": { "type": "Point", "coordinates": [ 7.6849441, 45.0896476 ] } },
{ "type": "Feature", "properties": { "name": "Diplomatic Bar" }, "geometry": { "type": "Point", "coordinates": [ 7.685374, 45.089592 ] } },
{ "type": "Feature", "properties": { "name": "caffetteria Dora" }, "geometry": { "type": "Point", "coordinates": [ 7.6837042, 45.0897962 ] } },
{ "type": "Feature", "properties": { "name": "Casa del Kebap 27" }, "geometry": { "type": "Point", "coordinates": [ 7.6871306, 45.0941406 ] } },
{ "type": "Feature", "properties": { }, "geometry": { "type": "Point", "coordinates": [ 7.6891773, 45.0910571 ] } },
{ "type": "Feature", "properties": { "name": "Bar 78" }, "geometry": { "type": "Point", "coordinates": [ 7.6895982, 45.0914218 ] } },
{ "type": "Feature", "properties": { "name": "Caffetteria del Corso" }, "geometry": { "type": "Point", "coordinates": [ 7.6894838, 45.0916859 ] } },
{ "type": "Feature", "properties": { "name": "JF Cafè" }, "geometry": { "type": "Point", "coordinates": [ 7.6902398, 45.0927499 ] } },
{ "type": "Feature", "properties": { "name": "Bar Casablanca" }, "geometry": { "type": "Point", "coordinates": [ 7.6894978, 45.0941604 ] } },
{ "type": "Feature", "properties": { "name": "Raviolhouse" }, "geometry": { "type": "Point", "coordinates": [ 7.6907261, 45.0655674 ] } },
{ "type": "Feature", "properties": { "name": "Bar Dora" }, "geometry": { "type": "Point", "coordinates": [ 7.6779172, 45.0894711 ] } },
{ "type": "Feature", "properties": { }, "geometry": { "type": "Point", "coordinates": [ 7.5408609, 45.0653829 ] } },
{ "type": "Feature", "properties": { "name": "Giappo" }, "geometry": { "type": "Point", "coordinates": [ 7.6446132, 45.1915075 ] } },
{ "type": "Feature", "properties": { "name": "Piazza Castello" }, "geometry": { "type": "Point", "coordinates": [ 7.6446017, 45.1917013 ] } },
{ "type": "Feature", "properties": { "name": "Ahi Poke" }, "geometry": { "type": "Point", "coordinates": [ 7.6438772, 45.1918524 ] } },
{ "type": "Feature", "properties": { "name": "Zanzibar" }, "geometry": { "type": "Point", "coordinates": [ 7.5139902, 45.0778262 ] } },
{ "type": "Feature", "properties": { "name": "Bar Jena" }, "geometry": { "type": "Point", "coordinates": [ 7.7100936, 45.1239274 ] } },
{ "type": "Feature", "properties": { "name": "Bar Stazione" }, "geometry": { "type": "Point", "coordinates": [ 7.714056, 45.1217288 ] } },
{ "type": "Feature", "properties": { "name": "Bar Romeo" }, "geometry": { "type": "Point", "coordinates": [ 7.670008, 45.100809 ] } },
{ "type": "Feature", "properties": { "name": "Burger King" }, "geometry": { "type": "Point", "coordinates": [ 7.6725903, 45.004714 ] } },
{ "type": "Feature", "properties": { "name": "Metropolis Café" }, "geometry": { "type": "Point", "coordinates": [ 7.6403555, 45.0319043 ] } },
{ "type": "Feature", "properties": { "name": "Focacceria Genovese Sant'Agostino Gran Torino" }, "geometry": { "type": "Point", "coordinates": [ 7.6793699, 45.0738428 ] } },
{ "type": "Feature", "properties": { "name": "Pizzeria Taglio" }, "geometry": { "type": "Point", "coordinates": [ 7.6822589, 45.0731569 ] } },
{ "type": "Feature", "properties": { "name": "Smile Tree" }, "geometry": { "type": "Point", "coordinates": [ 7.6787224, 45.0764666 ] } },
{ "type": "Feature", "properties": { "name": "Cigno Azzurro" }, "geometry": { "type": "Point", "coordinates": [ 7.7242671, 45.0746554 ] } },
{ "type": "Feature", "properties": { "name": "Torrefazione della Crocetta" }, "geometry": { "type": "Point", "coordinates": [ 7.6632045, 45.058762 ] } },
{ "type": "Feature", "properties": { "name": "Caffetteria - Pasticceria Dejà Vu" }, "geometry": { "type": "Point", "coordinates": [ 7.6313774, 45.0188304 ] } },
{ "type": "Feature", "properties": { "name": "Le Diamond" }, "geometry": { "type": "Point", "coordinates": [ 7.6327523, 45.0199762 ] } },
{ "type": "Feature", "properties": { "name": "Gluck 2" }, "geometry": { "type": "Point", "coordinates": [ 7.6327123, 45.019544 ] } },
{ "type": "Feature", "properties": { "name": "Caffetteria Castello" }, "geometry": { "type": "Point", "coordinates": [ 7.6335172, 45.0113139 ] } },
{ "type": "Feature", "properties": { "name": "The World" }, "geometry": { "type": "Point", "coordinates": [ 7.6957581, 45.1047195 ] } },
{ "type": "Feature", "properties": { "name": "Blanco Torino" }, "geometry": { "type": "Point", "coordinates": [ 7.6967068, 45.0646575 ] } },
{ "type": "Feature", "properties": { "name": "Piattini Caffè & Vini" }, "geometry": { "type": "Point", "coordinates": [ 7.679619, 45.0740822 ] } },
{ "type": "Feature", "properties": { "name": "La Croisette" }, "geometry": { "type": "Point", "coordinates": [ 7.6619678, 45.0573668 ] } },
{ "type": "Feature", "properties": { "name": "Costadoro Coffee Lab Diamante" }, "geometry": { "type": "Point", "coordinates": [ 7.6825223, 45.066108 ] } },
{ "type": "Feature", "properties": { "name": "Granbar" }, "geometry": { "type": "Point", "coordinates": [ 7.6982681, 45.062252 ] } },
{ "type": "Feature", "properties": { "name": "Forno Ricca" }, "geometry": { "type": "Point", "coordinates": [ 7.683328, 45.0734925 ] } },
{ "type": "Feature", "properties": { "name": "Prendila Così" }, "geometry": { "type": "Point", "coordinates": [ 7.6917285, 45.0674148 ] } },
{ "type": "Feature", "properties": { "name": "Happiness" }, "geometry": { "type": "Point", "coordinates": [ 7.6847314, 45.0665078 ] } },
{ "type": "Feature", "properties": { "name": "Qualeaty" }, "geometry": { "type": "Point", "coordinates": [ 7.6975668, 45.0658463 ] } },
{ "type": "Feature", "properties": { "name": "Ricreazione" }, "geometry": { "type": "Point", "coordinates": [ 7.6799323, 45.0657613 ] } },
{ "type": "Feature", "properties": { "name": "Bar Giorgia" }, "geometry": { "type": "Point", "coordinates": [ 7.6230681, 45.0713161 ] } },
{ "type": "Feature", "properties": { "name": "Arzu Kebab" }, "geometry": { "type": "Point", "coordinates": [ 7.6205115, 45.0742408 ] } },
{ "type": "Feature", "properties": { "name": "Il mago pizza kebab" }, "geometry": { "type": "Point", "coordinates": [ 7.6234497, 45.0803545 ] } },
{ "type": "Feature", "properties": { "name": "Santa Margherita" }, "geometry": { "type": "Point", "coordinates": [ 7.6784473, 45.0624962 ] } },
{ "type": "Feature", "properties": { "name": "Ladi Bar" }, "geometry": { "type": "Point", "coordinates": [ 7.6970796, 45.091649 ] } },
{ "type": "Feature", "properties": { "name": "Bar Pasticceria Auriemma" }, "geometry": { "type": "Point", "coordinates": [ 7.7005139, 45.0929911 ] } },
{ "type": "Feature", "properties": { }, "geometry": { "type": "Point", "coordinates": [ 7.6318713, 45.0589912 ] } },
{ "type": "Feature", "properties": { "name": "Locanda Clandestina" }, "geometry": { "type": "Point", "coordinates": [ 7.681259, 45.0574899 ] } },
{ "type": "Feature", "properties": { "name": "Beerba" }, "geometry": { "type": "Point", "coordinates": [ 7.6813138, 45.0593255 ] } },
{ "type": "Feature", "properties": { "name": "Trivè Time" }, "geometry": { "type": "Point", "coordinates": [ 7.6889669, 45.0669026 ] } },
{ "type": "Feature", "properties": { "name": "Corner 81 caffè" }, "geometry": { "type": "Point", "coordinates": [ 7.6001452, 45.0519003 ] } },
{ "type": "Feature", "properties": { "name": "Marsa Alam" }, "geometry": { "type": "Point", "coordinates": [ 7.6259993, 45.0508754 ] } },
{ "type": "Feature", "properties": { "name": "The Loft" }, "geometry": { "type": "Point", "coordinates": [ 7.686415, 45.0680891 ] } },
{ "type": "Feature", "properties": { "name": "Gelateria delle Alpi" }, "geometry": { "type": "Point", "coordinates": [ 7.6898852, 45.0681778 ] } },
{ "type": "Feature", "properties": { "name": "Caffetteria Reale" }, "geometry": { "type": "Point", "coordinates": [ 7.6011779, 45.1460037 ] } },
{ "type": "Feature", "properties": { "name": "Il Pascia" }, "geometry": { "type": "Point", "coordinates": [ 7.6928004, 45.0663213 ] } },
{ "type": "Feature", "properties": { "name": "Lobelix 2" }, "geometry": { "type": "Point", "coordinates": [ 7.6968577, 45.0645614 ] } },
{ "type": "Feature", "properties": { "name": "Soho.23" }, "geometry": { "type": "Point", "coordinates": [ 7.6970297, 45.064453 ] } },
{ "type": "Feature", "properties": { "name": "Bar Tabacchi" }, "geometry": { "type": "Point", "coordinates": [ 7.659357, 45.0933054 ] } },
{ "type": "Feature", "properties": { "name": "Kebap Grill Pizza" }, "geometry": { "type": "Point", "coordinates": [ 7.6551429, 45.0914003 ] } },
{ "type": "Feature", "properties": { }, "geometry": { "type": "Point", "coordinates": [ 7.6569357, 45.0182341 ] } },
{ "type": "Feature", "properties": { "name": "Cafe New york" }, "geometry": { "type": "Point", "coordinates": [ 7.5344737, 45.0719398 ] } },
{ "type": "Feature", "properties": { "name": "Curry & co" }, "geometry": { "type": "Point", "coordinates": [ 7.6953295, 45.0673539 ] } },
{ "type": "Feature", "properties": { "name": "Café Vicarelli" }, "geometry": { "type": "Point", "coordinates": [ 7.6954983, 45.0654435 ] } },
{ "type": "Feature", "properties": { "name": "CoCo Fresh Tea & Juice" }, "geometry": { "type": "Point", "coordinates": [ 7.6870599, 45.0600684 ] } },
{ "type": "Feature", "properties": { "name": "Tacos Locos" }, "geometry": { "type": "Point", "coordinates": [ 7.6918237, 45.0660736 ] } },
{ "type": "Feature", "properties": { "name": "Nonna Cleme" }, "geometry": { "type": "Point", "coordinates": [ 7.6916627, 45.0662711 ] } },
{ "type": "Feature", "properties": { "name": "Se Puede" }, "geometry": { "type": "Point", "coordinates": [ 7.6934361, 45.0680907 ] } },
{ "type": "Feature", "properties": { "name": "Caffè Regio" }, "geometry": { "type": "Point", "coordinates": [ 7.6875001, 45.0701076 ] } },
{ "type": "Feature", "properties": { "name": "Caffereria Cairoli" }, "geometry": { "type": "Point", "coordinates": [ 7.6950063, 45.066119 ] } },
{ "type": "Feature", "properties": { "name": "Caffè Verdi" }, "geometry": { "type": "Point", "coordinates": [ 7.6951498, 45.0674492 ] } },
{ "type": "Feature", "properties": { "name": "NAt" }, "geometry": { "type": "Point", "coordinates": [ 7.6955893, 45.0653769 ] } },
{ "type": "Feature", "properties": { "name": "Accademia" }, "geometry": { "type": "Point", "coordinates": [ 7.6896972, 45.0672375 ] } },
{ "type": "Feature", "properties": { "name": "Espresseria Della ribalta" }, "geometry": { "type": "Point", "coordinates": [ 7.691162, 45.069325 ] } },
{ "type": "Feature", "properties": { "name": "roboto" }, "geometry": { "type": "Point", "coordinates": [ 7.6949298, 45.0624669 ] } },
{ "type": "Feature", "properties": { "name": "Caffè Nuovo Nazionale" }, "geometry": { "type": "Point", "coordinates": [ 7.6902359, 45.0679791 ] } },
{ "type": "Feature", "properties": { "name": "La Piadineria" }, "geometry": { "type": "Point", "coordinates": [ 7.6900656, 45.0677436 ] } },
{ "type": "Feature", "properties": { "name": "Ali Baba" }, "geometry": { "type": "Point", "coordinates": [ 7.6950999, 45.0637192 ] } },
{ "type": "Feature", "properties": { "name": "Lab" }, "geometry": { "type": "Point", "coordinates": [ 7.6957083, 45.0653096 ] } },
{ "type": "Feature", "properties": { "name": "回味香 - Hui Wei Xiang" }, "geometry": { "type": "Point", "coordinates": [ 7.6918912, 45.066044 ] } },
{ "type": "Feature", "properties": { "name": "Officina del Caffè" }, "geometry": { "type": "Point", "coordinates": [ 7.6893499, 45.0669944 ] } },
{ "type": "Feature", "properties": { }, "geometry": { "type": "Point", "coordinates": [ 7.7060785, 45.1434263 ] } },
{ "type": "Feature", "properties": { }, "geometry": { "type": "Point", "coordinates": [ 7.706786, 45.1435338 ] } },
{ "type": "Feature", "properties": { "name": "Lai" }, "geometry": { "type": "Point", "coordinates": [ 7.7077937, 45.1511707 ] } },
{ "type": "Feature", "properties": { "name": "TLALOC" }, "geometry": { "type": "Point", "coordinates": [ 7.6823688, 45.0727764 ] } },
{ "type": "Feature", "properties": { "name": "Il nostro cioccolato" }, "geometry": { "type": "Point", "coordinates": [ 7.682464, 45.0727461 ] } },
{ "type": "Feature", "properties": { "name": "12oz" }, "geometry": { "type": "Point", "coordinates": [ 7.6820983, 45.0722931 ] } },
{ "type": "Feature", "properties": { "name": "Liberty" }, "geometry": { "type": "Point", "coordinates": [ 7.6779514, 45.0736693 ] } },
{ "type": "Feature", "properties": { "name": "L'orto cafè" }, "geometry": { "type": "Point", "coordinates": [ 7.6771189, 45.0725809 ] } },
{ "type": "Feature", "properties": { "name": "Degusto" }, "geometry": { "type": "Point", "coordinates": [ 7.7008098, 45.1019647 ] } },
{ "type": "Feature", "properties": { "name": "Bar Cappuccino Night" }, "geometry": { "type": "Point", "coordinates": [ 7.6970588, 45.1063628 ] } },
{ "type": "Feature", "properties": { "name": "Gospelfood" }, "geometry": { "type": "Point", "coordinates": [ 7.6969998, 45.1061441 ] } },
{ "type": "Feature", "properties": { "name": "La Bella Vita" }, "geometry": { "type": "Point", "coordinates": [ 7.6575185, 45.0528834 ] } },
{ "type": "Feature", "properties": { "name": "Spritz Cafè" }, "geometry": { "type": "Point", "coordinates": [ 7.6372823, 45.0671605 ] } },
{ "type": "Feature", "properties": { "name": "Bar Impero" }, "geometry": { "type": "Point", "coordinates": [ 7.6597956, 45.0736853 ] } },
{ "type": "Feature", "properties": { "name": "Bella Napoli" }, "geometry": { "type": "Point", "coordinates": [ 7.6251389, 45.0145898 ] } },
{ "type": "Feature", "properties": { "name": "Caffetteria sul Po" }, "geometry": { "type": "Point", "coordinates": [ 7.7649879, 45.1019512 ] } },
{ "type": "Feature", "properties": { "name": "Angeli del Caffé" }, "geometry": { "type": "Point", "coordinates": [ 7.716884, 45.0759964 ] } },
{ "type": "Feature", "properties": { "name": "Barbiturici" }, "geometry": { "type": "Point", "coordinates": [ 7.6958368, 45.0715901 ] } },
{ "type": "Feature", "properties": { "name": "Girarrosto al 511" }, "geometry": { "type": "Point", "coordinates": [ 7.6305293, 45.0180849 ] } },
{ "type": "Feature", "properties": { "name": "Emil Bar" }, "geometry": { "type": "Point", "coordinates": [ 7.6304823, 45.0180427 ] } },
{ "type": "Feature", "properties": { "name": "Bar Victory" }, "geometry": { "type": "Point", "coordinates": [ 7.630194, 45.0177138 ] } },
{ "type": "Feature", "properties": { "name": "Caffetteria Pavese - Casa del Caffè" }, "geometry": { "type": "Point", "coordinates": [ 7.631234, 45.0177602 ] } },
{ "type": "Feature", "properties": { "name": "La Pinseria" }, "geometry": { "type": "Point", "coordinates": [ 7.6835748, 45.0710136 ] } },
{ "type": "Feature", "properties": { }, "geometry": { "type": "Point", "coordinates": [ 7.7113819, 45.0907441 ] } },
{ "type": "Feature", "properties": { "name": "Pizza Domus" }, "geometry": { "type": "Point", "coordinates": [ 7.7251085, 45.1021264 ] } },
{ "type": "Feature", "properties": { "name": "Istanbul M." }, "geometry": { "type": "Point", "coordinates": [ 7.6354926, 45.0756417 ] } },
{ "type": "Feature", "properties": { "name": "Pandizenzero" }, "geometry": { "type": "Point", "coordinates": [ 7.7354769, 45.0186374 ] } },
{ "type": "Feature", "properties": { "name": "Pizza Cotta" }, "geometry": { "type": "Point", "coordinates": [ 7.6007867, 45.0070893 ] } },
{ "type": "Feature", "properties": { "name": "Passaggio Torino" }, "geometry": { "type": "Point", "coordinates": [ 7.6431918, 45.1914587 ] } },
{ "type": "Feature", "properties": { }, "geometry": { "type": "Point", "coordinates": [ 7.6776338, 45.0757218 ] } },
{ "type": "Feature", "properties": { "name": "Burger King" }, "geometry": { "type": "Point", "coordinates": [ 7.6225568, 45.0059645 ] } },
{ "type": "Feature", "properties": { "name": "Caffè Casalegno" }, "geometry": { "type": "Point", "coordinates": [ 7.6563873, 45.0528478 ] } },
{ "type": "Feature", "properties": { "name": "Bar Alby" }, "geometry": { "type": "Point", "coordinates": [ 7.6751899, 45.0756841 ] } },
{ "type": "Feature", "properties": { "name": "Le Americhe" }, "geometry": { "type": "Point", "coordinates": [ 7.6599934, 45.0579345 ] } },
{ "type": "Feature", "properties": { "name": "Caffè Duca" }, "geometry": { "type": "Point", "coordinates": [ 7.6595647, 45.0573487 ] } },
{ "type": "Feature", "properties": { "name": "La Maddalena" }, "geometry": { "type": "Point", "coordinates": [ 7.7239337, 45.0303181 ] } },
{ "type": "Feature", "properties": { "name": "Caffetteria Carlo Alberto" }, "geometry": { "type": "Point", "coordinates": [ 7.6843441, 45.0656325 ] } },
{ "type": "Feature", "properties": { "name": "Bar a ristoro" }, "geometry": { "type": "Point", "coordinates": [ 7.6650665, 45.0756678 ] } },
{ "type": "Feature", "properties": { "name": "Caffè Garibaldi" }, "geometry": { "type": "Point", "coordinates": [ 7.6760284, 45.074457 ] } },
{ "type": "Feature", "properties": { "name": "Pizzeria Kebab Garganica" }, "geometry": { "type": "Point", "coordinates": [ 7.6711337, 45.0992042 ] } },
{ "type": "Feature", "properties": { "name": "Cafe Ria" }, "geometry": { "type": "Point", "coordinates": [ 7.6533436, 45.0340409 ] } },
{ "type": "Feature", "properties": { "name": "Chiocos Bar" }, "geometry": { "type": "Point", "coordinates": [ 7.6536814, 45.0336038 ] } },
{ "type": "Feature", "properties": { "name": "Il chiosco da Tony" }, "geometry": { "type": "Point", "coordinates": [ 7.6564432, 45.0329146 ] } },
{ "type": "Feature", "properties": { "name": "Takeaway" }, "geometry": { "type": "Point", "coordinates": [ 7.6809216, 45.0725029 ] } },
{ "type": "Feature", "properties": { "name": "Roxy Bar" }, "geometry": { "type": "Point", "coordinates": [ 7.656273, 45.0333681 ] } },
{ "type": "Feature", "properties": { "name": "Caffetteria" }, "geometry": { "type": "Point", "coordinates": [ 7.6543527, 45.0339385 ] } },
{ "type": "Feature", "properties": { "name": "Re Kebab" }, "geometry": { "type": "Point", "coordinates": [ 7.6592234, 45.0694492 ] } },
{ "type": "Feature", "properties": { "name": "Gerla 1927" }, "geometry": { "type": "Point", "coordinates": [ 7.6698491, 45.0662702 ] } },
{ "type": "Feature", "properties": { "name": "Caffè" }, "geometry": { "type": "Point", "coordinates": [ 7.6886905, 45.0804595 ] } },
{ "type": "Feature", "properties": { "name": "Bar Bera" }, "geometry": { "type": "Point", "coordinates": [ 7.6655455, 45.0730314 ] } },
{ "type": "Feature", "properties": { "name": "Dumpling Sunday" }, "geometry": { "type": "Point", "coordinates": [ 7.6781156, 45.0593049 ] } },
{ "type": "Feature", "properties": { "name": "Chimera" }, "geometry": { "type": "Point", "coordinates": [ 7.5296701, 45.0075484 ] } },
{ "type": "Feature", "properties": { "name": "Cafe Barlume" }, "geometry": { "type": "Point", "coordinates": [ 7.6887976, 45.062517 ] } },
{ "type": "Feature", "properties": { "name": "Caffè al 28" }, "geometry": { "type": "Point", "coordinates": [ 7.6861125, 45.0620918 ] } },
{ "type": "Feature", "properties": { "name": "Huntsman Pub" }, "geometry": { "type": "Point", "coordinates": [ 7.6812638, 45.0616146 ] } },
{ "type": "Feature", "properties": { "name": "Bar Cristallo" }, "geometry": { "type": "Point", "coordinates": [ 7.6492227, 45.0439975 ] } },
{ "type": "Feature", "properties": { "name": "Yummy" }, "geometry": { "type": "Point", "coordinates": [ 7.6494014, 45.0442417 ] } },
{ "type": "Feature", "properties": { "name": "Caffè Pasticceria F. Lli Corso" }, "geometry": { "type": "Point", "coordinates": [ 7.6496226, 45.0445498 ] } },
{ "type": "Feature", "properties": { "name": "Excelsior Café" }, "geometry": { "type": "Point", "coordinates": [ 7.715348, 45.183496 ] } },
{ "type": "Feature", "properties": { "name": "McDonald's" }, "geometry": { "type": "Point", "coordinates": [ 7.6934576, 45.0671121 ] } },
{ "type": "Feature", "properties": { "name": "Burger King" }, "geometry": { "type": "Point", "coordinates": [ 7.6942817, 45.0675744 ] } },
{ "type": "Feature", "properties": { "name": "Bar del Villaggio" }, "geometry": { "type": "Point", "coordinates": [ 7.7127068, 45.0914566 ] } },
{ "type": "Feature", "properties": { "name": "FOL Popcorn" }, "geometry": { "type": "Point", "coordinates": [ 7.6839793, 45.0679722 ] } },
{ "type": "Feature", "properties": { "name": "PolentOne" }, "geometry": { "type": "Point", "coordinates": [ 7.6913153, 45.0676238 ] } },
{ "type": "Feature", "properties": { }, "geometry": { "type": "Point", "coordinates": [ 7.6904224, 45.0685538 ] } },
{ "type": "Feature", "properties": { "name": "Raviolin" }, "geometry": { "type": "Point", "coordinates": [ 7.6904516, 45.0685866 ] } },
{ "type": "Feature", "properties": { "name": "Mollica Panini" }, "geometry": { "type": "Point", "coordinates": [ 7.6904796, 45.0686544 ] } },
{ "type": "Feature", "properties": { "name": "Abu" }, "geometry": { "type": "Point", "coordinates": [ 7.6906244, 45.0688498 ] } },
{ "type": "Feature", "properties": { "name": "Piadineria Romagnola La Piè" }, "geometry": { "type": "Point", "coordinates": [ 7.692811, 45.0691743 ] } },
{ "type": "Feature", "properties": { "name": "I 3 Motivi" }, "geometry": { "type": "Point", "coordinates": [ 7.6570322, 45.0857644 ] } },
{ "type": "Feature", "properties": { "name": "McDonald's" }, "geometry": { "type": "Point", "coordinates": [ 7.6440936, 45.1915542 ] } },
{ "type": "Feature", "properties": { "name": "Panella" }, "geometry": { "type": "Point", "coordinates": [ 7.6436674, 45.1921413 ] } },
{ "type": "Feature", "properties": { "name": "Campus Cafè" }, "geometry": { "type": "Point", "coordinates": [ 7.698151, 45.0734141 ] } },
{ "type": "Feature", "properties": { "name": "Ristocafè 083" }, "geometry": { "type": "Point", "coordinates": [ 7.6552802, 45.0675325 ] } },
{ "type": "Feature", "properties": { "name": "Caffetteria Caboto" }, "geometry": { "type": "Point", "coordinates": [ 7.662434, 45.054984 ] } },
{ "type": "Feature", "properties": { "name": "Caffè Mirage" }, "geometry": { "type": "Point", "coordinates": [ 7.6616314, 45.055289 ] } },
{ "type": "Feature", "properties": { "name": "Caffetteria Gintoneria 68" }, "geometry": { "type": "Point", "coordinates": [ 7.6583433, 45.0567808 ] } },
{ "type": "Feature", "properties": { "name": "News Cafè" }, "geometry": { "type": "Point", "coordinates": [ 7.658107, 45.0564597 ] } },
{ "type": "Feature", "properties": { "name": "Istanbul" }, "geometry": { "type": "Point", "coordinates": [ 7.6571404, 45.0550961 ] } },
{ "type": "Feature", "properties": { "name": "Novanta La passione per il cibo" }, "geometry": { "type": "Point", "coordinates": [ 7.6568369, 45.0547029 ] } },
{ "type": "Feature", "properties": { "name": "Minimarket" }, "geometry": { "type": "Point", "coordinates": [ 7.6840672, 45.0723034 ] } },
{ "type": "Feature", "properties": { "name": "Horas Kebab" }, "geometry": { "type": "Point", "coordinates": [ 7.6828755, 45.0610329 ] } },
{ "type": "Feature", "properties": { "name": "Società Cooperativa Bar" }, "geometry": { "type": "Point", "coordinates": [ 7.5728652, 45.1991513 ] } },
{ "type": "Feature", "properties": { "name": "Buntà" }, "geometry": { "type": "Point", "coordinates": [ 7.6703185, 45.0760197 ] } },
{ "type": "Feature", "properties": { }, "geometry": { "type": "Point", "coordinates": [ 7.6592796, 45.0645539 ] } },
{ "type": "Feature", "properties": { "name": "La Piada di una volta" }, "geometry": { "type": "Point", "coordinates": [ 7.5200302, 45.0712076 ] } },
{ "type": "Feature", "properties": { "name": "Dolce Gusto" }, "geometry": { "type": "Point", "coordinates": [ 7.5200678, 45.0722626 ] } },
{ "type": "Feature", "properties": { "name": "Sanguiss Shop" }, "geometry": { "type": "Point", "coordinates": [ 7.5201734, 45.0713751 ] } },
{ "type": "Feature", "properties": { "name": "Pizzeria" }, "geometry": { "type": "Point", "coordinates": [ 7.6707773, 45.0996414 ] } },
{ "type": "Feature", "properties": { "name": "Ciocokafé" }, "geometry": { "type": "Point", "coordinates": [ 7.6584999, 45.0586738 ] } },
{ "type": "Feature", "properties": { }, "geometry": { "type": "Point", "coordinates": [ 7.6508455, 45.0639165 ] } },
{ "type": "Feature", "properties": { "name": "Café Fantasy" }, "geometry": { "type": "Point", "coordinates": [ 7.6522584, 45.0633501 ] } },
{ "type": "Feature", "properties": { "name": "Bar Krid" }, "geometry": { "type": "Point", "coordinates": [ 7.6528598, 45.0631483 ] } },
{ "type": "Feature", "properties": { "name": "Caffetteria Novecento" }, "geometry": { "type": "Point", "coordinates": [ 7.680222, 45.0715689 ] } },
{ "type": "Feature", "properties": { "name": "Burgez" }, "geometry": { "type": "Point", "coordinates": [ 7.6847811, 45.0660456 ] } },
{ "type": "Feature", "properties": { "name": "Pescaria" }, "geometry": { "type": "Point", "coordinates": [ 7.6853288, 45.0696199 ] } },
{ "type": "Feature", "properties": { "name": "Caffetteria Lombardo" }, "geometry": { "type": "Point", "coordinates": [ 7.6811262, 45.0871282 ] } },
{ "type": "Feature", "properties": { "name": "Lievito" }, "geometry": { "type": "Point", "coordinates": [ 7.6556135, 45.0533635 ] } },
{ "type": "Feature", "properties": { "name": "Sindbad" }, "geometry": { "type": "Point", "coordinates": [ 7.681945, 45.0740498 ] } },
{ "type": "Feature", "properties": { "name": "I Love Cornetto" }, "geometry": { "type": "Point", "coordinates": [ 7.6949173, 45.0637675 ] } },
{ "type": "Feature", "properties": { "name": "Bobo's Cocktails" }, "geometry": { "type": "Point", "coordinates": [ 7.6575912, 45.0566818 ] } },
{ "type": "Feature", "properties": { "name": "Bar Fly" }, "geometry": { "type": "Point", "coordinates": [ 7.6546952, 45.0523938 ] } },
{ "type": "Feature", "properties": { "name": "Bar Largo Orbassano 60" }, "geometry": { "type": "Point", "coordinates": [ 7.6547448, 45.0530703 ] } },
{ "type": "Feature", "properties": { "name": "Bar Pasticceria Dolce Area Caffè" }, "geometry": { "type": "Point", "coordinates": [ 7.7004008, 45.0926088 ] } },
{ "type": "Feature", "properties": { "name": "Chupa la chiupiteria" }, "geometry": { "type": "Point", "coordinates": [ 7.6804633, 45.0591681 ] } },
{ "type": "Feature", "properties": { "name": "Extrò Cafè" }, "geometry": { "type": "Point", "coordinates": [ 7.621742, 45.0787035 ] } },
{ "type": "Feature", "properties": { "name": "Deniz" }, "geometry": { "type": "Point", "coordinates": [ 7.6527485, 45.0651433 ] } },
{ "type": "Feature", "properties": { "name": "Black Jack" }, "geometry": { "type": "Point", "coordinates": [ 7.6723625, 45.0459766 ] } },
{ "type": "Feature", "properties": { "name": "Bar Denise" }, "geometry": { "type": "Point", "coordinates": [ 7.6606506, 45.0618513 ] } },
{ "type": "Feature", "properties": { "name": "Rough" }, "geometry": { "type": "Point", "coordinates": [ 7.6830986, 45.0597577 ] } },
{ "type": "Feature", "properties": { "name": "Bar caffetteria Daniele" }, "geometry": { "type": "Point", "coordinates": [ 7.6661417, 45.075132 ] } },
{ "type": "Feature", "properties": { "name": "Memo caffè" }, "geometry": { "type": "Point", "coordinates": [ 7.6716721, 45.0420516 ] } },
{ "type": "Feature", "properties": { "name": "De Gusto" }, "geometry": { "type": "Point", "coordinates": [ 7.6934611, 45.0811987 ] } },
{ "type": "Feature", "properties": { "name": "Taco Bang Taqueria Mexicana" }, "geometry": { "type": "Point", "coordinates": [ 7.67745, 45.0498 ] } },
{ "type": "Feature", "properties": { "name": "Buscè" }, "geometry": { "type": "Point", "coordinates": [ 7.7729061, 45.0438998 ] } },
{ "type": "Feature", "properties": { "name": "Bar Italia" }, "geometry": { "type": "Point", "coordinates": [ 7.7739343, 45.0431696 ] } },
{ "type": "Feature", "properties": { "name": "Pavillon Pizza & Pinsa" }, "geometry": { "type": "Point", "coordinates": [ 7.7730016, 45.0435912 ] } },
{ "type": "Feature", "properties": { "name": "Le Scalette" }, "geometry": { "type": "Point", "coordinates": [ 7.7725234, 45.0439187 ] } },
{ "type": "Feature", "properties": { }, "geometry": { "type": "Point", "coordinates": [ 7.7919963, 45.0315875 ] } },
{ "type": "Feature", "properties": { "name": "Caffè mania" }, "geometry": { "type": "Point", "coordinates": [ 7.643072, 45.0281806 ] } },
{ "type": "Feature", "properties": { "name": "da Gigi" }, "geometry": { "type": "Point", "coordinates": [ 7.654639, 45.0241787 ] } },
{ "type": "Feature", "properties": { }, "geometry": { "type": "Point", "coordinates": [ 7.6479096, 45.0150361 ] } },
{ "type": "Feature", "properties": { "name": "La Piadineria" }, "geometry": { "type": "Point", "coordinates": [ 7.6632813, 45.0743964 ] } },
{ "type": "Feature", "properties": { "name": "C-House Cafè/Restaurant" }, "geometry": { "type": "Point", "coordinates": [ 7.7364507, 45.1274764 ] } },
{ "type": "Feature", "properties": { "name": "Caffè e bollicine" }, "geometry": { "type": "Point", "coordinates": [ 7.7377766, 45.1278491 ] } },
{ "type": "Feature", "properties": { "name": "Re Nero Caffè" }, "geometry": { "type": "Point", "coordinates": [ 7.7391909, 45.1285111 ] } },
{ "type": "Feature", "properties": { "name": "Casa Angelesi" }, "geometry": { "type": "Point", "coordinates": [ 7.7362297, 45.1276198 ] } },
{ "type": "Feature", "properties": { "name": "Mr Shawarma" }, "geometry": { "type": "Point", "coordinates": [ 7.6534253, 45.065048 ] } },
{ "type": "Feature", "properties": { "name": "Ace Cafè" }, "geometry": { "type": "Point", "coordinates": [ 7.5216717, 45.032876 ] } },
{ "type": "Feature", "properties": { }, "geometry": { "type": "Point", "coordinates": [ 7.6475875, 44.995414 ] } },
{ "type": "Feature", "properties": { }, "geometry": { "type": "Point", "coordinates": [ 7.6458159, 44.9939871 ] } },
{ "type": "Feature", "properties": { "name": "Da Giusy e Pippo" }, "geometry": { "type": "Point", "coordinates": [ 7.7080698, 45.1497402 ] } },
{ "type": "Feature", "properties": { "name": "Doner Box" }, "geometry": { "type": "Point", "coordinates": [ 7.6690023, 45.085202 ] } },
{ "type": "Feature", "properties": { "name": "Caffetteria Magister" }, "geometry": { "type": "Point", "coordinates": [ 7.6718984, 45.0391245 ] } },
{ "type": "Feature", "properties": { "name": "Bar Tabacchi Caplin" }, "geometry": { "type": "Point", "coordinates": [ 7.6702809, 45.0392687 ] } },
{ "type": "Feature", "properties": { "name": "Caffetteria Mamma Bianca" }, "geometry": { "type": "Point", "coordinates": [ 7.6721185, 45.0386939 ] } },
{ "type": "Feature", "properties": { "name": "Girarrosto Santa Rita" }, "geometry": { "type": "Point", "coordinates": [ 7.6700136, 45.0390769 ] } },
{ "type": "Feature", "properties": { "name": "Aliba'ba" }, "geometry": { "type": "Point", "coordinates": [ 7.6595397, 45.0187401 ] } },
{ "type": "Feature", "properties": { "name": "Wall Street Cafè" }, "geometry": { "type": "Point", "coordinates": [ 7.6035544, 45.0741172 ] } },
{ "type": "Feature", "properties": { "name": "Caffetteria" }, "geometry": { "type": "Point", "coordinates": [ 7.7024223, 45.0708028 ] } },
{ "type": "Feature", "properties": { "name": "Happy drink" }, "geometry": { "type": "Point", "coordinates": [ 7.7028492, 45.071127 ] } },
{ "type": "Feature", "properties": { "name": "Bar Reward" }, "geometry": { "type": "Point", "coordinates": [ 7.6949828, 45.0924876 ] } },
{ "type": "Feature", "properties": { "name": "Bamboo Club" }, "geometry": { "type": "Point", "coordinates": [ 7.6871385, 45.0466959 ] } },
{ "type": "Feature", "properties": { "name": "Caffetteria Isabella" }, "geometry": { "type": "Point", "coordinates": [ 7.6844036, 44.9962357 ] } },
{ "type": "Feature", "properties": { "name": "Bella Istanbul" }, "geometry": { "type": "Point", "coordinates": [ 7.6990331, 45.0839153 ] } },
{ "type": "Feature", "properties": { "name": "Bar Vecchia Torino" }, "geometry": { "type": "Point", "coordinates": [ 7.692731, 45.0756683 ] } },
{ "type": "Feature", "properties": { "name": "La Trinacria" }, "geometry": { "type": "Point", "coordinates": [ 7.6942736, 45.0820673 ] } },
{ "type": "Feature", "properties": { "name": "Caffetteria 10100" }, "geometry": { "type": "Point", "coordinates": [ 7.6476322, 45.0232089 ] } },
{ "type": "Feature", "properties": { "name": "Caffetteria Balbo" }, "geometry": { "type": "Point", "coordinates": [ 7.6973093, 45.0717845 ] } },
{ "type": "Feature", "properties": { "name": "The Globe" }, "geometry": { "type": "Point", "coordinates": [ 7.6997055, 45.067598 ] } },
{ "type": "Feature", "properties": { "name": "La caffetteria" }, "geometry": { "type": "Point", "coordinates": [ 7.6442225, 45.0237974 ] } },
{ "type": "Feature", "properties": { "name": "Alea" }, "geometry": { "type": "Point", "coordinates": [ 7.6543803, 45.0202524 ] } },
{ "type": "Feature", "properties": { "name": "Punto e Virgola" }, "geometry": { "type": "Point", "coordinates": [ 7.6479027, 45.022523 ] } },
{ "type": "Feature", "properties": { }, "geometry": { "type": "Point", "coordinates": [ 7.6231638, 45.1311003 ] } },
{ "type": "Feature", "properties": { "name": "Monicafè" }, "geometry": { "type": "Point", "coordinates": [ 7.6241306, 45.0214249 ] } },
{ "type": "Feature", "properties": { "name": "Garden Coffee" }, "geometry": { "type": "Point", "coordinates": [ 7.6515099, 45.0240464 ] } },
{ "type": "Feature", "properties": { "name": "Pasticceria Caffetteria D'Arrigo" }, "geometry": { "type": "Point", "coordinates": [ 7.641019, 45.024964 ] } },
{ "type": "Feature", "properties": { "name": "Andirivieni" }, "geometry": { "type": "Point", "coordinates": [ 7.6245375, 45.0410641 ] } },
{ "type": "Feature", "properties": { "name": "Yoyogurt" }, "geometry": { "type": "Point", "coordinates": [ 7.5185523, 45.0705878 ] } },
{ "type": "Feature", "properties": { "name": "Spuntinati" }, "geometry": { "type": "Point", "coordinates": [ 7.6306406, 45.0799547 ] } },
{ "type": "Feature", "properties": { "name": "Girarrosti Santa Rita" }, "geometry": { "type": "Point", "coordinates": [ 7.6424417, 45.0244554 ] } },
{ "type": "Feature", "properties": { "name": "Caffè Florian" }, "geometry": { "type": "Point", "coordinates": [ 7.7193493, 45.1890013 ] } },
{ "type": "Feature", "properties": { "name": "Bar Jerry" }, "geometry": { "type": "Point", "coordinates": [ 7.6564028, 45.0215492 ] } },
{ "type": "Feature", "properties": { }, "geometry": { "type": "Point", "coordinates": [ 7.7187216, 45.1808023 ] } },
{ "type": "Feature", "properties": { }, "geometry": { "type": "Point", "coordinates": [ 7.7181785, 45.179874 ] } },
{ "type": "Feature", "properties": { }, "geometry": { "type": "Point", "coordinates": [ 7.7178231, 45.1798002 ] } },
{ "type": "Feature", "properties": { "name": "Caffetteria Master" }, "geometry": { "type": "Point", "coordinates": [ 7.7153313, 45.181982 ] } },
{ "type": "Feature", "properties": { "name": "Bar Eden" }, "geometry": { "type": "Point", "coordinates": [ 7.7155499, 45.1814101 ] } },
{ "type": "Feature", "properties": { }, "geometry": { "type": "Point", "coordinates": [ 7.7183502, 45.1816512 ] } },
{ "type": "Feature", "properties": { }, "geometry": { "type": "Point", "coordinates": [ 7.7183435, 45.1816199 ] } },
{ "type": "Feature", "properties": { "name": "Coffee & More" }, "geometry": { "type": "Point", "coordinates": [ 7.6370148, 45.0219234 ] } },
{ "type": "Feature", "properties": { "name": "Bar Tiffany" }, "geometry": { "type": "Point", "coordinates": [ 7.7135892, 45.1856127 ] } },
{ "type": "Feature", "properties": { "name": "Caffè dello Studente" }, "geometry": { "type": "Point", "coordinates": [ 7.7183327, 45.1865872 ] } },
{ "type": "Feature", "properties": { "name": "Caffetteria Paninoteca Azzurro 90" }, "geometry": { "type": "Point", "coordinates": [ 7.654223, 45.0149261 ] } },
{ "type": "Feature", "properties": { "name": "Caffè Roma" }, "geometry": { "type": "Point", "coordinates": [ 7.542964, 45.0715327 ] } },
{ "type": "Feature", "properties": { }, "geometry": { "type": "Point", "coordinates": [ 7.5849359, 45.0681307 ] } },
{ "type": "Feature", "properties": { "name": "Aladin" }, "geometry": { "type": "Point", "coordinates": [ 7.6611458, 45.0177987 ] } },
{ "type": "Feature", "properties": { "name": "Baruccio del Tramvay" }, "geometry": { "type": "Point", "coordinates": [ 7.8150289, 45.1217933 ] } },
{ "type": "Feature", "properties": { "name": "Pizzeria Fratelli La Face" }, "geometry": { "type": "Point", "coordinates": [ 7.6614141, 45.0474002 ] } },
{ "type": "Feature", "properties": { "name": "Caffetteria del corso" }, "geometry": { "type": "Point", "coordinates": [ 7.6609956, 45.0451891 ] } },
{ "type": "Feature", "properties": { "name": "Biblos bar" }, "geometry": { "type": "Point", "coordinates": [ 7.6614704, 45.0457173 ] } },
{ "type": "Feature", "properties": { "name": "Bar Engel" }, "geometry": { "type": "Point", "coordinates": [ 7.661567, 45.0459073 ] } },
{ "type": "Feature", "properties": { "name": "Istanbul famoso" }, "geometry": { "type": "Point", "coordinates": [ 7.6615455, 45.0458879 ] } },
{ "type": "Feature", "properties": { "name": "Bar al capolinea" }, "geometry": { "type": "Point", "coordinates": [ 7.6254306, 45.0134358 ] } },
{ "type": "Feature", "properties": { }, "geometry": { "type": "Point", "coordinates": [ 7.6269243, 45.0147762 ] } },
{ "type": "Feature", "properties": { "name": "L'uvoteca" }, "geometry": { "type": "Point", "coordinates": [ 7.6530743, 45.055178 ] } },
{ "type": "Feature", "properties": { }, "geometry": { "type": "Point", "coordinates": [ 7.653765, 45.0548606 ] } },
{ "type": "Feature", "properties": { "name": "Caffetteria Serafina" }, "geometry": { "type": "Point", "coordinates": [ 7.6486272, 45.0437608 ] } },
{ "type": "Feature", "properties": { "name": "Torino steakhouse" }, "geometry": { "type": "Point", "coordinates": [ 7.6483321, 45.0438688 ] } },
{ "type": "Feature", "properties": { "name": "Bar Mistral" }, "geometry": { "type": "Point", "coordinates": [ 7.6477327, 45.0440659 ] } },
{ "type": "Feature", "properties": { "name": "Caffetteria La svolta" }, "geometry": { "type": "Point", "coordinates": [ 7.6455532, 45.0463939 ] } },
{ "type": "Feature", "properties": { "name": "Girarrosti Santa Rita" }, "geometry": { "type": "Point", "coordinates": [ 7.6458311, 45.0468105 ] } },
{ "type": "Feature", "properties": { "name": "McDonald's" }, "geometry": { "type": "Point", "coordinates": [ 7.6459383, 45.0469872 ] } },
{ "type": "Feature", "properties": { "name": "Caffetteria Santa Rita" }, "geometry": { "type": "Point", "coordinates": [ 7.6468018, 45.0473834 ] } },
{ "type": "Feature", "properties": { "name": "Spizzuliando" }, "geometry": { "type": "Point", "coordinates": [ 7.6467696, 45.0474289 ] } },
{ "type": "Feature", "properties": { }, "geometry": { "type": "Point", "coordinates": [ 7.6498489, 45.0514641 ] } },
{ "type": "Feature", "properties": { "name": "Pacifik Poke" }, "geometry": { "type": "Point", "coordinates": [ 7.6488998, 45.05044 ] } },
{ "type": "Feature", "properties": { "name": "Girarrosto Santarita" }, "geometry": { "type": "Point", "coordinates": [ 7.6225956, 45.0744545 ] } },
{ "type": "Feature", "properties": { "name": "Bar Art Curiosity" }, "geometry": { "type": "Point", "coordinates": [ 7.6211086, 45.0667718 ] } },
{ "type": "Feature", "properties": { "name": "Burger King" }, "geometry": { "type": "Point", "coordinates": [ 7.6367882, 45.1890495 ] } },
{ "type": "Feature", "properties": { "name": "McDonald's" }, "geometry": { "type": "Point", "coordinates": [ 7.6266427, 45.1938092 ] } },
{ "type": "Feature", "properties": { }, "geometry": { "type": "Point", "coordinates": [ 7.6561363, 45.0730356 ] } },
{ "type": "Feature", "properties": { "name": "Dama'" }, "geometry": { "type": "Point", "coordinates": [ 7.6640818, 45.0806036 ] } },
{ "type": "Feature", "properties": { "name": "Coffee Bar" }, "geometry": { "type": "Point", "coordinates": [ 7.699784, 45.0902311 ] } },
{ "type": "Feature", "properties": { "name": "La Cicchetteria" }, "geometry": { "type": "Point", "coordinates": [ 7.6901608, 45.0802371 ] } },
{ "type": "Feature", "properties": { "name": "Caffè Norma" }, "geometry": { "type": "Point", "coordinates": [ 7.6935308, 45.0817105 ] } },
{ "type": "Feature", "properties": { "name": "Caffè Pigalle 2.1" }, "geometry": { "type": "Point", "coordinates": [ 7.6869295, 45.0771706 ] } },
{ "type": "Feature", "properties": { "name": "Halo" }, "geometry": { "type": "Point", "coordinates": [ 7.6830706, 45.0710834 ] } },
{ "type": "Feature", "properties": { "name": "Caffé Metropolitan" }, "geometry": { "type": "Point", "coordinates": [ 7.6320994, 45.0800946 ] } },
{ "type": "Feature", "properties": { "name": "Sister's" }, "geometry": { "type": "Point", "coordinates": [ 7.6327683, 45.0708972 ] } },
{ "type": "Feature", "properties": { "name": "Skassapanza" }, "geometry": { "type": "Point", "coordinates": [ 7.6521556, 45.0351381 ] } },
{ "type": "Feature", "properties": { "name": "Bar del Balon" }, "geometry": { "type": "Point", "coordinates": [ 7.6833394, 45.0793241 ] } },
{ "type": "Feature", "properties": { }, "geometry": { "type": "Point", "coordinates": [ 7.5961126, 44.9995697 ] } },
{ "type": "Feature", "properties": { "name": "Pane e Caffè" }, "geometry": { "type": "Point", "coordinates": [ 7.6227319, 45.057789 ] } },
{ "type": "Feature", "properties": { "name": "Alpi Empanadas" }, "geometry": { "type": "Point", "coordinates": [ 7.6461913, 45.0662119 ] } },
{ "type": "Feature", "properties": { "name": "Caffè Versari" }, "geometry": { "type": "Point", "coordinates": [ 7.6896599, 45.0011136 ] } },
{ "type": "Feature", "properties": { "name": "Bar Rela" }, "geometry": { "type": "Point", "coordinates": [ 7.6740514, 45.0495295 ] } },
{ "type": "Feature", "properties": { "name": "Caffè Michelange" }, "geometry": { "type": "Point", "coordinates": [ 7.6976689, 44.9957769 ] } },
{ "type": "Feature", "properties": { "name": "Failla cafè" }, "geometry": { "type": "Point", "coordinates": [ 7.6930004, 45.0002191 ] } },
{ "type": "Feature", "properties": { "name": "Taco Bang" }, "geometry": { "type": "Point", "coordinates": [ 7.6574217, 45.0536859 ] } },
{ "type": "Feature", "properties": { "name": "Flora" }, "geometry": { "type": "Point", "coordinates": [ 7.6960547, 45.0636603 ] } },
{ "type": "Feature", "properties": { "name": "Crispino Food" }, "geometry": { "type": "Point", "coordinates": [ 7.6267495, 45.1348016 ] } },
{ "type": "Feature", "properties": { "name": "Bar 28 Tabaccheria" }, "geometry": { "type": "Point", "coordinates": [ 7.6959316, 44.999877 ] } },
{ "type": "Feature", "properties": { "name": "Human" }, "geometry": { "type": "Point", "coordinates": [ 7.6952563, 44.9963103 ] } },
{ "type": "Feature", "properties": { "name": "Sunrise caffé" }, "geometry": { "type": "Point", "coordinates": [ 7.6227359, 45.0348908 ] } },
{ "type": "Feature", "properties": { "name": "B+Ars" }, "geometry": { "type": "Point", "coordinates": [ 7.6856513, 45.0920357 ] } },
{ "type": "Feature", "properties": { "name": "Euro bar" }, "geometry": { "type": "Point", "coordinates": [ 7.6560285, 45.0171725 ] } },
{ "type": "Feature", "properties": { "name": "Caffetteria Vigliani" }, "geometry": { "type": "Point", "coordinates": [ 7.6549852, 45.0171665 ] } },
{ "type": "Feature", "properties": { "name": "Caffetteria 158" }, "geometry": { "type": "Point", "coordinates": [ 7.6548726, 45.0200701 ] } },
{ "type": "Feature", "properties": { "name": "Caffè Pipol" }, "geometry": { "type": "Point", "coordinates": [ 7.6410904, 45.0362311 ] } },
{ "type": "Feature", "properties": { "name": "Girarrosto Punto G" }, "geometry": { "type": "Point", "coordinates": [ 7.6992588, 45.0698624 ] } },
{ "type": "Feature", "properties": { "name": "Il Mago" }, "geometry": { "type": "Point", "coordinates": [ 7.7017697, 45.0680252 ] } },
{ "type": "Feature", "properties": { "name": "Caffetteria D. & D." }, "geometry": { "type": "Point", "coordinates": [ 7.643938, 45.0202025 ] } },
{ "type": "Feature", "properties": { "name": "Bar Impero" }, "geometry": { "type": "Point", "coordinates": [ 7.5996668, 45.0685425 ] } },
{ "type": "Feature", "properties": { "name": "Tegamino Sessantotto" }, "geometry": { "type": "Point", "coordinates": [ 7.7011197, 45.0693232 ] } },
{ "type": "Feature", "properties": { "name": "Il Punto D'ascolto" }, "geometry": { "type": "Point", "coordinates": [ 7.6875292, 45.0007055 ] } },
{ "type": "Feature", "properties": { "name": "Bella Istanbul" }, "geometry": { "type": "Point", "coordinates": [ 7.6447708, 45.0241965 ] } },
{ "type": "Feature", "properties": { "name": "Cinquina" }, "geometry": { "type": "Point", "coordinates": [ 7.643998, 45.0244736 ] } },
{ "type": "Feature", "properties": { "name": "Royal Caffè" }, "geometry": { "type": "Point", "coordinates": [ 7.6501284, 45.0684703 ] } },
{ "type": "Feature", "properties": { "name": "Caffetteria ideale" }, "geometry": { "type": "Point", "coordinates": [ 7.6426167, 45.0222681 ] } },
{ "type": "Feature", "properties": { "name": "Rose's cafè" }, "geometry": { "type": "Point", "coordinates": [ 7.65575, 45.0343238 ] } },
{ "type": "Feature", "properties": { "name": "I portici dei regni" }, "geometry": { "type": "Point", "coordinates": [ 7.6528581, 45.0170973 ] } },
{ "type": "Feature", "properties": { "name": "Friend's Pizza Kebab" }, "geometry": { "type": "Point", "coordinates": [ 7.6530071, 45.0171002 ] } },
{ "type": "Feature", "properties": { }, "geometry": { "type": "Point", "coordinates": [ 7.6562521, 45.0704304 ] } },
{ "type": "Feature", "properties": { "name": "Bar Alea" }, "geometry": { "type": "Point", "coordinates": [ 7.6426868, 45.0206759 ] } },
{ "type": "Feature", "properties": { "name": "Girarrosto Amendolara" }, "geometry": { "type": "Point", "coordinates": [ 7.6629596, 45.0808937 ] } },
{ "type": "Feature", "properties": { "name": "Burger King" }, "geometry": { "type": "Point", "coordinates": [ 7.6897015, 45.0886166 ] } },
{ "type": "Feature", "properties": { "name": "Sedici 10 Bagel" }, "geometry": { "type": "Point", "coordinates": [ 7.6798583, 45.0655722 ] } },
{ "type": "Feature", "properties": { "name": "Margherì Pizza Romana" }, "geometry": { "type": "Point", "coordinates": [ 7.6972245, 45.0710939 ] } },
{ "type": "Feature", "properties": { "name": "Nora Book & Coffee" }, "geometry": { "type": "Point", "coordinates": [ 7.6796418, 45.075859 ] } },
{ "type": "Feature", "properties": { "name": "Bar tavola calda Pamby" }, "geometry": { "type": "Point", "coordinates": [ 7.5722919, 45.0159945 ] } },
{ "type": "Feature", "properties": { "name": "Girarrosti S. Rita" }, "geometry": { "type": "Point", "coordinates": [ 7.6991606, 45.062851 ] } },
{ "type": "Feature", "properties": { "name": "Bar Ventimiglia" }, "geometry": { "type": "Point", "coordinates": [ 7.6725506, 45.0347235 ] } },
{ "type": "Feature", "properties": { "name": "Trapizzino" }, "geometry": { "type": "Point", "coordinates": [ 7.688102, 45.0664287 ] } },
{ "type": "Feature", "properties": { "name": "Caffè Metropolis" }, "geometry": { "type": "Point", "coordinates": [ 7.6366162, 45.075055 ] } },
{ "type": "Feature", "properties": { "name": "La Piadineria" }, "geometry": { "type": "Point", "coordinates": [ 7.6639981, 45.0235197 ] } },
{ "type": "Feature", "properties": { "name": "Punti di vista" }, "geometry": { "type": "Point", "coordinates": [ 7.6778593, 45.0570819 ] } },
{ "type": "Feature", "properties": { "name": "Mr. Shawarna" }, "geometry": { "type": "Point", "coordinates": [ 7.6963215, 45.0660592 ] } },
{ "type": "Feature", "properties": { "name": "Caffetteria Il Fato" }, "geometry": { "type": "Point", "coordinates": [ 7.6636245, 45.052604 ] } },
{ "type": "Feature", "properties": { "name": "Nooliso" }, "geometry": { "type": "Point", "coordinates": [ 7.6550012, 45.0694185 ] } },
{ "type": "Feature", "properties": { "name": "La farfalla Da ibra" }, "geometry": { "type": "Point", "coordinates": [ 7.6988888, 45.0682449 ] } },
{ "type": "Feature", "properties": { "name": "Bar Pasticceria Cerutti" }, "geometry": { "type": "Point", "coordinates": [ 7.7498662, 45.0172754 ] } },
{ "type": "Feature", "properties": { "name": "Apna Punjab" }, "geometry": { "type": "Point", "coordinates": [ 7.6568972, 45.0853081 ] } },
{ "type": "Feature", "properties": { "name": "Da Anciluzzu U Sicilianu" }, "geometry": { "type": "Point", "coordinates": [ 7.702185, 45.0681972 ] } },
{ "type": "Feature", "properties": { "name": "Caffè dell'angolo" }, "geometry": { "type": "Point", "coordinates": [ 7.644847, 45.0224009 ] } },
{ "type": "Feature", "properties": { "name": "Caffetteria Pasticceria Enzo e Stefy" }, "geometry": { "type": "Point", "coordinates": [ 7.6421008, 45.021551 ] } },
{ "type": "Feature", "properties": { "name": "Paz" }, "geometry": { "type": "Point", "coordinates": [ 7.5218675, 45.0325959 ] } },
{ "type": "Feature", "properties": { "name": "Caffè Al Panatè" }, "geometry": { "type": "Point", "coordinates": [ 7.7485085, 45.019745 ] } },
{ "type": "Feature", "properties": { "name": "Pavone" }, "geometry": { "type": "Point", "coordinates": [ 7.6529238, 45.0176829 ] } },
{ "type": "Feature", "properties": { "name": "Aldo's Bakery" }, "geometry": { "type": "Point", "coordinates": [ 7.6545621, 45.0653458 ] } },
{ "type": "Feature", "properties": { "name": "Riempimi" }, "geometry": { "type": "Point", "coordinates": [ 7.6560801, 45.0654634 ] } },
{ "type": "Feature", "properties": { "name": "Paninoteca Fuori Corso.it" }, "geometry": { "type": "Point", "coordinates": [ 7.6559593, 45.065454 ] } },
{ "type": "Feature", "properties": { "name": "Zio Frank Hamburgeria" }, "geometry": { "type": "Point", "coordinates": [ 7.6547071, 45.0650943 ] } },
{ "type": "Feature", "properties": { "name": "Caffe Leonardo" }, "geometry": { "type": "Point", "coordinates": [ 7.6545154, 45.0654959 ] } },
{ "type": "Feature", "properties": { "name": "Bella istanbul - pizza kebab" }, "geometry": { "type": "Point", "coordinates": [ 7.6792975, 45.0890721 ] } },
{ "type": "Feature", "properties": { "name": "Truth Caffè" }, "geometry": { "type": "Point", "coordinates": [ 7.6213603, 45.0702406 ] } },
{ "type": "Feature", "properties": { "name": "caffè Paradiso" }, "geometry": { "type": "Point", "coordinates": [ 7.6098943, 45.0673358 ] } },
{ "type": "Feature", "properties": { "name": "Belle epoque" }, "geometry": { "type": "Point", "coordinates": [ 7.6565751, 45.0862668 ] } },
{ "type": "Feature", "properties": { }, "geometry": { "type": "Point", "coordinates": [ 7.6646479, 45.083222 ] } },
{ "type": "Feature", "properties": { "name": "Bar Cuba" }, "geometry": { "type": "Point", "coordinates": [ 7.6351731, 45.0747257 ] } },
{ "type": "Feature", "properties": { "name": "Bakery food" }, "geometry": { "type": "Point", "coordinates": [ 7.6432688, 45.0220534 ] } },
{ "type": "Feature", "properties": { "name": "Cento88" }, "geometry": { "type": "Point", "coordinates": [ 7.6466969, 44.9949591 ] } },
{ "type": "Feature", "properties": { "name": "La Rosa Blu" }, "geometry": { "type": "Point", "coordinates": [ 7.7516042, 45.0200534 ] } },
{ "type": "Feature", "properties": { "name": "Caffè Ristretto" }, "geometry": { "type": "Point", "coordinates": [ 7.7505294, 45.0166124 ] } },
{ "type": "Feature", "properties": { "name": "Non solo pizza" }, "geometry": { "type": "Point", "coordinates": [ 7.6897703, 45.0014264 ] } },
{ "type": "Feature", "properties": { "name": "La Santa Wine & Spirits" }, "geometry": { "type": "Point", "coordinates": [ 7.6774842, 45.0710503 ] } },
{ "type": "Feature", "properties": { "name": "Ci voleva" }, "geometry": { "type": "Point", "coordinates": [ 7.5992251, 45.0070265 ] } },
{ "type": "Feature", "properties": { "name": "Stefy Caffè" }, "geometry": { "type": "Point", "coordinates": [ 7.646421, 45.0220114 ] } },
{ "type": "Feature", "properties": { "name": "Bar Costarica" }, "geometry": { "type": "Point", "coordinates": [ 7.6390839, 45.0255981 ] } },
{ "type": "Feature", "properties": { "name": "La pagnotta" }, "geometry": { "type": "Point", "coordinates": [ 7.6404105, 45.0239709 ] } },
{ "type": "Feature", "properties": { "name": "Caffè Mokaor" }, "geometry": { "type": "Point", "coordinates": [ 7.6085567, 45.0734166 ] } },
{ "type": "Feature", "properties": { "name": "L'officina della pizza" }, "geometry": { "type": "Point", "coordinates": [ 7.6625345, 45.0810862 ] } },
{ "type": "Feature", "properties": { "name": "Ufficio" }, "geometry": { "type": "Point", "coordinates": [ 7.6805669, 45.0592338 ] } },
{ "type": "Feature", "properties": { "name": "Istanbul Santasophia" }, "geometry": { "type": "Point", "coordinates": [ 7.6832269, 45.0579938 ] } },
{ "type": "Feature", "properties": { "name": "Pizza Speedy" }, "geometry": { "type": "Point", "coordinates": [ 7.6849691, 45.0588122 ] } },
{ "type": "Feature", "properties": { "name": "Bar del Centro" }, "geometry": { "type": "Point", "coordinates": [ 7.71602, 45.1833645 ] } },
{ "type": "Feature", "properties": { "name": "Alice" }, "geometry": { "type": "Point", "coordinates": [ 7.693863, 45.0675954 ] } },
{ "type": "Feature", "properties": { "name": "All'Antico Vinaio" }, "geometry": { "type": "Point", "coordinates": [ 7.6941972, 45.0674128 ] } },
{ "type": "Feature", "properties": { "name": "La Piadineria" }, "geometry": { "type": "Point", "coordinates": [ 7.6937768, 45.0674897 ] } },
{ "type": "Feature", "properties": { "name": "Paolo Bistrot" }, "geometry": { "type": "Point", "coordinates": [ 7.6664618, 45.0493683 ] } },
{ "type": "Feature", "properties": { "name": "Infinity Poké" }, "geometry": { "type": "Point", "coordinates": [ 7.6359327, 45.0750072 ] } },
{ "type": "Feature", "properties": { "name": "FIATCafé500" }, "geometry": { "type": "Point", "coordinates": [ 7.6660199, 45.0330928 ] } },
{ "type": "Feature", "properties": { "name": "Comida Corrida" }, "geometry": { "type": "Point", "coordinates": [ 7.6811224, 45.0600607 ] } },
{ "type": "Feature", "properties": { "name": "L'arte del croissant" }, "geometry": { "type": "Point", "coordinates": [ 7.67207, 45.0600145 ] } },
{ "type": "Feature", "properties": { "name": "Oropuro" }, "geometry": { "type": "Point", "coordinates": [ 7.6536224, 45.0701877 ] } },
{ "type": "Feature", "properties": { "name": "Bar Smile" }, "geometry": { "type": "Point", "coordinates": [ 7.6190509, 45.0718268 ] } },
{ "type": "Feature", "properties": { "name": "Simon Bar" }, "geometry": { "type": "Point", "coordinates": [ 7.6105367, 45.0698127 ] } },
{ "type": "Feature", "properties": { "name": "Caffetteria La Fenice" }, "geometry": { "type": "Point", "coordinates": [ 7.6670912, 45.0508404 ] } },
{ "type": "Feature", "properties": { "name": "Bar Caffetteria \"JL\"" }, "geometry": { "type": "Point", "coordinates": [ 7.6416771, 45.0226017 ] } },
{ "type": "Feature", "properties": { "name": "DiVino Napione" }, "geometry": { "type": "Point", "coordinates": [ 7.7024895, 45.0686313 ] } },
{ "type": "Feature", "properties": { "name": "Bar Alessia" }, "geometry": { "type": "Point", "coordinates": [ 7.6839752, 45.0758215 ] } },
{ "type": "Feature", "properties": { "name": "Michele" }, "geometry": { "type": "Point", "coordinates": [ 7.5216142, 45.068123 ] } },
{ "type": "Feature", "properties": { "name": "DELÌT Delizie Italiane" }, "geometry": { "type": "Point", "coordinates": [ 7.6680325, 45.0516835 ] } },
{ "type": "Feature", "properties": { "name": "Caffetteria Antonelli" }, "geometry": { "type": "Point", "coordinates": [ 7.6938362, 45.0660979 ] } },
{ "type": "Feature", "properties": { "name": "Amen" }, "geometry": { "type": "Point", "coordinates": [ 7.6828441, 45.0936449 ] } },
{ "type": "Feature", "properties": { "name": "Burgheria Trattoria Americana" }, "geometry": { "type": "Point", "coordinates": [ 7.682913, 45.0938565 ] } },
{ "type": "Feature", "properties": { "name": "The Wine nest" }, "geometry": { "type": "Point", "coordinates": [ 7.6542502, 45.0655365 ] } },
{ "type": "Feature", "properties": { "name": "LiberaMente" }, "geometry": { "type": "Point", "coordinates": [ 7.667631, 45.0523114 ] } },
{ "type": "Feature", "properties": { }, "geometry": { "type": "Point", "coordinates": [ 7.5544336, 45.0715917 ] } },
{ "type": "Feature", "properties": { "name": "Caffetteria del borgo" }, "geometry": { "type": "Point", "coordinates": [ 7.6852276, 45.0489219 ] } },
{ "type": "Feature", "properties": { "name": "TURKISH URFA'" }, "geometry": { "type": "Point", "coordinates": [ 7.6661374, 45.0797125 ] } },
{ "type": "Feature", "properties": { "name": "Bar 71" }, "geometry": { "type": "Point", "coordinates": [ 7.6638391, 45.080692 ] } },
{ "type": "Feature", "properties": { }, "geometry": { "type": "Point", "coordinates": [ 7.6716964, 45.049449 ] } },
{ "type": "Feature", "properties": { "name": "Sesto Gusto" }, "geometry": { "type": "Point", "coordinates": [ 7.6784817, 45.0727408 ] } },
{ "type": "Feature", "properties": { "name": "Bistrò Tuocc & Fuje" }, "geometry": { "type": "Point", "coordinates": [ 7.6791267, 45.0715385 ] } },
{ "type": "Feature", "properties": { "name": "Focacceria Roberta" }, "geometry": { "type": "Point", "coordinates": [ 7.6820513, 45.0713275 ] } },
{ "type": "Feature", "properties": { "name": "Piadina romagnola" }, "geometry": { "type": "Point", "coordinates": [ 7.6825789, 45.0712369 ] } },
{ "type": "Feature", "properties": { "name": "Pancaffè Bakery" }, "geometry": { "type": "Point", "coordinates": [ 7.7034516, 45.069152 ] } },
{ "type": "Feature", "properties": { "name": "Rivoli Kebap pizza & hamburger" }, "geometry": { "type": "Point", "coordinates": [ 7.5204861, 45.0706085 ] } },
{ "type": "Feature", "properties": { "name": "Friggitoria" }, "geometry": { "type": "Point", "coordinates": [ 7.5248281, 45.0930054 ] } },
{ "type": "Feature", "properties": { "name": "Gran Bar" }, "geometry": { "type": "Point", "coordinates": [ 7.5242422, 45.0934067 ] } },
{ "type": "Feature", "properties": { "name": "Il piccolo Caffè" }, "geometry": { "type": "Point", "coordinates": [ 7.5242122, 45.0930935 ] } },
{ "type": "Feature", "properties": { "name": "Caffè Antico Ristoro Dino" }, "geometry": { "type": "Point", "coordinates": [ 7.6645682, 45.0506393 ] } },
{ "type": "Feature", "properties": { "name": "Da Filippo" }, "geometry": { "type": "Point", "coordinates": [ 7.6361513, 45.0723917 ] } },
{ "type": "Feature", "properties": { "name": "Eden" }, "geometry": { "type": "Point", "coordinates": [ 7.638307, 45.0692478 ] } },
{ "type": "Feature", "properties": { "name": "MACHA CAFÈ" }, "geometry": { "type": "Point", "coordinates": [ 7.680007, 45.0651206 ] } },
{ "type": "Feature", "properties": { "name": "Trivè Time" }, "geometry": { "type": "Point", "coordinates": [ 7.6798919, 45.0653945 ] } },
{ "type": "Feature", "properties": { "name": "archetto" }, "geometry": { "type": "Point", "coordinates": [ 7.5314729, 45.007433 ] } },
{ "type": "Feature", "properties": { "name": "La Piadineria" }, "geometry": { "type": "Point", "coordinates": [ 7.6805064, 45.0721951 ] } },
{ "type": "Feature", "properties": { }, "geometry": { "type": "Point", "coordinates": [ 7.5706185, 45.0775251 ] } },
{ "type": "Feature", "properties": { "name": "Aloha" }, "geometry": { "type": "Point", "coordinates": [ 7.5742461, 45.0779038 ] } },
{ "type": "Feature", "properties": { "name": "Nelson Café" }, "geometry": { "type": "Point", "coordinates": [ 7.6804312, 45.0641627 ] } },
{ "type": "Feature", "properties": { "name": "Caffetteria Bistrot Carle" }, "geometry": { "type": "Point", "coordinates": [ 7.6625639, 45.0524158 ] } },
{ "type": "Feature", "properties": { "name": "Mensa La Stampa" }, "geometry": { "type": "Point", "coordinates": [ 7.6714801, 45.0493268 ] } },
{ "type": "Feature", "properties": { "name": "Saporita" }, "geometry": { "type": "Point", "coordinates": [ 7.7010134, 45.0693895 ] } },
{ "type": "Feature", "properties": { "name": "Bar Diamante" }, "geometry": { "type": "Point", "coordinates": [ 7.6739766, 45.042409 ] } },
{ "type": "Feature", "properties": { "name": "Caffè Dopo" }, "geometry": { "type": "Point", "coordinates": [ 7.6715891, 45.0430661 ] } },
{ "type": "Feature", "properties": { "name": "Le Petit Bistrot" }, "geometry": { "type": "Point", "coordinates": [ 7.6632274, 45.0807932 ] } },
{ "type": "Feature", "properties": { "name": "Carmen" }, "geometry": { "type": "Point", "coordinates": [ 7.6972396, 45.0709464 ] } },
{ "type": "Feature", "properties": { "name": "Istambul" }, "geometry": { "type": "Point", "coordinates": [ 7.6440148, 44.992576 ] } },
{ "type": "Feature", "properties": { "name": "Il mago di Oz" }, "geometry": { "type": "Point", "coordinates": [ 7.6882848, 45.0666223 ] } },
{ "type": "Feature", "properties": { "name": "Burgheria" }, "geometry": { "type": "Point", "coordinates": [ 7.6922697, 45.066099 ] } },
{ "type": "Feature", "properties": { "name": "Caffè Dante" }, "geometry": { "type": "Point", "coordinates": [ 7.672372, 45.0477804 ] } },
{ "type": "Feature", "properties": { "name": "Kona Poke" }, "geometry": { "type": "Point", "coordinates": [ 7.6724626, 45.0477636 ] } },
{ "type": "Feature", "properties": { }, "geometry": { "type": "Point", "coordinates": [ 7.6468814, 45.1773541 ] } },
{ "type": "Feature", "properties": { "name": "Efes" }, "geometry": { "type": "Point", "coordinates": [ 7.6929821, 45.0817076 ] } },
{ "type": "Feature", "properties": { "name": "Tommy Tegamino" }, "geometry": { "type": "Point", "coordinates": [ 7.6846118, 45.0663126 ] } },
{ "type": "Feature", "properties": { "name": "Del vecchio macello" }, "geometry": { "type": "Point", "coordinates": [ 7.622224, 45.1989857 ] } },
{ "type": "Feature", "properties": { "name": "Turati 53" }, "geometry": { "type": "Point", "coordinates": [ 7.6653937, 45.0493437 ] } },
{ "type": "Feature", "properties": { "name": "Queen Cafè" }, "geometry": { "type": "Point", "coordinates": [ 7.6731219, 45.0466475 ] } },
{ "type": "Feature", "properties": { "name": "Fruttolandia" }, "geometry": { "type": "Point", "coordinates": [ 7.7382882, 45.0884828 ] } },
{ "type": "Feature", "properties": { "name": "Gastronomia Torino" }, "geometry": { "type": "Point", "coordinates": [ 7.6834284, 45.0541374 ] } },
{ "type": "Feature", "properties": { "name": "Ogimomo" }, "geometry": { "type": "Point", "coordinates": [ 7.6830645, 45.0409322 ] } },
{ "type": "Feature", "properties": { "name": "Panfé" }, "geometry": { "type": "Point", "coordinates": [ 7.675589, 45.0711359 ] } },
{ "type": "Feature", "properties": { "name": "Creperia Caffè Waikiki" }, "geometry": { "type": "Point", "coordinates": [ 7.6285027, 45.1344521 ] } },
{ "type": "Feature", "properties": { "name": "Cafè On The Road" }, "geometry": { "type": "Point", "coordinates": [ 7.62636, 45.0392905 ] } },
{ "type": "Feature", "properties": { "name": "Cantine Meccaniche" }, "geometry": { "type": "Point", "coordinates": [ 7.6982794, 45.0698398 ] } },
{ "type": "Feature", "properties": { "name": "Bar Pia" }, "geometry": { "type": "Point", "coordinates": [ 7.678384, 45.0763171 ] } },
{ "type": "Feature", "properties": { "name": "Conte Cavour" }, "geometry": { "type": "Point", "coordinates": [ 7.6420065, 45.0251806 ] } },
{ "type": "Feature", "properties": { "name": "Family cocktail bar" }, "geometry": { "type": "Point", "coordinates": [ 7.6485441, 45.0634952 ] } },
{ "type": "Feature", "properties": { "name": "Bar Richy" }, "geometry": { "type": "Point", "coordinates": [ 7.8156943, 45.0133488 ] } },
{ "type": "Feature", "properties": { "name": "La Frisella" }, "geometry": { "type": "Point", "coordinates": [ 7.7014981, 45.0999202 ] } },
{ "type": "Feature", "properties": { "name": "Istanbul" }, "geometry": { "type": "Point", "coordinates": [ 7.6588121, 45.0138118 ] } },
{ "type": "Feature", "properties": { "name": "Pino caffè" }, "geometry": { "type": "Point", "coordinates": [ 7.6356277, 45.0791933 ] } },
{ "type": "Feature", "properties": { "name": "Caffetteria Art" }, "geometry": { "type": "Point", "coordinates": [ 7.6616682, 45.0814703 ] } },
{ "type": "Feature", "properties": { "name": "Caffè del Corso" }, "geometry": { "type": "Point", "coordinates": [ 7.6043228, 45.0741527 ] } },
{ "type": "Feature", "properties": { "name": "Matricola" }, "geometry": { "type": "Point", "coordinates": [ 7.6543099, 45.0393801 ] } },
{ "type": "Feature", "properties": { "name": "Caffetteria Modigliani" }, "geometry": { "type": "Point", "coordinates": [ 7.6678474, 45.0521995 ] } },
{ "type": "Feature", "properties": { "name": "Platinum Café" }, "geometry": { "type": "Point", "coordinates": [ 7.6265297, 45.078051 ] } },
{ "type": "Feature", "properties": { "name": "Caffè Pozzo Strada" }, "geometry": { "type": "Point", "coordinates": [ 7.6286841, 45.0746883 ] } },
{ "type": "Feature", "properties": { "name": "Ed3n Coffee" }, "geometry": { "type": "Point", "coordinates": [ 7.6287063, 45.0724649 ] } },
{ "type": "Feature", "properties": { "name": "Bar...donecchia" }, "geometry": { "type": "Point", "coordinates": [ 7.6380309, 45.0724897 ] } },
{ "type": "Feature", "properties": { "name": "Il piacere delle cialde" }, "geometry": { "type": "Point", "coordinates": [ 7.5194717, 45.0760202 ] } },
{ "type": "Feature", "properties": { "name": "Royal caffè" }, "geometry": { "type": "Point", "coordinates": [ 7.5181192, 45.0698923 ] } },
{ "type": "Feature", "properties": { "name": "Torteria Berlicabarbis" }, "geometry": { "type": "Point", "coordinates": [ 7.6688817, 45.0735406 ] } },
{ "type": "Feature", "properties": { "name": "Caffè della posta" }, "geometry": { "type": "Point", "coordinates": [ 7.6760509, 45.0620271 ] } },
{ "type": "Feature", "properties": { "name": "Caffè Cavour" }, "geometry": { "type": "Point", "coordinates": [ 7.5237885, 45.0677765 ] } },
{ "type": "Feature", "properties": { "name": "Caffè Retrò" }, "geometry": { "type": "Point", "coordinates": [ 7.5240504, 45.0691569 ] } },
{ "type": "Feature", "properties": { "name": "Bar Antony 2" }, "geometry": { "type": "Point", "coordinates": [ 7.7020829, 45.0682937 ] } },
{ "type": "Feature", "properties": { "name": "Viola Elegant Cafè" }, "geometry": { "type": "Point", "coordinates": [ 7.662842, 45.0459705 ] } },
{ "type": "Feature", "properties": { "name": "Caffe" }, "geometry": { "type": "Point", "coordinates": [ 7.6731447, 45.081404 ] } },
{ "type": "Feature", "properties": { "name": "Ladies Cafè" }, "geometry": { "type": "Point", "coordinates": [ 7.6521326, 45.067639 ] } },
{ "type": "Feature", "properties": { "name": "McDonald's" }, "geometry": { "type": "Point", "coordinates": [ 7.6669907, 45.073004 ] } },
{ "type": "Feature", "properties": { "name": "Soogreen" }, "geometry": { "type": "Point", "coordinates": [ 7.6783431, 45.0467645 ] } },
{ "type": "Feature", "properties": { "name": "Caffetteria Vergnano Dal Tiepolo" }, "geometry": { "type": "Point", "coordinates": [ 7.6820571, 45.0449301 ] } },
{ "type": "Feature", "properties": { "name": "Bar Derby" }, "geometry": { "type": "Point", "coordinates": [ 7.6564705, 45.0410561 ] } },
{ "type": "Feature", "properties": { "name": "Il bacio" }, "geometry": { "type": "Point", "coordinates": [ 7.6599993, 45.0435351 ] } },
{ "type": "Feature", "properties": { "name": "Bar Roma" }, "geometry": { "type": "Point", "coordinates": [ 7.6472982, 45.032837 ] } },
{ "type": "Feature", "properties": { "name": "Gianduia" }, "geometry": { "type": "Point", "coordinates": [ 7.637575, 45.0242193 ] } },
{ "type": "Feature", "properties": { "name": "Bella Instanbul 1" }, "geometry": { "type": "Point", "coordinates": [ 7.6374862, 45.0239808 ] } },
{ "type": "Feature", "properties": { "name": "Bar Mottino" }, "geometry": { "type": "Point", "coordinates": [ 7.673375, 45.0477969 ] } },
{ "type": "Feature", "properties": { "name": "Lounge bar Re e Regina" }, "geometry": { "type": "Point", "coordinates": [ 7.6646047, 45.0827436 ] } },
{ "type": "Feature", "properties": { "name": "L'angolo del Caffè" }, "geometry": { "type": "Point", "coordinates": [ 7.6485564, 45.0228952 ] } },
{ "type": "Feature", "properties": { }, "geometry": { "type": "Point", "coordinates": [ 7.6560638, 45.020234 ] } },
{ "type": "Feature", "properties": { "name": "Dolce & caffè" }, "geometry": { "type": "Point", "coordinates": [ 7.630114, 45.0175781 ] } },
{ "type": "Feature", "properties": { "name": "Bar dell'amicizia" }, "geometry": { "type": "Point", "coordinates": [ 7.5609617, 45.0743083 ] } },
{ "type": "Feature", "properties": { "name": "Tio Pepe" }, "geometry": { "type": "Point", "coordinates": [ 7.6737258, 45.0367783 ] } },
{ "type": "Feature", "properties": { "name": "Caffetteria Centrale" }, "geometry": { "type": "Point", "coordinates": [ 7.6715509, 45.0375899 ] } },
{ "type": "Feature", "properties": { "name": "La focacceria 2.0" }, "geometry": { "type": "Point", "coordinates": [ 7.6740264, 45.0748336 ] } },
{ "type": "Feature", "properties": { "name": "La piadina romagnola" }, "geometry": { "type": "Point", "coordinates": [ 7.674, 45.0747912 ] } },
{ "type": "Feature", "properties": { "name": "Busters Café" }, "geometry": { "type": "Point", "coordinates": [ 7.6690196, 45.0761271 ] } },
{ "type": "Feature", "properties": { "name": "Bere In Tipografia" }, "geometry": { "type": "Point", "coordinates": [ 7.7004045, 45.0699591 ] } },
{ "type": "Feature", "properties": { "name": "Magno" }, "geometry": { "type": "Point", "coordinates": [ 7.6844909, 45.0768441 ] } },
{ "type": "Feature", "properties": { "name": "Garden Cafè" }, "geometry": { "type": "Point", "coordinates": [ 7.6977021, 45.0715029 ] } },
{ "type": "Feature", "properties": { "name": "Pagliò Bakery  Bistrot" }, "geometry": { "type": "Point", "coordinates": [ 7.6715932, 45.0378024 ] } },
{ "type": "Feature", "properties": { "name": "Bar Phenix" }, "geometry": { "type": "Point", "coordinates": [ 7.6723072, 45.0418134 ] } },
{ "type": "Feature", "properties": { "name": "La scelta del gusto" }, "geometry": { "type": "Point", "coordinates": [ 7.5640318, 45.0733379 ] } },
{ "type": "Feature", "properties": { "name": "Bar Seba" }, "geometry": { "type": "Point", "coordinates": [ 7.6408429, 45.0485048 ] } },
{ "type": "Feature", "properties": { "name": "Imagine" }, "geometry": { "type": "Point", "coordinates": [ 7.6319527, 45.071671 ] } },
{ "type": "Feature", "properties": { "name": "Ciao" }, "geometry": { "type": "Point", "coordinates": [ 7.6303581, 45.0723652 ] } },
{ "type": "Feature", "properties": { "name": "Donna Rosa e Madama Giancarla" }, "geometry": { "type": "Point", "coordinates": [ 7.6720208, 45.0558262 ] } },
{ "type": "Feature", "properties": { "name": "BuonaVita" }, "geometry": { "type": "Point", "coordinates": [ 7.6489085, 45.0343102 ] } },
{ "type": "Feature", "properties": { "name": "Buffet" }, "geometry": { "type": "Point", "coordinates": [ 7.6715377, 45.0547061 ] } },
{ "type": "Feature", "properties": { "name": "La Piadineria" }, "geometry": { "type": "Point", "coordinates": [ 7.6857258, 45.060533 ] } },
{ "type": "Feature", "properties": { "name": "L'altro mondo" }, "geometry": { "type": "Point", "coordinates": [ 7.6714659, 45.0060694 ] } },
{ "type": "Feature", "properties": { "name": "il Piccolo Bar" }, "geometry": { "type": "Point", "coordinates": [ 7.6675179, 45.0091348 ] } },
{ "type": "Feature", "properties": { "name": "Dolce vita" }, "geometry": { "type": "Point", "coordinates": [ 7.6697376, 45.0071718 ] } },
{ "type": "Feature", "properties": { "name": "Caffè 72" }, "geometry": { "type": "Point", "coordinates": [ 7.6630769, 45.0151008 ] } },
{ "type": "Feature", "properties": { "name": "Il Dolce Fritto" }, "geometry": { "type": "Point", "coordinates": [ 7.6497951, 45.0664018 ] } },
{ "type": "Feature", "properties": { "name": "Roses & Tea" }, "geometry": { "type": "Point", "coordinates": [ 7.677687, 45.0731077 ] } },
{ "type": "Feature", "properties": { "name": "Fiorio" }, "geometry": { "type": "Point", "coordinates": [ 7.6495655, 45.0650594 ] } },
{ "type": "Feature", "properties": { "name": "Dharma cafè" }, "geometry": { "type": "Point", "coordinates": [ 7.6727729, 45.0744874 ] } },
{ "type": "Feature", "properties": { "name": "Caffè Boasi" }, "geometry": { "type": "Point", "coordinates": [ 7.6244986, 45.0139547 ] } },
{ "type": "Feature", "properties": { "name": "Roxy Bar" }, "geometry": { "type": "Point", "coordinates": [ 7.623691, 45.0144822 ] } },
{ "type": "Feature", "properties": { "name": "Da Pecchia" }, "geometry": { "type": "Point", "coordinates": [ 7.6725644, 45.0427545 ] } },
{ "type": "Feature", "properties": { "name": "Carducci" }, "geometry": { "type": "Point", "coordinates": [ 7.6717258, 45.0430657 ] } },
{ "type": "Feature", "properties": { "name": "La Piadineria" }, "geometry": { "type": "Point", "coordinates": [ 7.6704276, 45.0416555 ] } },
{ "type": "Feature", "properties": { "name": "bar bon" }, "geometry": { "type": "Point", "coordinates": [ 7.6710514, 45.0432041 ] } },
{ "type": "Feature", "properties": { "name": "Torrefazione Navone M." }, "geometry": { "type": "Point", "coordinates": [ 7.6540701, 45.0177028 ] } },
{ "type": "Feature", "properties": { "name": "Notre Bar" }, "geometry": { "type": "Point", "coordinates": [ 7.6307501, 45.0697905 ] } },
{ "type": "Feature", "properties": { "name": "Istanbul Star" }, "geometry": { "type": "Point", "coordinates": [ 7.6868766, 45.0759067 ] } },
{ "type": "Feature", "properties": { "name": "La Piadineria" }, "geometry": { "type": "Point", "coordinates": [ 7.6710045, 45.0908843 ] } },
{ "type": "Feature", "properties": { "name": "Costadoro Social Coffee" }, "geometry": { "type": "Point", "coordinates": [ 7.6741054, 45.0904286 ] } },
{ "type": "Feature", "properties": { "name": "plant BUN" }, "geometry": { "type": "Point", "coordinates": [ 7.675357, 45.0902333 ] } },
{ "type": "Feature", "properties": { }, "geometry": { "type": "Point", "coordinates": [ 7.6835642, 45.078235 ] } },
{ "type": "Feature", "properties": { }, "geometry": { "type": "Point", "coordinates": [ 7.6518635, 45.0367031 ] } },
{ "type": "Feature", "properties": { "name": "Caffè Vittoria" }, "geometry": { "type": "Point", "coordinates": [ 7.6722423, 45.0413586 ] } },
{ "type": "Feature", "properties": { "name": "Absinthe 21" }, "geometry": { "type": "Point", "coordinates": [ 7.6965954, 45.0647316 ] } },
{ "type": "Feature", "properties": { "name": "Bosforo" }, "geometry": { "type": "Point", "coordinates": [ 7.6522571, 45.036548 ] } },
{ "type": "Feature", "properties": { "name": "Crostone.it" }, "geometry": { "type": "Point", "coordinates": [ 7.6517971, 45.0366833 ] } },
{ "type": "Feature", "properties": { "name": "Biffi" }, "geometry": { "type": "Point", "coordinates": [ 7.6475342, 45.0737499 ] } },
{ "type": "Feature", "properties": { "name": "Petit Café" }, "geometry": { "type": "Point", "coordinates": [ 7.6873844, 45.0291496 ] } },
{ "type": "Feature", "properties": { "name": "Tramezzino" }, "geometry": { "type": "Point", "coordinates": [ 7.6780996, 45.0611463 ] } },
{ "type": "Feature", "properties": { "name": "Time Cafe" }, "geometry": { "type": "Point", "coordinates": [ 7.6783407, 45.0610642 ] } },
{ "type": "Feature", "properties": { "name": "Barricata" }, "geometry": { "type": "Point", "coordinates": [ 7.7006445, 45.0704814 ] } },
{ "type": "Feature", "properties": { "name": "Gardenia Caffè Con Vitto" }, "geometry": { "type": "Point", "coordinates": [ 7.6805491, 45.0701907 ] } },
{ "type": "Feature", "properties": { "name": "I love poke" }, "geometry": { "type": "Point", "coordinates": [ 7.6804979, 45.0702181 ] } },
{ "type": "Feature", "properties": { "name": "Green Bar" }, "geometry": { "type": "Point", "coordinates": [ 7.6459973, 45.0785578 ] } },
{ "type": "Feature", "properties": { "name": "Ziccat" }, "geometry": { "type": "Point", "coordinates": [ 7.6831105, 45.0707844 ] } },
{ "type": "Feature", "properties": { "name": "Poke House" }, "geometry": { "type": "Point", "coordinates": [ 7.6935901, 45.0673667 ] } },
{ "type": "Feature", "properties": { "name": "Taco Bang" }, "geometry": { "type": "Point", "coordinates": [ 7.6618478, 45.0760406 ] } },
{ "type": "Feature", "properties": { "name": "Bar Antica piazza delle erbe" }, "geometry": { "type": "Point", "coordinates": [ 7.6818, 45.0730879 ] } },
{ "type": "Feature", "properties": { "name": "Girarrosto" }, "geometry": { "type": "Point", "coordinates": [ 7.6410344, 45.0797122 ] } },
{ "type": "Feature", "properties": { "name": "Tunsi griglia" }, "geometry": { "type": "Point", "coordinates": [ 7.6920476, 45.0899265 ] } },
{ "type": "Feature", "properties": { "name": "Tisaneria della Consolata" }, "geometry": { "type": "Point", "coordinates": [ 7.6791049, 45.0759139 ] } },
{ "type": "Feature", "properties": { "name": "Rafiky" }, "geometry": { "type": "Point", "coordinates": [ 7.6805284, 45.0707867 ] } },
{ "type": "Feature", "properties": { "name": "CupCake Lab" }, "geometry": { "type": "Point", "coordinates": [ 7.7149591, 45.1184667 ] } },
{ "type": "Feature", "properties": { "name": "CICCHET-TO Dream" }, "geometry": { "type": "Point", "coordinates": [ 7.7148692, 45.118511 ] } },
{ "type": "Feature", "properties": { "name": "Rabbia" }, "geometry": { "type": "Point", "coordinates": [ 7.539943, 45.0067224 ] } },
{ "type": "Feature", "properties": { "name": "Dim & Sum Lan" }, "geometry": { "type": "Point", "coordinates": [ 7.6825372, 45.0697117 ] } },
{ "type": "Feature", "properties": { "name": "Al Baretto" }, "geometry": { "type": "Point", "coordinates": [ 7.623731, 45.0478264 ] } },
{ "type": "Feature", "properties": { "name": "Qucina San Salvario" }, "geometry": { "type": "Point", "coordinates": [ 7.6782659, 45.0540592 ] } },
{ "type": "Feature", "properties": { "name": "Bella Istanbul 2" }, "geometry": { "type": "Point", "coordinates": [ 7.6897195, 45.0686571 ] } },
{ "type": "Feature", "properties": { "name": "La Croissanterie" }, "geometry": { "type": "Point", "coordinates": [ 7.703429, 45.0704285 ] } },
{ "type": "Feature", "properties": { "name": "Caffè Pietro Micca" }, "geometry": { "type": "Point", "coordinates": [ 7.6826506, 45.0707723 ] } },
{ "type": "Feature", "properties": { "name": "Caffetteria dei Ricordi" }, "geometry": { "type": "Point", "coordinates": [ 7.6958079, 45.0724198 ] } },
{ "type": "Feature", "properties": { "name": "Walima narghilè" }, "geometry": { "type": "Point", "coordinates": [ 7.6801718, 45.0751342 ] } },
{ "type": "Feature", "properties": { "name": "KebaP TorinO" }, "geometry": { "type": "Point", "coordinates": [ 7.6782937, 45.0466612 ] } },
{ "type": "Feature", "properties": { "name": "Al 48" }, "geometry": { "type": "Point", "coordinates": [ 7.6890634, 45.0610307 ] } },
{ "type": "Feature", "properties": { "name": "Café Brocante" }, "geometry": { "type": "Point", "coordinates": [ 7.6637189, 45.0819584 ] } },
{ "type": "Feature", "properties": { "name": "Idea Break" }, "geometry": { "type": "Point", "coordinates": [ 7.5786628, 45.0643511 ] } },
{ "type": "Feature", "properties": { "name": "Cristian Bar" }, "geometry": { "type": "Point", "coordinates": [ 7.5242725, 45.091412 ] } },
{ "type": "Feature", "properties": { "name": "Il Mio Bar" }, "geometry": { "type": "Point", "coordinates": [ 7.7038561, 45.069747 ] } },
{ "type": "Feature", "properties": { "name": "Busters Coffee" }, "geometry": { "type": "Point", "coordinates": [ 7.7004397, 45.0745617 ] } },
{ "type": "Feature", "properties": { "name": "La Llama" }, "geometry": { "type": "Point", "coordinates": [ 7.6833931, 45.0568964 ] } },
{ "type": "Feature", "properties": { "name": "Hujra" }, "geometry": { "type": "Point", "coordinates": [ 7.6886312, 45.0841348 ] } },
{ "type": "Feature", "properties": { "name": "EDIT Porto Urbano" }, "geometry": { "type": "Point", "coordinates": [ 7.6951118, 45.0627 ] } },
{ "type": "Feature", "properties": { "name": "Coffee Time" }, "geometry": { "type": "Point", "coordinates": [ 7.6296775, 45.0476155 ] } },
{ "type": "Feature", "properties": { "name": "Caffè Lib" }, "geometry": { "type": "Point", "coordinates": [ 7.5921669, 45.0727964 ] } },
{ "type": "Feature", "properties": { "name": "Oro puro" }, "geometry": { "type": "Point", "coordinates": [ 7.6835753, 45.0718437 ] } },
{ "type": "Feature", "properties": { "name": "Fish and Burger" }, "geometry": { "type": "Point", "coordinates": [ 7.7333877, 45.1411346 ] } },
{ "type": "Feature", "properties": { "name": "Grand prix" }, "geometry": { "type": "Point", "coordinates": [ 7.6612715, 45.0179742 ] } },
{ "type": "Feature", "properties": { "name": "Le Bístrot Cafe' La Costaríca Caffè" }, "geometry": { "type": "Point", "coordinates": [ 7.6706705, 45.0444014 ] } },
{ "type": "Feature", "properties": { "name": "Pizzeria Regina 2000" }, "geometry": { "type": "Point", "coordinates": [ 7.6985171, 45.0715294 ] } },
{ "type": "Feature", "properties": { "name": "Bazar Solera" }, "geometry": { "type": "Point", "coordinates": [ 7.691312, 45.0650123 ] } },
{ "type": "Feature", "properties": { "name": "Il Due" }, "geometry": { "type": "Point", "coordinates": [ 7.8196032, 45.0107813 ] } },
{ "type": "Feature", "properties": { "name": "D.A.F." }, "geometry": { "type": "Point", "coordinates": [ 7.6836704, 45.0709511 ] } },
{ "type": "Feature", "properties": { "name": "Capodoglio" }, "geometry": { "type": "Point", "coordinates": [ 7.6938781, 45.0616185 ] } },
{ "type": "Feature", "properties": { "name": "Vermoutheria Peliti's" }, "geometry": { "type": "Point", "coordinates": [ 7.6941854, 45.0619064 ] } },
{ "type": "Feature", "properties": { "name": "Bar Tabacchi Enoteca \"Cassagna\" di Matarrese Giuseppe" }, "geometry": { "type": "Point", "coordinates": [ 7.5555513, 45.1039477 ] } },
{ "type": "Feature", "properties": { "name": "Savini cafè" }, "geometry": { "type": "Point", "coordinates": [ 7.5524039, 45.1028147 ] } },
{ "type": "Feature", "properties": { "name": "Chuan Xiang Ju" }, "geometry": { "type": "Point", "coordinates": [ 7.6913159, 45.0667952 ] } },
{ "type": "Feature", "properties": { "name": "Cafè Paris" }, "geometry": { "type": "Point", "coordinates": [ 7.5802906, 45.0731051 ] } },
{ "type": "Feature", "properties": { "name": "Stop Pizza" }, "geometry": { "type": "Point", "coordinates": [ 7.6595822, 45.0802808 ] } },
{ "type": "Feature", "properties": { "name": "Piadora" }, "geometry": { "type": "Point", "coordinates": [ 7.6950788, 45.0753536 ] } },
{ "type": "Feature", "properties": { "name": "Caffetteria Gastronomia Da Michi" }, "geometry": { "type": "Point", "coordinates": [ 7.6944878, 45.0766891 ] } },
{ "type": "Feature", "properties": { "name": "D-one" }, "geometry": { "type": "Point", "coordinates": [ 7.5365432, 45.0069411 ] } },
{ "type": "Feature", "properties": { "name": "Queen cafè" }, "geometry": { "type": "Point", "coordinates": [ 7.5367754, 45.0068671 ] } },
{ "type": "Feature", "properties": { "name": "Family caffè" }, "geometry": { "type": "Point", "coordinates": [ 7.5367384, 45.0075683 ] } },
{ "type": "Feature", "properties": { "name": "Loris Caffè" }, "geometry": { "type": "Point", "coordinates": [ 7.6694573, 45.0376217 ] } },
{ "type": "Feature", "properties": { }, "geometry": { "type": "Point", "coordinates": [ 7.6744932, 45.0505576 ] } },
{ "type": "Feature", "properties": { "name": "La Terra Santa" }, "geometry": { "type": "Point", "coordinates": [ 7.6759934, 45.0487611 ] } },
{ "type": "Feature", "properties": { "name": "caffetteria Rosselli" }, "geometry": { "type": "Point", "coordinates": [ 7.6623536, 45.0514586 ] } },
{ "type": "Feature", "properties": { "name": "Santa Piola" }, "geometry": { "type": "Point", "coordinates": [ 7.7004154, 45.0704861 ] } },
{ "type": "Feature", "properties": { "name": "Hola!" }, "geometry": { "type": "Point", "coordinates": [ 7.6857584, 45.1095209 ] } },
{ "type": "Feature", "properties": { "name": "Bistròzz" }, "geometry": { "type": "Point", "coordinates": [ 7.8165259, 45.0105777 ] } },
{ "type": "Feature", "properties": { "name": "Caffè Vergnano 1882" }, "geometry": { "type": "Point", "coordinates": [ 7.6881914, 45.0601054 ] } },
{ "type": "Feature", "properties": { "name": "Leonida Bar" }, "geometry": { "type": "Point", "coordinates": [ 7.6883475, 45.0599054 ] } },
{ "type": "Feature", "properties": { "name": "Tramezzino Torino" }, "geometry": { "type": "Point", "coordinates": [ 7.6882395, 45.060188 ] } },
{ "type": "Feature", "properties": { "name": "Quadrifoglio" }, "geometry": { "type": "Point", "coordinates": [ 7.6156086, 45.0717013 ] } },
{ "type": "Feature", "properties": { "name": "Zza Maria" }, "geometry": { "type": "Point", "coordinates": [ 7.6500963, 45.0561544 ] } },
{ "type": "Feature", "properties": { }, "geometry": { "type": "Point", "coordinates": [ 7.6630794, 45.0479581 ] } },
{ "type": "Feature", "properties": { "name": "Parisien" }, "geometry": { "type": "Point", "coordinates": [ 7.6769634, 45.0657027 ] } },
{ "type": "Feature", "properties": { "name": "Ristobar" }, "geometry": { "type": "Point", "coordinates": [ 7.6712617, 45.0687925 ] } },
{ "type": "Feature", "properties": { "name": "Da Paola" }, "geometry": { "type": "Point", "coordinates": [ 7.6714202, 45.0690437 ] } },
{ "type": "Feature", "properties": { }, "geometry": { "type": "Point", "coordinates": [ 7.672695, 45.0667372 ] } },
{ "type": "Feature", "properties": { "name": "Nico" }, "geometry": { "type": "Point", "coordinates": [ 7.6539938, 45.0678411 ] } },
{ "type": "Feature", "properties": { "name": "Pandora Bar" }, "geometry": { "type": "Point", "coordinates": [ 7.6532407, 45.0693034 ] } },
{ "type": "Feature", "properties": { "name": "Bar Oblò" }, "geometry": { "type": "Point", "coordinates": [ 7.6143658, 45.0734381 ] } },
{ "type": "Feature", "properties": { "name": "Bar Ponte Isabella" }, "geometry": { "type": "Point", "coordinates": [ 7.6855417, 45.0445231 ] } },
{ "type": "Feature", "properties": { "name": "Cafe Sport Centoni" }, "geometry": { "type": "Point", "coordinates": [ 7.7153605, 45.0930572 ] } },
{ "type": "Feature", "properties": { "name": "Caffè Victory" }, "geometry": { "type": "Point", "coordinates": [ 7.6656196, 45.0678027 ] } },
{ "type": "Feature", "properties": { "name": "Bar Stampa" }, "geometry": { "type": "Point", "coordinates": [ 7.6833762, 45.0693881 ] } },
{ "type": "Feature", "properties": { "name": "Da Carlo" }, "geometry": { "type": "Point", "coordinates": [ 7.6873608, 45.0688058 ] } },
{ "type": "Feature", "properties": { "name": "Luxery caffe Baki" }, "geometry": { "type": "Point", "coordinates": [ 7.6832209, 45.0698347 ] } },
{ "type": "Feature", "properties": { "name": "Nadir" }, "geometry": { "type": "Point", "coordinates": [ 7.6621011, 45.0814922 ] } },
{ "type": "Feature", "properties": { "name": "MyMood" }, "geometry": { "type": "Point", "coordinates": [ 7.6942827, 45.0734463 ] } },
{ "type": "Feature", "properties": { "name": "Gino Panino" }, "geometry": { "type": "Point", "coordinates": [ 7.6986412, 45.0691222 ] } },
{ "type": "Feature", "properties": { "name": "Caffetteria San Giorgio" }, "geometry": { "type": "Point", "coordinates": [ 7.6954376, 45.0692999 ] } },
{ "type": "Feature", "properties": { "name": "Bar Tabacchi Tmax" }, "geometry": { "type": "Point", "coordinates": [ 7.695403, 45.0693304 ] } },
{ "type": "Feature", "properties": { "name": "Caffetteria Monti" }, "geometry": { "type": "Point", "coordinates": [ 7.6738964, 45.0489759 ] } },
{ "type": "Feature", "properties": { "name": "El Pollo Loco" }, "geometry": { "type": "Point", "coordinates": [ 7.6378325, 45.0244993 ] } },
{ "type": "Feature", "properties": { "name": "Open Time2" }, "geometry": { "type": "Point", "coordinates": [ 7.6621765, 45.0664222 ] } },
{ "type": "Feature", "properties": { "name": "New Italia 61" }, "geometry": { "type": "Point", "coordinates": [ 7.6652312, 45.0182167 ] } },
{ "type": "Feature", "properties": { "name": "Pausa caffè" }, "geometry": { "type": "Point", "coordinates": [ 7.6510842, 45.0171403 ] } },
{ "type": "Feature", "properties": { "name": "Mary" }, "geometry": { "type": "Point", "coordinates": [ 7.666237, 45.0821843 ] } },
{ "type": "Feature", "properties": { }, "geometry": { "type": "Point", "coordinates": [ 7.6808394, 45.0617389 ] } },
{ "type": "Feature", "properties": { }, "geometry": { "type": "Point", "coordinates": [ 7.6820208, 45.0613352 ] } },
{ "type": "Feature", "properties": { "name": "brûle Piadineria" }, "geometry": { "type": "Point", "coordinates": [ 7.6819325, 45.0613626 ] } },
{ "type": "Feature", "properties": { "name": "Tiffany" }, "geometry": { "type": "Point", "coordinates": [ 7.6617926, 45.004065 ] } },
{ "type": "Feature", "properties": { "name": "Siciloso" }, "geometry": { "type": "Point", "coordinates": [ 7.6795265, 45.0527088 ] } },
{ "type": "Feature", "properties": { "name": "Caffetteria Croissanterie RETRO'" }, "geometry": { "type": "Point", "coordinates": [ 7.6742738, 45.0604421 ] } },
{ "type": "Feature", "properties": { }, "geometry": { "type": "Point", "coordinates": [ 7.6651808, 45.0166433 ] } },
{ "type": "Feature", "properties": { "name": "Caffè Cavour" }, "geometry": { "type": "Point", "coordinates": [ 7.5813657, 45.0219406 ] } },
{ "type": "Feature", "properties": { "name": "Clorophilla" }, "geometry": { "type": "Point", "coordinates": [ 7.6959977, 45.0651597 ] } },
{ "type": "Feature", "properties": { "name": "Patria" }, "geometry": { "type": "Point", "coordinates": [ 7.6839861, 45.0581133 ] } },
{ "type": "Feature", "properties": { "name": "Valente" }, "geometry": { "type": "Point", "coordinates": [ 7.6575979, 45.0403765 ] } },
{ "type": "Feature", "properties": { "name": "zeroundici" }, "geometry": { "type": "Point", "coordinates": [ 7.6229484, 45.0645231 ] } },
{ "type": "Feature", "properties": { }, "geometry": { "type": "Point", "coordinates": [ 7.8146457, 45.1215384 ] } },
{ "type": "Feature", "properties": { "name": "Il Pescato del Mare" }, "geometry": { "type": "Point", "coordinates": [ 7.6841494, 45.0758509 ] } },
{ "type": "Feature", "properties": { "name": "ST" }, "geometry": { "type": "Point", "coordinates": [ 7.6814082, 45.071647 ] } },
{ "type": "Feature", "properties": { "name": "Sapori del Drago" }, "geometry": { "type": "Point", "coordinates": [ 7.6987476, 45.0691985 ] } },
{ "type": "Feature", "properties": { "name": "Big Apple" }, "geometry": { "type": "Point", "coordinates": [ 7.675675, 45.0650688 ] } },
{ "type": "Feature", "properties": { "name": "Burger King" }, "geometry": { "type": "Point", "coordinates": [ 7.681339, 45.070427 ] } },
{ "type": "Feature", "properties": { "name": "Caffeina Tour" }, "geometry": { "type": "Point", "coordinates": [ 7.6690188, 45.0499348 ] } },
{ "type": "Feature", "properties": { "name": "Mio Gio" }, "geometry": { "type": "Point", "coordinates": [ 7.6800544, 45.0510757 ] } },
{ "type": "Feature", "properties": { "name": "Cafè Enoteca" }, "geometry": { "type": "Point", "coordinates": [ 7.6629626, 45.051772 ] } },
{ "type": "Feature", "properties": { "name": "Caffè del Porto" }, "geometry": { "type": "Point", "coordinates": [ 7.7604997, 45.1029371 ] } },
{ "type": "Feature", "properties": { "name": "Le Petit Boulevard" }, "geometry": { "type": "Point", "coordinates": [ 7.6666605, 45.0577667 ] } },
{ "type": "Feature", "properties": { "name": "Caffè Plaza" }, "geometry": { "type": "Point", "coordinates": [ 7.6835678, 45.0758464 ] } },
{ "type": "Feature", "properties": { "name": "Corallo café" }, "geometry": { "type": "Point", "coordinates": [ 7.6357762, 45.0618361 ] } },
{ "type": "Feature", "properties": { "name": "Ecco... bar" }, "geometry": { "type": "Point", "coordinates": [ 7.6607761, 45.0852673 ] } },
{ "type": "Feature", "properties": { }, "geometry": { "type": "Point", "coordinates": [ 7.6608924, 45.0839272 ] } },
{ "type": "Feature", "properties": { "name": "Anatolia" }, "geometry": { "type": "Point", "coordinates": [ 7.6661591, 45.0822373 ] } },
{ "type": "Feature", "properties": { "name": "Tassoni" }, "geometry": { "type": "Point", "coordinates": [ 7.6564181, 45.0854475 ] } },
{ "type": "Feature", "properties": { }, "geometry": { "type": "Point", "coordinates": [ 7.6552499, 45.0866179 ] } },
{ "type": "Feature", "properties": { "name": "Pulgar Lounge Bar" }, "geometry": { "type": "Point", "coordinates": [ 7.6806128, 45.0696298 ] } },
{ "type": "Feature", "properties": { "name": "Caffè Regina" }, "geometry": { "type": "Point", "coordinates": [ 7.6871269, 45.0758239 ] } },
{ "type": "Feature", "properties": { "name": "Caffetteria Marco Polo" }, "geometry": { "type": "Point", "coordinates": [ 7.6633524, 45.058295 ] } },
{ "type": "Feature", "properties": { "name": "Caffetteria “Boulangerie„" }, "geometry": { "type": "Point", "coordinates": [ 7.6627395, 45.0587367 ] } },
{ "type": "Feature", "properties": { "name": "Tribe Up & Down" }, "geometry": { "type": "Point", "coordinates": [ 7.6672813, 45.0488821 ] } },
{ "type": "Feature", "properties": { "name": "La Piadineria" }, "geometry": { "type": "Point", "coordinates": [ 7.5939419, 45.0756788 ] } },
{ "type": "Feature", "properties": { "name": "Civico in Piazza" }, "geometry": { "type": "Point", "coordinates": [ 7.6998212, 45.0695389 ] } },
{ "type": "Feature", "properties": { }, "geometry": { "type": "Point", "coordinates": [ 7.6746317, 45.0519707 ] } },
{ "type": "Feature", "properties": { "name": "Casa Fedora" }, "geometry": { "type": "Point", "coordinates": [ 7.7062294, 45.063063 ] } },
{ "type": "Feature", "properties": { "name": "Capital" }, "geometry": { "type": "Point", "coordinates": [ 7.6978224, 45.0672285 ] } },
{ "type": "Feature", "properties": { "name": "Rojto Coffee Club" }, "geometry": { "type": "Point", "coordinates": [ 7.6661842, 45.0531839 ] } },
{ "type": "Feature", "properties": { "name": "Caffè Ala" }, "geometry": { "type": "Point", "coordinates": [ 7.6825808, 45.0753442 ] } },
{ "type": "Feature", "properties": { "name": "Res Publica" }, "geometry": { "type": "Point", "coordinates": [ 7.6825792, 45.0758349 ] } },
{ "type": "Feature", "properties": { "name": "Bar Atlantic" }, "geometry": { "type": "Point", "coordinates": [ 7.6643492, 45.0457995 ] } },
{ "type": "Feature", "properties": { "name": "Pizza Baffo" }, "geometry": { "type": "Point", "coordinates": [ 7.6713384, 45.0375528 ] } },
{ "type": "Feature", "properties": { "name": "Pilonetto" }, "geometry": { "type": "Point", "coordinates": [ 7.6810569, 45.0369999 ] } },
{ "type": "Feature", "properties": { "name": "Civico 46" }, "geometry": { "type": "Point", "coordinates": [ 7.6986121, 45.0696369 ] } },
{ "type": "Feature", "properties": { "name": "Giulia e Tancredi" }, "geometry": { "type": "Point", "coordinates": [ 7.6986006, 45.0698351 ] } },
{ "type": "Feature", "properties": { "name": "Griglia Saif" }, "geometry": { "type": "Point", "coordinates": [ 7.6859228, 45.0820876 ] } },
{ "type": "Feature", "properties": { "name": "Tellia" }, "geometry": { "type": "Point", "coordinates": [ 7.6872066, 45.0668218 ] } },
{ "type": "Feature", "properties": { "name": "Brio" }, "geometry": { "type": "Point", "coordinates": [ 7.6242794, 45.1960757 ] } },
{ "type": "Feature", "properties": { "name": "Casablanca Kebab" }, "geometry": { "type": "Point", "coordinates": [ 7.709672, 45.0722021 ] } },
{ "type": "Feature", "properties": { "name": "Luca & Luna" }, "geometry": { "type": "Point", "coordinates": [ 7.7095662, 45.072182 ] } },
{ "type": "Feature", "properties": { "name": "Cafè 188" }, "geometry": { "type": "Point", "coordinates": [ 7.6201341, 45.0818728 ] } },
{ "type": "Feature", "properties": { "name": "Caffetteria S.A.M.M." }, "geometry": { "type": "Point", "coordinates": [ 7.620705, 45.0817285 ] } },
{ "type": "Feature", "properties": { "name": "La rosa dei gusti" }, "geometry": { "type": "Point", "coordinates": [ 7.6220415, 45.0811641 ] } },
{ "type": "Feature", "properties": { "name": "Bazooka Boom" }, "geometry": { "type": "Point", "coordinates": [ 7.6953699, 45.0694624 ] } },
{ "type": "Feature", "properties": { "name": "Istanbul Pizza Kebab" }, "geometry": { "type": "Point", "coordinates": [ 7.6581585, 45.0082481 ] } },
{ "type": "Feature", "properties": { }, "geometry": { "type": "Point", "coordinates": [ 7.659819, 45.0124653 ] } },
{ "type": "Feature", "properties": { "name": "Caffetteria Bramante 91" }, "geometry": { "type": "Point", "coordinates": [ 7.6755631, 45.0421306 ] } },
{ "type": "Feature", "properties": { "name": "Caffetteria I Girasoli" }, "geometry": { "type": "Point", "coordinates": [ 7.6545426, 45.0412899 ] } },
{ "type": "Feature", "properties": { "name": "Botanical bar" }, "geometry": { "type": "Point", "coordinates": [ 7.5279976, 45.0102127 ] } },
{ "type": "Feature", "properties": { "name": "Metropolis" }, "geometry": { "type": "Point", "coordinates": [ 7.7044502, 45.0695185 ] } },
{ "type": "Feature", "properties": { "name": "Bar Stefy" }, "geometry": { "type": "Point", "coordinates": [ 7.704644, 45.0694955 ] } },
{ "type": "Feature", "properties": { "name": "Madame Wang" }, "geometry": { "type": "Point", "coordinates": [ 7.6840472, 45.0655307 ] } },
{ "type": "Feature", "properties": { "name": "Harry's Bar" }, "geometry": { "type": "Point", "coordinates": [ 7.6785352, 45.062136 ] } },
{ "type": "Feature", "properties": { "name": "noor" }, "geometry": { "type": "Point", "coordinates": [ 7.6988293, 45.0695047 ] } },
{ "type": "Feature", "properties": { "name": "Glory days" }, "geometry": { "type": "Point", "coordinates": [ 7.6696644, 45.0714033 ] } },
{ "type": "Feature", "properties": { "name": "ShareWood" }, "geometry": { "type": "Point", "coordinates": [ 7.6990366, 45.0696878 ] } },
{ "type": "Feature", "properties": { "name": "Avocuddle café" }, "geometry": { "type": "Point", "coordinates": [ 7.683413, 45.0752792 ] } },
{ "type": "Feature", "properties": { "name": "Pizza Regina" }, "geometry": { "type": "Point", "coordinates": [ 7.6958772, 45.0723972 ] } },
{ "type": "Feature", "properties": { "name": "Il Vittorino" }, "geometry": { "type": "Point", "coordinates": [ 7.6847038, 45.0608992 ] } },
{ "type": "Feature", "properties": { "name": "Le Grand Maghreb" }, "geometry": { "type": "Point", "coordinates": [ 7.6846945, 45.0779396 ] } },
{ "type": "Feature", "properties": { "name": "Enneallaseconda" }, "geometry": { "type": "Point", "coordinates": [ 7.6803262, 45.0926911 ] } },
{ "type": "Feature", "properties": { "name": "Jia Wai Jia" }, "geometry": { "type": "Point", "coordinates": [ 7.6673931, 45.068027 ] } },
{ "type": "Feature", "properties": { "name": "Eleven Coffee" }, "geometry": { "type": "Point", "coordinates": [ 7.6711411, 45.0539553 ] } },
{ "type": "Feature", "properties": { "name": "Bar Braccini" }, "geometry": { "type": "Point", "coordinates": [ 7.6529625, 45.0596682 ] } },
{ "type": "Feature", "properties": { "name": "The Gasp... eri" }, "geometry": { "type": "Point", "coordinates": [ 7.6605589, 45.0562188 ] } },
{ "type": "Feature", "properties": { "name": "Turkish Kebap" }, "geometry": { "type": "Point", "coordinates": [ 7.6785976, 45.0598856 ] } },
{ "type": "Feature", "properties": { }, "geometry": { "type": "Point", "coordinates": [ 7.6794841, 45.0611126 ] } },
{ "type": "Feature", "properties": { "name": "Antony" }, "geometry": { "type": "Point", "coordinates": [ 7.672232, 45.04463 ] } },
{ "type": "Feature", "properties": { "name": "Margherì" }, "geometry": { "type": "Point", "coordinates": [ 7.6821319, 45.0557202 ] } },
{ "type": "Feature", "properties": { "name": "Solera Terrazza" }, "geometry": { "type": "Point", "coordinates": [ 7.6943136, 45.0596437 ] } },
{ "type": "Feature", "properties": { "name": "Gorilla" }, "geometry": { "type": "Point", "coordinates": [ 7.6831509, 45.0593362 ] } },
{ "type": "Feature", "properties": { "name": "L'Alambicco" }, "geometry": { "type": "Point", "coordinates": [ 7.6788435, 45.0588651 ] } },
{ "type": "Feature", "properties": { "name": "Gatta Buia" }, "geometry": { "type": "Point", "coordinates": [ 7.6788226, 45.0588028 ] } },
{ "type": "Feature", "properties": { "name": "Caffè Vergnano 1882" }, "geometry": { "type": "Point", "coordinates": [ 7.6825978, 45.0616635 ] } },
{ "type": "Feature", "properties": { "name": "Bar Pietro" }, "geometry": { "type": "Point", "coordinates": [ 7.6750325, 45.0766354 ] } },
{ "type": "Feature", "properties": { "name": "Alchimia urbana" }, "geometry": { "type": "Point", "coordinates": [ 7.6687378, 45.0736179 ] } },
{ "type": "Feature", "properties": { "name": "Zoraiz Sport" }, "geometry": { "type": "Point", "coordinates": [ 7.7024781, 45.0707338 ] } },
{ "type": "Feature", "properties": { "name": "Alpha" }, "geometry": { "type": "Point", "coordinates": [ 7.6795478, 45.076896 ] } },
{ "type": "Feature", "properties": { "name": "La Piadineria" }, "geometry": { "type": "Point", "coordinates": [ 7.6800745, 45.0652259 ] } },
{ "type": "Feature", "properties": { "name": "Caffè Lumiere" }, "geometry": { "type": "Point", "coordinates": [ 7.6822523, 45.0612493 ] } },
{ "type": "Feature", "properties": { "name": "Caffetteria Khloe" }, "geometry": { "type": "Point", "coordinates": [ 7.6486317, 45.0442117 ] } },
{ "type": "Feature", "properties": { "name": "Bar Torrefazione Ferrucci" }, "geometry": { "type": "Point", "coordinates": [ 7.6554279, 45.068306 ] } },
{ "type": "Feature", "properties": { "name": "Skassa Smash" }, "geometry": { "type": "Point", "coordinates": [ 7.6548549, 45.0657959 ] } },
{ "type": "Feature", "properties": { "name": "Qui in Vanchiglia" }, "geometry": { "type": "Point", "coordinates": [ 7.6972896, 45.0678425 ] } },
{ "type": "Feature", "properties": { "name": "Caffé SantoS" }, "geometry": { "type": "Point", "coordinates": [ 7.6532406, 45.0380193 ] } },
{ "type": "Feature", "properties": { "name": "Bar Nello" }, "geometry": { "type": "Point", "coordinates": [ 7.6972981, 45.0706848 ] } },
{ "type": "Feature", "properties": { "name": "Colosseum" }, "geometry": { "type": "Point", "coordinates": [ 7.6990002, 45.069387 ] } },
{ "type": "Feature", "properties": { "name": "Caffè Tropical" }, "geometry": { "type": "Point", "coordinates": [ 7.6545723, 45.035646 ] } },
{ "type": "Feature", "properties": { "name": "Caffè e Panetteria" }, "geometry": { "type": "Point", "coordinates": [ 7.6517024, 45.0313992 ] } },
{ "type": "Feature", "properties": { "name": "Caffè Makarony" }, "geometry": { "type": "Point", "coordinates": [ 7.6516398, 45.0633997 ] } },
{ "type": "Feature", "properties": { "name": "Il gelatiere della Crocetta" }, "geometry": { "type": "Point", "coordinates": [ 7.6634182, 45.0590321 ] } },
{ "type": "Feature", "properties": { "name": "Bar Cherì" }, "geometry": { "type": "Point", "coordinates": [ 7.6520883, 45.0639165 ] } },
{ "type": "Feature", "properties": { "name": "Pizza Effe" }, "geometry": { "type": "Point", "coordinates": [ 7.6344368, 45.0739151 ] } },
{ "type": "Feature", "properties": { "name": "Antica Roma" }, "geometry": { "type": "Point", "coordinates": [ 7.6813493, 45.076483 ] } },
{ "type": "Feature", "properties": { "name": "SquisiTó" }, "geometry": { "type": "Point", "coordinates": [ 7.663104, 45.0735274 ] } },
{ "type": "Feature", "properties": { "name": "La mozzarina" }, "geometry": { "type": "Point", "coordinates": [ 7.6638102, 45.0738213 ] } },
{ "type": "Feature", "properties": { "name": "Pokéria" }, "geometry": { "type": "Point", "coordinates": [ 7.6627411, 45.0740644 ] } },
{ "type": "Feature", "properties": { "name": "Girarrosti Santa Rita" }, "geometry": { "type": "Point", "coordinates": [ 7.6628722, 45.0738142 ] } },
{ "type": "Feature", "properties": { "name": "Conca D'Oro" }, "geometry": { "type": "Point", "coordinates": [ 7.6622312, 45.0188202 ] } },
{ "type": "Feature", "properties": { }, "geometry": { "type": "Point", "coordinates": [ 7.6532317, 45.0212677 ] } },
{ "type": "Feature", "properties": { "name": "Da Leo" }, "geometry": { "type": "Point", "coordinates": [ 7.6622492, 45.0188683 ] } },
{ "type": "Feature", "properties": { "name": "Girarrosti S. Rita" }, "geometry": { "type": "Point", "coordinates": [ 7.6622763, 45.0189246 ] } },
{ "type": "Feature", "properties": { "name": "Caffè Grattacielo" }, "geometry": { "type": "Point", "coordinates": [ 7.6628267, 45.0213051 ] } },
{ "type": "Feature", "properties": { }, "geometry": { "type": "Point", "coordinates": [ 7.6963717, 45.0695299 ] } },
{ "type": "Feature", "properties": { "name": "Plant Bun" }, "geometry": { "type": "Point", "coordinates": [ 7.6950277, 45.0691158 ] } },
{ "type": "Feature", "properties": { "name": "Burger King" }, "geometry": { "type": "Point", "coordinates": [ 7.6666469, 45.0337634 ] } },
{ "type": "Feature", "properties": { "name": "McDonald's" }, "geometry": { "type": "Point", "coordinates": [ 7.6650277, 45.0319867 ] } },
{ "type": "Feature", "properties": { "name": "Sacchi" }, "geometry": { "type": "Point", "coordinates": [ 7.6771359, 45.0626617 ] } },
{ "type": "Feature", "properties": { "name": "Mou Vintage&Bar" }, "geometry": { "type": "Point", "coordinates": [ 7.6906248, 45.0658654 ] } },
{ "type": "Feature", "properties": { "name": "Bar Sport" }, "geometry": { "type": "Point", "coordinates": [ 7.6661234, 45.0827801 ] } },
{ "type": "Feature", "properties": { "name": "Segafredo" }, "geometry": { "type": "Point", "coordinates": [ 7.6793109, 45.0622482 ] } },
{ "type": "Feature", "properties": { "name": "Caffetteria Cossa" }, "geometry": { "type": "Point", "coordinates": [ 7.6229306, 45.0799982 ] } },
{ "type": "Feature", "properties": { }, "geometry": { "type": "Point", "coordinates": [ 7.6240364, 45.0825891 ] } },
{ "type": "Feature", "properties": { "name": "Girarrosto Santa Rita" }, "geometry": { "type": "Point", "coordinates": [ 7.6629068, 45.0738149 ] } },
{ "type": "Feature", "properties": { "name": "La caffetteria dei sogni" }, "geometry": { "type": "Point", "coordinates": [ 7.6739392, 45.0614851 ] } },
{ "type": "Feature", "properties": { "name": "Pasticceria Siciliana Micci" }, "geometry": { "type": "Point", "coordinates": [ 7.6582676, 45.0408629 ] } },
{ "type": "Feature", "properties": { "name": "Petit Cafe" }, "geometry": { "type": "Point", "coordinates": [ 7.6748719, 45.0651644 ] } },
{ "type": "Feature", "properties": { "name": "Colosseo" }, "geometry": { "type": "Point", "coordinates": [ 7.679559, 45.0527373 ] } },
{ "type": "Feature", "properties": { "name": "Via maestra piadineria" }, "geometry": { "type": "Point", "coordinates": [ 7.5155755, 45.0714338 ] } },
{ "type": "Feature", "properties": { "name": "Gran Moka" }, "geometry": { "type": "Point", "coordinates": [ 7.6527393, 45.0797374 ] } },
{ "type": "Feature", "properties": { "name": "Caffé Roberto" }, "geometry": { "type": "Point", "coordinates": [ 7.6876276, 45.0701605 ] } },
{ "type": "Feature", "properties": { "name": "AB" }, "geometry": { "type": "Point", "coordinates": [ 7.6839943, 45.0743163 ] } },
{ "type": "Feature", "properties": { "name": "Savoy" }, "geometry": { "type": "Point", "coordinates": [ 7.6778776, 45.0748535 ] } },
{ "type": "Feature", "properties": { "name": "Coffeel" }, "geometry": { "type": "Point", "coordinates": [ 7.6713234, 45.0765015 ] } },
{ "type": "Feature", "properties": { "name": "City Bar" }, "geometry": { "type": "Point", "coordinates": [ 7.6643686, 45.0758819 ] } },
{ "type": "Feature", "properties": { "name": "De Matteis" }, "geometry": { "type": "Point", "coordinates": [ 7.6626533, 45.0760464 ] } },
{ "type": "Feature", "properties": { "name": "Bar Columbia" }, "geometry": { "type": "Point", "coordinates": [ 7.6530063, 45.0773745 ] } },
{ "type": "Feature", "properties": { "name": "Seventy Seven" }, "geometry": { "type": "Point", "coordinates": [ 7.6514382, 45.0781953 ] } },
{ "type": "Feature", "properties": { "name": "Fuori dallo zoo" }, "geometry": { "type": "Point", "coordinates": [ 7.7048433, 45.0660155 ] } },
{ "type": "Feature", "properties": { "name": "Bar 10 e lode" }, "geometry": { "type": "Point", "coordinates": [ 7.5711599, 45.0772493 ] } },
{ "type": "Feature", "properties": { "name": "Mondopizza" }, "geometry": { "type": "Point", "coordinates": [ 7.6610772, 45.0190487 ] } },
{ "type": "Feature", "properties": { "name": "Les folies" }, "geometry": { "type": "Point", "coordinates": [ 7.679128, 45.0751716 ] } },
{ "type": "Feature", "properties": { "name": "Cin cin" }, "geometry": { "type": "Point", "coordinates": [ 7.6386911, 45.0231596 ] } },
{ "type": "Feature", "properties": { "name": "Trendy" }, "geometry": { "type": "Point", "coordinates": [ 7.539336, 45.0709975 ] } },
{ "type": "Feature", "properties": { "name": "Cubo Caffè" }, "geometry": { "type": "Point", "coordinates": [ 7.5386498, 45.0714323 ] } },
{ "type": "Feature", "properties": { "name": "Bar IKEA" }, "geometry": { "type": "Point", "coordinates": [ 7.5809449, 45.0981424 ] } },
{ "type": "Feature", "properties": { "name": "Ristorante IKEA" }, "geometry": { "type": "Point", "coordinates": [ 7.5813495, 45.0981728 ] } },
{ "type": "Feature", "properties": { "name": "Il Trambusto" }, "geometry": { "type": "Point", "coordinates": [ 7.6475989, 45.0641716 ] } },
{ "type": "Feature", "properties": { "name": "Bistro IKEA" }, "geometry": { "type": "Point", "coordinates": [ 7.5814649, 45.0984789 ] } },
{ "type": "Feature", "properties": { "name": "La bomba dolce e salato" }, "geometry": { "type": "Point", "coordinates": [ 7.6783303, 45.0575154 ] } },
{ "type": "Feature", "properties": { "name": "Tamango" }, "geometry": { "type": "Point", "coordinates": [ 7.6885289, 45.0606421 ] } },
{ "type": "Feature", "properties": { "name": "Caffè della musica" }, "geometry": { "type": "Point", "coordinates": [ 7.6846123, 45.0626186 ] } },
{ "type": "Feature", "properties": { "name": "Urban Bar" }, "geometry": { "type": "Point", "coordinates": [ 7.6551273, 45.0238546 ] } },
{ "type": "Feature", "properties": { "name": "La Perla Bianca" }, "geometry": { "type": "Point", "coordinates": [ 7.7059207, 45.0690545 ] } },
{ "type": "Feature", "properties": { "name": "LAB" }, "geometry": { "type": "Point", "coordinates": [ 7.6818483, 45.0637519 ] } },
{ "type": "Feature", "properties": { "name": "Oui Baguette" }, "geometry": { "type": "Point", "coordinates": [ 7.7081687, 45.0722578 ] } },
{ "type": "Feature", "properties": { "name": "Mollica" }, "geometry": { "type": "Point", "coordinates": [ 7.6933382, 45.0681168 ] } },
{ "type": "Feature", "properties": { "name": "Bar Hollywood" }, "geometry": { "type": "Point", "coordinates": [ 7.5633719, 45.083707 ] } },
{ "type": "Feature", "properties": { }, "geometry": { "type": "Point", "coordinates": [ 7.6448515, 45.0637622 ] } },
{ "type": "Feature", "properties": { "name": "Fratelli Ciccio's" }, "geometry": { "type": "Point", "coordinates": [ 7.6448767, 45.0625488 ] } },
{ "type": "Feature", "properties": { "name": "Pierrot" }, "geometry": { "type": "Point", "coordinates": [ 7.6448203, 45.0631489 ] } },
{ "type": "Feature", "properties": { "name": "Bar del Sole" }, "geometry": { "type": "Point", "coordinates": [ 7.6779485, 45.0816551 ] } },
{ "type": "Feature", "properties": { "name": "La Cantina all’angolo" }, "geometry": { "type": "Point", "coordinates": [ 7.6837247, 45.0004795 ] } },
{ "type": "Feature", "properties": { "name": "Caffé Cittá" }, "geometry": { "type": "Point", "coordinates": [ 7.6849738, 45.0010951 ] } },
{ "type": "Feature", "properties": { "name": "Caffè Incontri" }, "geometry": { "type": "Point", "coordinates": [ 7.6810383, 44.999819 ] } },
{ "type": "Feature", "properties": { "name": "Mai Thai" }, "geometry": { "type": "Point", "coordinates": [ 7.6830373, 45.0013718 ] } },
{ "type": "Feature", "properties": { "name": "di Sole" }, "geometry": { "type": "Point", "coordinates": [ 7.6785421, 44.9992186 ] } },
{ "type": "Feature", "properties": { "name": "Boella & Sorrisi Caffe'" }, "geometry": { "type": "Point", "coordinates": [ 7.7160576, 45.076362 ] } },
{ "type": "Feature", "properties": { "name": "Café Paris" }, "geometry": { "type": "Point", "coordinates": [ 7.6725365, 45.0754728 ] } },
{ "type": "Feature", "properties": { "name": "Hum.us" }, "geometry": { "type": "Point", "coordinates": [ 7.6984963, 45.0815671 ] } },
{ "type": "Feature", "properties": { "name": "Caffetteria da Mario" }, "geometry": { "type": "Point", "coordinates": [ 7.6817783, 45.074077 ] } },
{ "type": "Feature", "properties": { "name": "Ristop" }, "geometry": { "type": "Point", "coordinates": [ 7.6783251, 45.1286124 ] } },
{ "type": "Feature", "properties": { "name": "Bar Maglione" }, "geometry": { "type": "Point", "coordinates": [ 7.690476, 45.1286087 ] } },
{ "type": "Feature", "properties": { "name": "Caffè Vergnano 1882" }, "geometry": { "type": "Point", "coordinates": [ 7.5929153, 45.077485 ] } },
{ "type": "Feature", "properties": { "name": "FiorFiore Café" }, "geometry": { "type": "Point", "coordinates": [ 7.5926906, 45.0777455 ] } },
{ "type": "Feature", "properties": { }, "geometry": { "type": "Point", "coordinates": [ 7.5923695, 45.0766669 ] } },
{ "type": "Feature", "properties": { "name": "Caffè del centro" }, "geometry": { "type": "Point", "coordinates": [ 7.6639474, 45.0588484 ] } },
{ "type": "Feature", "properties": { "name": "McDonald's" }, "geometry": { "type": "Point", "coordinates": [ 7.6128859, 45.0552446 ] } },
{ "type": "Feature", "properties": { "name": "La Piadineria" }, "geometry": { "type": "Point", "coordinates": [ 7.6131651, 45.0547814 ] } },
{ "type": "Feature", "properties": { "name": "Alice" }, "geometry": { "type": "Point", "coordinates": [ 7.6131249, 45.0547821 ] } },
{ "type": "Feature", "properties": { "name": "Chiosco Dispensa Emilia" }, "geometry": { "type": "Point", "coordinates": [ 7.6122948, 45.0552372 ] } },
{ "type": "Feature", "properties": { "name": "Pan di Pesce" }, "geometry": { "type": "Point", "coordinates": [ 7.6123502, 45.0555692 ] } },
{ "type": "Feature", "properties": { "name": "Amo Pokè" }, "geometry": { "type": "Point", "coordinates": [ 7.6123383, 45.055613 ] } },
{ "type": "Feature", "properties": { "name": "Le Lidò" }, "geometry": { "type": "Point", "coordinates": [ 7.6421642, 45.0283196 ] } },
{ "type": "Feature", "properties": { "name": "Caffè Mosca" }, "geometry": { "type": "Point", "coordinates": [ 7.620955, 45.0743957 ] } },
{ "type": "Feature", "properties": { "name": "Casa del Kebap da Zaza 1" }, "geometry": { "type": "Point", "coordinates": [ 7.6714363, 45.0553773 ] } },
{ "type": "Feature", "properties": { "name": "Rough S.G." }, "geometry": { "type": "Point", "coordinates": [ 7.7000399, 45.0697106 ] } },
{ "type": "Feature", "properties": { "name": "Caffetteria Il Portico" }, "geometry": { "type": "Point", "coordinates": [ 7.5487142, 45.0712862 ] } },
{ "type": "Feature", "properties": { "name": "Obicà" }, "geometry": { "type": "Point", "coordinates": [ 7.6830277, 45.0660989 ] } },
{ "type": "Feature", "properties": { "name": "La Farcia" }, "geometry": { "type": "Point", "coordinates": [ 7.6811241, 45.0624758 ] } },
{ "type": "Feature", "properties": { "name": "Barbacchi" }, "geometry": { "type": "Point", "coordinates": [ 7.630319, 45.037986 ] } },
{ "type": "Feature", "properties": { "name": "VaSté bistrò" }, "geometry": { "type": "Point", "coordinates": [ 7.7119356, 45.0710092 ] } },
{ "type": "Feature", "properties": { "name": "Sushi Saga" }, "geometry": { "type": "Point", "coordinates": [ 7.6977682, 45.0669264 ] } },
{ "type": "Feature", "properties": { "name": "Pacific poke" }, "geometry": { "type": "Point", "coordinates": [ 7.5219746, 45.0692566 ] } },
{ "type": "Feature", "properties": { "name": "Crunchy Chicken" }, "geometry": { "type": "Point", "coordinates": [ 7.5194021, 45.0680563 ] } },
{ "type": "Feature", "properties": { "name": "Caffetteria Vittoria" }, "geometry": { "type": "Point", "coordinates": [ 7.5199605, 45.074621 ] } },
{ "type": "Feature", "properties": { "name": "L'Accademia del Panino" }, "geometry": { "type": "Point", "coordinates": [ 7.6946984, 45.0690616 ] } },
{ "type": "Feature", "properties": { "name": "Le Papillon" }, "geometry": { "type": "Point", "coordinates": [ 7.5927205, 45.0759575 ] } },
{ "type": "Feature", "properties": { "name": "Burger King" }, "geometry": { "type": "Point", "coordinates": [ 7.6751044, 45.0463556 ] } },
{ "type": "Feature", "properties": { "name": "MAYBU - Margaritas y Burritos" }, "geometry": { "type": "Point", "coordinates": [ 7.6944435, 45.0671886 ] } },
{ "type": "Feature", "properties": { "name": "Bacco & Tabacco" }, "geometry": { "type": "Point", "coordinates": [ 7.6586021, 45.0987537 ] } },
{ "type": "Feature", "properties": { "name": "Miriam Cafè" }, "geometry": { "type": "Point", "coordinates": [ 7.5192736, 45.0626019 ] } },
{ "type": "Feature", "properties": { "name": "Pizza in Piazza" }, "geometry": { "type": "Point", "coordinates": [ 7.5188348, 45.0630238 ] } },
{ "type": "Feature", "properties": { "name": "Aperitivo al Mochino" }, "geometry": { "type": "Point", "coordinates": [ 7.7601641, 45.1033975 ] } },
{ "type": "Feature", "properties": { "name": "Emily Café" }, "geometry": { "type": "Point", "coordinates": [ 7.636159, 45.0221731 ] } },
{ "type": "Feature", "properties": { "name": "Ciao Ti" }, "geometry": { "type": "Point", "coordinates": [ 7.664496, 45.0183719 ] } },
{ "type": "Feature", "properties": { }, "geometry": { "type": "Point", "coordinates": [ 7.6638414, 45.0190628 ] } },
{ "type": "Feature", "properties": { "name": "Italian Jianbing house" }, "geometry": { "type": "Point", "coordinates": [ 7.6895996, 45.0687328 ] } },
{ "type": "Feature", "properties": { "name": "Il taglio" }, "geometry": { "type": "Point", "coordinates": [ 7.6847765, 45.0697773 ] } },
{ "type": "Feature", "properties": { "name": "SkassaSmash Borgo Filadelfia" }, "geometry": { "type": "Point", "coordinates": [ 7.6526884, 45.037244 ] } },
{ "type": "Feature", "properties": { "name": "La caffetteria del Camplus" }, "geometry": { "type": "Point", "coordinates": [ 7.6554706, 45.0302761 ] } },
{ "type": "Feature", "properties": { "name": "Torrefazione Caffè Sabaudo" }, "geometry": { "type": "Point", "coordinates": [ 7.6297058, 45.1340902 ] } },
{ "type": "Feature", "properties": { "name": "Kebabbo" }, "geometry": { "type": "Point", "coordinates": [ 7.6962887, 45.0727924 ] } },
{ "type": "Feature", "properties": { "name": "Lingotto" }, "geometry": { "type": "Point", "coordinates": [ 7.6682807, 45.032626 ] } },
{ "type": "Feature", "properties": { "name": "Queen" }, "geometry": { "type": "Point", "coordinates": [ 7.6684392, 45.0338109 ] } },
{ "type": "Feature", "properties": { "name": "Pancaffė" }, "geometry": { "type": "Point", "coordinates": [ 7.6679688, 45.0318425 ] } },
{ "type": "Feature", "properties": { "name": "Sindi e Sara" }, "geometry": { "type": "Point", "coordinates": [ 7.6217452, 45.0744218 ] } },
{ "type": "Feature", "properties": { "name": "Niño Cafè" }, "geometry": { "type": "Point", "coordinates": [ 7.6007469, 45.0740456 ] } },
{ "type": "Feature", "properties": { "name": "Nardoland" }, "geometry": { "type": "Point", "coordinates": [ 7.7005842, 45.0698429 ] } },
{ "type": "Feature", "properties": { "name": "KFC" }, "geometry": { "type": "Point", "coordinates": [ 7.6654718, 45.032804 ] } },
{ "type": "Feature", "properties": { "name": "Torrefazione" }, "geometry": { "type": "Point", "coordinates": [ 7.6546151, 45.0358104 ] } },
{ "type": "Feature", "properties": { "name": "Express Caffè Snacks Drinks" }, "geometry": { "type": "Point", "coordinates": [ 7.6560081, 45.0371345 ] } },
{ "type": "Feature", "properties": { "name": "Pachino Express" }, "geometry": { "type": "Point", "coordinates": [ 7.6648289, 45.0183035 ] } },
{ "type": "Feature", "properties": { "name": "101Café" }, "geometry": { "type": "Point", "coordinates": [ 7.6578805, 45.0084745 ] } },
{ "type": "Feature", "properties": { "name": "La prima Corte - Cafè Bistrot" }, "geometry": { "type": "Point", "coordinates": [ 7.8155149, 45.0125789 ] } },
{ "type": "Feature", "properties": { "name": "Caffè Napoli" }, "geometry": { "type": "Point", "coordinates": [ 7.6787706, 45.061833 ] } },
{ "type": "Feature", "properties": { "name": "Bar San Luigi" }, "geometry": { "type": "Point", "coordinates": [ 7.5589319, 45.0291446 ] } },
{ "type": "Feature", "properties": { "name": "Bar Valentina" }, "geometry": { "type": "Point", "coordinates": [ 7.6717784, 45.0330338 ] } },
{ "type": "Feature", "properties": { "name": "Bar Gran Prix" }, "geometry": { "type": "Point", "coordinates": [ 7.653099, 45.0171036 ] } },
{ "type": "Feature", "properties": { "name": "Caffetteria Lione" }, "geometry": { "type": "Point", "coordinates": [ 7.6530427, 45.0565024 ] } },
{ "type": "Feature", "properties": { "name": "Chicco D'oro" }, "geometry": { "type": "Point", "coordinates": [ 7.6783685, 45.094382 ] } },
{ "type": "Feature", "properties": { "name": "Vinooltre" }, "geometry": { "type": "Point", "coordinates": [ 7.6722382, 45.0769015 ] } },
{ "type": "Feature", "properties": { "name": "Annita taqueria" }, "geometry": { "type": "Point", "coordinates": [ 7.6651326, 45.0692724 ] } },
{ "type": "Feature", "properties": { "name": "Il Ferrucci bistro" }, "geometry": { "type": "Point", "coordinates": [ 7.6552159, 45.0616547 ] } },
{ "type": "Feature", "properties": { "name": "Bar interno Sirio" }, "geometry": { "type": "Point", "coordinates": [ 7.6668788, 45.0514339 ] } },
{ "type": "Feature", "properties": { "name": "Distretto 133" }, "geometry": { "type": "Point", "coordinates": [ 7.63749, 45.0697094 ] } },
{ "type": "Feature", "properties": { "name": "Al solito posto" }, "geometry": { "type": "Point", "coordinates": [ 7.6569019, 45.0181243 ] } },
{ "type": "Feature", "properties": { "name": "Lounge & bar" }, "geometry": { "type": "Point", "coordinates": [ 7.6701715, 45.0542943 ] } },
{ "type": "Feature", "properties": { "name": "Bar Tabacchi Le Paris" }, "geometry": { "type": "Point", "coordinates": [ 7.54946, 45.0743858 ] } },
{ "type": "Feature", "properties": { "name": "La Buongustaia" }, "geometry": { "type": "Point", "coordinates": [ 7.6582968, 45.0087389 ] } },
{ "type": "Feature", "properties": { "name": "Orma" }, "geometry": { "type": "Point", "coordinates": [ 7.6971863, 45.0708785 ] } },
{ "type": "Feature", "properties": { "name": "Puciunin Cafè" }, "geometry": { "type": "Point", "coordinates": [ 7.6437208, 45.0477455 ] } },
{ "type": "Feature", "properties": { "name": "Nuova Caffetteria" }, "geometry": { "type": "Point", "coordinates": [ 7.643368, 45.0478783 ] } },
{ "type": "Feature", "properties": { "name": "Uchu & Cachi Bistro" }, "geometry": { "type": "Point", "coordinates": [ 7.6842451, 45.0767446 ] } },
{ "type": "Feature", "properties": { }, "geometry": { "type": "Point", "coordinates": [ 7.7247736, 45.1015859 ] } },
{ "type": "Feature", "properties": { }, "geometry": { "type": "Point", "coordinates": [ 7.7247958, 45.1009469 ] } },
{ "type": "Feature", "properties": { "name": "La Piadineria" }, "geometry": { "type": "Point", "coordinates": [ 7.6524333, 45.0367501 ] } },
{ "type": "Feature", "properties": { "name": "Incontro" }, "geometry": { "type": "Point", "coordinates": [ 7.6716409, 45.0579308 ] } },
{ "type": "Feature", "properties": { "name": "Duca di Bristol" }, "geometry": { "type": "Point", "coordinates": [ 7.6720741, 45.0576871 ] } },
{ "type": "Feature", "properties": { "name": "La Basilique" }, "geometry": { "type": "Point", "coordinates": [ 7.7713271, 45.0779318 ] } },
{ "type": "Feature", "properties": { "name": "il Chioschetto" }, "geometry": { "type": "Point", "coordinates": [ 7.6561077, 45.0767625 ] } },
{ "type": "Feature", "properties": { }, "geometry": { "type": "Point", "coordinates": [ 7.6530635, 45.0281883 ] } },
{ "type": "Feature", "properties": { "name": "Cafè Frejus" }, "geometry": { "type": "Point", "coordinates": [ 7.6473031, 45.0706242 ] } },
{ "type": "Feature", "properties": { "name": "Nuovo Vittoria" }, "geometry": { "type": "Point", "coordinates": [ 7.6438913, 45.0702941 ] } },
{ "type": "Feature", "properties": { "name": "L'incontro" }, "geometry": { "type": "Point", "coordinates": [ 7.6423959, 45.0703442 ] } },
{ "type": "Feature", "properties": { "name": "Ayat - Pizza & Kebab" }, "geometry": { "type": "Point", "coordinates": [ 7.6402976, 45.0221444 ] } },
{ "type": "Feature", "properties": { "name": "Ristocaffé" }, "geometry": { "type": "Point", "coordinates": [ 7.6734249, 45.0698085 ] } },
{ "type": "Feature", "properties": { "name": "Idea caffè" }, "geometry": { "type": "Point", "coordinates": [ 7.6399914, 45.0748241 ] } },
{ "type": "Feature", "properties": { "name": "Il Tegamino Lab" }, "geometry": { "type": "Point", "coordinates": [ 7.6573074, 45.0591529 ] } },
{ "type": "Feature", "properties": { }, "geometry": { "type": "Point", "coordinates": [ 7.6583692, 45.0589303 ] } },
{ "type": "Feature", "properties": { }, "geometry": { "type": "Point", "coordinates": [ 7.7258201, 45.1002763 ] } },
{ "type": "Feature", "properties": { "name": "La Saporita" }, "geometry": { "type": "Point", "coordinates": [ 7.7312617, 45.1004966 ] } },
{ "type": "Feature", "properties": { "name": "Moody Cafe' Torino" }, "geometry": { "type": "Point", "coordinates": [ 7.6842461, 45.0756494 ] } },
{ "type": "Feature", "properties": { "name": "La Mole Bar" }, "geometry": { "type": "Point", "coordinates": [ 7.5593251, 45.0677999 ] } },
{ "type": "Feature", "properties": { "name": "Girarrosto Santa Rita" }, "geometry": { "type": "Point", "coordinates": [ 7.6437962, 45.0704781 ] } },
{ "type": "Feature", "properties": { "name": "CaffeIn" }, "geometry": { "type": "Point", "coordinates": [ 7.6534392, 45.0711657 ] } },
{ "type": "Feature", "properties": { "name": "La pasticceria" }, "geometry": { "type": "Point", "coordinates": [ 7.6770787, 45.0811767 ] } },
{ "type": "Feature", "properties": { "name": "Ristoro della Basilica" }, "geometry": { "type": "Point", "coordinates": [ 7.6766534, 45.0823341 ] } },
{ "type": "Feature", "properties": { }, "geometry": { "type": "Point", "coordinates": [ 7.6597693, 45.0048127 ] } },
{ "type": "Feature", "properties": { "name": "Caffetteria XX Settembre" }, "geometry": { "type": "Point", "coordinates": [ 7.6818533, 45.0692764 ] } },
{ "type": "Feature", "properties": { "name": "Bar Napoleone" }, "geometry": { "type": "Point", "coordinates": [ 7.6104553, 45.0709042 ] } },
{ "type": "Feature", "properties": { "name": "Las Lineas de Nasca" }, "geometry": { "type": "Point", "coordinates": [ 7.6474315, 45.0666705 ] } },
{ "type": "Feature", "properties": { "name": "Change" }, "geometry": { "type": "Point", "coordinates": [ 7.6956498, 45.0655528 ] } },
{ "type": "Feature", "properties": { "name": "Istanbul" }, "geometry": { "type": "Point", "coordinates": [ 7.6959776, 45.0658051 ] } },
{ "type": "Feature", "properties": { "name": "Il Sole" }, "geometry": { "type": "Point", "coordinates": [ 7.6346162, 45.064635 ] } },
{ "type": "Feature", "properties": { "name": "Apparecchiato" }, "geometry": { "type": "Point", "coordinates": [ 7.6317332, 45.0643074 ] } },
{ "type": "Feature", "properties": { "name": "Chantilly" }, "geometry": { "type": "Point", "coordinates": [ 7.6357984, 45.0646991 ] } },
{ "type": "Feature", "properties": { "name": "Il Dolciario" }, "geometry": { "type": "Point", "coordinates": [ 7.6401247, 45.0644473 ] } },
{ "type": "Feature", "properties": { "name": "Persian Cafè" }, "geometry": { "type": "Point", "coordinates": [ 7.6325143, 45.0643318 ] } },
{ "type": "Feature", "properties": { "name": "Girarrosto Monginevro 77" }, "geometry": { "type": "Point", "coordinates": [ 7.6443825, 45.0643864 ] } },
{ "type": "Feature", "properties": { "name": "Bar Garden" }, "geometry": { "type": "Point", "coordinates": [ 7.633224, 45.064558 ] } },
{ "type": "Feature", "properties": { "name": "Sole" }, "geometry": { "type": "Point", "coordinates": [ 7.6327068, 45.0643389 ] } },
{ "type": "Feature", "properties": { "name": "Dichiara" }, "geometry": { "type": "Point", "coordinates": [ 7.6385104, 45.0644708 ] } },
{ "type": "Feature", "properties": { "name": "Bar Tony" }, "geometry": { "type": "Point", "coordinates": [ 7.6432909, 45.0644032 ] } },
{ "type": "Feature", "properties": { "name": "BarBato" }, "geometry": { "type": "Point", "coordinates": [ 7.6482017, 45.0648729 ] } },
{ "type": "Feature", "properties": { "name": "Infinity Poke" }, "geometry": { "type": "Point", "coordinates": [ 7.6471099, 45.0647713 ] } },
{ "type": "Feature", "properties": { "name": "La drogheria" }, "geometry": { "type": "Point", "coordinates": [ 7.6885958, 45.0613228 ] } },
{ "type": "Feature", "properties": { "name": "Lu&Lu" }, "geometry": { "type": "Point", "coordinates": [ 7.6884688, 45.0605397 ] } },
{ "type": "Feature", "properties": { "name": "Bar del Parco" }, "geometry": { "type": "Point", "coordinates": [ 7.5745954, 45.0813068 ] } },
{ "type": "Feature", "properties": { "name": "110 e Lode" }, "geometry": { "type": "Point", "coordinates": [ 7.6803178, 45.0509687 ] } },
{ "type": "Feature", "properties": { "name": "Gran Cafè Turin" }, "geometry": { "type": "Point", "coordinates": [ 7.652302, 45.0725872 ] } },
{ "type": "Feature", "properties": { "name": "Coffee Love" }, "geometry": { "type": "Point", "coordinates": [ 7.6435006, 45.0725602 ] } },
{ "type": "Feature", "properties": { "name": "Phoenix" }, "geometry": { "type": "Point", "coordinates": [ 7.6472945, 45.073078 ] } },
{ "type": "Feature", "properties": { "name": "Caffè Elite" }, "geometry": { "type": "Point", "coordinates": [ 7.6424209, 45.0727122 ] } },
{ "type": "Feature", "properties": { }, "geometry": { "type": "Point", "coordinates": [ 7.6480605, 45.0749961 ] } },
{ "type": "Feature", "properties": { "name": "Ziccat" }, "geometry": { "type": "Point", "coordinates": [ 7.6500421, 45.0801293 ] } },
{ "type": "Feature", "properties": { "name": "Omar" }, "geometry": { "type": "Point", "coordinates": [ 7.6464294, 45.0791654 ] } },
{ "type": "Feature", "properties": { "name": "Pizza Speedy" }, "geometry": { "type": "Point", "coordinates": [ 7.6642085, 45.0784342 ] } },
{ "type": "Feature", "properties": { }, "geometry": { "type": "Point", "coordinates": [ 7.6126279, 45.0698669 ] } },
{ "type": "Feature", "properties": { "name": "My Place" }, "geometry": { "type": "Point", "coordinates": [ 7.6161472, 45.0700202 ] } },
{ "type": "Feature", "properties": { "name": "L'atelier del gusto" }, "geometry": { "type": "Point", "coordinates": [ 7.5703171, 45.0770498 ] } },
{ "type": "Feature", "properties": { "name": "Bar Bun" }, "geometry": { "type": "Point", "coordinates": [ 7.6939005, 45.0643898 ] } },
{ "type": "Feature", "properties": { "name": "Bar Kuba" }, "geometry": { "type": "Point", "coordinates": [ 7.6281001, 45.0641053 ] } },
{ "type": "Feature", "properties": { "name": "Al Buon Caffè" }, "geometry": { "type": "Point", "coordinates": [ 7.627271, 45.0641351 ] } },
{ "type": "Feature", "properties": { "name": "Pizzata" }, "geometry": { "type": "Point", "coordinates": [ 7.627519, 45.0641287 ] } },
{ "type": "Feature", "properties": { }, "geometry": { "type": "Point", "coordinates": [ 7.6187763, 45.0669147 ] } },
{ "type": "Feature", "properties": { "name": "Caffè Cesare" }, "geometry": { "type": "Point", "coordinates": [ 7.6975162, 45.067214 ] } },
{ "type": "Feature", "properties": { "name": "Epoca" }, "geometry": { "type": "Point", "coordinates": [ 7.619469, 45.0693843 ] } },
{ "type": "Feature", "properties": { "name": "Bamby" }, "geometry": { "type": "Point", "coordinates": [ 7.6265986, 45.0750837 ] } },
{ "type": "Feature", "properties": { "name": "Pacific Poke" }, "geometry": { "type": "Point", "coordinates": [ 7.6941595, 45.0765446 ] } },
{ "type": "Feature", "properties": { }, "geometry": { "type": "Point", "coordinates": [ 7.6420447, 45.0671433 ] } },
{ "type": "Feature", "properties": { "name": "Gavte la Nata" }, "geometry": { "type": "Point", "coordinates": [ 7.6738197, 45.06015 ] } },
{ "type": "Feature", "properties": { "name": "Cuore e Caffè" }, "geometry": { "type": "Point", "coordinates": [ 7.6742079, 45.0736953 ] } },
{ "type": "Feature", "properties": { "name": "L'Asilo" }, "geometry": { "type": "Point", "coordinates": [ 7.6805474, 45.0760821 ] } },
{ "type": "Feature", "properties": { "name": "Turi" }, "geometry": { "type": "Point", "coordinates": [ 7.6459238, 45.0754264 ] } },
{ "type": "Feature", "properties": { }, "geometry": { "type": "Point", "coordinates": [ 7.6535182, 45.0757105 ] } },
{ "type": "Feature", "properties": { "name": "Happy Days" }, "geometry": { "type": "Point", "coordinates": [ 7.6741127, 45.074998 ] } },
{ "type": "Feature", "properties": { "name": "Caffè Duchessa" }, "geometry": { "type": "Point", "coordinates": [ 7.657205, 45.0758509 ] } },
{ "type": "Feature", "properties": { "name": "Capriccio" }, "geometry": { "type": "Point", "coordinates": [ 7.6502022, 45.0756095 ] } },
{ "type": "Feature", "properties": { "name": "Eclipse Cafè" }, "geometry": { "type": "Point", "coordinates": [ 7.6515551, 45.0761017 ] } },
{ "type": "Feature", "properties": { "name": "L'Habama Cafè" }, "geometry": { "type": "Point", "coordinates": [ 7.6249597, 45.075014 ] } },
{ "type": "Feature", "properties": { "name": "NaSusa" }, "geometry": { "type": "Point", "coordinates": [ 7.6897669, 45.0750928 ] } },
{ "type": "Feature", "properties": { "name": "Bar Montegrappa" }, "geometry": { "type": "Point", "coordinates": [ 7.6386687, 45.0815601 ] } },
{ "type": "Feature", "properties": { "name": "Caffè Gaia" }, "geometry": { "type": "Point", "coordinates": [ 7.6391899, 45.082699 ] } },
{ "type": "Feature", "properties": { "name": "Bar Code" }, "geometry": { "type": "Point", "coordinates": [ 7.6372766, 45.0369279 ] } },
{ "type": "Feature", "properties": { "name": "Piccola Caffetteria" }, "geometry": { "type": "Point", "coordinates": [ 7.6335755, 45.0389063 ] } },
{ "type": "Feature", "properties": { "name": "Sapori & Sorrisi" }, "geometry": { "type": "Point", "coordinates": [ 7.6577543, 45.0885561 ] } },
{ "type": "Feature", "properties": { "name": "Svizzera" }, "geometry": { "type": "Point", "coordinates": [ 7.6585947, 45.0889736 ] } },
{ "type": "Feature", "properties": { "name": "Tà Buenaz" }, "geometry": { "type": "Point", "coordinates": [ 7.6569287, 45.0878176 ] } },
{ "type": "Feature", "properties": { "name": "Exploit" }, "geometry": { "type": "Point", "coordinates": [ 7.6810627, 45.055616 ] } },
{ "type": "Feature", "properties": { "name": "Caffè Vergnano 1882" }, "geometry": { "type": "Point", "coordinates": [ 7.6472196, 45.0704887 ] } },
{ "type": "Feature", "properties": { "name": "Santarcangelo" }, "geometry": { "type": "Point", "coordinates": [ 7.6514874, 45.0693855 ] } },
{ "type": "Feature", "properties": { "name": "61 KF Cafè" }, "geometry": { "type": "Point", "coordinates": [ 7.673991, 45.0473862 ] } },
{ "type": "Feature", "properties": { "name": "Area Zero" }, "geometry": { "type": "Point", "coordinates": [ 7.6995827, 45.0693466 ] } },
{ "type": "Feature", "properties": { "name": "Mojo Bar" }, "geometry": { "type": "Point", "coordinates": [ 7.699658, 45.0694148 ] } },
{ "type": "Feature", "properties": { "name": "Il Fato" }, "geometry": { "type": "Point", "coordinates": [ 7.6698599, 45.0592348 ] } },
{ "type": "Feature", "properties": { "name": "Madre" }, "geometry": { "type": "Point", "coordinates": [ 7.6631081, 45.0218419 ] } },
{ "type": "Feature", "properties": { }, "geometry": { "type": "Point", "coordinates": [ 7.662643, 45.019882 ] } },
{ "type": "Feature", "properties": { "name": "Il Conte II" }, "geometry": { "type": "Point", "coordinates": [ 7.662658, 45.0199272 ] } },
{ "type": "Feature", "properties": { "name": "Selfie Bar" }, "geometry": { "type": "Point", "coordinates": [ 7.6627466, 45.0209771 ] } },
{ "type": "Feature", "properties": { "name": "Pausa Cafè" }, "geometry": { "type": "Point", "coordinates": [ 7.6843221, 45.0831428 ] } },
{ "type": "Feature", "properties": { "name": "Mama Caffè" }, "geometry": { "type": "Point", "coordinates": [ 7.6705291, 45.0753395 ] } },
{ "type": "Feature", "properties": { "name": "Panzerotto Time" }, "geometry": { "type": "Point", "coordinates": [ 7.6911979, 45.0666509 ] } },
{ "type": "Feature", "properties": { "name": "Il Cairo" }, "geometry": { "type": "Point", "coordinates": [ 7.6910764, 45.0674393 ] } },
{ "type": "Feature", "properties": { "name": "Tanto non la bevo" }, "geometry": { "type": "Point", "coordinates": [ 7.5737831, 45.0737275 ] } },
{ "type": "Feature", "properties": { "name": "Màs Vida" }, "geometry": { "type": "Point", "coordinates": [ 7.6715225, 45.0727923 ] } },
{ "type": "Feature", "properties": { "name": "Zero Zero Piadina Shop" }, "geometry": { "type": "Point", "coordinates": [ 7.6715869, 45.0728671 ] } },
{ "type": "Feature", "properties": { "name": "Bar Bun" }, "geometry": { "type": "Point", "coordinates": [ 7.6763104, 45.071684 ] } },
{ "type": "Feature", "properties": { "name": "Pantarei" }, "geometry": { "type": "Point", "coordinates": [ 7.6695958, 45.0387684 ] } },
{ "type": "Feature", "properties": { "name": "Caprice" }, "geometry": { "type": "Point", "coordinates": [ 7.6665874, 45.0805805 ] } },
{ "type": "Feature", "properties": { "name": "Déjà Vu" }, "geometry": { "type": "Point", "coordinates": [ 7.6660631, 45.0795129 ] } },
{ "type": "Feature", "properties": { }, "geometry": { "type": "Point", "coordinates": [ 7.6738645, 45.0410718 ] } },
{ "type": "Feature", "properties": { "name": "Bar Diamond" }, "geometry": { "type": "Point", "coordinates": [ 7.6405605, 45.0678707 ] } },
{ "type": "Feature", "properties": { "name": "Bar Franco" }, "geometry": { "type": "Point", "coordinates": [ 7.6850487, 45.0773462 ] } },
{ "type": "Feature", "properties": { }, "geometry": { "type": "Point", "coordinates": [ 7.6793212, 45.052788 ] } },
{ "type": "Feature", "properties": { "name": "Vin per Focaccia" }, "geometry": { "type": "Point", "coordinates": [ 7.6799139, 45.0655504 ] } },
{ "type": "Feature", "properties": { "name": "Spritzero" }, "geometry": { "type": "Point", "coordinates": [ 7.6801869, 45.0578984 ] } },
{ "type": "Feature", "properties": { "name": "I Frighi Cocktail Bat" }, "geometry": { "type": "Point", "coordinates": [ 7.695492, 45.0672797 ] } },
{ "type": "Feature", "properties": { "name": "il Cocktail Bar" }, "geometry": { "type": "Point", "coordinates": [ 7.6832929, 45.0771481 ] } },
{ "type": "Feature", "properties": { "name": "La Perla Blu" }, "geometry": { "type": "Point", "coordinates": [ 7.6847792, 45.076049 ] } },
{ "type": "Feature", "properties": { "name": "Civico 79" }, "geometry": { "type": "Point", "coordinates": [ 7.5968557, 45.0732963 ] } },
{ "type": "Feature", "properties": { "name": "Caffè Liceo II" }, "geometry": { "type": "Point", "coordinates": [ 7.6757029, 45.0467777 ] } },
{ "type": "Feature", "properties": { "name": "Euphoria caffé" }, "geometry": { "type": "Point", "coordinates": [ 7.5547101, 45.1009478 ] } },
{ "type": "Feature", "properties": { "name": "Sueno Cafe" }, "geometry": { "type": "Point", "coordinates": [ 7.6487637, 45.0679278 ] } },
{ "type": "Feature", "properties": { "name": "Dumpling Mom" }, "geometry": { "type": "Point", "coordinates": [ 7.6507795, 45.0643997 ] } },
{ "type": "Feature", "properties": { "name": "Fior di Loto" }, "geometry": { "type": "Point", "coordinates": [ 7.6538032, 45.063244 ] } },
{ "type": "Feature", "properties": { "name": "Vida Loca" }, "geometry": { "type": "Point", "coordinates": [ 7.5993852, 45.0733684 ] } },
{ "type": "Feature", "properties": { "name": "Caffetteria Nini" }, "geometry": { "type": "Point", "coordinates": [ 7.6406575, 45.0636709 ] } },
{ "type": "Feature", "properties": { "name": "La Piadineria" }, "geometry": { "type": "Point", "coordinates": [ 7.6411415, 45.0617333 ] } },
{ "type": "Feature", "properties": { "name": "Pirite Bar" }, "geometry": { "type": "Point", "coordinates": [ 7.6240409, 45.0812442 ] } },
{ "type": "Feature", "properties": { "name": "Cappuccino Cafè" }, "geometry": { "type": "Point", "coordinates": [ 7.8148493, 45.0692576 ] } },
{ "type": "Feature", "properties": { "name": "Hambre Burger" }, "geometry": { "type": "Point", "coordinates": [ 7.6919399, 45.0676745 ] } },
{ "type": "Feature", "properties": { "name": "Caffè Bermuda" }, "geometry": { "type": "Point", "coordinates": [ 7.6029082, 45.0736526 ] } },
{ "type": "Feature", "properties": { "name": "Shivam Indian Spicy" }, "geometry": { "type": "Point", "coordinates": [ 7.6802582, 45.0747869 ] } },
{ "type": "Feature", "properties": { "name": "Caffetteria Quadrifoglio" }, "geometry": { "type": "Point", "coordinates": [ 7.6400005, 45.0699723 ] } },
{ "type": "Feature", "properties": { "name": "Cappuccino d'Oro" }, "geometry": { "type": "Point", "coordinates": [ 7.6455868, 45.0706105 ] } },
{ "type": "Feature", "properties": { "name": "Istanbul" }, "geometry": { "type": "Point", "coordinates": [ 7.650552, 45.0756151 ] } },
{ "type": "Feature", "properties": { "name": "Al vej bicerin" }, "geometry": { "type": "Point", "coordinates": [ 7.6847795, 45.0661925 ] } },
{ "type": "Feature", "properties": { "name": "Barney's" }, "geometry": { "type": "Point", "coordinates": [ 7.6879468, 45.0686329 ] } },
{ "type": "Feature", "properties": { "name": "Oishii Coffee" }, "geometry": { "type": "Point", "coordinates": [ 7.6769863, 45.0641787 ] } },
{ "type": "Feature", "properties": { "name": "KFC" }, "geometry": { "type": "Point", "coordinates": [ 7.6812514, 45.0621476 ] } },
{ "type": "Feature", "properties": { "name": "Zaza" }, "geometry": { "type": "Point", "coordinates": [ 7.6832924, 45.0614226 ] } },
{ "type": "Feature", "properties": { "name": "Bar Noce" }, "geometry": { "type": "Point", "coordinates": [ 7.7394889, 45.016354 ] } },
{ "type": "Feature", "properties": { "name": "Don Pablo Café" }, "geometry": { "type": "Point", "coordinates": [ 7.6698789, 45.0328009 ] } },
{ "type": "Feature", "properties": { "name": "Daniela Pernigotti" }, "geometry": { "type": "Point", "coordinates": [ 7.6709403, 45.0311781 ] } },
{ "type": "Feature", "properties": { "name": "Demetra Cafè" }, "geometry": { "type": "Point", "coordinates": [ 7.6709822, 45.0312428 ] } },
{ "type": "Feature", "properties": { "name": "Le Parisienne Café" }, "geometry": { "type": "Point", "coordinates": [ 7.6645757, 45.0244419 ] } },
{ "type": "Feature", "properties": { "name": "Cibo Kenitra" }, "geometry": { "type": "Point", "coordinates": [ 7.6846719, 45.0758898 ] } },
{ "type": "Feature", "properties": { "name": "Dapper Coffee" }, "geometry": { "type": "Point", "coordinates": [ 7.6954887, 45.069227 ] } },
{ "type": "Feature", "properties": { "name": "Pizzotto" }, "geometry": { "type": "Point", "coordinates": [ 7.6025123, 45.0736388 ] } },
{ "type": "Feature", "properties": { "name": "San Torino" }, "geometry": { "type": "Point", "coordinates": [ 7.6497676, 45.0788553 ] } },
{ "type": "Feature", "properties": { "name": "Caffetteria Adriano" }, "geometry": { "type": "Point", "coordinates": [ 7.6536512, 45.0710934 ] } },
{ "type": "Feature", "properties": { "name": "L'arte del gusto" }, "geometry": { "type": "Point", "coordinates": [ 7.7256608, 45.0700219 ] } },
{ "type": "Feature", "properties": { "name": "Kebab Grill" }, "geometry": { "type": "Point", "coordinates": [ 7.6286529, 45.0743027 ] } },
{ "type": "Feature", "properties": { "name": "Pizza Time" }, "geometry": { "type": "Point", "coordinates": [ 7.6311084, 45.074846 ] } },
{ "type": "Feature", "properties": { "name": "Prince Coffee" }, "geometry": { "type": "Point", "coordinates": [ 7.6303853, 45.0747803 ] } },
{ "type": "Feature", "properties": { "name": "Dieci.15" }, "geometry": { "type": "Point", "coordinates": [ 7.6358929, 45.0776676 ] } },
{ "type": "Feature", "properties": { "name": "Dommu Mea" }, "geometry": { "type": "Point", "coordinates": [ 7.6294038, 45.0793004 ] } },
{ "type": "Feature", "properties": { "name": "Coffee & Dreams" }, "geometry": { "type": "Point", "coordinates": [ 7.6325386, 45.0813347 ] } },
{ "type": "Feature", "properties": { "name": "L'Angolo del Caffè" }, "geometry": { "type": "Point", "coordinates": [ 7.634313, 45.0807651 ] } },
{ "type": "Feature", "properties": { "name": "Juntai" }, "geometry": { "type": "Point", "coordinates": [ 7.6807498, 45.0774074 ] } },
{ "type": "Feature", "properties": { "name": "La Piadineria" }, "geometry": { "type": "Point", "coordinates": [ 7.6661946, 45.0339045 ] } },
{ "type": "Feature", "properties": { "name": "Bintat" }, "geometry": { "type": "Point", "coordinates": [ 7.6661356, 45.0338125 ] } },
{ "type": "Feature", "properties": { "name": "Bun" }, "geometry": { "type": "Point", "coordinates": [ 7.6661597, 45.0338552 ] } },
{ "type": "Feature", "properties": { "name": "Poke House" }, "geometry": { "type": "Point", "coordinates": [ 7.6667793, 45.034039 ] } },
{ "type": "Feature", "properties": { "name": "La Yogurteria" }, "geometry": { "type": "Point", "coordinates": [ 7.666094, 45.0337443 ] } },
{ "type": "Feature", "properties": { "name": "Capatoast" }, "geometry": { "type": "Point", "coordinates": [ 7.6665714, 45.0336277 ] } },
{ "type": "Feature", "properties": { "name": "Rom'Antica" }, "geometry": { "type": "Point", "coordinates": [ 7.6665553, 45.0335794 ] } },
{ "type": "Feature", "properties": { "name": "Yoyogurt" }, "geometry": { "type": "Point", "coordinates": [ 7.6657131, 45.0318147 ] } },
{ "type": "Feature", "properties": { "name": "Portello Caffè" }, "geometry": { "type": "Point", "coordinates": [ 7.6668906, 45.0340476 ] } },
{ "type": "Feature", "properties": { "name": "Caffè dei Guardinfanti" }, "geometry": { "type": "Point", "coordinates": [ 7.6812032, 45.0717451 ] } },
{ "type": "Feature", "properties": { "name": "Bar Mauri" }, "geometry": { "type": "Point", "coordinates": [ 7.6802437, 45.0611504 ] } },
{ "type": "Feature", "properties": { "name": "La caveja" }, "geometry": { "type": "Point", "coordinates": [ 7.6791519, 45.0521642 ] } },
{ "type": "Feature", "properties": { "name": "Pranzo... Però" }, "geometry": { "type": "Point", "coordinates": [ 7.6707933, 45.0824299 ] } },
{ "type": "Feature", "properties": { "name": "Khami" }, "geometry": { "type": "Point", "coordinates": [ 7.7550458, 45.1032257 ] } },
{ "type": "Feature", "properties": { "name": "Parla Pan" }, "geometry": { "type": "Point", "coordinates": [ 7.6692218, 45.0500453 ] } },
{ "type": "Feature", "properties": { "name": "Al Padellino" }, "geometry": { "type": "Point", "coordinates": [ 7.6775695, 45.0573084 ] } },
{ "type": "Feature", "properties": { "name": "Bar" }, "geometry": { "type": "Point", "coordinates": [ 7.8172, 45.0136585 ] } },
{ "type": "Feature", "properties": { "name": "Bowie" }, "geometry": { "type": "Point", "coordinates": [ 7.6985104, 45.0748563 ] } },
{ "type": "Feature", "properties": { "name": "Lova food & drink" }, "geometry": { "type": "Point", "coordinates": [ 7.7600198, 45.1032004 ] } },
{ "type": "Feature", "properties": { "name": "Adelaide! Bottega Bar" }, "geometry": { "type": "Point", "coordinates": [ 7.6910577, 45.0603174 ] } },
{ "type": "Feature", "properties": { "name": "abu" }, "geometry": { "type": "Point", "coordinates": [ 7.6994671, 45.0705391 ] } },
{ "type": "Feature", "properties": { "name": "Lo smeraldo" }, "geometry": { "type": "Point", "coordinates": [ 7.5854466, 45.0696891 ] } },
{ "type": "Feature", "properties": { "name": "Caffè Gobetti" }, "geometry": { "type": "Point", "coordinates": [ 7.7623426, 45.0995014 ] } },
{ "type": "Feature", "properties": { "name": "Vertigoblu" }, "geometry": { "type": "Point", "coordinates": [ 7.6644952, 45.0811115 ] } },
{ "type": "Feature", "properties": { "name": "Caffetteria Colosseo" }, "geometry": { "type": "Point", "coordinates": [ 7.7072575, 45.0711698 ] } },
{ "type": "Feature", "properties": { "name": "C.Vick74" }, "geometry": { "type": "Point", "coordinates": [ 7.6950115, 45.0732053 ] } },
{ "type": "Feature", "properties": { "name": "Angelo e Galia" }, "geometry": { "type": "Point", "coordinates": [ 7.6836428, 45.0552416 ] } },
{ "type": "Feature", "properties": { "name": "Kaffan" }, "geometry": { "type": "Point", "coordinates": [ 7.6781592, 45.0737871 ] } },
{ "type": "Feature", "properties": { "name": "Caffetteria Alfieri" }, "geometry": { "type": "Point", "coordinates": [ 7.6770407, 45.0465503 ] } },
{ "type": "Feature", "properties": { "name": "Ponte Nuovo" }, "geometry": { "type": "Point", "coordinates": [ 7.8160332, 45.0110568 ] } },
{ "type": "Feature", "properties": { "name": "Café de Paris" }, "geometry": { "type": "Point", "coordinates": [ 7.6481699, 45.0816982 ] } },
{ "type": "Feature", "properties": { "name": "Bar Brin" }, "geometry": { "type": "Point", "coordinates": [ 7.6715757, 45.0932807 ] } },
{ "type": "Feature", "properties": { "name": "FALCO PIZZA KEBAB" }, "geometry": { "type": "Point", "coordinates": [ 7.6552717, 45.0834953 ] } },
{ "type": "Feature", "properties": { "name": "Caffè Rugantino" }, "geometry": { "type": "Point", "coordinates": [ 7.6395058, 45.0468982 ] } },
{ "type": "Feature", "properties": { "name": "Camping Bar" }, "geometry": { "type": "Point", "coordinates": [ 7.6803041, 45.0574261 ] } },
{ "type": "Feature", "properties": { "name": "Bar MI.RI." }, "geometry": { "type": "Point", "coordinates": [ 7.6734201, 45.0804373 ] } },
{ "type": "Feature", "properties": { "name": "al Giovial" }, "geometry": { "type": "Point", "coordinates": [ 7.6456926, 45.0743983 ] } },
{ "type": "Feature", "properties": { "name": "Amo tè" }, "geometry": { "type": "Point", "coordinates": [ 7.6815519, 45.0631323 ] } },
{ "type": "Feature", "properties": { "name": "Capatoast" }, "geometry": { "type": "Point", "coordinates": [ 7.6818266, 45.0634988 ] } },
{ "type": "Feature", "properties": { "name": "Caffè Piovano" }, "geometry": { "type": "Point", "coordinates": [ 7.7564151, 45.1067403 ] } },
{ "type": "Feature", "properties": { "name": "intermezzo" }, "geometry": { "type": "Point", "coordinates": [ 7.6499902, 45.0215464 ] } },
{ "type": "Feature", "properties": { "name": "Regina cafè 151" }, "geometry": { "type": "Point", "coordinates": [ 7.6739369, 45.0796856 ] } },
{ "type": "Feature", "properties": { "name": "Romana Mia" }, "geometry": { "type": "Point", "coordinates": [ 7.6633261, 45.0585079 ] } },
{ "type": "Feature", "properties": { "name": "Oscar" }, "geometry": { "type": "Point", "coordinates": [ 7.6638028, 45.0805393 ] } },
{ "type": "Feature", "properties": { "name": "Barindo" }, "geometry": { "type": "Point", "coordinates": [ 7.6710088, 45.060853 ] } },
{ "type": "Feature", "properties": { "name": "Savoy" }, "geometry": { "type": "Point", "coordinates": [ 7.6676641, 45.0561647 ] } },
{ "type": "Feature", "properties": { }, "geometry": { "type": "Point", "coordinates": [ 7.6609677, 45.0499438 ] } },
{ "type": "Feature", "properties": { "name": "Caffè dell'Erboristeria Mességué - Caffè, Tisane, Pinse" }, "geometry": { "type": "Point", "coordinates": [ 7.6851102, 45.0625724 ] } },
{ "type": "Feature", "properties": { "name": "Nuova Sharm" }, "geometry": { "type": "Point", "coordinates": [ 7.7746199, 45.1993387 ] } },
{ "type": "Feature", "properties": { "name": "Café Mirage" }, "geometry": { "type": "Point", "coordinates": [ 7.6088597, 45.0739025 ] } },
{ "type": "Feature", "properties": { "name": "Montblanc" }, "geometry": { "type": "Point", "coordinates": [ 7.613084, 45.074067 ] } },
{ "type": "Feature", "properties": { "name": "Istanbul" }, "geometry": { "type": "Point", "coordinates": [ 7.6111835, 45.0726522 ] } },
{ "type": "Feature", "properties": { "name": "Caffetteria Alessi" }, "geometry": { "type": "Point", "coordinates": [ 7.6116199, 45.0726729 ] } },
{ "type": "Feature", "properties": { "name": "Pizzalab" }, "geometry": { "type": "Point", "coordinates": [ 7.6026069, 45.0710219 ] } },
{ "type": "Feature", "properties": { "name": "Caffetteria Adriana" }, "geometry": { "type": "Point", "coordinates": [ 7.6708069, 45.0913629 ] } },
{ "type": "Feature", "properties": { "name": "Caffetteria San Mauro" }, "geometry": { "type": "Point", "coordinates": [ 7.7635144, 45.1002208 ] } },
{ "type": "Feature", "properties": { "name": "La Caffetteria" }, "geometry": { "type": "Point", "coordinates": [ 7.6623688, 45.0621998 ] } },
{ "type": "Feature", "properties": { "name": "T-Club" }, "geometry": { "type": "Point", "coordinates": [ 7.6806912, 45.0758799 ] } },
{ "type": "Feature", "properties": { "name": "Piedmont Burgers" }, "geometry": { "type": "Point", "coordinates": [ 7.6625351, 45.073381 ] } },
{ "type": "Feature", "properties": { "name": "Caffetteria Neverland" }, "geometry": { "type": "Point", "coordinates": [ 7.6289442, 45.0386188 ] } },
{ "type": "Feature", "properties": { "name": "Chicco d'Oro" }, "geometry": { "type": "Point", "coordinates": [ 7.6279764, 45.0374202 ] } },
{ "type": "Feature", "properties": { "name": "Coronitas Lounge Bar" }, "geometry": { "type": "Point", "coordinates": [ 7.6711872, 45.0555344 ] } },
{ "type": "Feature", "properties": { "name": "Argentos Pizza" }, "geometry": { "type": "Point", "coordinates": [ 7.6197541, 45.0684545 ] } },
{ "type": "Feature", "properties": { "name": "King's Coffee" }, "geometry": { "type": "Point", "coordinates": [ 7.6184108, 45.069987 ] } },
{ "type": "Feature", "properties": { "name": "Istanbul Star 2" }, "geometry": { "type": "Point", "coordinates": [ 7.6183487, 45.0700602 ] } },
{ "type": "Feature", "properties": { "name": "Flamingo Lounge" }, "geometry": { "type": "Point", "coordinates": [ 7.6378264, 45.0809494 ] } },
{ "type": "Feature", "properties": { "name": "Turkish Istanbul" }, "geometry": { "type": "Point", "coordinates": [ 7.638322, 45.0820373 ] } },
{ "type": "Feature", "properties": { }, "geometry": { "type": "Point", "coordinates": [ 7.6744907, 45.0423515 ] } },
{ "type": "Feature", "properties": { "name": "Ramo d'oro" }, "geometry": { "type": "Point", "coordinates": [ 7.683406, 45.074892 ] } },
{ "type": "Feature", "properties": { "name": "Daf" }, "geometry": { "type": "Point", "coordinates": [ 7.6494393, 45.0643121 ] } },
{ "type": "Feature", "properties": { "name": "McDonald's" }, "geometry": { "type": "Point", "coordinates": [ 7.6544669, 45.1443887 ] } },
{ "type": "Feature", "properties": { "name": "The Place" }, "geometry": { "type": "Point", "coordinates": [ 7.6940484, 45.0678376 ] } },
{ "type": "Feature", "properties": { "name": "Da Aron" }, "geometry": { "type": "Point", "coordinates": [ 7.6286947, 45.0161335 ] } },
{ "type": "Feature", "properties": { "name": "Caffetteria Altrove" }, "geometry": { "type": "Point", "coordinates": [ 7.6590025, 45.1100442 ] } },
{ "type": "Feature", "properties": { "name": "La Rouja" }, "geometry": { "type": "Point", "coordinates": [ 7.5764612, 45.0867795 ] } },
{ "type": "Feature", "properties": { "name": "L'arte del croissant" }, "geometry": { "type": "Point", "coordinates": [ 7.6458262, 45.0467073 ] } },
{ "type": "Feature", "properties": { "name": "Billy Tacos" }, "geometry": { "type": "Point", "coordinates": [ 7.5338245, 45.0672436 ] } },
{ "type": "Feature", "properties": { "name": "Bar Fioccardo" }, "geometry": { "type": "Point", "coordinates": [ 7.6787309, 45.0193702 ] } },
{ "type": "Feature", "properties": { "name": "The King" }, "geometry": { "type": "Point", "coordinates": [ 7.6624423, 45.0813279 ] } },
{ "type": "Feature", "properties": { "name": "Caffetteria Dejà Vu" }, "geometry": { "type": "Point", "coordinates": [ 7.7184149, 45.0735484 ] } },
{ "type": "Feature", "properties": { "name": "Presto che è tardi" }, "geometry": { "type": "Point", "coordinates": [ 7.6394574, 45.0199836 ] } },
{ "type": "Feature", "properties": { "name": "ExMahalo Santa Rita" }, "geometry": { "type": "Point", "coordinates": [ 7.6457674, 45.0464026 ] } },
{ "type": "Feature", "properties": { "name": "My Dream" }, "geometry": { "type": "Point", "coordinates": [ 7.6701097, 45.0426748 ] } },
{ "type": "Feature", "properties": { "name": "La caffetteria del portico" }, "geometry": { "type": "Point", "coordinates": [ 7.6499852, 45.0170975 ] } },
{ "type": "Feature", "properties": { "name": "MOMA Torino" }, "geometry": { "type": "Point", "coordinates": [ 7.6711528, 45.0304097 ] } },
{ "type": "Feature", "properties": { "name": "timecafé" }, "geometry": { "type": "Point", "coordinates": [ 7.678261, 45.060959 ] } },
{ "type": "Feature", "properties": { "name": "Dunkers Smash Burger Club" }, "geometry": { "type": "Point", "coordinates": [ 7.6776396, 45.0746064 ] } },
{ "type": "Feature", "properties": { "name": "beefriendly" }, "geometry": { "type": "Point", "coordinates": [ 7.6974645, 45.0705578 ] } },
{ "type": "Feature", "properties": { "name": "Tètraedro" }, "geometry": { "type": "Point", "coordinates": [ 7.6859631, 45.0618979 ] } },
{ "type": "Feature", "properties": { "name": "Gioberti" }, "geometry": { "type": "Point", "coordinates": [ 7.6724304, 45.0590327 ] } },
{ "type": "Feature", "properties": { "name": "Minuto Bauli - Torino" }, "geometry": { "type": "Point", "coordinates": [ 7.676243, 45.0742569 ] } },
{ "type": "Feature", "properties": { "name": "Self Service, Bar LA FENICE" }, "geometry": { "type": "Point", "coordinates": [ 7.6678054, 45.1345535 ] } },
{ "type": "Feature", "properties": { "name": "Antonelli Coffee&Pub" }, "geometry": { "type": "Point", "coordinates": [ 7.7230576, 45.0717089 ] } }
]
}
