{
"type": "FeatureCollection",
"name": "green.raw",
"features": [
{ "type": "Feature", "properties": { "name": "Giardini della Reggia" }, "geometry": { "type": "Polygon", "coordinates": [ [ [ 7.6104348, 45.1392532 ], [ 7.6176928, 45.1370584 ], [ 7.6162903, 45.1347623 ], [ 7.6213577, 45.1332326 ], [ 7.6211419, 45.1328828 ], [ 7.623487, 45.1321582 ], [ 7.6250193, 45.1346404 ], [ 7.6225769, 45.1353594 ], [ 7.6229357, 45.1360393 ], [ 7.6231399, 45.1363727 ], [ 7.6256018, 45.1356038 ], [ 7.6263, 45.1368105 ], [ 7.6117254, 45.1413535 ], [ 7.6104348, 45.1392532 ] ] ] } },
{ "type": "Feature", "properties": { "name": "Giardini Reali" }, "geometry": { "type": "Polygon", "coordinates": [ [ [ 7.6860472, 45.073586 ], [ 7.6872897, 45.0731475 ], [ 7.6863366, 45.0717902 ], [ 7.690724, 45.0702109 ], [ 7.6916577, 45.0709726 ], [ 7.6920212, 45.070847 ], [ 7.6924935, 45.0714929 ], [ 7.6896821, 45.074383 ], [ 7.6889976, 45.0746875 ], [ 7.6886743, 45.0741578 ], [ 7.6876186, 45.0743821 ], [ 7.6876, 45.0741608 ], [ 7.6866892, 45.0744989 ], [ 7.6860472, 45.073586 ] ] ] } },
{ "type": "Feature", "properties": { "name": "Giardini Cavour" }, "geometry": { "type": "Polygon", "coordinates": [ [ [ 7.6887449, 45.0633453 ], [ 7.6892748, 45.0626731 ], [ 7.6899638, 45.0625659 ], [ 7.6906574, 45.0635202 ], [ 7.6905201, 45.0636641 ], [ 7.6890222, 45.0636316 ], [ 7.6887449, 45.0633453 ] ] ] } },
{ "type": "Feature", "properties": { "name": "Giardino Leo Chiosso" }, "geometry": { "type": "Polygon", "coordinates": [ [ [ 7.6948005, 45.0720317 ], [ 7.6950625, 45.0718722 ], [ 7.6952683, 45.0720174 ], [ 7.6950428, 45.0722026 ], [ 7.6948005, 45.0720317 ] ] ] } },
{ "type": "Feature", "properties": { }, "geometry": { "type": "Polygon", "coordinates": [ [ [ 7.6916326, 45.0730959 ], [ 7.6918679, 45.0728409 ], [ 7.6920178, 45.0729779 ], [ 7.6916326, 45.0730959 ] ] ] } },
{ "type": "Feature", "properties": { }, "geometry": { "type": "Polygon", "coordinates": [ [ [ 7.7002702, 45.1011888 ], [ 7.7017176, 45.1005574 ], [ 7.7018612, 45.1007459 ], [ 7.7004185, 45.1014146 ], [ 7.7002702, 45.1011888 ] ] ] } },
{ "type": "Feature", "properties": { }, "geometry": { "type": "Polygon", "coordinates": [ [ [ 7.7018712, 45.1004775 ], [ 7.7040665, 45.0994488 ], [ 7.7043589, 45.0995868 ], [ 7.7019979, 45.1006517 ], [ 7.7018712, 45.1004775 ] ] ] } },
{ "type": "Feature", "properties": { }, "geometry": { "type": "Polygon", "coordinates": [ [ [ 7.7104629, 45.096563 ], [ 7.7121923, 45.0957631 ], [ 7.712329, 45.0959125 ], [ 7.7105875, 45.096702 ], [ 7.7104629, 45.096563 ] ] ] } },
{ "type": "Feature", "properties": { "name": "Giardini di Piazza Respighi" }, "geometry": { "type": "Polygon", "coordinates": [ [ [ 7.7030779, 45.0928699 ], [ 7.7031392, 45.0927114 ], [ 7.7034312, 45.0926064 ], [ 7.7036374, 45.092658 ], [ 7.7037708, 45.0928643 ], [ 7.7036075, 45.0930595 ], [ 7.70338, 45.0930945 ], [ 7.7030779, 45.0928699 ] ] ] } },
{ "type": "Feature", "properties": { "name": "Aiuola Balbo" }, "geometry": { "type": "Polygon", "coordinates": [ [ [ 7.686626, 45.0629298 ], [ 7.6878912, 45.0624649 ], [ 7.6884255, 45.0631859 ], [ 7.6871708, 45.0636946 ], [ 7.686626, 45.0629298 ] ] ] } },
{ "type": "Feature", "properties": { "name": "Giardino Mario Lattes" }, "geometry": { "type": "Polygon", "coordinates": [ [ [ 7.6913608, 45.0629946 ], [ 7.6920647, 45.0627426 ], [ 7.6924765, 45.0632693 ], [ 7.691761, 45.0635201 ], [ 7.6913608, 45.0629946 ] ] ] } },
{ "type": "Feature", "properties": { }, "geometry": { "type": "Polygon", "coordinates": [ [ [ 7.6700644, 45.0763375 ], [ 7.6713492, 45.0758754 ], [ 7.6716755, 45.0760158 ], [ 7.671526, 45.0761654 ], [ 7.6702815, 45.076601 ], [ 7.6700644, 45.0763375 ] ] ] } },
{ "type": "Feature", "properties": { }, "geometry": { "type": "Polygon", "coordinates": [ [ [ 7.6693139, 45.0766832 ], [ 7.6696839, 45.0764615 ], [ 7.6698846, 45.0767111 ], [ 7.6695133, 45.0768431 ], [ 7.6693139, 45.0766832 ] ] ] } },
{ "type": "Feature", "properties": { "name": "Giardini La Marmora" }, "geometry": { "type": "Polygon", "coordinates": [ [ [ 7.6761911, 45.070981 ], [ 7.6770171, 45.0706889 ], [ 7.6774263, 45.0712655 ], [ 7.6766039, 45.0715625 ], [ 7.6761911, 45.070981 ] ] ] } },
{ "type": "Feature", "properties": { "name": "Giardini San Domenico Savio" }, "geometry": { "type": "Polygon", "coordinates": [ [ [ 7.7051427, 45.091058 ], [ 7.7055175, 45.0906715 ], [ 7.7063045, 45.091015 ], [ 7.705458, 45.0914225 ], [ 7.7051427, 45.091058 ] ] ] } },
{ "type": "Feature", "properties": { }, "geometry": { "type": "Polygon", "coordinates": [ [ [ 7.707766, 45.090014 ], [ 7.7080149, 45.0897069 ], [ 7.7088233, 45.0900915 ], [ 7.7085606, 45.0903647 ], [ 7.707766, 45.090014 ] ] ] } },
{ "type": "Feature", "properties": { }, "geometry": { "type": "Polygon", "coordinates": [ [ [ 7.7109635, 45.08942 ], [ 7.7110664, 45.0893685 ], [ 7.7123504, 45.0893311 ], [ 7.7118819, 45.0902988 ], [ 7.7109635, 45.08942 ] ] ] } },
{ "type": "Feature", "properties": { }, "geometry": { "type": "Polygon", "coordinates": [ [ [ 7.7107955, 45.0896111 ], [ 7.7109147, 45.0895688 ], [ 7.7117519, 45.0904719 ], [ 7.7110642, 45.0905688 ], [ 7.7107955, 45.0896111 ] ] ] } },
{ "type": "Feature", "properties": { "name": "Giardino Marino Ferraro" }, "geometry": { "type": "Polygon", "coordinates": [ [ [ 7.6772437, 45.0824568 ], [ 7.6772965, 45.0823148 ], [ 7.6780756, 45.0820513 ], [ 7.6782832, 45.0821043 ], [ 7.6786651, 45.0826273 ], [ 7.6785972, 45.082747 ], [ 7.6777859, 45.0830261 ], [ 7.6775902, 45.0829732 ], [ 7.6772437, 45.0824568 ] ] ] } },
{ "type": "Feature", "properties": { "name": "Nicola Grosa" }, "geometry": { "type": "Polygon", "coordinates": [ [ [ 7.6599856, 45.0697682 ], [ 7.6621062, 45.0690337 ], [ 7.6629872, 45.0702866 ], [ 7.6608613, 45.0710419 ], [ 7.6599856, 45.0697682 ] ] ] } },
{ "type": "Feature", "properties": { }, "geometry": { "type": "Polygon", "coordinates": [ [ [ 7.6735923, 45.0448171 ], [ 7.6736868, 45.0447998 ], [ 7.6739866, 45.0452433 ], [ 7.6737872, 45.0452862 ], [ 7.6735923, 45.0448171 ] ] ] } },
{ "type": "Feature", "properties": { }, "geometry": { "type": "Polygon", "coordinates": [ [ [ 7.6763534, 45.0486815 ], [ 7.6764563, 45.0486573 ], [ 7.6768941, 45.0493061 ], [ 7.6766023, 45.0493635 ], [ 7.6763534, 45.0486815 ] ] ] } },
{ "type": "Feature", "properties": { }, "geometry": { "type": "Polygon", "coordinates": [ [ [ 7.703549, 45.0900997 ], [ 7.7036442, 45.0900244 ], [ 7.7051597, 45.0905022 ], [ 7.7052701, 45.0906345 ], [ 7.7050942, 45.0908664 ], [ 7.7047843, 45.0909712 ], [ 7.7045044, 45.0909536 ], [ 7.7045155, 45.0908169 ], [ 7.7038351, 45.0907775 ], [ 7.703549, 45.0900997 ] ] ] } },
{ "type": "Feature", "properties": { }, "geometry": { "type": "Polygon", "coordinates": [ [ [ 7.7131191, 45.0914231 ], [ 7.7134959, 45.091409 ], [ 7.7135275, 45.0918217 ], [ 7.7131191, 45.0914231 ] ] ] } },
{ "type": "Feature", "properties": { "name": "Parco Generale Carlo Alberto Dalla Chiesa" }, "geometry": { "type": "Polygon", "coordinates": [ [ [ 7.5747679, 45.0802389 ], [ 7.5749328, 45.0800585 ], [ 7.574926, 45.0798614 ], [ 7.5771802, 45.0780147 ], [ 7.5803221, 45.0770144 ], [ 7.5805504, 45.0771 ], [ 7.5822743, 45.0844471 ], [ 7.5768768, 45.0858762 ], [ 7.5763603, 45.0856925 ], [ 7.5760501, 45.0850557 ], [ 7.575296, 45.0843997 ], [ 7.5747679, 45.0802389 ] ] ] } },
{ "type": "Feature", "properties": { }, "geometry": { "type": "Polygon", "coordinates": [ [ [ 7.7023555, 45.0942315 ], [ 7.7026057, 45.0939586 ], [ 7.7030863, 45.0941707 ], [ 7.7035241, 45.0946129 ], [ 7.7030569, 45.0947975 ], [ 7.7023555, 45.0942315 ] ] ] } },
{ "type": "Feature", "properties": { }, "geometry": { "type": "Polygon", "coordinates": [ [ [ 7.7042297, 45.0921646 ], [ 7.7045964, 45.0917557 ], [ 7.7048942, 45.0918841 ], [ 7.7054786, 45.0924934 ], [ 7.7053274, 45.0925865 ], [ 7.7052547, 45.0929262 ], [ 7.7047057, 45.0928828 ], [ 7.7047499, 45.0926502 ], [ 7.704512, 45.0922963 ], [ 7.7042297, 45.0921646 ] ] ] } },
{ "type": "Feature", "properties": { }, "geometry": { "type": "Polygon", "coordinates": [ [ [ 7.7107532, 45.0939287 ], [ 7.7105893, 45.09374 ], [ 7.7111025, 45.0937777 ], [ 7.7107532, 45.0939287 ] ] ] } },
{ "type": "Feature", "properties": { }, "geometry": { "type": "Polygon", "coordinates": [ [ [ 7.6717714, 45.0257899 ], [ 7.6726792, 45.0254048 ], [ 7.6737783, 45.0252086 ], [ 7.6733854, 45.0280761 ], [ 7.6734168, 45.0292011 ], [ 7.6743227, 45.0303045 ], [ 7.6754451, 45.0310838 ], [ 7.6771972, 45.0327027 ], [ 7.6779913, 45.0337721 ], [ 7.6780924, 45.0348174 ], [ 7.6772524, 45.0363076 ], [ 7.6767959, 45.0387454 ], [ 7.6770141, 45.0401149 ], [ 7.67757, 45.0413258 ], [ 7.6770988, 45.041431 ], [ 7.6768288, 45.0413038 ], [ 7.6763549, 45.0400363 ], [ 7.6763703, 45.0383095 ], [ 7.6766213, 45.0362893 ], [ 7.6767651, 45.0359859 ], [ 7.6761456, 45.0336091 ], [ 7.6758525, 45.0329443 ], [ 7.6748422, 45.0314002 ], [ 7.6728974, 45.0292388 ], [ 7.6717714, 45.0257899 ] ] ] } },
{ "type": "Feature", "properties": { "name": "Giardino Silvio Geuna" }, "geometry": { "type": "Polygon", "coordinates": [ [ [ 7.663562, 45.0521998 ], [ 7.6636451, 45.0521746 ], [ 7.6651415, 45.0535171 ], [ 7.6646674, 45.0537981 ], [ 7.663562, 45.0521998 ] ] ] } },
{ "type": "Feature", "properties": { }, "geometry": { "type": "Polygon", "coordinates": [ [ [ 7.7030136, 45.0869543 ], [ 7.7039525, 45.0866464 ], [ 7.7042167, 45.086669 ], [ 7.7041101, 45.0874462 ], [ 7.7030136, 45.0869543 ] ] ] } },
{ "type": "Feature", "properties": { }, "geometry": { "type": "Polygon", "coordinates": [ [ [ 7.697196, 45.0882882 ], [ 7.6982479, 45.0879431 ], [ 7.6984616, 45.0882632 ], [ 7.6977637, 45.0885013 ], [ 7.697196, 45.0882882 ] ] ] } },
{ "type": "Feature", "properties": { }, "geometry": { "type": "Polygon", "coordinates": [ [ [ 7.6964921, 45.0886755 ], [ 7.6969327, 45.0884028 ], [ 7.6973189, 45.0886487 ], [ 7.6967163, 45.0888782 ], [ 7.6964921, 45.0886755 ] ] ] } },
{ "type": "Feature", "properties": { }, "geometry": { "type": "Polygon", "coordinates": [ [ [ 7.7091058, 45.0776868 ], [ 7.7106658, 45.0776301 ], [ 7.7107125, 45.0776549 ], [ 7.7100982, 45.0781129 ], [ 7.7091058, 45.0776868 ] ] ] } },
{ "type": "Feature", "properties": { }, "geometry": { "type": "Polygon", "coordinates": [ [ [ 7.6726951, 45.080537 ], [ 7.6731955, 45.0803632 ], [ 7.672894, 45.0808184 ], [ 7.6726951, 45.080537 ] ] ] } },
{ "type": "Feature", "properties": { }, "geometry": { "type": "Polygon", "coordinates": [ [ [ 7.6627412, 45.0719963 ], [ 7.6630918, 45.0718734 ], [ 7.663444, 45.0723868 ], [ 7.6630922, 45.0725088 ], [ 7.6627412, 45.0719963 ] ] ] } },
{ "type": "Feature", "properties": { }, "geometry": { "type": "Polygon", "coordinates": [ [ [ 7.6777066, 45.0458769 ], [ 7.6779358, 45.0458348 ], [ 7.6780218, 45.0460532 ], [ 7.6777893, 45.0461033 ], [ 7.6777066, 45.0458769 ] ] ] } },
{ "type": "Feature", "properties": { "name": "Giardino Bottero" }, "geometry": { "type": "Polygon", "coordinates": [ [ [ 7.6824356, 45.0735092 ], [ 7.6830479, 45.0734863 ], [ 7.6826112, 45.0738051 ], [ 7.6824356, 45.0735092 ] ] ] } },
{ "type": "Feature", "properties": { "name": "Parco della Tesoriera" }, "geometry": { "type": "Polygon", "coordinates": [ [ [ 7.6369221, 45.0754673 ], [ 7.6381367, 45.0755186 ], [ 7.6382663, 45.0756244 ], [ 7.6384152, 45.0755287 ], [ 7.6394148, 45.0755724 ], [ 7.6401087, 45.0793126 ], [ 7.6378871, 45.0792291 ], [ 7.6376546, 45.0779952 ], [ 7.6372262, 45.0780645 ], [ 7.6369221, 45.0754673 ] ] ] } },
{ "type": "Feature", "properties": { "name": "Parco Valentino Mazzola" }, "geometry": { "type": "Polygon", "coordinates": [ [ [ 7.6533611, 45.0332509 ], [ 7.6561593, 45.0323867 ], [ 7.6565244, 45.0330077 ], [ 7.6537522, 45.0338803 ], [ 7.6533611, 45.0332509 ] ] ] } },
{ "type": "Feature", "properties": { }, "geometry": { "type": "Polygon", "coordinates": [ [ [ 7.6533006, 45.0385882 ], [ 7.6541659, 45.038803 ], [ 7.6540404, 45.0392356 ], [ 7.6538298, 45.039045 ], [ 7.6539172, 45.0389622 ], [ 7.6533006, 45.0385882 ] ] ] } },
{ "type": "Feature", "properties": { }, "geometry": { "type": "Polygon", "coordinates": [ [ [ 7.6531782, 45.0393564 ], [ 7.6534, 45.0392775 ], [ 7.6536278, 45.0394861 ], [ 7.6533308, 45.0396181 ], [ 7.6531782, 45.0393564 ] ] ] } },
{ "type": "Feature", "properties": { "name": "Parco Mario Carrara" }, "geometry": { "type": "Polygon", "coordinates": [ [ [ 7.6272043, 45.0874761 ], [ 7.6276306, 45.0871487 ], [ 7.6281911, 45.0877676 ], [ 7.6283822, 45.0878191 ], [ 7.6289127, 45.0869938 ], [ 7.6295752, 45.0863954 ], [ 7.62904, 45.0861155 ], [ 7.6314134, 45.085354 ], [ 7.6327577, 45.0852396 ], [ 7.6359594, 45.0853114 ], [ 7.6400778, 45.0846949 ], [ 7.6471454, 45.0853988 ], [ 7.6482534, 45.085387 ], [ 7.6495972, 45.0850621 ], [ 7.6507641, 45.0868107 ], [ 7.6503668, 45.0870765 ], [ 7.6502334, 45.0874695 ], [ 7.6456424, 45.0890078 ], [ 7.6442699, 45.0884415 ], [ 7.6426435, 45.0879903 ], [ 7.6407003, 45.0878832 ], [ 7.6369431, 45.0881628 ], [ 7.634208, 45.0877335 ], [ 7.6336851, 45.0872304 ], [ 7.63334, 45.0865912 ], [ 7.63339, 45.0863563 ], [ 7.6331646, 45.0858569 ], [ 7.6333213, 45.0855969 ], [ 7.6325476, 45.0853314 ], [ 7.6315606, 45.0854678 ], [ 7.630477, 45.0859223 ], [ 7.6291895, 45.0869222 ], [ 7.6285823, 45.0879629 ], [ 7.6272043, 45.0874761 ] ] ] } },
{ "type": "Feature", "properties": { "name": "Parco Francesco Ruffini" }, "geometry": { "type": "Polygon", "coordinates": [ [ [ 7.628572, 45.059658 ], [ 7.6299778, 45.0570439 ], [ 7.6303389, 45.0568631 ], [ 7.6334445, 45.0562262 ], [ 7.6340694, 45.0562723 ], [ 7.6345138, 45.0566236 ], [ 7.6348552, 45.0615489 ], [ 7.6346391, 45.0618536 ], [ 7.6335543, 45.0619866 ], [ 7.6333013, 45.0613291 ], [ 7.629542, 45.060289 ], [ 7.6293449, 45.0601798 ], [ 7.6291434, 45.0598076 ], [ 7.628572, 45.059658 ] ] ] } },
{ "type": "Feature", "properties": { "name": "Giardini Sartore" }, "geometry": { "type": "Polygon", "coordinates": [ [ [ 7.5409287, 45.0095319 ], [ 7.5416357, 45.0087083 ], [ 7.5423347, 45.0085378 ], [ 7.5426139, 45.0091181 ], [ 7.5409287, 45.0095319 ] ] ] } },
{ "type": "Feature", "properties": { }, "geometry": { "type": "Polygon", "coordinates": [ [ [ 7.5351023, 45.005829 ], [ 7.5353928, 45.0057645 ], [ 7.5359166, 45.0060648 ], [ 7.5354331, 45.006273 ], [ 7.5351023, 45.005829 ] ] ] } },
{ "type": "Feature", "properties": { "name": "Parco Porporati" }, "geometry": { "type": "Polygon", "coordinates": [ [ [ 7.5732205, 45.0646074 ], [ 7.5734705, 45.0636529 ], [ 7.5744414, 45.0635788 ], [ 7.5745347, 45.0638023 ], [ 7.5761417, 45.0650035 ], [ 7.5765292, 45.0649793 ], [ 7.5767155, 45.0652798 ], [ 7.578662, 45.0649122 ], [ 7.5788396, 45.0658437 ], [ 7.5779131, 45.066202 ], [ 7.5772241, 45.066863 ], [ 7.5768257, 45.0670454 ], [ 7.5749689, 45.0670453 ], [ 7.5745879, 45.066895 ], [ 7.5741535, 45.0660418 ], [ 7.5734678, 45.0654856 ], [ 7.5732205, 45.0646074 ] ] ] } },
{ "type": "Feature", "properties": { }, "geometry": { "type": "Polygon", "coordinates": [ [ [ 7.6677377, 45.0504004 ], [ 7.6683557, 45.0505823 ], [ 7.6680942, 45.0507156 ], [ 7.6677377, 45.0504004 ] ] ] } },
{ "type": "Feature", "properties": { }, "geometry": { "type": "Polygon", "coordinates": [ [ [ 7.6538652, 45.0715069 ], [ 7.6539945, 45.0710889 ], [ 7.654222, 45.07089 ], [ 7.6548959, 45.07077 ], [ 7.6552382, 45.0709234 ], [ 7.6552656, 45.0711024 ], [ 7.6538652, 45.0715069 ] ] ] } },
{ "type": "Feature", "properties": { "name": "Piazza Adriano" }, "geometry": { "type": "Polygon", "coordinates": [ [ [ 7.6540664, 45.0717896 ], [ 7.6553001, 45.0713481 ], [ 7.6553791, 45.0719098 ], [ 7.6547695, 45.0720687 ], [ 7.6540664, 45.0717896 ] ] ] } },
{ "type": "Feature", "properties": { "name": "Giardino Giuseppe Allievo" }, "geometry": { "type": "Polygon", "coordinates": [ [ [ 7.6740861, 45.0958864 ], [ 7.6750978, 45.095568 ], [ 7.6756842, 45.0962314 ], [ 7.6747394, 45.096543 ], [ 7.6740861, 45.0958864 ] ] ] } },
{ "type": "Feature", "properties": { "name": "Parco Giuseppe di Vittorio" }, "geometry": { "type": "Polygon", "coordinates": [ [ [ 7.6459328, 45.0254912 ], [ 7.6465646, 45.0252727 ], [ 7.6459357, 45.0243642 ], [ 7.6500444, 45.0229275 ], [ 7.6515018, 45.0251521 ], [ 7.6467945, 45.0267437 ], [ 7.6459328, 45.0254912 ] ] ] } },
{ "type": "Feature", "properties": { "name": "Paradiso" }, "geometry": { "type": "Polygon", "coordinates": [ [ [ 7.6050649, 45.0701845 ], [ 7.6061569, 45.069919 ], [ 7.6062006, 45.0697794 ], [ 7.6058763, 45.0692891 ], [ 7.6052288, 45.0692024 ], [ 7.6069168, 45.0686488 ], [ 7.6064611, 45.0679035 ], [ 7.6081647, 45.0673594 ], [ 7.6089712, 45.0682754 ], [ 7.6090125, 45.0684122 ], [ 7.6082615, 45.0702241 ], [ 7.6055951, 45.070698 ], [ 7.6052019, 45.07062 ], [ 7.6050649, 45.0701845 ] ] ] } },
{ "type": "Feature", "properties": { "name": "Parco della Rimembranza" }, "geometry": { "type": "Polygon", "coordinates": [ [ [ 7.7090963, 45.0303729 ], [ 7.7097958, 45.0296746 ], [ 7.7100578, 45.0291609 ], [ 7.7106176, 45.0290713 ], [ 7.7110072, 45.0288496 ], [ 7.711804, 45.0288886 ], [ 7.7127683, 45.0287421 ], [ 7.7137499, 45.0283436 ], [ 7.714151, 45.0284417 ], [ 7.7147837, 45.0289322 ], [ 7.7168995, 45.029344 ], [ 7.7199343, 45.0303662 ], [ 7.7207147, 45.0304279 ], [ 7.7214307, 45.030211 ], [ 7.721892, 45.0299001 ], [ 7.7226443, 45.0299166 ], [ 7.7228379, 45.0300872 ], [ 7.7221609, 45.0306317 ], [ 7.7223028, 45.0307261 ], [ 7.7226559, 45.0304429 ], [ 7.7231191, 45.0305315 ], [ 7.7232942, 45.0304227 ], [ 7.7243592, 45.0310884 ], [ 7.7249613, 45.0313076 ], [ 7.7248478, 45.0315076 ], [ 7.7241558, 45.0316478 ], [ 7.7225606, 45.031199 ], [ 7.7214716, 45.0315276 ], [ 7.7211973, 45.0320781 ], [ 7.721208, 45.0329008 ], [ 7.7213386, 45.0331253 ], [ 7.7224606, 45.0328875 ], [ 7.7229917, 45.0329463 ], [ 7.7246386, 45.0336419 ], [ 7.7253199, 45.0341689 ], [ 7.7245367, 45.0342712 ], [ 7.722922, 45.0339566 ], [ 7.7213885, 45.0339827 ], [ 7.7205351, 45.0343599 ], [ 7.7200473, 45.0344293 ], [ 7.7195278, 45.0341186 ], [ 7.7188568, 45.0340635 ], [ 7.7176208, 45.0333932 ], [ 7.7168466, 45.0332754 ], [ 7.716584, 45.0334072 ], [ 7.7160552, 45.0332648 ], [ 7.7153836, 45.0333529 ], [ 7.7150309, 45.0337253 ], [ 7.71487, 45.0337348 ], [ 7.7146339, 45.033604 ], [ 7.7146474, 45.0332325 ], [ 7.714524, 45.0331264 ], [ 7.7136201, 45.0326961 ], [ 7.7129817, 45.0326411 ], [ 7.7126276, 45.0322374 ], [ 7.7121261, 45.0319549 ], [ 7.7113295, 45.0318962 ], [ 7.7110103, 45.0317294 ], [ 7.7106133, 45.0312593 ], [ 7.7106857, 45.0311645 ], [ 7.7099489, 45.0309332 ], [ 7.7095101, 45.0304193 ], [ 7.7090963, 45.0303729 ] ] ] } },
{ "type": "Feature", "properties": { "name": "Parco papa Giovanni Paolo II" }, "geometry": { "type": "Polygon", "coordinates": [ [ [ 7.5172165, 45.0308607 ], [ 7.5216946, 45.03031 ], [ 7.5218525, 45.030671 ], [ 7.522224, 45.030591 ], [ 7.5222813, 45.0307192 ], [ 7.521381, 45.0311495 ], [ 7.5208178, 45.0317143 ], [ 7.520596, 45.031693 ], [ 7.5208363, 45.0321358 ], [ 7.519875, 45.0322511 ], [ 7.5196776, 45.0318022 ], [ 7.5184947, 45.0320662 ], [ 7.5182475, 45.0314893 ], [ 7.5187924, 45.0313729 ], [ 7.5186047, 45.0308561 ], [ 7.5173215, 45.0311193 ], [ 7.5172165, 45.0308607 ] ] ] } },
{ "type": "Feature", "properties": { }, "geometry": { "type": "Polygon", "coordinates": [ [ [ 7.6650813, 45.0478817 ], [ 7.6676133, 45.0455349 ], [ 7.6693471, 45.048191 ], [ 7.6691669, 45.0482577 ], [ 7.6676576, 45.0458335 ], [ 7.6674674, 45.0458055 ], [ 7.6652731, 45.0479355 ], [ 7.6650813, 45.0478817 ] ] ] } },
{ "type": "Feature", "properties": { "name": "Giardino Giuseppe Montesano" }, "geometry": { "type": "Polygon", "coordinates": [ [ [ 7.6611393, 45.0784365 ], [ 7.662217, 45.0780694 ], [ 7.6624657, 45.0784021 ], [ 7.6613764, 45.0787801 ], [ 7.6611393, 45.0784365 ] ] ] } },
{ "type": "Feature", "properties": { "name": "Parco Rignon" }, "geometry": { "type": "Polygon", "coordinates": [ [ [ 7.6353604, 45.043639 ], [ 7.6381303, 45.0422686 ], [ 7.6399851, 45.0431537 ], [ 7.6357677, 45.0448862 ], [ 7.6353604, 45.043639 ] ] ] } },
{ "type": "Feature", "properties": { "name": "Parco Cavalieri di Vittorio Veneto" }, "geometry": { "type": "MultiPolygon", "coordinates": [ [ [ [ 7.649978, 45.0436377 ], [ 7.6508758, 45.0433268 ], [ 7.6510348, 45.0435561 ], [ 7.6537406, 45.0426293 ], [ 7.6535884, 45.0423922 ], [ 7.6542799, 45.0421527 ], [ 7.6557062, 45.0442553 ], [ 7.6514438, 45.0457281 ], [ 7.649978, 45.0436377 ] ] ], [ [ [ 7.6527497, 45.0475205 ], [ 7.6569591, 45.0460665 ], [ 7.6583053, 45.0480048 ], [ 7.6568075, 45.0485538 ], [ 7.6564546, 45.0484302 ], [ 7.6555961, 45.0487284 ], [ 7.6554416, 45.0489677 ], [ 7.6540776, 45.049439 ], [ 7.6527497, 45.0475205 ] ] ] ] } },
{ "type": "Feature", "properties": { "name": "Giardino Don Carlo Gnocchi" }, "geometry": { "type": "Polygon", "coordinates": [ [ [ 7.6726995, 45.1020257 ], [ 7.6744912, 45.1019197 ], [ 7.6746974, 45.1034239 ], [ 7.6729124, 45.103542 ], [ 7.6726995, 45.1020257 ] ] ] } },
{ "type": "Feature", "properties": { "name": "Giardino Salvatore Di Salvo" }, "geometry": { "type": "Polygon", "coordinates": [ [ [ 7.6216193, 45.0218776 ], [ 7.622121, 45.0216916 ], [ 7.622448, 45.0221329 ], [ 7.6219549, 45.0223322 ], [ 7.6216193, 45.0218776 ] ] ] } },
{ "type": "Feature", "properties": { "name": "Piazzale Pola" }, "geometry": { "type": "Polygon", "coordinates": [ [ [ 7.6208958, 45.0159677 ], [ 7.6211384, 45.0158925 ], [ 7.6215291, 45.0166142 ], [ 7.6213213, 45.0167051 ], [ 7.6208958, 45.0159677 ] ] ] } },
{ "type": "Feature", "properties": { "name": "Giardino Don Luigi Giussani" }, "geometry": { "type": "Polygon", "coordinates": [ [ [ 7.7108027, 45.0654347 ], [ 7.7109905, 45.0652295 ], [ 7.7121617, 45.0657239 ], [ 7.7120092, 45.0659134 ], [ 7.7108027, 45.0654347 ] ] ] } },
{ "type": "Feature", "properties": { }, "geometry": { "type": "Polygon", "coordinates": [ [ [ 7.5737761, 45.0814404 ], [ 7.5746337, 45.0813901 ], [ 7.5747109, 45.0820142 ], [ 7.5738486, 45.0820678 ], [ 7.5737761, 45.0814404 ] ] ] } },
{ "type": "Feature", "properties": { "name": "Piazza Cavallero" }, "geometry": { "type": "Polygon", "coordinates": [ [ [ 7.5183791, 45.06306 ], [ 7.5185019, 45.0623599 ], [ 7.5191455, 45.0624752 ], [ 7.5189193, 45.0629309 ], [ 7.5183791, 45.06306 ] ] ] } },
{ "type": "Feature", "properties": { }, "geometry": { "type": "Polygon", "coordinates": [ [ [ 7.5224528, 45.0303129 ], [ 7.5225802, 45.0301973 ], [ 7.522706, 45.0303161 ], [ 7.5230003, 45.0301342 ], [ 7.5228263, 45.0299852 ], [ 7.5234491, 45.0294658 ], [ 7.5237203, 45.0296924 ], [ 7.522552, 45.0304325 ], [ 7.5224528, 45.0303129 ] ] ] } },
{ "type": "Feature", "properties": { }, "geometry": { "type": "Polygon", "coordinates": [ [ [ 7.6000195, 45.1457322 ], [ 7.6008733, 45.1453558 ], [ 7.6013472, 45.1458905 ], [ 7.6004935, 45.146267 ], [ 7.6000195, 45.1457322 ] ] ] } },
{ "type": "Feature", "properties": { "name": "Parco di San Grato" }, "geometry": { "type": "Polygon", "coordinates": [ [ [ 7.5039254, 45.066884 ], [ 7.504003, 45.0667493 ], [ 7.5042572, 45.0667044 ], [ 7.5055655, 45.066648 ], [ 7.5060267, 45.0672703 ], [ 7.5067086, 45.0678155 ], [ 7.5061522, 45.0684264 ], [ 7.5066419, 45.0686563 ], [ 7.5065787, 45.0687562 ], [ 7.5044896, 45.0680632 ], [ 7.5039254, 45.066884 ] ] ] } },
{ "type": "Feature", "properties": { "name": "Parco Europa" }, "geometry": { "type": "Polygon", "coordinates": [ [ [ 7.681514, 45.0300631 ], [ 7.6821113, 45.0297851 ], [ 7.6828489, 45.0300119 ], [ 7.683833, 45.0301224 ], [ 7.6842491, 45.0300024 ], [ 7.684421, 45.0296385 ], [ 7.6837429, 45.0296605 ], [ 7.6836863, 45.0293356 ], [ 7.6833343, 45.0287714 ], [ 7.683281, 45.0283608 ], [ 7.6834219, 45.0280891 ], [ 7.683581, 45.0281098 ], [ 7.6851864, 45.0291443 ], [ 7.6853165, 45.0296235 ], [ 7.6860571, 45.0295911 ], [ 7.6866589, 45.029899 ], [ 7.6867393, 45.0300249 ], [ 7.6866475, 45.0304331 ], [ 7.6873877, 45.0311717 ], [ 7.6868848, 45.0314833 ], [ 7.6845181, 45.0323401 ], [ 7.6841906, 45.0320047 ], [ 7.6831145, 45.0318878 ], [ 7.6822516, 45.0320175 ], [ 7.682033, 45.0318375 ], [ 7.6821019, 45.0315727 ], [ 7.6819807, 45.031136 ], [ 7.681514, 45.0300631 ] ] ] } },
{ "type": "Feature", "properties": { "name": "Sacrario del Martinetto" }, "geometry": { "type": "Polygon", "coordinates": [ [ [ 7.6530212, 45.0843036 ], [ 7.6540951, 45.0840861 ], [ 7.6541113, 45.0841601 ], [ 7.653788, 45.0848678 ], [ 7.65328, 45.0846633 ], [ 7.6530212, 45.0843036 ] ] ] } },
{ "type": "Feature", "properties": { }, "geometry": { "type": "Polygon", "coordinates": [ [ [ 7.6570588, 45.0833228 ], [ 7.6602658, 45.0820196 ], [ 7.6604127, 45.0820489 ], [ 7.6571815, 45.0834616 ], [ 7.6570588, 45.0833228 ] ] ] } },
{ "type": "Feature", "properties": { "name": "Piazza Stampalia" }, "geometry": { "type": "Polygon", "coordinates": [ [ [ 7.6574495, 45.112399 ], [ 7.6577661, 45.1121294 ], [ 7.6575291, 45.1120303 ], [ 7.6593655, 45.1120314 ], [ 7.6592761, 45.1122223 ], [ 7.6595671, 45.1123279 ], [ 7.6593752, 45.1126568 ], [ 7.6574495, 45.112399 ] ] ] } },
{ "type": "Feature", "properties": { "name": "Parco Alcide De Gasperi" }, "geometry": { "type": "Polygon", "coordinates": [ [ [ 7.7637668, 45.1271037 ], [ 7.7640178, 45.1268086 ], [ 7.7645105, 45.1265643 ], [ 7.7647893, 45.1265954 ], [ 7.7660675, 45.1280858 ], [ 7.7655725, 45.1284859 ], [ 7.7649845, 45.1287302 ], [ 7.7641911, 45.1277953 ], [ 7.7642329, 45.1276068 ], [ 7.7640168, 45.1275838 ], [ 7.7637668, 45.1271037 ] ] ] } },
{ "type": "Feature", "properties": { }, "geometry": { "type": "Polygon", "coordinates": [ [ [ 7.6527429, 45.0820598 ], [ 7.6530807, 45.0819832 ], [ 7.6532125, 45.082321 ], [ 7.6528994, 45.0824331 ], [ 7.6527429, 45.0820598 ] ] ] } },
{ "type": "Feature", "properties": { }, "geometry": { "type": "Polygon", "coordinates": [ [ [ 7.6529817, 45.0826076 ], [ 7.6532785, 45.0825036 ], [ 7.6533845, 45.0827581 ], [ 7.6530806, 45.0828734 ], [ 7.6529817, 45.0826076 ] ] ] } },
{ "type": "Feature", "properties": { "name": "Artiglieri d'Italia" }, "geometry": { "type": "Polygon", "coordinates": [ [ [ 7.6555738, 45.0695372 ], [ 7.6587804, 45.0683796 ], [ 7.659477, 45.0694184 ], [ 7.6557799, 45.070726 ], [ 7.6555738, 45.0695372 ] ] ] } },
{ "type": "Feature", "properties": { "name": "Giardino Bambine e Bambini vittime di Beslan" }, "geometry": { "type": "Polygon", "coordinates": [ [ [ 7.6297448, 45.0725464 ], [ 7.6305191, 45.0722212 ], [ 7.6309537, 45.0722281 ], [ 7.6310941, 45.0736463 ], [ 7.629847, 45.0736032 ], [ 7.6297448, 45.0725464 ] ] ] } },
{ "type": "Feature", "properties": { "name": "giardino pubblico" }, "geometry": { "type": "Polygon", "coordinates": [ [ [ 7.617046, 45.0153032 ], [ 7.6173368, 45.0151096 ], [ 7.618724, 45.0168292 ], [ 7.6180109, 45.0170887 ], [ 7.617046, 45.0153032 ] ] ] } },
{ "type": "Feature", "properties": { "name": "Giardino Vito Scafidi" }, "geometry": { "type": "Polygon", "coordinates": [ [ [ 7.7189391, 45.071114 ], [ 7.7190243, 45.0709687 ], [ 7.7193153, 45.0709607 ], [ 7.7201868, 45.0711299 ], [ 7.7203123, 45.071315 ], [ 7.7199762, 45.0715433 ], [ 7.7194215, 45.0715671 ], [ 7.7190822, 45.0713956 ], [ 7.7189391, 45.071114 ] ] ] } },
{ "type": "Feature", "properties": { }, "geometry": { "type": "Polygon", "coordinates": [ [ [ 7.6274991, 45.067575 ], [ 7.629592, 45.0670668 ], [ 7.6299191, 45.0677696 ], [ 7.6276532, 45.0683009 ], [ 7.6274991, 45.067575 ] ] ] } },
{ "type": "Feature", "properties": { }, "geometry": { "type": "Polygon", "coordinates": [ [ [ 7.638601, 45.0615723 ], [ 7.6395996, 45.061416 ], [ 7.6396385, 45.0617539 ], [ 7.638601, 45.0615723 ] ] ] } },
{ "type": "Feature", "properties": { }, "geometry": { "type": "Polygon", "coordinates": [ [ [ 7.6358316, 45.0763848 ], [ 7.6357598, 45.0760072 ], [ 7.6358952, 45.0763746 ], [ 7.6358316, 45.0763848 ] ] ] } },
{ "type": "Feature", "properties": { }, "geometry": { "type": "Polygon", "coordinates": [ [ [ 7.6567713, 45.0837882 ], [ 7.657164, 45.0836155 ], [ 7.6572419, 45.0840149 ], [ 7.6568716, 45.0840565 ], [ 7.6567713, 45.0837882 ] ] ] } },
{ "type": "Feature", "properties": { }, "geometry": { "type": "Polygon", "coordinates": [ [ [ 7.7527331, 45.0130634 ], [ 7.7528567, 45.0130341 ], [ 7.7536662, 45.0128415 ], [ 7.7536879, 45.0131105 ], [ 7.7530775, 45.0134599 ], [ 7.7527331, 45.0130634 ] ] ] } },
{ "type": "Feature", "properties": { }, "geometry": { "type": "Polygon", "coordinates": [ [ [ 7.7087198, 45.0679468 ], [ 7.708958, 45.0675429 ], [ 7.7121948, 45.0683966 ], [ 7.7171282, 45.0689264 ], [ 7.7171623, 45.0687525 ], [ 7.7233983, 45.0698403 ], [ 7.7232875, 45.0700482 ], [ 7.7244452, 45.0702279 ], [ 7.724392, 45.0703344 ], [ 7.7245958, 45.0705363 ], [ 7.7244422, 45.0706608 ], [ 7.7217635, 45.0698946 ], [ 7.7193996, 45.0694808 ], [ 7.7113785, 45.0685493 ], [ 7.7087198, 45.0679468 ] ] ] } },
{ "type": "Feature", "properties": { "name": "Giardino San Paolo" }, "geometry": { "type": "Polygon", "coordinates": [ [ [ 7.6509577, 45.060132 ], [ 7.6525007, 45.059962 ], [ 7.6529238, 45.0605562 ], [ 7.652775, 45.0606091 ], [ 7.6528765, 45.0607607 ], [ 7.6530251, 45.0607113 ], [ 7.6532552, 45.0610487 ], [ 7.653099, 45.0611028 ], [ 7.653191, 45.0612381 ], [ 7.6533473, 45.0611823 ], [ 7.6534636, 45.0613481 ], [ 7.6516982, 45.0619794 ], [ 7.6509577, 45.060132 ] ] ] } },
{ "type": "Feature", "properties": { }, "geometry": { "type": "Polygon", "coordinates": [ [ [ 7.6464798, 45.0175312 ], [ 7.6467586, 45.0170661 ], [ 7.6471408, 45.0169103 ], [ 7.6470215, 45.0166032 ], [ 7.6473009, 45.0162163 ], [ 7.6465521, 45.0143298 ], [ 7.6475365, 45.0141667 ], [ 7.6484654, 45.0144014 ], [ 7.6481969, 45.0156565 ], [ 7.6480481, 45.0158511 ], [ 7.6481664, 45.016138 ], [ 7.6479462, 45.0172604 ], [ 7.6464798, 45.0175312 ] ] ] } },
{ "type": "Feature", "properties": { "name": "Giardino Enrico Demarchi" }, "geometry": { "type": "Polygon", "coordinates": [ [ [ 7.6424064, 45.0388082 ], [ 7.6428198, 45.038669 ], [ 7.6433992, 45.0397266 ], [ 7.6429847, 45.0398727 ], [ 7.6426338, 45.0392289 ], [ 7.6426944, 45.0391415 ], [ 7.6424064, 45.0388082 ] ] ] } },
{ "type": "Feature", "properties": { "name": "Giardino Atleti Azzurri d'Italia" }, "geometry": { "type": "Polygon", "coordinates": [ [ [ 7.6420629, 45.0418922 ], [ 7.6425706, 45.0416693 ], [ 7.6430621, 45.0423768 ], [ 7.6425214, 45.042564 ], [ 7.6420629, 45.0418922 ] ] ] } },
{ "type": "Feature", "properties": { "name": "Giardino Cesare Valperga di Masino" }, "geometry": { "type": "Polygon", "coordinates": [ [ [ 7.6619976, 45.0498097 ], [ 7.6629617, 45.0493126 ], [ 7.6638649, 45.0486429 ], [ 7.6652281, 45.0498433 ], [ 7.6651881, 45.049936 ], [ 7.6622602, 45.0502781 ], [ 7.6619976, 45.0498097 ] ] ] } },
{ "type": "Feature", "properties": { }, "geometry": { "type": "Polygon", "coordinates": [ [ [ 7.5665006, 45.0128761 ], [ 7.5666184, 45.0127734 ], [ 7.5665457, 45.0121659 ], [ 7.5674751, 45.012111 ], [ 7.5677835, 45.0125443 ], [ 7.5678633, 45.0130177 ], [ 7.5667085, 45.0130709 ], [ 7.5665006, 45.0128761 ] ] ] } },
{ "type": "Feature", "properties": { }, "geometry": { "type": "Polygon", "coordinates": [ [ [ 7.568011, 45.0143777 ], [ 7.5687765, 45.0142913 ], [ 7.5688427, 45.0143324 ], [ 7.5686824, 45.014654 ], [ 7.5683117, 45.0146714 ], [ 7.568011, 45.0143777 ] ] ] } },
{ "type": "Feature", "properties": { }, "geometry": { "type": "Polygon", "coordinates": [ [ [ 7.5651955, 45.0126084 ], [ 7.5652067, 45.0124939 ], [ 7.5661494, 45.0124157 ], [ 7.5661975, 45.0127886 ], [ 7.5663498, 45.0128668 ], [ 7.5663979, 45.0130946 ], [ 7.5660564, 45.0130822 ], [ 7.566058, 45.012656 ], [ 7.5651955, 45.0126084 ] ] ] } },
{ "type": "Feature", "properties": { }, "geometry": { "type": "Polygon", "coordinates": [ [ [ 7.5667872, 45.0143262 ], [ 7.5677171, 45.0142723 ], [ 7.5677271, 45.0143559 ], [ 7.5676028, 45.0146194 ], [ 7.5667872, 45.0143262 ] ] ] } },
{ "type": "Feature", "properties": { }, "geometry": { "type": "Polygon", "coordinates": [ [ [ 7.5662071, 45.0122639 ], [ 7.5664797, 45.0122525 ], [ 7.5664588, 45.0127943 ], [ 7.5662584, 45.0127693 ], [ 7.5662071, 45.0122639 ] ] ] } },
{ "type": "Feature", "properties": { }, "geometry": { "type": "Polygon", "coordinates": [ [ [ 7.5676242, 45.0145236 ], [ 7.5678747, 45.0143734 ], [ 7.5682475, 45.0146744 ], [ 7.5677926, 45.0146809 ], [ 7.5676242, 45.0145236 ] ] ] } },
{ "type": "Feature", "properties": { }, "geometry": { "type": "Polygon", "coordinates": [ [ [ 7.5678659, 45.0124953 ], [ 7.5688879, 45.0124316 ], [ 7.568933, 45.0128938 ], [ 7.5679435, 45.0130195 ], [ 7.5678659, 45.0124953 ] ] ] } },
{ "type": "Feature", "properties": { }, "geometry": { "type": "Polygon", "coordinates": [ [ [ 7.5608515, 45.013239 ], [ 7.5609031, 45.0129788 ], [ 7.5610185, 45.0130176 ], [ 7.5609554, 45.0133371 ], [ 7.5608515, 45.013239 ] ] ] } },
{ "type": "Feature", "properties": { }, "geometry": { "type": "Polygon", "coordinates": [ [ [ 7.6466121, 45.1184192 ], [ 7.6466691, 45.1173816 ], [ 7.6481203, 45.117521 ], [ 7.6478034, 45.1176855 ], [ 7.6479029, 45.1177417 ], [ 7.6471749, 45.1184124 ], [ 7.6469834, 45.1183126 ], [ 7.6467682, 45.1185041 ], [ 7.6466121, 45.1184192 ] ] ] } },
{ "type": "Feature", "properties": { "name": "Parco Nicholas Green" }, "geometry": { "type": "Polygon", "coordinates": [ [ [ 7.6262427, 45.0429496 ], [ 7.6275196, 45.0428139 ], [ 7.6276768, 45.0429397 ], [ 7.628842, 45.0428891 ], [ 7.6268704, 45.0440033 ], [ 7.6262427, 45.0429496 ] ] ] } },
{ "type": "Feature", "properties": { }, "geometry": { "type": "Polygon", "coordinates": [ [ [ 7.6270752, 45.0624446 ], [ 7.6283677, 45.0599912 ], [ 7.6287496, 45.0600979 ], [ 7.6274485, 45.0625485 ], [ 7.6270752, 45.0624446 ] ] ] } },
{ "type": "Feature", "properties": { }, "geometry": { "type": "Polygon", "coordinates": [ [ [ 7.626183, 45.0641246 ], [ 7.6270039, 45.0625905 ], [ 7.6273916, 45.0626883 ], [ 7.6266012, 45.064185 ], [ 7.626183, 45.0641246 ] ] ] } },
{ "type": "Feature", "properties": { }, "geometry": { "type": "Polygon", "coordinates": [ [ [ 7.6248788, 45.0666714 ], [ 7.6260545, 45.0643859 ], [ 7.6264929, 45.0643746 ], [ 7.6253241, 45.0666146 ], [ 7.6248788, 45.0666714 ] ] ] } },
{ "type": "Feature", "properties": { }, "geometry": { "type": "Polygon", "coordinates": [ [ [ 7.6246962, 45.0669862 ], [ 7.6248259, 45.0667563 ], [ 7.6252648, 45.0667251 ], [ 7.6250738, 45.0670769 ], [ 7.6246962, 45.0669862 ] ] ] } },
{ "type": "Feature", "properties": { }, "geometry": { "type": "Polygon", "coordinates": [ [ [ 7.6234833, 45.0693202 ], [ 7.6246849, 45.0671 ], [ 7.6250121, 45.0671909 ], [ 7.6239393, 45.0692747 ], [ 7.6234833, 45.0693202 ] ] ] } },
{ "type": "Feature", "properties": { }, "geometry": { "type": "Polygon", "coordinates": [ [ [ 7.6229257, 45.0715196 ], [ 7.6230735, 45.0703849 ], [ 7.623449, 45.0694378 ], [ 7.6238889, 45.0693847 ], [ 7.6234383, 45.0704001 ], [ 7.6233012, 45.071567 ], [ 7.6231362, 45.0718341 ], [ 7.6229257, 45.0715196 ] ] ] } },
{ "type": "Feature", "properties": { "name": "Piazza Omero" }, "geometry": { "type": "Polygon", "coordinates": [ [ [ 7.628823, 45.0376797 ], [ 7.6296501, 45.0380785 ], [ 7.6288661, 45.0382663 ], [ 7.628823, 45.0376797 ] ] ] } },
{ "type": "Feature", "properties": { }, "geometry": { "type": "Polygon", "coordinates": [ [ [ 7.5958654, 45.0038714 ], [ 7.5966165, 45.0034542 ], [ 7.5982258, 45.0028473 ], [ 7.5986436, 45.0032455 ], [ 7.5962195, 45.0038639 ], [ 7.5963268, 45.0040687 ], [ 7.5961444, 45.0041521 ], [ 7.5958654, 45.0038714 ] ] ] } },
{ "type": "Feature", "properties": { }, "geometry": { "type": "Polygon", "coordinates": [ [ [ 7.6311976, 45.0461587 ], [ 7.6313659, 45.0460872 ], [ 7.6313148, 45.0454379 ], [ 7.631669, 45.0453196 ], [ 7.631741, 45.0465844 ], [ 7.6312387, 45.0467613 ], [ 7.6311976, 45.0461587 ] ] ] } },
{ "type": "Feature", "properties": { "name": "Parco Comunale" }, "geometry": { "type": "Polygon", "coordinates": [ [ [ 7.5978424, 45.0034825 ], [ 7.5986953, 45.0032492 ], [ 7.5994061, 45.0040249 ], [ 7.5988509, 45.0043302 ], [ 7.5978424, 45.0034825 ] ] ] } },
{ "type": "Feature", "properties": { }, "geometry": { "type": "Polygon", "coordinates": [ [ [ 7.6009938, 45.0022329 ], [ 7.6012191, 45.0021191 ], [ 7.6014122, 45.0023695 ], [ 7.6011762, 45.0024453 ], [ 7.6009938, 45.0022329 ] ] ] } },
{ "type": "Feature", "properties": { }, "geometry": { "type": "Polygon", "coordinates": [ [ [ 7.6058326, 45.0060292 ], [ 7.6062242, 45.0058813 ], [ 7.6061859, 45.0055297 ], [ 7.6065851, 45.0054531 ], [ 7.6065515, 45.0052712 ], [ 7.607002, 45.0051153 ], [ 7.6075668, 45.0059274 ], [ 7.606133, 45.0064388 ], [ 7.6058326, 45.0060292 ] ] ] } },
{ "type": "Feature", "properties": { "name": "Parco Pietro Nenni" }, "geometry": { "type": "Polygon", "coordinates": [ [ [ 7.6259201, 45.0358531 ], [ 7.625966, 45.0355393 ], [ 7.6297523, 45.0342547 ], [ 7.6301258, 45.0348779 ], [ 7.6270202, 45.0357447 ], [ 7.6273205, 45.0363529 ], [ 7.6276406, 45.0362774 ], [ 7.6277089, 45.0364207 ], [ 7.6280983, 45.0363213 ], [ 7.6283144, 45.0367609 ], [ 7.6288406, 45.0366264 ], [ 7.6284812, 45.0370832 ], [ 7.6259201, 45.0358531 ] ] ] } },
{ "type": "Feature", "properties": { }, "geometry": { "type": "Polygon", "coordinates": [ [ [ 7.6294107, 45.0376105 ], [ 7.62952, 45.0374731 ], [ 7.6300754, 45.0377304 ], [ 7.6298975, 45.037926 ], [ 7.6294107, 45.0376105 ] ] ] } },
{ "type": "Feature", "properties": { "name": "Giardino Umberto Boccioni" }, "geometry": { "type": "Polygon", "coordinates": [ [ [ 7.6266762, 45.0392201 ], [ 7.6282909, 45.0375826 ], [ 7.628374, 45.0376205 ], [ 7.6284303, 45.0383331 ], [ 7.6266762, 45.0392201 ] ] ] } },
{ "type": "Feature", "properties": { }, "geometry": { "type": "Polygon", "coordinates": [ [ [ 7.5969009, 45.0271647 ], [ 7.597196, 45.0272822 ], [ 7.5971504, 45.0273657 ], [ 7.5969009, 45.0271647 ] ] ] } },
{ "type": "Feature", "properties": { }, "geometry": { "type": "Polygon", "coordinates": [ [ [ 7.5972255, 45.0274927 ], [ 7.5973971, 45.0273334 ], [ 7.597888, 45.0274908 ], [ 7.597542, 45.0277429 ], [ 7.5972255, 45.0274927 ] ] ] } },
{ "type": "Feature", "properties": { "name": "Parco Miraflores (Boschetto)" }, "geometry": { "type": "Polygon", "coordinates": [ [ [ 7.6283843, 45.0085057 ], [ 7.6294136, 45.0076743 ], [ 7.629569, 45.0076687 ], [ 7.6294966, 45.0076109 ], [ 7.6301189, 45.0071046 ], [ 7.6300277, 45.0068666 ], [ 7.6303584, 45.006048 ], [ 7.6302618, 45.0055933 ], [ 7.6319892, 45.0043189 ], [ 7.6330621, 45.0031962 ], [ 7.6327779, 45.0030311 ], [ 7.633053, 45.0027441 ], [ 7.6338881, 45.0022814 ], [ 7.6345863, 45.0020892 ], [ 7.6359481, 45.0021038 ], [ 7.6374072, 45.0027486 ], [ 7.6379866, 45.0035982 ], [ 7.637772, 45.0048499 ], [ 7.6394829, 45.0062937 ], [ 7.6384109, 45.0068429 ], [ 7.6387579, 45.0078769 ], [ 7.6376073, 45.0083425 ], [ 7.6366162, 45.0085215 ], [ 7.6347192, 45.0094947 ], [ 7.6324233, 45.010389 ], [ 7.6315815, 45.0105689 ], [ 7.6298436, 45.0106168 ], [ 7.6295752, 45.0094766 ], [ 7.6283843, 45.0085057 ] ] ] } },
{ "type": "Feature", "properties": { "name": "Parco Piemonte" }, "geometry": { "type": "Polygon", "coordinates": [ [ [ 7.6205232, 45.0092425 ], [ 7.6247093, 45.0076418 ], [ 7.6256745, 45.0075482 ], [ 7.6265293, 45.0076711 ], [ 7.6276869, 45.0083009 ], [ 7.6293887, 45.0094832 ], [ 7.6298043, 45.0107812 ], [ 7.6282448, 45.010531 ], [ 7.6275319, 45.0106231 ], [ 7.6275618, 45.0118404 ], [ 7.6256055, 45.0121086 ], [ 7.6256806, 45.0123362 ], [ 7.624876, 45.0123665 ], [ 7.624994, 45.0127458 ], [ 7.6247472, 45.0127837 ], [ 7.6225478, 45.0108723 ], [ 7.6233855, 45.0089833 ], [ 7.6231818, 45.0088201 ], [ 7.6226107, 45.0088553 ], [ 7.621903, 45.0095295 ], [ 7.6216056, 45.0100588 ], [ 7.6210616, 45.0095395 ], [ 7.6205232, 45.0092425 ] ] ] } },
{ "type": "Feature", "properties": { }, "geometry": { "type": "Polygon", "coordinates": [ [ [ 7.5366006, 45.0049263 ], [ 7.5374505, 45.0042546 ], [ 7.5376732, 45.0043955 ], [ 7.5368233, 45.0050672 ], [ 7.5366006, 45.0049263 ] ] ] } },
{ "type": "Feature", "properties": { }, "geometry": { "type": "Polygon", "coordinates": [ [ [ 7.6781434, 45.0945508 ], [ 7.6784635, 45.0944535 ], [ 7.678846, 45.0952677 ], [ 7.6785635, 45.0953631 ], [ 7.6781434, 45.0945508 ] ] ] } },
{ "type": "Feature", "properties": { }, "geometry": { "type": "Polygon", "coordinates": [ [ [ 7.6314359, 45.0519481 ], [ 7.6322711, 45.0519364 ], [ 7.6322694, 45.051595 ], [ 7.632634, 45.0515854 ], [ 7.6326241, 45.0513986 ], [ 7.6329884, 45.0513905 ], [ 7.6329765, 45.0511585 ], [ 7.6338365, 45.0496672 ], [ 7.6341603, 45.0498859 ], [ 7.6342302, 45.050776 ], [ 7.6334371, 45.0511001 ], [ 7.6323061, 45.0533218 ], [ 7.6316034, 45.053534 ], [ 7.631968, 45.0528625 ], [ 7.6314745, 45.0527109 ], [ 7.6314359, 45.0519481 ] ] ] } },
{ "type": "Feature", "properties": { "name": "Giardino \"Alfredo Pezzana\"" }, "geometry": { "type": "Polygon", "coordinates": [ [ [ 7.6504044, 45.0552032 ], [ 7.6511058, 45.0554682 ], [ 7.650969, 45.0556425 ], [ 7.6510843, 45.0558263 ], [ 7.6508939, 45.0558926 ], [ 7.6504044, 45.0552032 ] ] ] } },
{ "type": "Feature", "properties": { }, "geometry": { "type": "Polygon", "coordinates": [ [ [ 7.6345004, 45.0355994 ], [ 7.6347764, 45.0355109 ], [ 7.6347093, 45.035382 ], [ 7.6351867, 45.0352152 ], [ 7.6352028, 45.0350711 ], [ 7.6357372, 45.0348864 ], [ 7.636301, 45.0357439 ], [ 7.6348629, 45.0361222 ], [ 7.6345004, 45.0355994 ] ] ] } },
{ "type": "Feature", "properties": { "name": "Giardino Filippo Piredda" }, "geometry": { "type": "Polygon", "coordinates": [ [ [ 7.6372146, 45.0576263 ], [ 7.6389473, 45.0572019 ], [ 7.6391834, 45.0573118 ], [ 7.6393068, 45.0586153 ], [ 7.6375365, 45.0586343 ], [ 7.6372146, 45.0576263 ] ] ] } },
{ "type": "Feature", "properties": { "name": "Giardino Francesco Salerno" }, "geometry": { "type": "Polygon", "coordinates": [ [ [ 7.636249, 45.0584675 ], [ 7.6370363, 45.0584439 ], [ 7.6370966, 45.0588986 ], [ 7.6373072, 45.0588711 ], [ 7.637387, 45.0591366 ], [ 7.6369355, 45.0590214 ], [ 7.6369077, 45.0593165 ], [ 7.6364086, 45.0592178 ], [ 7.636249, 45.0584675 ] ] ] } },
{ "type": "Feature", "properties": { "name": "Giardino Francesco Salerno" }, "geometry": { "type": "Polygon", "coordinates": [ [ [ 7.6363885, 45.0609666 ], [ 7.6364421, 45.0598147 ], [ 7.6366138, 45.0598564 ], [ 7.6367769, 45.0597069 ], [ 7.6366379, 45.0595703 ], [ 7.6364314, 45.0596233 ], [ 7.6364086, 45.0592178 ], [ 7.6373509, 45.0594293 ], [ 7.6373753, 45.0591442 ], [ 7.6376143, 45.0598867 ], [ 7.636882, 45.0599947 ], [ 7.6371476, 45.0608624 ], [ 7.6363885, 45.0609666 ] ] ] } },
{ "type": "Feature", "properties": { "name": "Parco delle Vallere" }, "geometry": { "type": "Polygon", "coordinates": [ [ [ 7.6697508, 45.0133274 ], [ 7.6711771, 45.0104267 ], [ 7.67675, 45.0110928 ], [ 7.6796633, 45.0124786 ], [ 7.6780722, 45.014565 ], [ 7.6751052, 45.0167929 ], [ 7.6735242, 45.0185295 ], [ 7.6733275, 45.0185332 ], [ 7.6730963, 45.0165053 ], [ 7.6727675, 45.015549 ], [ 7.671631, 45.0143121 ], [ 7.6697508, 45.0133274 ] ] ] } },
{ "type": "Feature", "properties": { }, "geometry": { "type": "Polygon", "coordinates": [ [ [ 7.6684069, 45.0243952 ], [ 7.6687304, 45.0243343 ], [ 7.6689932, 45.0248765 ], [ 7.6693902, 45.0247704 ], [ 7.6694546, 45.0248576 ], [ 7.6691112, 45.0252633 ], [ 7.6688323, 45.0253391 ], [ 7.6684069, 45.0243952 ] ] ] } },
{ "type": "Feature", "properties": { "name": "Largo delle Alpi" }, "geometry": { "type": "Polygon", "coordinates": [ [ [ 7.6321428, 45.0015098 ], [ 7.6324897, 45.0012638 ], [ 7.6327423, 45.0013114 ], [ 7.6329043, 45.0015561 ], [ 7.6327942, 45.0017238 ], [ 7.6324252, 45.0017941 ], [ 7.6321428, 45.0015098 ] ] ] } },
{ "type": "Feature", "properties": { "name": "Giardino Giuseppe Levi" }, "geometry": { "type": "Polygon", "coordinates": [ [ [ 7.6689074, 45.0255249 ], [ 7.669873, 45.0253277 ], [ 7.6704792, 45.0249675 ], [ 7.67027, 45.0241031 ], [ 7.6704176, 45.0234414 ], [ 7.6706161, 45.0240045 ], [ 7.670644, 45.0246864 ], [ 7.67074, 45.0247114 ], [ 7.6708151, 45.0241859 ], [ 7.6713691, 45.0259154 ], [ 7.6703962, 45.0260747 ], [ 7.670187, 45.0262206 ], [ 7.6702957, 45.0266209 ], [ 7.6692777, 45.0263931 ], [ 7.6689074, 45.0255249 ] ] ] } },
{ "type": "Feature", "properties": { "name": "Giardino Raoul Wallenberg" }, "geometry": { "type": "Polygon", "coordinates": [ [ [ 7.6308363, 45.0129489 ], [ 7.631432, 45.0128424 ], [ 7.631303, 45.0124483 ], [ 7.6315147, 45.0124077 ], [ 7.6311796, 45.011741 ], [ 7.6313486, 45.0117145 ], [ 7.6315122, 45.0121259 ], [ 7.6316463, 45.0121013 ], [ 7.631961, 45.0129852 ], [ 7.6309657, 45.0132474 ], [ 7.6308363, 45.0129489 ] ] ] } },
{ "type": "Feature", "properties": { }, "geometry": { "type": "Polygon", "coordinates": [ [ [ 7.6351762, 45.0209029 ], [ 7.6357663, 45.0206431 ], [ 7.6358762, 45.020791 ], [ 7.6366111, 45.0206185 ], [ 7.6366836, 45.0205806 ], [ 7.6365092, 45.020372 ], [ 7.6366675, 45.0203189 ], [ 7.6370188, 45.0211835 ], [ 7.6368579, 45.0212498 ], [ 7.636469, 45.0206924 ], [ 7.6353505, 45.0211133 ], [ 7.6351762, 45.0209029 ] ] ] } },
{ "type": "Feature", "properties": { "name": "Giardino Nino Farina" }, "geometry": { "type": "Polygon", "coordinates": [ [ [ 7.6390546, 45.0179793 ], [ 7.6392852, 45.0178997 ], [ 7.6418881, 45.0182281 ], [ 7.6416697, 45.0187268 ], [ 7.6411172, 45.018816 ], [ 7.6410287, 45.0185657 ], [ 7.6393733, 45.0188658 ], [ 7.6390546, 45.0179793 ] ] ] } },
{ "type": "Feature", "properties": { }, "geometry": { "type": "Polygon", "coordinates": [ [ [ 7.6336889, 45.0379398 ], [ 7.6340925, 45.037773 ], [ 7.6341086, 45.0386364 ], [ 7.6337076, 45.0386525 ], [ 7.6336889, 45.0379398 ] ] ] } },
{ "type": "Feature", "properties": { }, "geometry": { "type": "Polygon", "coordinates": [ [ [ 7.63371, 45.0387208 ], [ 7.6341148, 45.0387115 ], [ 7.6341251, 45.0389334 ], [ 7.6337203, 45.0389427 ], [ 7.63371, 45.0387208 ] ] ] } },
{ "type": "Feature", "properties": { }, "geometry": { "type": "Polygon", "coordinates": [ [ [ 7.6336191, 45.0354512 ], [ 7.6340349, 45.0353915 ], [ 7.6340832, 45.0374736 ], [ 7.6336808, 45.0376688 ], [ 7.6336191, 45.0354512 ] ] ] } },
{ "type": "Feature", "properties": { "name": "Parco Arte Vivente" }, "geometry": { "type": "Polygon", "coordinates": [ [ [ 7.6630743, 45.0410849 ], [ 7.6631831, 45.041048 ], [ 7.6640127, 45.0419307 ], [ 7.6654714, 45.0428959 ], [ 7.6659663, 45.0433689 ], [ 7.6640711, 45.0440692 ], [ 7.6633734, 45.0430817 ], [ 7.6642861, 45.0427586 ], [ 7.6630743, 45.0410849 ] ] ] } },
{ "type": "Feature", "properties": { }, "geometry": { "type": "Polygon", "coordinates": [ [ [ 7.619465, 45.0432345 ], [ 7.621451, 45.0421808 ], [ 7.6215666, 45.0421995 ], [ 7.6215103, 45.0424724 ], [ 7.6212655, 45.042447 ], [ 7.6211285, 45.0430739 ], [ 7.6213843, 45.0430977 ], [ 7.6212879, 45.0435349 ], [ 7.6201156, 45.043543 ], [ 7.619465, 45.0432345 ] ] ] } },
{ "type": "Feature", "properties": { }, "geometry": { "type": "Polygon", "coordinates": [ [ [ 7.6218295, 45.0420782 ], [ 7.621851, 45.0419683 ], [ 7.622897, 45.041468 ], [ 7.6233074, 45.0417883 ], [ 7.6243883, 45.0418527 ], [ 7.6245171, 45.0423909 ], [ 7.6243293, 45.0425312 ], [ 7.6241335, 45.0423871 ], [ 7.6235139, 45.0424175 ], [ 7.6234415, 45.0425596 ], [ 7.6231438, 45.0426297 ], [ 7.6230499, 45.0425956 ], [ 7.623125, 45.0422166 ], [ 7.6218295, 45.0420782 ] ] ] } },
{ "type": "Feature", "properties": { }, "geometry": { "type": "Polygon", "coordinates": [ [ [ 7.6503528, 45.0523131 ], [ 7.6504686, 45.0521862 ], [ 7.6507865, 45.0521637 ], [ 7.6509625, 45.052511 ], [ 7.6505298, 45.0526168 ], [ 7.6503528, 45.0523131 ] ] ] } },
{ "type": "Feature", "properties": { }, "geometry": { "type": "Polygon", "coordinates": [ [ [ 7.6246256, 45.0416195 ], [ 7.6252466, 45.0412841 ], [ 7.6252573, 45.0415371 ], [ 7.6255215, 45.0413495 ], [ 7.6257589, 45.0414253 ], [ 7.6259614, 45.0411201 ], [ 7.6261706, 45.0411742 ], [ 7.6262068, 45.0413068 ], [ 7.6270826, 45.0412566 ], [ 7.6271151, 45.0414641 ], [ 7.626271, 45.0415038 ], [ 7.6263803, 45.042833 ], [ 7.6262427, 45.0429496 ], [ 7.626074, 45.0425264 ], [ 7.6249247, 45.0424032 ], [ 7.6246256, 45.0416195 ] ] ] } },
{ "type": "Feature", "properties": { "name": "Giardino “ex Baratti”" }, "geometry": { "type": "Polygon", "coordinates": [ [ [ 7.6386763, 45.0508315 ], [ 7.6398297, 45.0504317 ], [ 7.6398538, 45.0504487 ], [ 7.6398756, 45.0507047 ], [ 7.6393764, 45.050865 ], [ 7.6394717, 45.0510159 ], [ 7.6392047, 45.0510987 ], [ 7.6389902, 45.050949 ], [ 7.6387032, 45.0510419 ], [ 7.6386763, 45.0508315 ] ] ] } },
{ "type": "Feature", "properties": { "name": "Parco Giuseppe di Vittorio" }, "geometry": { "type": "Polygon", "coordinates": [ [ [ 7.6475132, 45.0266529 ], [ 7.6500905, 45.0257759 ], [ 7.6508627, 45.0269095 ], [ 7.6493425, 45.0274242 ], [ 7.6490293, 45.0269739 ], [ 7.6479741, 45.0273296 ], [ 7.6475132, 45.0266529 ] ] ] } },
{ "type": "Feature", "properties": { "name": "Giardino \"Magistrati Caduti nella Difesa dello Stato\"" }, "geometry": { "type": "Polygon", "coordinates": [ [ [ 7.6189033, 45.0421767 ], [ 7.6190856, 45.0421437 ], [ 7.6189173, 45.0417044 ], [ 7.6191124, 45.0416935 ], [ 7.6205018, 45.0418299 ], [ 7.6205635, 45.0417446 ], [ 7.6210865, 45.042226 ], [ 7.6206466, 45.0424629 ], [ 7.6205893, 45.0423051 ], [ 7.6189033, 45.0421767 ] ] ] } },
{ "type": "Feature", "properties": { }, "geometry": { "type": "Polygon", "coordinates": [ [ [ 7.6191558, 45.0402097 ], [ 7.6196936, 45.0398704 ], [ 7.6199229, 45.0400495 ], [ 7.6200919, 45.0397264 ], [ 7.6210629, 45.0403149 ], [ 7.6209113, 45.0404106 ], [ 7.6212895, 45.0407119 ], [ 7.6209556, 45.0406333 ], [ 7.6203038, 45.0411327 ], [ 7.6191558, 45.0402097 ] ] ] } },
{ "type": "Feature", "properties": { }, "geometry": { "type": "Polygon", "coordinates": [ [ [ 7.6178975, 45.0468632 ], [ 7.6184071, 45.0468367 ], [ 7.6182837, 45.0465448 ], [ 7.6199679, 45.0464615 ], [ 7.62022, 45.0475303 ], [ 7.6190118, 45.0478584 ], [ 7.6186056, 45.0470489 ], [ 7.6179511, 45.0469959 ], [ 7.6178975, 45.0468632 ] ] ] } },
{ "type": "Feature", "properties": { "name": "Giardino don Filippo Rinaldi" }, "geometry": { "type": "Polygon", "coordinates": [ [ [ 7.6200056, 45.0491506 ], [ 7.6201343, 45.0491089 ], [ 7.620309, 45.0493347 ], [ 7.6208553, 45.050255 ], [ 7.6217061, 45.0500014 ], [ 7.6215639, 45.0498006 ], [ 7.621749, 45.0497399 ], [ 7.6212796, 45.0489175 ], [ 7.6221567, 45.0486484 ], [ 7.6227709, 45.0497712 ], [ 7.62283, 45.0506201 ], [ 7.6209363, 45.0507063 ], [ 7.620373, 45.0499844 ], [ 7.6200056, 45.0491506 ] ] ] } },
{ "type": "Feature", "properties": { "name": "Giardino Carlo Montù" }, "geometry": { "type": "Polygon", "coordinates": [ [ [ 7.6382176, 45.0352858 ], [ 7.6390735, 45.0350166 ], [ 7.6395637, 45.035809 ], [ 7.6388689, 45.0362084 ], [ 7.6382176, 45.0352858 ] ] ] } },
{ "type": "Feature", "properties": { }, "geometry": { "type": "Polygon", "coordinates": [ [ [ 7.6275481, 45.0480353 ], [ 7.6284615, 45.0475893 ], [ 7.6291789, 45.0475431 ], [ 7.6292647, 45.0483927 ], [ 7.6286989, 45.047835 ], [ 7.627559, 45.0483552 ], [ 7.6275481, 45.0480353 ] ] ] } },
{ "type": "Feature", "properties": { "name": "Giardino Luigi Maiocco" }, "geometry": { "type": "Polygon", "coordinates": [ [ [ 7.6556891, 45.0175483 ], [ 7.6582509, 45.0176187 ], [ 7.6578274, 45.0192135 ], [ 7.6569932, 45.0194107 ], [ 7.656851, 45.019314 ], [ 7.6571514, 45.0181044 ], [ 7.6570781, 45.0179317 ], [ 7.6556891, 45.0175483 ] ] ] } },
{ "type": "Feature", "properties": { }, "geometry": { "type": "Polygon", "coordinates": [ [ [ 7.6431391, 45.0435164 ], [ 7.6433221, 45.0433058 ], [ 7.6436575, 45.0434358 ], [ 7.6434205, 45.0436534 ], [ 7.6431391, 45.0435164 ] ] ] } },
{ "type": "Feature", "properties": { "name": "Giardino Ciro Menotti" }, "geometry": { "type": "Polygon", "coordinates": [ [ [ 7.6557084, 45.0649274 ], [ 7.6558343, 45.0643611 ], [ 7.6558917, 45.0643493 ], [ 7.6561931, 45.0647642 ], [ 7.6557084, 45.0649274 ] ] ] } },
{ "type": "Feature", "properties": { }, "geometry": { "type": "Polygon", "coordinates": [ [ [ 7.5857993, 45.0234262 ], [ 7.5867971, 45.0228234 ], [ 7.5869231, 45.0229162 ], [ 7.5867098, 45.0231197 ], [ 7.5868353, 45.0231728 ], [ 7.5869687, 45.0229371 ], [ 7.5871645, 45.0230888 ], [ 7.5859924, 45.0236461 ], [ 7.5857993, 45.0234262 ] ] ] } },
{ "type": "Feature", "properties": { }, "geometry": { "type": "Polygon", "coordinates": [ [ [ 7.5880082, 45.0227503 ], [ 7.5897489, 45.0233996 ], [ 7.5902586, 45.0234385 ], [ 7.5910337, 45.0230916 ], [ 7.5917847, 45.0224157 ], [ 7.5918834, 45.0225016 ], [ 7.5908822, 45.0234015 ], [ 7.5901794, 45.0236726 ], [ 7.5893764, 45.0235363 ], [ 7.5881289, 45.0229134 ], [ 7.5880082, 45.0227503 ] ] ] } },
{ "type": "Feature", "properties": { "name": "Giardino Vittorio Pozzo" }, "geometry": { "type": "Polygon", "coordinates": [ [ [ 7.6964308, 45.0727141 ], [ 7.6972371, 45.0724615 ], [ 7.6975985, 45.0725322 ], [ 7.6976043, 45.0732757 ], [ 7.6965793, 45.0732444 ], [ 7.6966143, 45.0729912 ], [ 7.6964308, 45.0727141 ] ] ] } },
{ "type": "Feature", "properties": { "name": "Parco dell'Arrivore" }, "geometry": { "type": "Polygon", "coordinates": [ [ [ 7.7045321, 45.1083161 ], [ 7.7082004, 45.107103 ], [ 7.708216, 45.1069695 ], [ 7.7067133, 45.1047657 ], [ 7.7079115, 45.1044739 ], [ 7.7092888, 45.1033581 ], [ 7.7099945, 45.1039256 ], [ 7.7105199, 45.1039099 ], [ 7.7120362, 45.1029411 ], [ 7.7120614, 45.102609 ], [ 7.7114397, 45.1022591 ], [ 7.7111368, 45.1023849 ], [ 7.709245, 45.1008467 ], [ 7.7118895, 45.0994582 ], [ 7.7132442, 45.1007639 ], [ 7.7143181, 45.1000338 ], [ 7.7125049, 45.0989887 ], [ 7.7115394, 45.0981632 ], [ 7.7120973, 45.0978375 ], [ 7.7122881, 45.0980248 ], [ 7.7127195, 45.0977391 ], [ 7.7126337, 45.0975649 ], [ 7.7155519, 45.0960805 ], [ 7.7164356, 45.09583 ], [ 7.7171036, 45.0959805 ], [ 7.7174071, 45.0957854 ], [ 7.7179667, 45.0963773 ], [ 7.7177097, 45.0965415 ], [ 7.7178694, 45.0966788 ], [ 7.7182127, 45.0965046 ], [ 7.7185803, 45.0967748 ], [ 7.7189157, 45.0965506 ], [ 7.719041, 45.0966477 ], [ 7.7187041, 45.0968705 ], [ 7.7189309, 45.0970386 ], [ 7.7193412, 45.0968659 ], [ 7.7196381, 45.0970835 ], [ 7.7191989, 45.0973901 ], [ 7.7192789, 45.0974445 ], [ 7.7190787, 45.0976472 ], [ 7.7194601, 45.0978991 ], [ 7.7192014, 45.0980844 ], [ 7.7194264, 45.0982383 ], [ 7.7204772, 45.0977033 ], [ 7.7207581, 45.0979207 ], [ 7.7192082, 45.0989899 ], [ 7.7167123, 45.1024686 ], [ 7.7156594, 45.1032826 ], [ 7.7139892, 45.1039945 ], [ 7.7121931, 45.1051256 ], [ 7.7114884, 45.1064866 ], [ 7.7089476, 45.1086711 ], [ 7.7058668, 45.1105634 ], [ 7.7045321, 45.1083161 ] ] ] } },
{ "type": "Feature", "properties": { "name": "Giardino \"Giorgio Anglesio\"" }, "geometry": { "type": "Polygon", "coordinates": [ [ [ 7.6750729, 45.0464173 ], [ 7.6753388, 45.0463464 ], [ 7.6755144, 45.046809 ], [ 7.6753504, 45.0468439 ], [ 7.6750729, 45.0464173 ] ] ] } },
{ "type": "Feature", "properties": { }, "geometry": { "type": "Polygon", "coordinates": [ [ [ 7.7084469, 45.0953657 ], [ 7.7085805, 45.0952907 ], [ 7.7088439, 45.0956308 ], [ 7.7085435, 45.0957519 ], [ 7.7084469, 45.0953657 ] ] ] } },
{ "type": "Feature", "properties": { "name": "Parco Villa Genero" }, "geometry": { "type": "Polygon", "coordinates": [ [ [ 7.7060097, 45.0577819 ], [ 7.7066391, 45.0573926 ], [ 7.7067869, 45.0565253 ], [ 7.7070624, 45.0564934 ], [ 7.7074117, 45.056642 ], [ 7.7085259, 45.0565438 ], [ 7.7084934, 45.0564006 ], [ 7.7081534, 45.0562796 ], [ 7.708245, 45.0561556 ], [ 7.708828, 45.0557898 ], [ 7.7093466, 45.0556544 ], [ 7.7099438, 45.0557028 ], [ 7.7103931, 45.0560785 ], [ 7.7113572, 45.0563314 ], [ 7.7113831, 45.0565595 ], [ 7.7117479, 45.0567812 ], [ 7.7127778, 45.0569782 ], [ 7.712971, 45.0572738 ], [ 7.7129602, 45.0574936 ], [ 7.7125525, 45.057774 ], [ 7.7119079, 45.0586906 ], [ 7.710911, 45.0586532 ], [ 7.7105033, 45.0587517 ], [ 7.7101516, 45.0586636 ], [ 7.7098381, 45.058297 ], [ 7.7098489, 45.0578422 ], [ 7.7093232, 45.0573496 ], [ 7.7087331, 45.0570919 ], [ 7.7080142, 45.0570692 ], [ 7.7071107, 45.0574272 ], [ 7.7069833, 45.0576834 ], [ 7.7060097, 45.0577819 ] ] ] } },
{ "type": "Feature", "properties": { "name": "Natale Re" }, "geometry": { "type": "Polygon", "coordinates": [ [ [ 7.631799, 45.0430425 ], [ 7.6322365, 45.0430315 ], [ 7.6322094, 45.0424777 ], [ 7.6324099, 45.0424658 ], [ 7.6323985, 45.0422322 ], [ 7.6330827, 45.0422121 ], [ 7.6331241, 45.0432324 ], [ 7.6318329, 45.0436908 ], [ 7.631799, 45.0430425 ] ] ] } },
{ "type": "Feature", "properties": { }, "geometry": { "type": "Polygon", "coordinates": [ [ [ 7.6520229, 45.0743773 ], [ 7.6524148, 45.074239 ], [ 7.6524269, 45.0744067 ], [ 7.6520229, 45.0743773 ] ] ] } },
{ "type": "Feature", "properties": { "name": "Parco San Vito" }, "geometry": { "type": "Polygon", "coordinates": [ [ [ 7.6942761, 45.0452338 ], [ 7.6950808, 45.0458382 ], [ 7.6953704, 45.0458465 ], [ 7.6967381, 45.0453739 ], [ 7.696596, 45.0444472 ], [ 7.6963409, 45.0440751 ], [ 7.6965025, 45.0439796 ], [ 7.6963452, 45.0434058 ], [ 7.6965202, 45.042706 ], [ 7.6972224, 45.0440501 ], [ 7.6972102, 45.0445789 ], [ 7.6976636, 45.0456212 ], [ 7.6976715, 45.0459557 ], [ 7.6973336, 45.046743 ], [ 7.6963359, 45.0470339 ], [ 7.6961625, 45.0475507 ], [ 7.6955322, 45.0475958 ], [ 7.6945508, 45.0467876 ], [ 7.6944207, 45.0463215 ], [ 7.6945521, 45.045861 ], [ 7.6942761, 45.0452338 ] ] ] } },
{ "type": "Feature", "properties": { "name": "Parco Giacomo Leopardi" }, "geometry": { "type": "Polygon", "coordinates": [ [ [ 7.6861688, 45.0450547 ], [ 7.6864091, 45.0449522 ], [ 7.6863796, 45.0444808 ], [ 7.6870836, 45.0448129 ], [ 7.6881149, 45.0445078 ], [ 7.6898235, 45.0445703 ], [ 7.690191, 45.044702 ], [ 7.6909769, 45.044631 ], [ 7.6911271, 45.0448091 ], [ 7.6907435, 45.0451389 ], [ 7.6908602, 45.0455236 ], [ 7.6912545, 45.045515 ], [ 7.6921449, 45.0459718 ], [ 7.6925684, 45.0466201 ], [ 7.6923703, 45.0466331 ], [ 7.6920873, 45.0461641 ], [ 7.6918942, 45.0460637 ], [ 7.6913313, 45.0463823 ], [ 7.690199, 45.0458855 ], [ 7.6898879, 45.0458779 ], [ 7.6897169, 45.0460409 ], [ 7.689786, 45.0464351 ], [ 7.6900488, 45.046636 ], [ 7.6903599, 45.0466587 ], [ 7.6904404, 45.0468482 ], [ 7.6893635, 45.0477474 ], [ 7.6893125, 45.0480753 ], [ 7.6890551, 45.0481397 ], [ 7.6886876, 45.047574 ], [ 7.689212, 45.047123 ], [ 7.6885172, 45.0471818 ], [ 7.6882799, 45.0467525 ], [ 7.6878494, 45.046653 ], [ 7.6873022, 45.0467213 ], [ 7.6870662, 45.0463622 ], [ 7.6868208, 45.0464181 ], [ 7.6861688, 45.0450547 ] ] ] } },
{ "type": "Feature", "properties": { "name": "Parco del Nobile" }, "geometry": { "type": "Polygon", "coordinates": [ [ [ 7.7098103, 45.0515075 ], [ 7.7112442, 45.051119 ], [ 7.7112818, 45.0508844 ], [ 7.712095, 45.0506044 ], [ 7.7128391, 45.0505005 ], [ 7.7135027, 45.0500821 ], [ 7.7133128, 45.0498597 ], [ 7.7140128, 45.0493119 ], [ 7.7146308, 45.0492876 ], [ 7.7150739, 45.0487318 ], [ 7.716018, 45.0486029 ], [ 7.7162541, 45.048709 ], [ 7.7178454, 45.0478949 ], [ 7.7186231, 45.0478424 ], [ 7.7181084, 45.0482497 ], [ 7.7177916, 45.0487819 ], [ 7.7165242, 45.0494513 ], [ 7.7158771, 45.0506733 ], [ 7.7151412, 45.050885 ], [ 7.7145516, 45.0512262 ], [ 7.7141834, 45.0509223 ], [ 7.7139259, 45.0509754 ], [ 7.7134538, 45.0513241 ], [ 7.7141048, 45.0516963 ], [ 7.7133401, 45.0519397 ], [ 7.7128519, 45.0523402 ], [ 7.7119849, 45.0526544 ], [ 7.711825, 45.052162 ], [ 7.7108347, 45.0522383 ], [ 7.7106214, 45.0520839 ], [ 7.7102272, 45.0521388 ], [ 7.7098103, 45.0515075 ] ] ] } },
{ "type": "Feature", "properties": { "name": "Giardini Marie Curie" }, "geometry": { "type": "Polygon", "coordinates": [ [ [ 7.6193123, 45.0844647 ], [ 7.6198896, 45.0842704 ], [ 7.6199935, 45.084806 ], [ 7.620204, 45.084805 ], [ 7.6201973, 45.0845863 ], [ 7.6200377, 45.0844793 ], [ 7.6205253, 45.084413 ], [ 7.6204824, 45.0842544 ], [ 7.6199975, 45.0843202 ], [ 7.619984, 45.0842352 ], [ 7.6207905, 45.0841532 ], [ 7.6201868, 45.0850849 ], [ 7.621099, 45.0854595 ], [ 7.6219109, 45.0854893 ], [ 7.6208834, 45.0857489 ], [ 7.6194544, 45.0857783 ], [ 7.6193123, 45.0844647 ] ] ] } },
{ "type": "Feature", "properties": { "name": "Parco San Marcellino Champagnat" }, "geometry": { "type": "Polygon", "coordinates": [ [ [ 7.5776153, 45.0614681 ], [ 7.5778733, 45.0614685 ], [ 7.5778567, 45.0612028 ], [ 7.5784527, 45.0611994 ], [ 7.5784366, 45.06101 ], [ 7.578619, 45.06087 ], [ 7.5784515, 45.0604259 ], [ 7.5786005, 45.0603678 ], [ 7.5786995, 45.0605933 ], [ 7.578914, 45.0605971 ], [ 7.5789248, 45.0607563 ], [ 7.5794735, 45.060853 ], [ 7.5794726, 45.0614349 ], [ 7.578501, 45.061548 ], [ 7.5776153, 45.0614681 ] ] ] } },
{ "type": "Feature", "properties": { }, "geometry": { "type": "Polygon", "coordinates": [ [ [ 7.700807, 45.1447138 ], [ 7.7008905, 45.1440385 ], [ 7.7017349, 45.1439018 ], [ 7.7020512, 45.1441231 ], [ 7.701859, 45.1443023 ], [ 7.7020601, 45.1444696 ], [ 7.7023932, 45.144341 ], [ 7.7024054, 45.1439899 ], [ 7.7025271, 45.1444995 ], [ 7.700807, 45.1447138 ] ] ] } },
{ "type": "Feature", "properties": { }, "geometry": { "type": "Polygon", "coordinates": [ [ [ 7.7124922, 45.0868626 ], [ 7.7132513, 45.0874913 ], [ 7.7133505, 45.0887184 ], [ 7.7129555, 45.0891733 ], [ 7.7128369, 45.0878378 ], [ 7.7124922, 45.0868626 ] ] ] } },
{ "type": "Feature", "properties": { }, "geometry": { "type": "Polygon", "coordinates": [ [ [ 7.6444379, 45.0277197 ], [ 7.6467134, 45.0269275 ], [ 7.6472603, 45.0277123 ], [ 7.6449848, 45.0285044 ], [ 7.6444379, 45.0277197 ] ] ] } },
{ "type": "Feature", "properties": { "name": "Giardino Dispersi sul Fronte Russo 1941-1943" }, "geometry": { "type": "Polygon", "coordinates": [ [ [ 7.6484004, 45.0775253 ], [ 7.6490215, 45.0774903 ], [ 7.6493788, 45.0783857 ], [ 7.6492768, 45.0785465 ], [ 7.6488577, 45.0786953 ], [ 7.6484004, 45.0775253 ] ] ] } },
{ "type": "Feature", "properties": { }, "geometry": { "type": "Polygon", "coordinates": [ [ [ 7.7019724, 45.1505819 ], [ 7.7023046, 45.1506425 ], [ 7.7024264, 45.1502433 ], [ 7.7020997, 45.1501706 ], [ 7.7021543, 45.1500427 ], [ 7.7024967, 45.1500798 ], [ 7.7029196, 45.1489277 ], [ 7.7030488, 45.1489553 ], [ 7.7032247, 45.1497909 ], [ 7.7028628, 45.1498224 ], [ 7.7028804, 45.1499586 ], [ 7.7027346, 45.1499796 ], [ 7.7026142, 45.150221 ], [ 7.7028129, 45.1511367 ], [ 7.7020767, 45.1512626 ], [ 7.7019724, 45.1505819 ] ] ] } },
{ "type": "Feature", "properties": { "name": "Parco Dora (area Ingest)" }, "geometry": { "type": "Polygon", "coordinates": [ [ [ 7.6567834, 45.0922603 ], [ 7.6568492, 45.0916841 ], [ 7.6625619, 45.0920251 ], [ 7.6626803, 45.0921209 ], [ 7.6626715, 45.0923646 ], [ 7.6612033, 45.0923155 ], [ 7.6611675, 45.0926112 ], [ 7.6567834, 45.0922603 ] ] ] } },
{ "type": "Feature", "properties": { }, "geometry": { "type": "Polygon", "coordinates": [ [ [ 7.6364508, 45.0110103 ], [ 7.6365555, 45.0108445 ], [ 7.6368542, 45.0108852 ], [ 7.6372389, 45.0119247 ], [ 7.6368085, 45.0120027 ], [ 7.6364508, 45.0110103 ] ] ] } },
{ "type": "Feature", "properties": { }, "geometry": { "type": "Polygon", "coordinates": [ [ [ 7.6368727, 45.0121 ], [ 7.6372258, 45.0120372 ], [ 7.6377941, 45.0136335 ], [ 7.6374409, 45.0136963 ], [ 7.6368727, 45.0121 ] ] ] } },
{ "type": "Feature", "properties": { }, "geometry": { "type": "Polygon", "coordinates": [ [ [ 7.6374848, 45.0137966 ], [ 7.6380299, 45.0136971 ], [ 7.6382772, 45.0143742 ], [ 7.6377321, 45.0144737 ], [ 7.6374848, 45.0137966 ] ] ] } },
{ "type": "Feature", "properties": { "name": "Giardino Terenzio Grandi" }, "geometry": { "type": "Polygon", "coordinates": [ [ [ 7.6231623, 45.0670065 ], [ 7.6233811, 45.0666879 ], [ 7.6246534, 45.0667973 ], [ 7.6244685, 45.0671466 ], [ 7.6231623, 45.0670065 ] ] ] } },
{ "type": "Feature", "properties": { "name": "parco del Podista \"Primo Nebiolo\"" }, "geometry": { "type": "Polygon", "coordinates": [ [ [ 7.5382108, 45.0110474 ], [ 7.5387538, 45.0109119 ], [ 7.5386958, 45.0107419 ], [ 7.5393023, 45.010565 ], [ 7.5396033, 45.0110173 ], [ 7.5400868, 45.0110932 ], [ 7.5402607, 45.011769 ], [ 7.5390613, 45.0118885 ], [ 7.5383693, 45.011355 ], [ 7.5382108, 45.0110474 ] ] ] } },
{ "type": "Feature", "properties": { }, "geometry": { "type": "Polygon", "coordinates": [ [ [ 7.539726, 45.0087799 ], [ 7.5403492, 45.0085452 ], [ 7.5407062, 45.0090921 ], [ 7.5400016, 45.0093445 ], [ 7.539726, 45.0087799 ] ] ] } },
{ "type": "Feature", "properties": { "name": "Parco Dora (area Vitali)" }, "geometry": { "type": "Polygon", "coordinates": [ [ [ 7.663077, 45.0910137 ], [ 7.6666576, 45.0908432 ], [ 7.6697284, 45.0902892 ], [ 7.6697713, 45.0904722 ], [ 7.6686751, 45.0909946 ], [ 7.6689536, 45.0911553 ], [ 7.6687542, 45.0918488 ], [ 7.6693078, 45.0938492 ], [ 7.6689963, 45.0938793 ], [ 7.6688549, 45.0936013 ], [ 7.6685353, 45.0935963 ], [ 7.6683885, 45.093712 ], [ 7.667492, 45.0937857 ], [ 7.6631705, 45.0937628 ], [ 7.6631079, 45.0929814 ], [ 7.6633698, 45.0929472 ], [ 7.6631034, 45.091736 ], [ 7.663077, 45.0910137 ] ] ] } },
{ "type": "Feature", "properties": { "name": "Parco Dora (area Michelin)" }, "geometry": { "type": "Polygon", "coordinates": [ [ [ 7.6631966, 45.0906565 ], [ 7.6632997, 45.0905003 ], [ 7.6641064, 45.090505 ], [ 7.6640434, 45.0901755 ], [ 7.6642346, 45.0899348 ], [ 7.6637748, 45.0897524 ], [ 7.6640639, 45.0894179 ], [ 7.6660314, 45.0887235 ], [ 7.6694747, 45.0892329 ], [ 7.6696778, 45.0894537 ], [ 7.6695692, 45.0895512 ], [ 7.6696417, 45.0899371 ], [ 7.6678973, 45.0903649 ], [ 7.6646664, 45.0907093 ], [ 7.6631966, 45.0906565 ] ] ] } },
{ "type": "Feature", "properties": { }, "geometry": { "type": "Polygon", "coordinates": [ [ [ 7.5342691, 45.0002148 ], [ 7.5349437, 45.0000255 ], [ 7.5349866, 45.0001126 ], [ 7.5346091, 45.0002318 ], [ 7.5346707, 45.00037 ], [ 7.5349437, 45.0003568 ], [ 7.5344217, 45.000495 ], [ 7.5342691, 45.0002148 ] ] ] } },
{ "type": "Feature", "properties": { }, "geometry": { "type": "Polygon", "coordinates": [ [ [ 7.5419934, 45.0079591 ], [ 7.5431209, 45.0075403 ], [ 7.5430368, 45.0073485 ], [ 7.5440916, 45.0076592 ], [ 7.5421616, 45.0082266 ], [ 7.5419934, 45.0079591 ] ] ] } },
{ "type": "Feature", "properties": { "name": "Parco Galileo" }, "geometry": { "type": "Polygon", "coordinates": [ [ [ 7.5433334, 45.0049533 ], [ 7.5440183, 45.0042937 ], [ 7.5438397, 45.0040239 ], [ 7.5447214, 45.0038028 ], [ 7.5449306, 45.0056081 ], [ 7.5444365, 45.0055302 ], [ 7.5433334, 45.0049533 ] ] ] } },
{ "type": "Feature", "properties": { "name": "Giardino \"Edera Cordiale\"" }, "geometry": { "type": "Polygon", "coordinates": [ [ [ 7.6605332, 45.103732 ], [ 7.6619597, 45.1036672 ], [ 7.6624097, 45.1043653 ], [ 7.6623184, 45.1044776 ], [ 7.6605332, 45.103732 ] ] ] } },
{ "type": "Feature", "properties": { }, "geometry": { "type": "Polygon", "coordinates": [ [ [ 7.7374292, 45.0785089 ], [ 7.7375456, 45.0784584 ], [ 7.7379533, 45.0788105 ], [ 7.7377424, 45.0787697 ], [ 7.7374292, 45.0785089 ] ] ] } },
{ "type": "Feature", "properties": { "name": "Aiuola Torremaggiore" }, "geometry": { "type": "Polygon", "coordinates": [ [ [ 7.6677657, 45.0852228 ], [ 7.6681218, 45.0848326 ], [ 7.6682684, 45.085064 ], [ 7.6677657, 45.0852228 ] ] ] } },
{ "type": "Feature", "properties": { }, "geometry": { "type": "Polygon", "coordinates": [ [ [ 7.7203994, 45.0687704 ], [ 7.7204597, 45.0686022 ], [ 7.720681, 45.0686373 ], [ 7.7206265, 45.0687675 ], [ 7.7203994, 45.0687704 ] ] ] } },
{ "type": "Feature", "properties": { "name": "Giardino \"Gino Bartali\"" }, "geometry": { "type": "Polygon", "coordinates": [ [ [ 7.7199206, 45.0670953 ], [ 7.7208439, 45.0667665 ], [ 7.7218796, 45.0666795 ], [ 7.7213502, 45.0670138 ], [ 7.7210424, 45.0669641 ], [ 7.7207839, 45.0671708 ], [ 7.7199206, 45.0670953 ] ] ] } },
{ "type": "Feature", "properties": { }, "geometry": { "type": "Polygon", "coordinates": [ [ [ 7.57917, 45.0181535 ], [ 7.5796212, 45.0179003 ], [ 7.5798522, 45.0180598 ], [ 7.5796695, 45.0183269 ], [ 7.57917, 45.0181535 ] ] ] } },
{ "type": "Feature", "properties": { }, "geometry": { "type": "Polygon", "coordinates": [ [ [ 7.6438377, 45.0786392 ], [ 7.6446809, 45.0786247 ], [ 7.6447164, 45.0792451 ], [ 7.6438666, 45.0792578 ], [ 7.6438377, 45.0786392 ] ] ] } },
{ "type": "Feature", "properties": { }, "geometry": { "type": "Polygon", "coordinates": [ [ [ 7.6686901, 45.0740031 ], [ 7.6685692, 45.0736978 ], [ 7.6687638, 45.0739775 ], [ 7.6686901, 45.0740031 ] ] ] } },
{ "type": "Feature", "properties": { }, "geometry": { "type": "Polygon", "coordinates": [ [ [ 7.6687386, 45.0743913 ], [ 7.6687562, 45.0743475 ], [ 7.6687768, 45.0743786 ], [ 7.6687386, 45.0743913 ] ] ] } },
{ "type": "Feature", "properties": { }, "geometry": { "type": "Polygon", "coordinates": [ [ [ 7.6688043, 45.0743707 ], [ 7.6689712, 45.0742767 ], [ 7.6689921, 45.0743077 ], [ 7.6688043, 45.0743707 ] ] ] } },
{ "type": "Feature", "properties": { }, "geometry": { "type": "Polygon", "coordinates": [ [ [ 7.6688691, 45.0742561 ], [ 7.6687849, 45.0740052 ], [ 7.6689414, 45.0742311 ], [ 7.6688691, 45.0742561 ] ] ] } },
{ "type": "Feature", "properties": { "name": "Giardino Andrea Guglielminetti" }, "geometry": { "type": "Polygon", "coordinates": [ [ [ 7.672704, 45.0709004 ], [ 7.6738246, 45.0704363 ], [ 7.6742139, 45.0709077 ], [ 7.6740758, 45.0713112 ], [ 7.673269, 45.0715971 ], [ 7.672704, 45.0709004 ] ] ] } },
{ "type": "Feature", "properties": { "name": "Volgograd" }, "geometry": { "type": "Polygon", "coordinates": [ [ [ 7.7125102, 45.1294306 ], [ 7.7128988, 45.1292966 ], [ 7.7127869, 45.1287475 ], [ 7.7129939, 45.1286668 ], [ 7.7127615, 45.1282442 ], [ 7.7134433, 45.1278988 ], [ 7.7146924, 45.1276227 ], [ 7.7147844, 45.1282391 ], [ 7.7140286, 45.1283379 ], [ 7.714387, 45.1298987 ], [ 7.713374, 45.1302471 ], [ 7.7134541, 45.1306987 ], [ 7.7128676, 45.1308996 ], [ 7.7125102, 45.1294306 ] ] ] } },
{ "type": "Feature", "properties": { "name": "Giardino Luigi Chignoli" }, "geometry": { "type": "Polygon", "coordinates": [ [ [ 7.6280869, 45.0693459 ], [ 7.6293145, 45.0690339 ], [ 7.6293441, 45.069216 ], [ 7.6297253, 45.0693302 ], [ 7.6298151, 45.0691745 ], [ 7.6303964, 45.069034 ], [ 7.630448, 45.0693548 ], [ 7.629713, 45.0695174 ], [ 7.629456, 45.0694003 ], [ 7.6293159, 45.0695015 ], [ 7.6293626, 45.0698449 ], [ 7.6282563, 45.0701111 ], [ 7.6280869, 45.0693459 ] ] ] } },
{ "type": "Feature", "properties": { "name": "Giardino Piero Coggiola" }, "geometry": { "type": "Polygon", "coordinates": [ [ [ 7.6351511, 45.079999 ], [ 7.6360018, 45.0799812 ], [ 7.6360444, 45.0804923 ], [ 7.635216, 45.0805437 ], [ 7.6351511, 45.079999 ] ] ] } },
{ "type": "Feature", "properties": { }, "geometry": { "type": "Polygon", "coordinates": [ [ [ 7.6108781, 45.0326836 ], [ 7.6109701, 45.0324465 ], [ 7.6114315, 45.0321438 ], [ 7.6123556, 45.033168 ], [ 7.6114897, 45.0333844 ], [ 7.6108781, 45.0326836 ] ] ] } },
{ "type": "Feature", "properties": { }, "geometry": { "type": "Polygon", "coordinates": [ [ [ 7.5316491, 45.0030993 ], [ 7.531905, 45.003024 ], [ 7.5320439, 45.0032582 ], [ 7.5317879, 45.0033335 ], [ 7.5316491, 45.0030993 ] ] ] } },
{ "type": "Feature", "properties": { "name": "parco dell'Orsa Minore" }, "geometry": { "type": "Polygon", "coordinates": [ [ [ 7.5262615, 45.0127265 ], [ 7.5267114, 45.0125402 ], [ 7.5267887, 45.012647 ], [ 7.5270362, 45.0125612 ], [ 7.5269418, 45.012382 ], [ 7.5282665, 45.0120411 ], [ 7.5287992, 45.0129427 ], [ 7.5265181, 45.0133627 ], [ 7.5262615, 45.0127265 ] ] ] } },
{ "type": "Feature", "properties": { }, "geometry": { "type": "Polygon", "coordinates": [ [ [ 7.5303035, 45.010031 ], [ 7.5309014, 45.0098756 ], [ 7.5309381, 45.0098886 ], [ 7.5306974, 45.0103141 ], [ 7.5303035, 45.010031 ] ] ] } },
{ "type": "Feature", "properties": { }, "geometry": { "type": "Polygon", "coordinates": [ [ [ 7.5239517, 45.0076182 ], [ 7.5249749, 45.0076099 ], [ 7.5249826, 45.007764 ], [ 7.5251733, 45.0077502 ], [ 7.5254417, 45.0082783 ], [ 7.5241657, 45.0085533 ], [ 7.5239517, 45.0076182 ] ] ] } },
{ "type": "Feature", "properties": { }, "geometry": { "type": "Polygon", "coordinates": [ [ [ 7.530826, 45.0104981 ], [ 7.5311394, 45.0098587 ], [ 7.5312242, 45.0097788 ], [ 7.5315274, 45.0104582 ], [ 7.530826, 45.0104981 ] ] ] } },
{ "type": "Feature", "properties": { }, "geometry": { "type": "Polygon", "coordinates": [ [ [ 7.6563984, 45.0611441 ], [ 7.6565271, 45.0605943 ], [ 7.6566452, 45.0605299 ], [ 7.6565566, 45.0604541 ], [ 7.6566446, 45.0600755 ], [ 7.6571963, 45.0608597 ], [ 7.6563984, 45.0611441 ] ] ] } },
{ "type": "Feature", "properties": { }, "geometry": { "type": "Polygon", "coordinates": [ [ [ 7.5991812, 44.9928001 ], [ 7.5992377, 44.992377 ], [ 7.5996236, 44.991733 ], [ 7.6004245, 44.9911852 ], [ 7.6016626, 44.9909635 ], [ 7.6027465, 44.9911545 ], [ 7.6034404, 44.991538 ], [ 7.6039085, 44.9920745 ], [ 7.604075, 44.992706 ], [ 7.6039719, 44.9932117 ], [ 7.6065999, 44.9955411 ], [ 7.6067026, 44.9957672 ], [ 7.6060113, 44.996029 ], [ 7.6058289, 44.9958567 ], [ 7.6059193, 44.9956555 ], [ 7.6057645, 44.9954231 ], [ 7.6058931, 44.995057 ], [ 7.6054916, 44.9946709 ], [ 7.6052462, 44.994789 ], [ 7.604994, 44.9945866 ], [ 7.6038192, 44.9934006 ], [ 7.6039121, 44.9931315 ], [ 7.603636, 44.9933225 ], [ 7.6020393, 44.9928123 ], [ 7.6020424, 44.992605 ], [ 7.6018036, 44.9924227 ], [ 7.6013436, 44.9924772 ], [ 7.601209, 44.9927595 ], [ 7.6013939, 44.9929575 ], [ 7.6017084, 44.9930216 ], [ 7.6020411, 44.9941875 ], [ 7.6018021, 44.9944111 ], [ 7.6021334, 44.9943782 ], [ 7.6036872, 44.9957911 ], [ 7.6036877, 44.9959375 ], [ 7.6043028, 44.9963442 ], [ 7.6039884, 44.9965062 ], [ 7.6037873, 44.9963906 ], [ 7.6038136, 44.9961599 ], [ 7.6035688, 44.9961 ], [ 7.6017897, 44.9944467 ], [ 7.6009754, 44.9943995 ], [ 7.6000321, 44.9940535 ], [ 7.5993873, 44.9934345 ], [ 7.5991812, 44.9928001 ] ] ] } },
{ "type": "Feature", "properties": { "name": "parco del Sangone" }, "geometry": { "type": "Polygon", "coordinates": [ [ [ 7.5128943, 45.0233561 ], [ 7.5148468, 45.0230772 ], [ 7.5165127, 45.0224984 ], [ 7.5184357, 45.0212668 ], [ 7.519455, 45.0208763 ], [ 7.5204796, 45.0206829 ], [ 7.5213164, 45.0207701 ], [ 7.5220567, 45.021009 ], [ 7.5229418, 45.02099 ], [ 7.5254738, 45.0205577 ], [ 7.5266575, 45.0201379 ], [ 7.5269534, 45.0205969 ], [ 7.5245083, 45.0210402 ], [ 7.5245867, 45.0216183 ], [ 7.5239566, 45.0215294 ], [ 7.523583, 45.0220028 ], [ 7.5233376, 45.0220077 ], [ 7.5232134, 45.0212636 ], [ 7.519455, 45.0220593 ], [ 7.5194684, 45.0227778 ], [ 7.5185403, 45.0230812 ], [ 7.5183983, 45.0227786 ], [ 7.517501, 45.0229864 ], [ 7.5176544, 45.0231949 ], [ 7.5164053, 45.0235523 ], [ 7.5162363, 45.0234575 ], [ 7.5148872, 45.0235001 ], [ 7.5138277, 45.0242319 ], [ 7.5130792, 45.0237762 ], [ 7.5128943, 45.0233561 ] ] ] } },
{ "type": "Feature", "properties": { "name": "Giardino Donatori di Organi" }, "geometry": { "type": "Polygon", "coordinates": [ [ [ 7.620739, 45.0481488 ], [ 7.6218187, 45.0478293 ], [ 7.6222483, 45.0485711 ], [ 7.6219474, 45.0486633 ], [ 7.6217749, 45.0483732 ], [ 7.6210116, 45.0486021 ], [ 7.620739, 45.0481488 ] ] ] } },
{ "type": "Feature", "properties": { "name": "Parco Vallette" }, "geometry": { "type": "Polygon", "coordinates": [ [ [ 7.6256312, 45.1000577 ], [ 7.6257484, 45.0990819 ], [ 7.6281492, 45.0993021 ], [ 7.6282254, 45.0995377 ], [ 7.6318272, 45.099011 ], [ 7.6314495, 45.0979008 ], [ 7.6321355, 45.0978132 ], [ 7.6320282, 45.0982888 ], [ 7.6332127, 45.0983043 ], [ 7.6332368, 45.0985978 ], [ 7.6371716, 45.1009662 ], [ 7.6349516, 45.1010387 ], [ 7.6341193, 45.100563 ], [ 7.6336579, 45.1004759 ], [ 7.6336016, 45.1001635 ], [ 7.6326642, 45.0996382 ], [ 7.6299899, 45.0998551 ], [ 7.6301136, 45.1004759 ], [ 7.630026, 45.100505 ], [ 7.6295518, 45.1002584 ], [ 7.6258582, 45.1003411 ], [ 7.6256312, 45.1000577 ] ] ] } },
{ "type": "Feature", "properties": { }, "geometry": { "type": "Polygon", "coordinates": [ [ [ 7.5510983, 45.014882 ], [ 7.5514148, 45.0148422 ], [ 7.5514685, 45.0150053 ], [ 7.5518158, 45.0151275 ], [ 7.5525467, 45.0150982 ], [ 7.5522597, 45.0141937 ], [ 7.5513816, 45.014305 ], [ 7.5512128, 45.0135633 ], [ 7.5525822, 45.0134995 ], [ 7.5532982, 45.0137414 ], [ 7.5534508, 45.0139722 ], [ 7.5537088, 45.0138717 ], [ 7.5543525, 45.0140527 ], [ 7.5536632, 45.0152808 ], [ 7.551731, 45.0151909 ], [ 7.5510983, 45.014882 ] ] ] } },
{ "type": "Feature", "properties": { "name": "Parco Clessidra" }, "geometry": { "type": "Polygon", "coordinates": [ [ [ 7.6554428, 45.0513067 ], [ 7.660045, 45.0503507 ], [ 7.6602958, 45.0506586 ], [ 7.6580449, 45.0511271 ], [ 7.6580955, 45.0512025 ], [ 7.6569019, 45.0517103 ], [ 7.6559605, 45.0523356 ], [ 7.6555242, 45.051716 ], [ 7.6554428, 45.0513067 ] ] ] } },
{ "type": "Feature", "properties": { }, "geometry": { "type": "Polygon", "coordinates": [ [ [ 7.6606922, 45.0502365 ], [ 7.6612824, 45.0500617 ], [ 7.6613795, 45.0502551 ], [ 7.6616682, 45.0503737 ], [ 7.6608335, 45.0505545 ], [ 7.6606922, 45.0502365 ] ] ] } },
{ "type": "Feature", "properties": { }, "geometry": { "type": "Polygon", "coordinates": [ [ [ 7.6182756, 45.0973652 ], [ 7.6185947, 45.097121 ], [ 7.6189139, 45.0973084 ], [ 7.6185867, 45.0975584 ], [ 7.6182756, 45.0973652 ] ] ] } },
{ "type": "Feature", "properties": { }, "geometry": { "type": "Polygon", "coordinates": [ [ [ 7.6866247, 45.1053399 ], [ 7.6877262, 45.1052001 ], [ 7.6876949, 45.1049755 ], [ 7.6883536, 45.1048582 ], [ 7.6882946, 45.1041451 ], [ 7.6901699, 45.1047455 ], [ 7.6890878, 45.1052954 ], [ 7.6891743, 45.1056596 ], [ 7.6890169, 45.1057859 ], [ 7.6880996, 45.1061797 ], [ 7.6873509, 45.1062223 ], [ 7.6871519, 45.1063516 ], [ 7.6869583, 45.1063827 ], [ 7.6866247, 45.1053399 ] ] ] } },
{ "type": "Feature", "properties": { }, "geometry": { "type": "Polygon", "coordinates": [ [ [ 7.6816814, 45.1054473 ], [ 7.6821359, 45.1054123 ], [ 7.6822523, 45.1051265 ], [ 7.6829348, 45.1052614 ], [ 7.6829768, 45.1058229 ], [ 7.6817717, 45.1060277 ], [ 7.6816814, 45.1054473 ] ] ] } },
{ "type": "Feature", "properties": { }, "geometry": { "type": "Polygon", "coordinates": [ [ [ 7.6416862, 45.1274285 ], [ 7.6424611, 45.1271707 ], [ 7.6426687, 45.1275073 ], [ 7.6421187, 45.1276765 ], [ 7.6416862, 45.1274285 ] ] ] } },
{ "type": "Feature", "properties": { }, "geometry": { "type": "Polygon", "coordinates": [ [ [ 7.6334204, 45.1295583 ], [ 7.6337305, 45.1294615 ], [ 7.6345836, 45.1297164 ], [ 7.634241, 45.1303601 ], [ 7.6338559, 45.1304918 ], [ 7.6334204, 45.1295583 ] ] ] } },
{ "type": "Feature", "properties": { "name": "Parco Aldo Moro" }, "geometry": { "type": "Polygon", "coordinates": [ [ [ 7.5308623, 45.0987988 ], [ 7.531022, 45.0982627 ], [ 7.5351843, 45.0985367 ], [ 7.536896, 45.0990663 ], [ 7.536694, 45.0992832 ], [ 7.5349486, 45.0988421 ], [ 7.5346429, 45.0989614 ], [ 7.5308623, 45.0987988 ] ] ] } },
{ "type": "Feature", "properties": { }, "geometry": { "type": "Polygon", "coordinates": [ [ [ 7.5604175, 45.0859619 ], [ 7.5621675, 45.0851538 ], [ 7.5632181, 45.086051 ], [ 7.5655878, 45.0860357 ], [ 7.5655072, 45.0862596 ], [ 7.5648526, 45.0865298 ], [ 7.5633269, 45.0866116 ], [ 7.5628687, 45.0865832 ], [ 7.5618224, 45.0860152 ], [ 7.5609663, 45.0864703 ], [ 7.5604175, 45.0859619 ] ] ] } },
{ "type": "Feature", "properties": { "name": "Giardino Simon Wiesenthal" }, "geometry": { "type": "Polygon", "coordinates": [ [ [ 7.6545095, 45.0518841 ], [ 7.6550634, 45.0518586 ], [ 7.6554939, 45.0524014 ], [ 7.6554439, 45.0527895 ], [ 7.6551438, 45.0530874 ], [ 7.655055, 45.0530784 ], [ 7.6551395, 45.0526758 ], [ 7.6549946, 45.0522816 ], [ 7.6545095, 45.0518841 ] ] ] } },
{ "type": "Feature", "properties": { "name": "Giardino Ex Mercato dei Fiori" }, "geometry": { "type": "Polygon", "coordinates": [ [ [ 7.6948233, 45.0804835 ], [ 7.6952495, 45.0799888 ], [ 7.6957151, 45.0801928 ], [ 7.6948233, 45.0804835 ] ] ] } },
{ "type": "Feature", "properties": { "name": "Giardino Fergat" }, "geometry": { "type": "Polygon", "coordinates": [ [ [ 7.6511462, 45.0572958 ], [ 7.6527447, 45.0567714 ], [ 7.6529178, 45.0570127 ], [ 7.651638, 45.0575081 ], [ 7.651761, 45.0576754 ], [ 7.6515014, 45.0577655 ], [ 7.6511462, 45.0572958 ] ] ] } },
{ "type": "Feature", "properties": { }, "geometry": { "type": "Polygon", "coordinates": [ [ [ 7.6259427, 45.0677267 ], [ 7.6260541, 45.0675119 ], [ 7.6268135, 45.0677083 ], [ 7.626702, 45.0679232 ], [ 7.6259427, 45.0677267 ] ] ] } },
{ "type": "Feature", "properties": { }, "geometry": { "type": "Polygon", "coordinates": [ [ [ 7.6239058, 45.0703773 ], [ 7.6249202, 45.0701371 ], [ 7.6250173, 45.0705044 ], [ 7.6239058, 45.0703773 ] ] ] } },
{ "type": "Feature", "properties": { }, "geometry": { "type": "Polygon", "coordinates": [ [ [ 7.6466292, 44.9958884 ], [ 7.6469296, 44.9957253 ], [ 7.6468957, 44.9958781 ], [ 7.6466292, 44.9958884 ] ] ] } },
{ "type": "Feature", "properties": { }, "geometry": { "type": "Polygon", "coordinates": [ [ [ 7.646428, 44.9959074 ], [ 7.646344, 44.9958681 ], [ 7.6464897, 44.9958713 ], [ 7.646428, 44.9959074 ] ] ] } },
{ "type": "Feature", "properties": { }, "geometry": { "type": "Polygon", "coordinates": [ [ [ 7.6460827, 44.9954122 ], [ 7.6462483, 44.9954787 ], [ 7.6464388, 44.995437 ], [ 7.6461223, 44.9955839 ], [ 7.6460827, 44.9954122 ] ] ] } },
{ "type": "Feature", "properties": { }, "geometry": { "type": "Polygon", "coordinates": [ [ [ 7.6461317, 44.9956024 ], [ 7.6463476, 44.9955792 ], [ 7.6462993, 44.9958372 ], [ 7.6462135, 44.9956285 ], [ 7.6461317, 44.9956024 ] ] ] } },
{ "type": "Feature", "properties": { }, "geometry": { "type": "Polygon", "coordinates": [ [ [ 7.6460499, 44.9952852 ], [ 7.6462705, 44.9952486 ], [ 7.6465353, 44.995352 ], [ 7.6462369, 44.9954577 ], [ 7.6460499, 44.9952852 ] ] ] } },
{ "type": "Feature", "properties": { }, "geometry": { "type": "Polygon", "coordinates": [ [ [ 7.6462953, 44.995241 ], [ 7.6469484, 44.9951297 ], [ 7.6471066, 44.9952538 ], [ 7.6464575, 44.9953308 ], [ 7.6462953, 44.995241 ] ] ] } },
{ "type": "Feature", "properties": { "name": "Giardino Francesco Scaglione" }, "geometry": { "type": "Polygon", "coordinates": [ [ [ 7.6478176, 45.0582259 ], [ 7.6481787, 45.0576722 ], [ 7.6481181, 45.057563 ], [ 7.6487972, 45.0573446 ], [ 7.6491268, 45.0578125 ], [ 7.6478176, 45.0582259 ] ] ] } },
{ "type": "Feature", "properties": { "name": "Parco Sangone" }, "geometry": { "type": "Polygon", "coordinates": [ [ [ 7.6350027, 45.0095658 ], [ 7.6363657, 45.0087981 ], [ 7.6375939, 45.0085517 ], [ 7.6388377, 45.0081225 ], [ 7.6403156, 45.0080085 ], [ 7.6413033, 45.0077794 ], [ 7.6423374, 45.0071337 ], [ 7.6427127, 45.0074617 ], [ 7.6428746, 45.0073869 ], [ 7.643068, 45.0077336 ], [ 7.641517, 45.0080696 ], [ 7.6413162, 45.0082093 ], [ 7.6416778, 45.0092502 ], [ 7.6473613, 45.0082392 ], [ 7.6473866, 45.0078483 ], [ 7.6470523, 45.0076196 ], [ 7.6469406, 45.0073119 ], [ 7.648599, 45.0066288 ], [ 7.6487374, 45.0060333 ], [ 7.649188, 45.0063215 ], [ 7.6494358, 45.0073873 ], [ 7.6499774, 45.0077249 ], [ 7.6495879, 45.0092046 ], [ 7.6487425, 45.0091741 ], [ 7.6371385, 45.0105568 ], [ 7.6368153, 45.0096727 ], [ 7.6354103, 45.0099465 ], [ 7.6350027, 45.0095658 ] ] ] } },
{ "type": "Feature", "properties": { }, "geometry": { "type": "Polygon", "coordinates": [ [ [ 7.770196, 45.0357592 ], [ 7.770491, 45.0356171 ], [ 7.7706573, 45.0358085 ], [ 7.7705044, 45.0359621 ], [ 7.770196, 45.0357592 ] ] ] } },
{ "type": "Feature", "properties": { }, "geometry": { "type": "Polygon", "coordinates": [ [ [ 7.7705312, 45.0359943 ], [ 7.7706761, 45.0358332 ], [ 7.7710584, 45.0359964 ], [ 7.7709014, 45.0361706 ], [ 7.7705312, 45.0359943 ] ] ] } },
{ "type": "Feature", "properties": { }, "geometry": { "type": "Polygon", "coordinates": [ [ [ 7.6651284, 45.0168965 ], [ 7.6674221, 45.0165391 ], [ 7.6675223, 45.0151229 ], [ 7.6680258, 45.0151224 ], [ 7.6680368, 45.0159574 ], [ 7.6683044, 45.0159595 ], [ 7.6683619, 45.016348 ], [ 7.6683039, 45.0165768 ], [ 7.6675669, 45.0172107 ], [ 7.6654457, 45.0176568 ], [ 7.6651284, 45.0168965 ] ] ] } },
{ "type": "Feature", "properties": { "name": "Parco Giovanni Falcone Paolo Borsellino" }, "geometry": { "type": "Polygon", "coordinates": [ [ [ 7.5994628, 45.0708418 ], [ 7.5995317, 45.0689059 ], [ 7.6000663, 45.0689154 ], [ 7.6001498, 45.0689888 ], [ 7.6000835, 45.0708528 ], [ 7.5994628, 45.0708418 ] ] ] } },
{ "type": "Feature", "properties": { "name": "Carlo Collodi" }, "geometry": { "type": "Polygon", "coordinates": [ [ [ 7.6477055, 45.0478063 ], [ 7.6478579, 45.0476922 ], [ 7.6482252, 45.0480292 ], [ 7.6484111, 45.0480524 ], [ 7.6482414, 45.0481697 ], [ 7.6480093, 45.048015 ], [ 7.6478412, 45.0481409 ], [ 7.6477295, 45.0480664 ], [ 7.6479019, 45.0479372 ], [ 7.6477055, 45.0478063 ] ] ] } },
{ "type": "Feature", "properties": { "name": "Giardino Claudio Napoleoni" }, "geometry": { "type": "Polygon", "coordinates": [ [ [ 7.698562, 45.1063883 ], [ 7.6991387, 45.1062236 ], [ 7.6995362, 45.1066847 ], [ 7.698908, 45.1068597 ], [ 7.698562, 45.1063883 ] ] ] } },
{ "type": "Feature", "properties": { "name": "Giardini di Via Cena" }, "geometry": { "type": "Polygon", "coordinates": [ [ [ 7.7023414, 45.108972 ], [ 7.7034271, 45.1086174 ], [ 7.703542, 45.1087926 ], [ 7.7024562, 45.1091472 ], [ 7.7023414, 45.108972 ] ] ] } },
{ "type": "Feature", "properties": { }, "geometry": { "type": "Polygon", "coordinates": [ [ [ 7.7022188, 45.1077981 ], [ 7.7027299, 45.107639 ], [ 7.7029264, 45.1079534 ], [ 7.7024154, 45.1081125 ], [ 7.7022188, 45.1077981 ] ] ] } },
{ "type": "Feature", "properties": { "name": "Piazza Ruggero Bonghi" }, "geometry": { "type": "Polygon", "coordinates": [ [ [ 7.6694853, 45.1016214 ], [ 7.6698886, 45.1010063 ], [ 7.6708463, 45.1014274 ], [ 7.6704173, 45.1020136 ], [ 7.6694853, 45.1016214 ] ] ] } },
{ "type": "Feature", "properties": { "name": "Parco Castello di Moncalieri" }, "geometry": { "type": "Polygon", "coordinates": [ [ [ 7.686874, 45.0037208 ], [ 7.6877349, 45.003447 ], [ 7.6872059, 45.002543 ], [ 7.6881031, 45.0022567 ], [ 7.6886401, 45.0031768 ], [ 7.6894617, 45.0029399 ], [ 7.6900438, 45.0040567 ], [ 7.6875123, 45.0047938 ], [ 7.686874, 45.0037208 ] ] ] } },
{ "type": "Feature", "properties": { "name": "Giardino Giuseppe Delfino" }, "geometry": { "type": "Polygon", "coordinates": [ [ [ 7.6290323, 45.0756099 ], [ 7.6291423, 45.0756005 ], [ 7.6295594, 45.0767596 ], [ 7.6292216, 45.0767579 ], [ 7.6290323, 45.0756099 ] ] ] } },
{ "type": "Feature", "properties": { "name": "Giardino Officina Verde Tonolli" }, "geometry": { "type": "Polygon", "coordinates": [ [ [ 7.6296559, 45.0765361 ], [ 7.6297364, 45.0762598 ], [ 7.6300461, 45.0762728 ], [ 7.6301066, 45.0755512 ], [ 7.6309299, 45.0755805 ], [ 7.6310212, 45.0760863 ], [ 7.6305666, 45.0761251 ], [ 7.6302138, 45.0764707 ], [ 7.6303319, 45.0767614 ], [ 7.6297405, 45.0767567 ], [ 7.6296559, 45.0765361 ] ] ] } },
{ "type": "Feature", "properties": { }, "geometry": { "type": "Polygon", "coordinates": [ [ [ 7.6404708, 45.041197 ], [ 7.6408839, 45.041053 ], [ 7.6409087, 45.0412158 ], [ 7.6404961, 45.041355 ], [ 7.6404708, 45.041197 ] ] ] } },
{ "type": "Feature", "properties": { }, "geometry": { "type": "Polygon", "coordinates": [ [ [ 7.6553679, 45.0098114 ], [ 7.6557862, 45.0097234 ], [ 7.655491, 45.0089412 ], [ 7.6556709, 45.0089061 ], [ 7.6562556, 45.0102695 ], [ 7.6555779, 45.0103087 ], [ 7.6553679, 45.0098114 ] ] ] } },
{ "type": "Feature", "properties": { "name": "Parco Crescenzio" }, "geometry": { "type": "Polygon", "coordinates": [ [ [ 7.707017, 45.0760345 ], [ 7.707159, 45.0758951 ], [ 7.7091432, 45.0756735 ], [ 7.7091534, 45.076015 ], [ 7.7109944, 45.0759656 ], [ 7.7110338, 45.0774056 ], [ 7.7089036, 45.0774779 ], [ 7.7070469, 45.0766618 ], [ 7.707017, 45.0760345 ] ], [ [ 7.7106693, 45.0768014 ], [ 7.7106815, 45.0771039 ], [ 7.7109358, 45.0770888 ], [ 7.7109142, 45.0768321 ], [ 7.7106693, 45.0768014 ] ] ] } },
{ "type": "Feature", "properties": { }, "geometry": { "type": "Polygon", "coordinates": [ [ [ 7.7106693, 45.0768014 ], [ 7.7109142, 45.0768321 ], [ 7.7109358, 45.0770888 ], [ 7.7106815, 45.0771039 ], [ 7.7106693, 45.0768014 ] ] ] } },
{ "type": "Feature", "properties": { "name": "Parco Lungo Po Abellonio" }, "geometry": { "type": "Polygon", "coordinates": [ [ [ 7.6791361, 45.0007564 ], [ 7.6796459, 45.0003597 ], [ 7.6795828, 45.0007295 ], [ 7.6793522, 45.0007675 ], [ 7.6794823, 45.0008927 ], [ 7.6797545, 45.0010776 ], [ 7.679953, 45.0009789 ], [ 7.6813746, 45.0016218 ], [ 7.6824743, 45.0022932 ], [ 7.6835418, 45.003196 ], [ 7.6829554, 45.0035047 ], [ 7.6791361, 45.0007564 ] ] ] } },
{ "type": "Feature", "properties": { "name": "Giardino caduti di Nassirya" }, "geometry": { "type": "Polygon", "coordinates": [ [ [ 7.6445362, 44.9998735 ], [ 7.6451866, 44.9994674 ], [ 7.6456008, 44.9995664 ], [ 7.6461532, 44.9994525 ], [ 7.6465736, 44.9996709 ], [ 7.646816, 44.9994267 ], [ 7.6474645, 44.9998028 ], [ 7.6454991, 45.0000488 ], [ 7.6454357, 44.9999468 ], [ 7.6446409, 45.0001607 ], [ 7.6445362, 44.9998735 ] ] ] } },
{ "type": "Feature", "properties": { }, "geometry": { "type": "Polygon", "coordinates": [ [ [ 7.6411826, 45.0035177 ], [ 7.6420962, 45.0034438 ], [ 7.6421475, 45.0040132 ], [ 7.6414504, 45.004032 ], [ 7.6411826, 45.0035177 ] ] ] } },
{ "type": "Feature", "properties": { "name": "Giardino Ferruccio Novo" }, "geometry": { "type": "Polygon", "coordinates": [ [ [ 7.6375236, 45.0382896 ], [ 7.6383663, 45.0378058 ], [ 7.6391082, 45.0373799 ], [ 7.6392047, 45.0379295 ], [ 7.6377081, 45.0384754 ], [ 7.6375236, 45.0382896 ] ] ] } },
{ "type": "Feature", "properties": { }, "geometry": { "type": "Polygon", "coordinates": [ [ [ 7.6796398, 45.0635717 ], [ 7.6796342, 45.0634833 ], [ 7.6797011, 45.0635242 ], [ 7.6796398, 45.0635717 ] ] ] } },
{ "type": "Feature", "properties": { }, "geometry": { "type": "Polygon", "coordinates": [ [ [ 7.68033, 45.0565233 ], [ 7.6805506, 45.0563532 ], [ 7.6806405, 45.0564827 ], [ 7.6803549, 45.0566492 ], [ 7.68033, 45.0565233 ] ] ] } },
{ "type": "Feature", "properties": { "name": "Parco Italo Calvino" }, "geometry": { "type": "Polygon", "coordinates": [ [ [ 7.6124257, 45.0725376 ], [ 7.6124659, 45.0719655 ], [ 7.6131586, 45.0720019 ], [ 7.6132895, 45.0725736 ], [ 7.6124257, 45.0725376 ] ] ] } },
{ "type": "Feature", "properties": { "name": "Giardino Fabrizio De Andrè" }, "geometry": { "type": "Polygon", "coordinates": [ [ [ 7.5579629, 45.0765517 ], [ 7.5579734, 45.0764633 ], [ 7.5592912, 45.0765077 ], [ 7.559254, 45.0775139 ], [ 7.5583131, 45.0774737 ], [ 7.5583548, 45.0771134 ], [ 7.558215, 45.0771032 ], [ 7.558271, 45.0765742 ], [ 7.5579629, 45.0765517 ] ] ] } },
{ "type": "Feature", "properties": { }, "geometry": { "type": "Polygon", "coordinates": [ [ [ 7.6621811, 45.093041 ], [ 7.6622839, 45.0929631 ], [ 7.662398, 45.0930442 ], [ 7.6622862, 45.0931166 ], [ 7.6621811, 45.093041 ] ] ] } },
{ "type": "Feature", "properties": { }, "geometry": { "type": "Polygon", "coordinates": [ [ [ 7.6233404, 45.1181348 ], [ 7.6235384, 45.1175551 ], [ 7.6243444, 45.1178354 ], [ 7.6238045, 45.1182999 ], [ 7.6235255, 45.1182863 ], [ 7.6233404, 45.1181348 ] ] ] } },
{ "type": "Feature", "properties": { }, "geometry": { "type": "Polygon", "coordinates": [ [ [ 7.6169237, 45.0698774 ], [ 7.6169993, 45.0690942 ], [ 7.6180743, 45.0691404 ], [ 7.617932, 45.0699156 ], [ 7.6169237, 45.0698774 ] ] ] } },
{ "type": "Feature", "properties": { "name": "Piazza Failla" }, "geometry": { "type": "Polygon", "coordinates": [ [ [ 7.6931406, 45.0001373 ], [ 7.6933736, 45.0001111 ], [ 7.6934725, 45.0004319 ], [ 7.6932324, 45.0004756 ], [ 7.6931406, 45.0001373 ] ] ] } },
{ "type": "Feature", "properties": { }, "geometry": { "type": "Polygon", "coordinates": [ [ [ 7.6646343, 45.1109522 ], [ 7.6668312, 45.1104702 ], [ 7.6668858, 45.1109933 ], [ 7.6646343, 45.1109522 ] ] ] } },
{ "type": "Feature", "properties": { "name": "Giardino di via Mosso" }, "geometry": { "type": "Polygon", "coordinates": [ [ [ 7.6192652, 45.0769035 ], [ 7.6195053, 45.0769016 ], [ 7.6195657, 45.0771307 ], [ 7.6198714, 45.0770843 ], [ 7.6198693, 45.0769007 ], [ 7.6202192, 45.0768991 ], [ 7.6203122, 45.0770577 ], [ 7.6201155, 45.0771137 ], [ 7.6202791, 45.0775598 ], [ 7.6193873, 45.0775587 ], [ 7.6192652, 45.0769035 ] ] ] } },
{ "type": "Feature", "properties": { "name": "Parco Alpini" }, "geometry": { "type": "Polygon", "coordinates": [ [ [ 7.7709343, 45.0438666 ], [ 7.7709531, 45.0437567 ], [ 7.7713755, 45.0436856 ], [ 7.7719024, 45.0440541 ], [ 7.7713561, 45.0441634 ], [ 7.7713876, 45.0439083 ], [ 7.7709343, 45.0438666 ] ] ] } },
{ "type": "Feature", "properties": { "name": "Parco Pierorlando Catarzi" }, "geometry": { "type": "Polygon", "coordinates": [ [ [ 7.5957052, 45.0799332 ], [ 7.5959573, 45.0790156 ], [ 7.5960963, 45.0790059 ], [ 7.5959805, 45.0789439 ], [ 7.5961526, 45.0781436 ], [ 7.5984927, 45.0780223 ], [ 7.5984888, 45.0782035 ], [ 7.597517, 45.0784212 ], [ 7.5977876, 45.0789347 ], [ 7.597235, 45.0789829 ], [ 7.5972755, 45.0797617 ], [ 7.5957052, 45.0799332 ] ] ] } },
{ "type": "Feature", "properties": { }, "geometry": { "type": "Polygon", "coordinates": [ [ [ 7.79002, 45.1878614 ], [ 7.7903741, 45.18761 ], [ 7.7905082, 45.1879767 ], [ 7.7901998, 45.1880769 ], [ 7.79002, 45.1878614 ] ] ] } },
{ "type": "Feature", "properties": { "name": "Giardino Esuli italiani d'Istria, Fiume e Dalmazia" }, "geometry": { "type": "Polygon", "coordinates": [ [ [ 7.6005542, 45.0711491 ], [ 7.6010788, 45.0711485 ], [ 7.6010842, 45.0713645 ], [ 7.6005756, 45.0713764 ], [ 7.6005542, 45.0711491 ] ] ] } },
{ "type": "Feature", "properties": { }, "geometry": { "type": "Polygon", "coordinates": [ [ [ 7.6009994, 45.0704975 ], [ 7.6010906, 45.068516 ], [ 7.6016914, 45.0685425 ], [ 7.6016485, 45.0705391 ], [ 7.6009994, 45.0704975 ] ] ] } },
{ "type": "Feature", "properties": { "name": "Giardino Pubblico Giuseppe Romita" }, "geometry": { "type": "Polygon", "coordinates": [ [ [ 7.5995886, 45.0728578 ], [ 7.6004015, 45.0728572 ], [ 7.6004684, 45.0735471 ], [ 7.5996637, 45.0735205 ], [ 7.5995886, 45.0728578 ] ] ] } },
{ "type": "Feature", "properties": { "name": "Giardino della Pace e dell'Amicizia" }, "geometry": { "type": "Polygon", "coordinates": [ [ [ 7.5995749, 45.0739694 ], [ 7.6002861, 45.0739913 ], [ 7.6003315, 45.0746363 ], [ 7.5997465, 45.0746651 ], [ 7.5997408, 45.0744944 ], [ 7.5995953, 45.0745101 ], [ 7.5995749, 45.0739694 ] ] ] } },
{ "type": "Feature", "properties": { "name": "Giardino Caduti di Nassiriya" }, "geometry": { "type": "Polygon", "coordinates": [ [ [ 7.5148949, 45.0802427 ], [ 7.5158458, 45.0800782 ], [ 7.515967, 45.0807324 ], [ 7.5151067, 45.0808758 ], [ 7.5148949, 45.0802427 ] ] ] } },
{ "type": "Feature", "properties": { "name": "Giardino Maddalena Autero Humbert" }, "geometry": { "type": "Polygon", "coordinates": [ [ [ 7.5993834, 45.0716481 ], [ 7.5994151, 45.0711211 ], [ 7.6001045, 45.0711379 ], [ 7.6001843, 45.0720826 ], [ 7.5998507, 45.0720739 ], [ 7.5998633, 45.0716697 ], [ 7.5993834, 45.0716481 ] ] ] } },
{ "type": "Feature", "properties": { }, "geometry": { "type": "Polygon", "coordinates": [ [ [ 7.625048, 45.1377477 ], [ 7.6255487, 45.1375969 ], [ 7.625413, 45.1373727 ], [ 7.6265332, 45.1370352 ], [ 7.6267845, 45.1374837 ], [ 7.6265433, 45.137757 ], [ 7.6252735, 45.138159 ], [ 7.625048, 45.1377477 ] ] ] } },
{ "type": "Feature", "properties": { "name": "Giardino di via Macerata" }, "geometry": { "type": "Polygon", "coordinates": [ [ [ 7.6698524, 45.0831712 ], [ 7.6708468, 45.0828998 ], [ 7.6711571, 45.0834951 ], [ 7.6700107, 45.0838568 ], [ 7.6698524, 45.0831712 ] ] ] } },
{ "type": "Feature", "properties": { }, "geometry": { "type": "Polygon", "coordinates": [ [ [ 7.7346743, 45.0192707 ], [ 7.7355161, 45.0191341 ], [ 7.735605, 45.0193303 ], [ 7.7348029, 45.0196549 ], [ 7.7346743, 45.0192707 ] ] ] } },
{ "type": "Feature", "properties": { "name": "Giardino di via Viberti" }, "geometry": { "type": "Polygon", "coordinates": [ [ [ 7.6354514, 45.067569 ], [ 7.6360402, 45.0674189 ], [ 7.6363648, 45.0681122 ], [ 7.6357887, 45.068331 ], [ 7.6354514, 45.067569 ] ] ] } },
{ "type": "Feature", "properties": { "name": "Giardino \"Francesca Laura Morvillo\"" }, "geometry": { "type": "Polygon", "coordinates": [ [ [ 7.6447016, 45.0516592 ], [ 7.64566, 45.051454 ], [ 7.6459548, 45.0520925 ], [ 7.6449796, 45.0522993 ], [ 7.6447016, 45.0516592 ] ] ] } },
{ "type": "Feature", "properties": { }, "geometry": { "type": "Polygon", "coordinates": [ [ [ 7.6307225, 45.1255414 ], [ 7.6315736, 45.1252994 ], [ 7.6317199, 45.1255611 ], [ 7.6335921, 45.1265388 ], [ 7.631544, 45.1271961 ], [ 7.6307225, 45.1255414 ] ] ] } },
{ "type": "Feature", "properties": { }, "geometry": { "type": "Polygon", "coordinates": [ [ [ 7.6276305, 45.1380859 ], [ 7.6302796, 45.1354216 ], [ 7.630837, 45.135279 ], [ 7.6304106, 45.1358931 ], [ 7.6281884, 45.1381028 ], [ 7.6276305, 45.1380859 ] ] ] } },
{ "type": "Feature", "properties": { }, "geometry": { "type": "Polygon", "coordinates": [ [ [ 7.6366057, 45.1282087 ], [ 7.6383274, 45.1266369 ], [ 7.6386991, 45.1262696 ], [ 7.6388098, 45.1264874 ], [ 7.638486, 45.126572 ], [ 7.6374973, 45.1274435 ], [ 7.6376769, 45.1277961 ], [ 7.6370385, 45.1282146 ], [ 7.6370056, 45.1284196 ], [ 7.6366057, 45.1282087 ] ] ] } },
{ "type": "Feature", "properties": { "name": "Parco pubblico Ferdinando Magellano" }, "geometry": { "type": "Polygon", "coordinates": [ [ [ 7.6388864, 45.1262336 ], [ 7.6393131, 45.1260969 ], [ 7.6390523, 45.1259472 ], [ 7.6411996, 45.1239993 ], [ 7.6419271, 45.1241143 ], [ 7.6411588, 45.1255065 ], [ 7.6405978, 45.1253934 ], [ 7.6402399, 45.126279 ], [ 7.6400689, 45.1261798 ], [ 7.6389594, 45.1263809 ], [ 7.6388864, 45.1262336 ] ] ] } },
{ "type": "Feature", "properties": { }, "geometry": { "type": "Polygon", "coordinates": [ [ [ 7.647982, 45.1257202 ], [ 7.6481751, 45.1255611 ], [ 7.6483718, 45.1257182 ], [ 7.6481553, 45.1258381 ], [ 7.647982, 45.1257202 ] ] ] } },
{ "type": "Feature", "properties": { }, "geometry": { "type": "Polygon", "coordinates": [ [ [ 7.635013, 45.1325232 ], [ 7.6355533, 45.1323506 ], [ 7.6362639, 45.1318661 ], [ 7.63662, 45.1321097 ], [ 7.6368208, 45.1319678 ], [ 7.6369539, 45.1320451 ], [ 7.6371487, 45.1318638 ], [ 7.6368954, 45.1317289 ], [ 7.637135, 45.131704 ], [ 7.6375682, 45.1312202 ], [ 7.6380439, 45.130217 ], [ 7.6383373, 45.1301556 ], [ 7.6384653, 45.1305243 ], [ 7.6376718, 45.1316365 ], [ 7.6379584, 45.1328909 ], [ 7.637649, 45.1331523 ], [ 7.6356043, 45.1339948 ], [ 7.6351331, 45.1330697 ], [ 7.635013, 45.1325232 ] ] ] } },
{ "type": "Feature", "properties": { }, "geometry": { "type": "Polygon", "coordinates": [ [ [ 7.6273557, 45.1196451 ], [ 7.6274337, 45.1195861 ], [ 7.6275363, 45.1196486 ], [ 7.6274442, 45.1197131 ], [ 7.6273557, 45.1196451 ] ] ] } },
{ "type": "Feature", "properties": { "name": "Parco Salvo D'Acquisto" }, "geometry": { "type": "Polygon", "coordinates": [ [ [ 7.6285632, 45.1209058 ], [ 7.6301054, 45.1203061 ], [ 7.6302024, 45.1196898 ], [ 7.6321973, 45.11984 ], [ 7.6345414, 45.1229415 ], [ 7.6342261, 45.1231639 ], [ 7.6341332, 45.123039 ], [ 7.6330284, 45.1234656 ], [ 7.6316798, 45.1216863 ], [ 7.629753, 45.1224206 ], [ 7.6285632, 45.1209058 ] ] ] } },
{ "type": "Feature", "properties": { }, "geometry": { "type": "Polygon", "coordinates": [ [ [ 7.6446728, 45.1136818 ], [ 7.645357, 45.1128279 ], [ 7.6456739, 45.1128914 ], [ 7.6456199, 45.1137059 ], [ 7.6446728, 45.1136818 ] ] ] } },
{ "type": "Feature", "properties": { }, "geometry": { "type": "Polygon", "coordinates": [ [ [ 7.6271161, 45.1377242 ], [ 7.6272859, 45.1374094 ], [ 7.6280806, 45.1367452 ], [ 7.6289304, 45.135523 ], [ 7.6297476, 45.1351154 ], [ 7.6298445, 45.1352254 ], [ 7.6289512, 45.1358834 ], [ 7.628804, 45.1362952 ], [ 7.6277451, 45.1375419 ], [ 7.6272521, 45.1378923 ], [ 7.6271161, 45.1377242 ] ] ] } },
{ "type": "Feature", "properties": { "name": "Piazza Giardino Paolo Borsellino" }, "geometry": { "type": "Polygon", "coordinates": [ [ [ 7.5450948, 45.0734679 ], [ 7.5458418, 45.0734277 ], [ 7.5458347, 45.073066 ], [ 7.546165, 45.0728715 ], [ 7.5460644, 45.0738849 ], [ 7.5464649, 45.0743443 ], [ 7.5451822, 45.0743823 ], [ 7.5450948, 45.0734679 ] ] ] } },
{ "type": "Feature", "properties": { }, "geometry": { "type": "Polygon", "coordinates": [ [ [ 7.7244422, 45.0706608 ], [ 7.7245958, 45.0705363 ], [ 7.7267448, 45.0718106 ], [ 7.7265793, 45.071926 ], [ 7.7244422, 45.0706608 ] ] ] } },
{ "type": "Feature", "properties": { }, "geometry": { "type": "Polygon", "coordinates": [ [ [ 7.7265793, 45.071926 ], [ 7.7271595, 45.0716506 ], [ 7.7286422, 45.0733775 ], [ 7.7285054, 45.073421 ], [ 7.7286529, 45.073673 ], [ 7.7292832, 45.0734608 ], [ 7.7299982, 45.0745419 ], [ 7.7295335, 45.07469 ], [ 7.7296542, 45.0749021 ], [ 7.7295442, 45.0749315 ], [ 7.7295276, 45.0751661 ], [ 7.7287444, 45.0752343 ], [ 7.7286694, 45.0742088 ], [ 7.7272102, 45.0722995 ], [ 7.7265793, 45.071926 ] ] ] } },
{ "type": "Feature", "properties": { }, "geometry": { "type": "Polygon", "coordinates": [ [ [ 7.7296392, 45.0755841 ], [ 7.7296413, 45.0754759 ], [ 7.7305376, 45.0755496 ], [ 7.7304929, 45.0755932 ], [ 7.7296392, 45.0755841 ] ] ] } },
{ "type": "Feature", "properties": { }, "geometry": { "type": "Polygon", "coordinates": [ [ [ 7.7295498, 45.0753526 ], [ 7.729554, 45.0752654 ], [ 7.7304439, 45.0752774 ], [ 7.730082, 45.0753646 ], [ 7.7295498, 45.0753526 ] ] ] } },
{ "type": "Feature", "properties": { }, "geometry": { "type": "Polygon", "coordinates": [ [ [ 7.6886416, 45.0652178 ], [ 7.6891147, 45.0650511 ], [ 7.6893498, 45.0653837 ], [ 7.6888767, 45.0655505 ], [ 7.6886416, 45.0652178 ] ] ] } },
{ "type": "Feature", "properties": { }, "geometry": { "type": "Polygon", "coordinates": [ [ [ 7.6472041, 45.0473487 ], [ 7.6473061, 45.0472937 ], [ 7.648556, 45.0481313 ], [ 7.6478613, 45.0483568 ], [ 7.6472041, 45.0473487 ] ], [ [ 7.6477055, 45.0478063 ], [ 7.6479019, 45.0479372 ], [ 7.6477295, 45.0480664 ], [ 7.6478412, 45.0481409 ], [ 7.6480093, 45.048015 ], [ 7.6482414, 45.0481697 ], [ 7.6484111, 45.0480524 ], [ 7.6482252, 45.0480292 ], [ 7.6478579, 45.0476922 ], [ 7.6477055, 45.0478063 ] ] ] } },
{ "type": "Feature", "properties": { }, "geometry": { "type": "Polygon", "coordinates": [ [ [ 7.7224265, 44.9987506 ], [ 7.722733, 44.9986914 ], [ 7.722746, 44.9988275 ], [ 7.722542, 44.9988665 ], [ 7.7226025, 44.9990081 ], [ 7.7224426, 44.9990412 ], [ 7.7224265, 44.9987506 ] ] ] } },
{ "type": "Feature", "properties": { }, "geometry": { "type": "Polygon", "coordinates": [ [ [ 7.7198446, 44.9985863 ], [ 7.7195082, 44.9982664 ], [ 7.7200783, 44.9984086 ], [ 7.7198446, 44.9985863 ] ] ] } },
{ "type": "Feature", "properties": { }, "geometry": { "type": "Polygon", "coordinates": [ [ [ 7.7019128, 45.0873602 ], [ 7.7024183, 45.086823 ], [ 7.7029074, 45.0870525 ], [ 7.7026291, 45.0873481 ], [ 7.7033376, 45.0876805 ], [ 7.7031103, 45.087922 ], [ 7.7019128, 45.0873602 ] ] ] } },
{ "type": "Feature", "properties": { "name": "Giardino Giuseppe Saragat" }, "geometry": { "type": "Polygon", "coordinates": [ [ [ 7.6967033, 45.0867703 ], [ 7.6972018, 45.0860818 ], [ 7.6986936, 45.0867446 ], [ 7.698078, 45.0873991 ], [ 7.6973837, 45.0869912 ], [ 7.6967033, 45.0867703 ] ] ] } },
{ "type": "Feature", "properties": { "name": "Giardino Giorgio Amendola" }, "geometry": { "type": "Polygon", "coordinates": [ [ [ 7.7015324, 45.0861251 ], [ 7.7019128, 45.0860577 ], [ 7.7020316, 45.085922 ], [ 7.7020414, 45.0857816 ], [ 7.701745, 45.0856521 ], [ 7.7019097, 45.085468 ], [ 7.7026804, 45.0858098 ], [ 7.7024966, 45.0860023 ], [ 7.7022074, 45.085876 ], [ 7.7019485, 45.0863068 ], [ 7.7015324, 45.0861251 ] ] ] } },
{ "type": "Feature", "properties": { "name": "Giardino Cesare Facciani" }, "geometry": { "type": "Polygon", "coordinates": [ [ [ 7.7025879, 45.0861604 ], [ 7.7028588, 45.0858631 ], [ 7.7033215, 45.0860762 ], [ 7.7030653, 45.0863801 ], [ 7.7025879, 45.0861604 ] ] ] } },
{ "type": "Feature", "properties": { }, "geometry": { "type": "Polygon", "coordinates": [ [ [ 7.6293375, 45.0370391 ], [ 7.6294971, 45.0371215 ], [ 7.629819, 45.0367993 ], [ 7.6295977, 45.036696 ], [ 7.6296788, 45.0366608 ], [ 7.6308612, 45.0373415 ], [ 7.6301556, 45.0375688 ], [ 7.6294019, 45.0371974 ], [ 7.6293375, 45.0370391 ] ] ] } },
{ "type": "Feature", "properties": { }, "geometry": { "type": "Polygon", "coordinates": [ [ [ 7.5707722, 45.0776371 ], [ 7.5707984, 45.0773391 ], [ 7.5722942, 45.0774049 ], [ 7.5722679, 45.0777029 ], [ 7.5707722, 45.0776371 ] ] ] } },
{ "type": "Feature", "properties": { }, "geometry": { "type": "Polygon", "coordinates": [ [ [ 7.5724744, 45.0776772 ], [ 7.5724972, 45.077409 ], [ 7.5742821, 45.0774791 ], [ 7.5741696, 45.0777793 ], [ 7.5724744, 45.0776772 ] ] ] } },
{ "type": "Feature", "properties": { }, "geometry": { "type": "Polygon", "coordinates": [ [ [ 7.6494165, 45.0948279 ], [ 7.6494769, 45.0947086 ], [ 7.6501742, 45.0944899 ], [ 7.6503754, 45.094862 ], [ 7.6494165, 45.0948279 ] ] ] } },
{ "type": "Feature", "properties": { }, "geometry": { "type": "Polygon", "coordinates": [ [ [ 7.5449881, 45.0715577 ], [ 7.5447438, 45.0714882 ], [ 7.5449903, 45.0715045 ], [ 7.5449881, 45.0715577 ] ] ] } },
{ "type": "Feature", "properties": { "name": "Don Puglisi" }, "geometry": { "type": "Polygon", "coordinates": [ [ [ 7.5396949, 45.0679213 ], [ 7.541728, 45.0675841 ], [ 7.5420928, 45.0678985 ], [ 7.5420177, 45.0681297 ], [ 7.5423374, 45.0687557 ], [ 7.5426523, 45.068967 ], [ 7.5422473, 45.0691755 ], [ 7.5420275, 45.0686903 ], [ 7.541089, 45.0688609 ], [ 7.5411946, 45.0691505 ], [ 7.5403609, 45.0693337 ], [ 7.5402787, 45.0691583 ], [ 7.5403649, 45.0691416 ], [ 7.5396949, 45.0679213 ] ] ] } },
{ "type": "Feature", "properties": { "name": "Giardino Giovanni Battista Schiapparelli" }, "geometry": { "type": "Polygon", "coordinates": [ [ [ 7.6881563, 45.0782485 ], [ 7.6885936, 45.0781212 ], [ 7.6889811, 45.0783515 ], [ 7.688542, 45.0788373 ], [ 7.6881563, 45.0782485 ] ] ] } },
{ "type": "Feature", "properties": { "name": "Giardino Cardinale Michele Pellegrino" }, "geometry": { "type": "Polygon", "coordinates": [ [ [ 7.6844204, 45.0810973 ], [ 7.6851285, 45.0808492 ], [ 7.6852157, 45.0811754 ], [ 7.6850802, 45.0814339 ], [ 7.6847355, 45.0816243 ], [ 7.6844204, 45.0810973 ] ] ] } },
{ "type": "Feature", "properties": { }, "geometry": { "type": "Polygon", "coordinates": [ [ [ 7.6351738, 45.0373764 ], [ 7.6355315, 45.0372607 ], [ 7.6356108, 45.0373972 ], [ 7.6352978, 45.0375674 ], [ 7.6351738, 45.0373764 ] ] ] } },
{ "type": "Feature", "properties": { "name": "Parco Botanico Luigi Colla" }, "geometry": { "type": "Polygon", "coordinates": [ [ [ 7.5168845, 45.0654599 ], [ 7.5173914, 45.0653501 ], [ 7.5175872, 45.0650934 ], [ 7.5183611, 45.0648474 ], [ 7.518588, 45.0660267 ], [ 7.5179132, 45.0660433 ], [ 7.5178474, 45.0658658 ], [ 7.5173968, 45.0659596 ], [ 7.5173244, 45.0657446 ], [ 7.5173539, 45.0659672 ], [ 7.5170783, 45.066004 ], [ 7.5170448, 45.0658471 ], [ 7.5171628, 45.0658263 ], [ 7.5170877, 45.0656141 ], [ 7.516967, 45.0656387 ], [ 7.5168845, 45.0654599 ] ] ] } },
{ "type": "Feature", "properties": { "name": "Giardino Peppino Impastato" }, "geometry": { "type": "Polygon", "coordinates": [ [ [ 7.6988569, 45.096019 ], [ 7.7016718, 45.0949571 ], [ 7.7019211, 45.0953621 ], [ 7.6991703, 45.096422 ], [ 7.6988569, 45.096019 ] ] ] } },
{ "type": "Feature", "properties": { "name": "Giardino Franco Milone" }, "geometry": { "type": "Polygon", "coordinates": [ [ [ 7.7217167, 45.0991744 ], [ 7.7220598, 45.0988633 ], [ 7.7222625, 45.0990995 ], [ 7.7218347, 45.099642 ], [ 7.7217167, 45.0991744 ] ] ] } },
{ "type": "Feature", "properties": { "name": "Parco Pietro Colletta" }, "geometry": { "type": "Polygon", "coordinates": [ [ [ 7.7129232, 45.085644 ], [ 7.7139475, 45.0845175 ], [ 7.7148551, 45.0845755 ], [ 7.71499, 45.0843789 ], [ 7.7154034, 45.0844378 ], [ 7.71599, 45.0841372 ], [ 7.7163564, 45.0837532 ], [ 7.71482, 45.0834381 ], [ 7.7161933, 45.0818927 ], [ 7.7168858, 45.081607 ], [ 7.7170763, 45.0811498 ], [ 7.714923, 45.0801412 ], [ 7.716562, 45.0778798 ], [ 7.7179607, 45.0780134 ], [ 7.7184591, 45.0766434 ], [ 7.7176913, 45.0762633 ], [ 7.7178075, 45.0761072 ], [ 7.7206222, 45.0771775 ], [ 7.7236177, 45.0778139 ], [ 7.7246391, 45.078426 ], [ 7.7247936, 45.0787472 ], [ 7.7246562, 45.0789472 ], [ 7.7204334, 45.0837896 ], [ 7.7191526, 45.0863593 ], [ 7.7190283, 45.0872439 ], [ 7.719103, 45.0890618 ], [ 7.7186138, 45.089086 ], [ 7.718588, 45.0875832 ], [ 7.7187682, 45.0861046 ], [ 7.7145625, 45.0859349 ], [ 7.714408, 45.0857107 ], [ 7.7136442, 45.0859834 ], [ 7.7134382, 45.0857531 ], [ 7.7131549, 45.0858804 ], [ 7.7129232, 45.085644 ] ] ] } },
{ "type": "Feature", "properties": { }, "geometry": { "type": "Polygon", "coordinates": [ [ [ 7.7022446, 45.0740515 ], [ 7.7022511, 45.073724 ], [ 7.7029259, 45.0740698 ], [ 7.702747, 45.0742846 ], [ 7.7027486, 45.074155 ], [ 7.7022446, 45.0740515 ] ] ] } },
{ "type": "Feature", "properties": { "name": "Parco dell'Acciaio" }, "geometry": { "type": "Polygon", "coordinates": [ [ [ 7.7724588, 45.1458945 ], [ 7.7735318, 45.1456765 ], [ 7.7730142, 45.1465228 ], [ 7.7729597, 45.1470264 ], [ 7.7730663, 45.147411 ], [ 7.7738334, 45.1481224 ], [ 7.7736135, 45.1484591 ], [ 7.7727069, 45.1485385 ], [ 7.7724588, 45.1458945 ] ] ] } },
{ "type": "Feature", "properties": { }, "geometry": { "type": "Polygon", "coordinates": [ [ [ 7.706633, 45.0982501 ], [ 7.7080987, 45.0975837 ], [ 7.7082888, 45.0977962 ], [ 7.7069735, 45.0983935 ], [ 7.706633, 45.0982501 ] ] ] } },
{ "type": "Feature", "properties": { }, "geometry": { "type": "Polygon", "coordinates": [ [ [ 7.704345, 45.0993365 ], [ 7.7064413, 45.0983675 ], [ 7.706731, 45.0984859 ], [ 7.7045851, 45.0994745 ], [ 7.704345, 45.0993365 ] ] ] } },
{ "type": "Feature", "properties": { }, "geometry": { "type": "Polygon", "coordinates": [ [ [ 7.7529831, 45.1051452 ], [ 7.7532798, 45.104887 ], [ 7.7542027, 45.1045398 ], [ 7.7540726, 45.105283 ], [ 7.7535888, 45.1058712 ], [ 7.7531654, 45.1058352 ], [ 7.7535858, 45.1053431 ], [ 7.7529831, 45.1051452 ] ] ] } },
{ "type": "Feature", "properties": { }, "geometry": { "type": "Polygon", "coordinates": [ [ [ 7.6526635, 45.0289943 ], [ 7.6539215, 45.0286172 ], [ 7.6540581, 45.0288447 ], [ 7.6528204, 45.029252 ], [ 7.6526635, 45.0289943 ] ] ] } },
{ "type": "Feature", "properties": { }, "geometry": { "type": "Polygon", "coordinates": [ [ [ 7.6992299, 45.1557064 ], [ 7.6995893, 45.1556137 ], [ 7.6995276, 45.1557196 ], [ 7.6992299, 45.1557064 ] ] ] } },
{ "type": "Feature", "properties": { }, "geometry": { "type": "Polygon", "coordinates": [ [ [ 7.750729, 45.1053255 ], [ 7.7512046, 45.1051074 ], [ 7.7515035, 45.1054811 ], [ 7.7510529, 45.1056986 ], [ 7.750729, 45.1053255 ] ] ] } },
{ "type": "Feature", "properties": { "name": "Giardino Terenzio Magliano" }, "geometry": { "type": "Polygon", "coordinates": [ [ [ 7.7188345, 45.0750514 ], [ 7.7189162, 45.0748126 ], [ 7.7197382, 45.0744509 ], [ 7.7200743, 45.074507 ], [ 7.7201227, 45.0742226 ], [ 7.7216877, 45.0744847 ], [ 7.7213733, 45.0751302 ], [ 7.7199669, 45.0748926 ], [ 7.7197862, 45.0753252 ], [ 7.7188345, 45.0750514 ] ] ] } },
{ "type": "Feature", "properties": { }, "geometry": { "type": "Polygon", "coordinates": [ [ [ 7.7542759, 45.1053466 ], [ 7.7543998, 45.1050032 ], [ 7.7551554, 45.1051593 ], [ 7.7549466, 45.1054503 ], [ 7.7542759, 45.1053466 ] ] ] } },
{ "type": "Feature", "properties": { }, "geometry": { "type": "Polygon", "coordinates": [ [ [ 7.7483465, 45.1053078 ], [ 7.7493872, 45.1050525 ], [ 7.7496291, 45.1053681 ], [ 7.7485335, 45.1056837 ], [ 7.7483465, 45.1053078 ] ] ] } },
{ "type": "Feature", "properties": { "name": "Prato della fiera" }, "geometry": { "type": "Polygon", "coordinates": [ [ [ 7.646705, 45.1745022 ], [ 7.6467232, 45.1734848 ], [ 7.6492374, 45.1736226 ], [ 7.6486861, 45.1745412 ], [ 7.646705, 45.1745022 ] ] ] } },
{ "type": "Feature", "properties": { "name": "Parco Melano" }, "geometry": { "type": "Polygon", "coordinates": [ [ [ 7.5045607, 45.0661363 ], [ 7.5046299, 45.0658058 ], [ 7.5059769, 45.0660132 ], [ 7.5075648, 45.0657707 ], [ 7.5075446, 45.0670593 ], [ 7.5071487, 45.0675117 ], [ 7.50719, 45.0682379 ], [ 7.5060865, 45.0673374 ], [ 7.5055236, 45.066483 ], [ 7.5052179, 45.0664717 ], [ 7.5049819, 45.0662022 ], [ 7.5045607, 45.0661363 ] ] ] } },
{ "type": "Feature", "properties": { }, "geometry": { "type": "Polygon", "coordinates": [ [ [ 7.6210893, 45.045461 ], [ 7.6246739, 45.0444962 ], [ 7.6246813, 45.0446869 ], [ 7.6213339, 45.0458722 ], [ 7.6210893, 45.045461 ] ] ] } },
{ "type": "Feature", "properties": { }, "geometry": { "type": "Polygon", "coordinates": [ [ [ 7.6306827, 45.0396705 ], [ 7.6313262, 45.0394658 ], [ 7.6313792, 45.0403642 ], [ 7.6309782, 45.0403751 ], [ 7.630955, 45.0400594 ], [ 7.630698, 45.0400646 ], [ 7.6306827, 45.0396705 ] ] ] } },
{ "type": "Feature", "properties": { }, "geometry": { "type": "Polygon", "coordinates": [ [ [ 7.627489, 45.0862736 ], [ 7.6276124, 45.0862104 ], [ 7.6275581, 45.0856979 ], [ 7.6278343, 45.0855851 ], [ 7.628008, 45.0853123 ], [ 7.6282398, 45.0852634 ], [ 7.6284116, 45.0854688 ], [ 7.6285829, 45.0854151 ], [ 7.6287643, 45.0856955 ], [ 7.6285484, 45.0857291 ], [ 7.6286229, 45.0858196 ], [ 7.6305715, 45.0851885 ], [ 7.6305293, 45.0848603 ], [ 7.6307129, 45.0851553 ], [ 7.630662, 45.0853229 ], [ 7.62823, 45.0861663 ], [ 7.627489, 45.0862736 ] ] ] } },
{ "type": "Feature", "properties": { "name": "Asilo Nido \"La Nidiata\"" }, "geometry": { "type": "Polygon", "coordinates": [ [ [ 7.6711281, 45.1013296 ], [ 7.6720513, 45.1000158 ], [ 7.6721067, 45.1000503 ], [ 7.672293, 45.1012602 ], [ 7.6711281, 45.1013296 ] ] ] } },
{ "type": "Feature", "properties": { }, "geometry": { "type": "Polygon", "coordinates": [ [ [ 7.548141, 45.0693233 ], [ 7.5492572, 45.0691254 ], [ 7.549521, 45.0698938 ], [ 7.5482975, 45.0701099 ], [ 7.548141, 45.0693233 ] ] ] } },
{ "type": "Feature", "properties": { "name": "Piazza dell'Emigrante" }, "geometry": { "type": "Polygon", "coordinates": [ [ [ 7.6466103, 45.176289 ], [ 7.646673, 45.1760032 ], [ 7.646952, 45.176064 ], [ 7.6469232, 45.1762058 ], [ 7.6466103, 45.176289 ] ] ] } },
{ "type": "Feature", "properties": { }, "geometry": { "type": "Polygon", "coordinates": [ [ [ 7.5393009, 45.0666437 ], [ 7.5395169, 45.0664796 ], [ 7.5393616, 45.0659882 ], [ 7.5402185, 45.0656518 ], [ 7.5407264, 45.0666503 ], [ 7.540222, 45.0667155 ], [ 7.5405407, 45.0669546 ], [ 7.5405442, 45.0671014 ], [ 7.5395869, 45.0671756 ], [ 7.5394912, 45.0667031 ], [ 7.5393009, 45.0666437 ] ] ] } },
{ "type": "Feature", "properties": { }, "geometry": { "type": "Polygon", "coordinates": [ [ [ 7.7087603, 45.0972828 ], [ 7.7098841, 45.0967983 ], [ 7.7100468, 45.0969702 ], [ 7.7089549, 45.0974794 ], [ 7.7087603, 45.0972828 ] ] ] } },
{ "type": "Feature", "properties": { }, "geometry": { "type": "Polygon", "coordinates": [ [ [ 7.7082633, 45.0975089 ], [ 7.7085789, 45.0973654 ], [ 7.7087898, 45.097576 ], [ 7.7084521, 45.0977221 ], [ 7.7082633, 45.0975089 ] ] ] } },
{ "type": "Feature", "properties": { "name": "Giardino Santa Maria Goretti" }, "geometry": { "type": "Polygon", "coordinates": [ [ [ 7.6208777, 45.0790267 ], [ 7.6214325, 45.0790179 ], [ 7.6219024, 45.079509 ], [ 7.6208948, 45.079558 ], [ 7.6208777, 45.0790267 ] ] ] } },
{ "type": "Feature", "properties": { }, "geometry": { "type": "Polygon", "coordinates": [ [ [ 7.6224085, 45.0518256 ], [ 7.6229304, 45.0518454 ], [ 7.6228895, 45.0512202 ], [ 7.6235398, 45.0511427 ], [ 7.6235756, 45.051571 ], [ 7.6241399, 45.051551 ], [ 7.624092, 45.0518339 ], [ 7.6229385, 45.0519452 ], [ 7.6228685, 45.0521803 ], [ 7.6224225, 45.0520079 ], [ 7.6224085, 45.0518256 ] ] ] } },
{ "type": "Feature", "properties": { }, "geometry": { "type": "Polygon", "coordinates": [ [ [ 7.7045756, 45.0569177 ], [ 7.7052123, 45.0561206 ], [ 7.7056927, 45.0557375 ], [ 7.7061844, 45.0556766 ], [ 7.7066094, 45.0561194 ], [ 7.7066534, 45.056399 ], [ 7.7064678, 45.0566336 ], [ 7.7058278, 45.0564059 ], [ 7.7052896, 45.0569159 ], [ 7.7053248, 45.0570322 ], [ 7.7045756, 45.0569177 ] ] ] } },
{ "type": "Feature", "properties": { "name": "Parco Michelotti" }, "geometry": { "type": "Polygon", "coordinates": [ [ [ 7.6997905, 45.0640257 ], [ 7.7085591, 45.0672871 ], [ 7.7082637, 45.0677943 ], [ 7.7038926, 45.0667 ], [ 7.700851, 45.0652609 ], [ 7.6997905, 45.0640257 ] ] ] } },
{ "type": "Feature", "properties": { "name": "Giardino Antonio Gamba" }, "geometry": { "type": "Polygon", "coordinates": [ [ [ 7.6279804, 45.0489634 ], [ 7.6280805, 45.0490635 ], [ 7.6292606, 45.04854 ], [ 7.6293006, 45.0490874 ], [ 7.6279927, 45.0491473 ], [ 7.6279804, 45.0489634 ] ] ] } },
{ "type": "Feature", "properties": { }, "geometry": { "type": "Polygon", "coordinates": [ [ [ 7.7003404, 45.0887742 ], [ 7.7006381, 45.0884144 ], [ 7.7017661, 45.088915 ], [ 7.7015635, 45.0891605 ], [ 7.7003404, 45.0887742 ] ] ] } },
{ "type": "Feature", "properties": { }, "geometry": { "type": "Polygon", "coordinates": [ [ [ 7.6276202, 45.0839179 ], [ 7.6278902, 45.0839125 ], [ 7.6278981, 45.0842586 ], [ 7.6281944, 45.0841652 ], [ 7.6283409, 45.0844024 ], [ 7.628, 45.0845138 ], [ 7.6276202, 45.0839179 ] ] ] } },
{ "type": "Feature", "properties": { }, "geometry": { "type": "Polygon", "coordinates": [ [ [ 7.6274428, 45.0836599 ], [ 7.6280738, 45.0835792 ], [ 7.628193, 45.0836867 ], [ 7.6274923, 45.0837374 ], [ 7.6274428, 45.0836599 ] ] ] } },
{ "type": "Feature", "properties": { }, "geometry": { "type": "Polygon", "coordinates": [ [ [ 7.6269102, 45.0843865 ], [ 7.6276942, 45.0843685 ], [ 7.6278726, 45.0846455 ], [ 7.6269136, 45.0846535 ], [ 7.6269102, 45.0843865 ] ] ] } },
{ "type": "Feature", "properties": { }, "geometry": { "type": "Polygon", "coordinates": [ [ [ 7.5168845, 45.0654599 ], [ 7.5173914, 45.0653501 ], [ 7.5175872, 45.0650934 ], [ 7.5183611, 45.0648474 ], [ 7.5185874, 45.0659993 ], [ 7.5179132, 45.0660433 ], [ 7.5178474, 45.0658658 ], [ 7.5173968, 45.0659596 ], [ 7.5173293, 45.0657459 ], [ 7.5173539, 45.0659672 ], [ 7.5170783, 45.066004 ], [ 7.5170544, 45.0658525 ], [ 7.5171628, 45.0658263 ], [ 7.5170877, 45.0656141 ], [ 7.516967, 45.0656387 ], [ 7.5168845, 45.0654599 ] ] ] } },
{ "type": "Feature", "properties": { }, "geometry": { "type": "Polygon", "coordinates": [ [ [ 7.6586428, 45.0221295 ], [ 7.659375, 45.0219304 ], [ 7.6594582, 45.0221484 ], [ 7.6592543, 45.0220631 ], [ 7.6586428, 45.0221295 ] ] ] } },
{ "type": "Feature", "properties": { }, "geometry": { "type": "Polygon", "coordinates": [ [ [ 7.6584845, 45.0226526 ], [ 7.6585113, 45.0223589 ], [ 7.6589003, 45.0223191 ], [ 7.6589308, 45.0224404 ], [ 7.6584845, 45.0226526 ] ] ] } },
{ "type": "Feature", "properties": { }, "geometry": { "type": "Polygon", "coordinates": [ [ [ 7.7034497, 45.0910763 ], [ 7.7028806, 45.0910049 ], [ 7.70346, 45.0910371 ], [ 7.7034497, 45.0910763 ] ] ] } },
{ "type": "Feature", "properties": { }, "geometry": { "type": "Polygon", "coordinates": [ [ [ 7.7024568, 45.090986 ], [ 7.7027052, 45.0909879 ], [ 7.7025352, 45.0910327 ], [ 7.7024568, 45.090986 ] ] ] } },
{ "type": "Feature", "properties": { }, "geometry": { "type": "Polygon", "coordinates": [ [ [ 7.5417553, 45.0693662 ], [ 7.5426913, 45.0691818 ], [ 7.5427955, 45.0696829 ], [ 7.5423556, 45.0697511 ], [ 7.5422059, 45.0695367 ], [ 7.5418728, 45.0696071 ], [ 7.5417553, 45.0693662 ] ] ] } },
{ "type": "Feature", "properties": { }, "geometry": { "type": "Polygon", "coordinates": [ [ [ 7.5409614, 45.0695291 ], [ 7.5416158, 45.0694078 ], [ 7.5417816, 45.0698193 ], [ 7.5411218, 45.0699481 ], [ 7.5409614, 45.0695291 ] ] ] } },
{ "type": "Feature", "properties": { }, "geometry": { "type": "Polygon", "coordinates": [ [ [ 7.6322773, 45.065601 ], [ 7.6330271, 45.0654406 ], [ 7.6331659, 45.0657289 ], [ 7.6323993, 45.0659071 ], [ 7.6322773, 45.065601 ] ] ] } },
{ "type": "Feature", "properties": { }, "geometry": { "type": "Polygon", "coordinates": [ [ [ 7.6294673, 45.0652307 ], [ 7.6296773, 45.0651581 ], [ 7.6298911, 45.0654997 ], [ 7.6296282, 45.0655585 ], [ 7.6294673, 45.0652307 ] ] ] } },
{ "type": "Feature", "properties": { "name": "Parco Gaetano Salvemini" }, "geometry": { "type": "Polygon", "coordinates": [ [ [ 7.5168832, 45.0772633 ], [ 7.5173205, 45.0771046 ], [ 7.5171052, 45.0770725 ], [ 7.5170911, 45.0768904 ], [ 7.517886, 45.0765916 ], [ 7.5180125, 45.0766433 ], [ 7.5182333, 45.077335 ], [ 7.5189158, 45.0773524 ], [ 7.5189172, 45.077539 ], [ 7.5179182, 45.0776226 ], [ 7.5180363, 45.0780688 ], [ 7.5172726, 45.0782304 ], [ 7.5168832, 45.0772633 ] ] ] } },
{ "type": "Feature", "properties": { }, "geometry": { "type": "Polygon", "coordinates": [ [ [ 7.6973276, 45.0849067 ], [ 7.6975839, 45.0846289 ], [ 7.6978513, 45.0847519 ], [ 7.6975545, 45.0850736 ], [ 7.6973276, 45.0849067 ] ] ] } },
{ "type": "Feature", "properties": { "name": "Parco Filippo Turati" }, "geometry": { "type": "Polygon", "coordinates": [ [ [ 7.5159454, 45.0746197 ], [ 7.5163488, 45.0745478 ], [ 7.5165715, 45.0741759 ], [ 7.5164727, 45.0734941 ], [ 7.5159784, 45.0724944 ], [ 7.516557, 45.0724998 ], [ 7.5171018, 45.0720661 ], [ 7.5173855, 45.0726873 ], [ 7.5176828, 45.0727795 ], [ 7.5177948, 45.0731744 ], [ 7.5179442, 45.0731629 ], [ 7.5179893, 45.0734816 ], [ 7.5163683, 45.0748153 ], [ 7.5159454, 45.0746197 ] ] ] } },
{ "type": "Feature", "properties": { }, "geometry": { "type": "Polygon", "coordinates": [ [ [ 7.6319817, 45.070454 ], [ 7.6320435, 45.0699072 ], [ 7.6321628, 45.0698628 ], [ 7.6325008, 45.0703269 ], [ 7.6319817, 45.070454 ] ] ] } },
{ "type": "Feature", "properties": { }, "geometry": { "type": "Polygon", "coordinates": [ [ [ 7.6348462, 45.0257467 ], [ 7.6357246, 45.0253752 ], [ 7.6361283, 45.0259723 ], [ 7.6352348, 45.0262735 ], [ 7.6348462, 45.0257467 ] ] ] } },
{ "type": "Feature", "properties": { }, "geometry": { "type": "Polygon", "coordinates": [ [ [ 7.6367237, 45.0283817 ], [ 7.6369919, 45.028285 ], [ 7.637244, 45.0284177 ], [ 7.6375015, 45.0283665 ], [ 7.6377134, 45.0281277 ], [ 7.6383572, 45.0290433 ], [ 7.6373996, 45.0293788 ], [ 7.6367237, 45.0283817 ] ] ] } },
{ "type": "Feature", "properties": { }, "geometry": { "type": "Polygon", "coordinates": [ [ [ 7.6297442, 45.0670311 ], [ 7.6298944, 45.0669909 ], [ 7.6302216, 45.0676785 ], [ 7.6300661, 45.0677145 ], [ 7.6297442, 45.0670311 ] ] ] } },
{ "type": "Feature", "properties": { }, "geometry": { "type": "Polygon", "coordinates": [ [ [ 7.5259989, 45.063357 ], [ 7.5262606, 45.0633167 ], [ 7.5261801, 45.0631651 ], [ 7.5267756, 45.0630211 ], [ 7.5275963, 45.0629795 ], [ 7.5275641, 45.0637941 ], [ 7.5272852, 45.0647338 ], [ 7.5273975, 45.0649103 ], [ 7.5265799, 45.0652122 ], [ 7.5259989, 45.063357 ] ] ] } },
{ "type": "Feature", "properties": { }, "geometry": { "type": "Polygon", "coordinates": [ [ [ 7.5294648, 45.0897212 ], [ 7.5295131, 45.0895318 ], [ 7.5316106, 45.0888804 ], [ 7.5314711, 45.0895053 ], [ 7.5306887, 45.0894114 ], [ 7.5306136, 45.089544 ], [ 7.530222, 45.0895212 ], [ 7.5301351, 45.0897591 ], [ 7.5294648, 45.0897212 ] ] ] } },
{ "type": "Feature", "properties": { }, "geometry": { "type": "Polygon", "coordinates": [ [ [ 7.7034343, 45.1506867 ], [ 7.7039843, 45.1505737 ], [ 7.7040541, 45.1509117 ], [ 7.7034912, 45.1510104 ], [ 7.7034343, 45.1506867 ] ] ] } },
{ "type": "Feature", "properties": { }, "geometry": { "type": "Polygon", "coordinates": [ [ [ 7.7186831, 45.1512518 ], [ 7.7186867, 45.1510722 ], [ 7.7194469, 45.1511198 ], [ 7.7194469, 45.151431 ], [ 7.7189173, 45.1514591 ], [ 7.7188973, 45.1512483 ], [ 7.7186831, 45.1512518 ] ] ] } },
{ "type": "Feature", "properties": { }, "geometry": { "type": "Polygon", "coordinates": [ [ [ 7.6989065, 45.1529161 ], [ 7.6995752, 45.1528285 ], [ 7.6996028, 45.1530795 ], [ 7.698961, 45.1531262 ], [ 7.6989065, 45.1529161 ] ] ] } },
{ "type": "Feature", "properties": { "name": "Parco Luigi Galvani" }, "geometry": { "type": "Polygon", "coordinates": [ [ [ 7.7025077, 45.143893 ], [ 7.7026254, 45.1437481 ], [ 7.7047945, 45.1434243 ], [ 7.704502, 45.1436178 ], [ 7.7045091, 45.1438761 ], [ 7.7025847, 45.1441938 ], [ 7.7025077, 45.143893 ] ] ] } },
{ "type": "Feature", "properties": { }, "geometry": { "type": "Polygon", "coordinates": [ [ [ 7.7032045, 45.1484217 ], [ 7.7032664, 45.1481953 ], [ 7.703448, 45.1481829 ], [ 7.703547, 45.1486651 ], [ 7.7033798, 45.1486515 ], [ 7.7033283, 45.148452 ], [ 7.7032045, 45.1484217 ] ] ] } },
{ "type": "Feature", "properties": { }, "geometry": { "type": "Polygon", "coordinates": [ [ [ 7.7037042, 45.1466143 ], [ 7.7037759, 45.1464448 ], [ 7.704447, 45.1463107 ], [ 7.7044979, 45.1460706 ], [ 7.7046507, 45.1464402 ], [ 7.7037042, 45.1466143 ] ] ] } },
{ "type": "Feature", "properties": { }, "geometry": { "type": "Polygon", "coordinates": [ [ [ 7.7021514, 45.152124 ], [ 7.7022438, 45.151509 ], [ 7.7023646, 45.1514707 ], [ 7.7025954, 45.1520423 ], [ 7.7021514, 45.152124 ] ] ] } },
{ "type": "Feature", "properties": { }, "geometry": { "type": "Polygon", "coordinates": [ [ [ 7.7006345, 45.1497874 ], [ 7.7008286, 45.1497612 ], [ 7.7008964, 45.1498945 ], [ 7.7014981, 45.1498762 ], [ 7.7006936, 45.1500094 ], [ 7.7006345, 45.1497874 ] ] ] } },
{ "type": "Feature", "properties": { }, "geometry": { "type": "Polygon", "coordinates": [ [ [ 7.6992419, 45.1515516 ], [ 7.6995584, 45.1515556 ], [ 7.6996208, 45.1518966 ], [ 7.6997984, 45.1519089 ], [ 7.6998271, 45.1521267 ], [ 7.7001667, 45.152099 ], [ 7.7000859, 45.151551 ], [ 7.7006894, 45.1515177 ], [ 7.7007614, 45.1520518 ], [ 7.701122, 45.1520385 ], [ 7.7010829, 45.1517968 ], [ 7.7012929, 45.1518062 ], [ 7.701385, 45.1525588 ], [ 7.6999514, 45.1526851 ], [ 7.6999399, 45.1525722 ], [ 7.7000912, 45.1525377 ], [ 7.7010201, 45.1524768 ], [ 7.7009895, 45.1523085 ], [ 7.7005754, 45.1521436 ], [ 7.6993138, 45.1521977 ], [ 7.6992419, 45.1515516 ] ] ] } },
{ "type": "Feature", "properties": { }, "geometry": { "type": "Polygon", "coordinates": [ [ [ 7.7049402, 45.1457824 ], [ 7.7052605, 45.14565 ], [ 7.7055598, 45.146087 ], [ 7.7051314, 45.1462428 ], [ 7.7049402, 45.1457824 ] ] ] } },
{ "type": "Feature", "properties": { }, "geometry": { "type": "Polygon", "coordinates": [ [ [ 7.7080125, 45.1511331 ], [ 7.7082838, 45.1510862 ], [ 7.7083325, 45.1513175 ], [ 7.7081019, 45.1513923 ], [ 7.7080125, 45.1511331 ] ] ] } },
{ "type": "Feature", "properties": { }, "geometry": { "type": "Polygon", "coordinates": [ [ [ 7.7079311, 45.1508458 ], [ 7.7082056, 45.1508072 ], [ 7.7082542, 45.1509833 ], [ 7.7079852, 45.1510272 ], [ 7.7079311, 45.1508458 ] ] ] } },
{ "type": "Feature", "properties": { "name": "Giardino Ugo Pecchioli (Parco delle Farfalle)" }, "geometry": { "type": "Polygon", "coordinates": [ [ [ 7.6567608, 45.1085709 ], [ 7.6569083, 45.1084147 ], [ 7.6574287, 45.1086391 ], [ 7.6575494, 45.1085141 ], [ 7.6575561, 45.1083665 ], [ 7.6571202, 45.1081686 ], [ 7.6578384, 45.107362 ], [ 7.6583838, 45.1076234 ], [ 7.6581486, 45.1079016 ], [ 7.6585826, 45.1081082 ], [ 7.658228, 45.1084223 ], [ 7.6579289, 45.1082718 ], [ 7.6574957, 45.1086807 ], [ 7.6577854, 45.1088179 ], [ 7.6576312, 45.1089524 ], [ 7.6567608, 45.1085709 ] ] ] } },
{ "type": "Feature", "properties": { }, "geometry": { "type": "Polygon", "coordinates": [ [ [ 7.7065532, 45.1460172 ], [ 7.7068524, 45.1459516 ], [ 7.7068993, 45.146131 ], [ 7.7065947, 45.1461759 ], [ 7.7065532, 45.1460172 ] ] ] } },
{ "type": "Feature", "properties": { }, "geometry": { "type": "Polygon", "coordinates": [ [ [ 7.6976601, 45.1518332 ], [ 7.6984853, 45.1517617 ], [ 7.6984999, 45.1518546 ], [ 7.6980408, 45.1518945 ], [ 7.6980918, 45.152123 ], [ 7.6977434, 45.1521455 ], [ 7.6976601, 45.1518332 ] ] ] } },
{ "type": "Feature", "properties": { "name": "Giardino \"Vittime di femminicidio\"" }, "geometry": { "type": "Polygon", "coordinates": [ [ [ 7.6170979, 45.069033 ], [ 7.6171733, 45.0682437 ], [ 7.618155, 45.0682835 ], [ 7.6180155, 45.0690109 ], [ 7.6170979, 45.069033 ] ] ] } },
{ "type": "Feature", "properties": { }, "geometry": { "type": "Polygon", "coordinates": [ [ [ 7.7067829, 45.1481884 ], [ 7.7071577, 45.148144 ], [ 7.7071817, 45.148271 ], [ 7.7070742, 45.1482822 ], [ 7.7071022, 45.148416 ], [ 7.7068362, 45.1484436 ], [ 7.7067829, 45.1481884 ] ] ] } },
{ "type": "Feature", "properties": { }, "geometry": { "type": "Polygon", "coordinates": [ [ [ 7.7068362, 45.1484436 ], [ 7.7072297, 45.1484026 ], [ 7.7072321, 45.1484567 ], [ 7.7071182, 45.1486762 ], [ 7.7068915, 45.148696 ], [ 7.7068362, 45.1484436 ] ] ] } },
{ "type": "Feature", "properties": { }, "geometry": { "type": "Polygon", "coordinates": [ [ [ 7.7085934, 45.1519353 ], [ 7.7093793, 45.1518352 ], [ 7.709494, 45.1523478 ], [ 7.7092987, 45.1523643 ], [ 7.7091812, 45.1520583 ], [ 7.7086575, 45.152176 ], [ 7.7085934, 45.1519353 ] ] ] } },
{ "type": "Feature", "properties": { }, "geometry": { "type": "Polygon", "coordinates": [ [ [ 7.7072379, 45.1517608 ], [ 7.7075103, 45.1517228 ], [ 7.7075492, 45.1518052 ], [ 7.7072657, 45.1518653 ], [ 7.7072379, 45.1517608 ] ] ] } },
{ "type": "Feature", "properties": { }, "geometry": { "type": "Polygon", "coordinates": [ [ [ 7.6984381, 45.1512919 ], [ 7.6989218, 45.1512548 ], [ 7.6989179, 45.1514712 ], [ 7.6984895, 45.1514638 ], [ 7.6984381, 45.1512919 ] ] ] } },
{ "type": "Feature", "properties": { }, "geometry": { "type": "Polygon", "coordinates": [ [ [ 7.7046343, 45.1456386 ], [ 7.7049414, 45.1454477 ], [ 7.7049263, 45.1452909 ], [ 7.7056048, 45.1451724 ], [ 7.7056473, 45.1452602 ], [ 7.7066624, 45.1448081 ], [ 7.7067762, 45.1449607 ], [ 7.7063434, 45.1450333 ], [ 7.706398, 45.1452085 ], [ 7.7055529, 45.14554 ], [ 7.7052427, 45.1454347 ], [ 7.7046343, 45.1456386 ] ] ] } },
{ "type": "Feature", "properties": { "name": "Giardino Carlo Levi" }, "geometry": { "type": "Polygon", "coordinates": [ [ [ 7.6103057, 45.0724567 ], [ 7.6103607, 45.0717182 ], [ 7.6110318, 45.0717404 ], [ 7.6109686, 45.072485 ], [ 7.6103057, 45.0724567 ] ] ] } },
{ "type": "Feature", "properties": { "name": "Giardino Melvin Jones" }, "geometry": { "type": "Polygon", "coordinates": [ [ [ 7.5473927, 45.1036723 ], [ 7.5476813, 45.1032341 ], [ 7.5478147, 45.1031653 ], [ 7.5480459, 45.1036906 ], [ 7.5478423, 45.103817 ], [ 7.5473927, 45.1036723 ] ] ] } },
{ "type": "Feature", "properties": { }, "geometry": { "type": "Polygon", "coordinates": [ [ [ 7.5414205, 45.1041203 ], [ 7.5416273, 45.103918 ], [ 7.5421362, 45.1040201 ], [ 7.5423031, 45.1038284 ], [ 7.5418879, 45.1037203 ], [ 7.5423796, 45.1033502 ], [ 7.5431425, 45.1033317 ], [ 7.5430896, 45.1037422 ], [ 7.5427623, 45.1036698 ], [ 7.5426706, 45.1038268 ], [ 7.5425148, 45.1037985 ], [ 7.5418748, 45.1042214 ], [ 7.5414205, 45.1041203 ] ] ] } },
{ "type": "Feature", "properties": { }, "geometry": { "type": "Polygon", "coordinates": [ [ [ 7.5231099, 45.0937219 ], [ 7.523237, 45.0933633 ], [ 7.5233721, 45.0933943 ], [ 7.5233281, 45.0937909 ], [ 7.5231099, 45.0937219 ] ] ] } },
{ "type": "Feature", "properties": { }, "geometry": { "type": "Polygon", "coordinates": [ [ [ 7.5515158, 45.0990958 ], [ 7.5517155, 45.0984845 ], [ 7.5522809, 45.0985612 ], [ 7.5520654, 45.0991809 ], [ 7.5515158, 45.0990958 ] ] ] } },
{ "type": "Feature", "properties": { "name": "Parco Coniugi Dalla Chiesa" }, "geometry": { "type": "Polygon", "coordinates": [ [ [ 7.5446742, 45.1091601 ], [ 7.5448678, 45.1086485 ], [ 7.5459952, 45.1088868 ], [ 7.5457324, 45.1093561 ], [ 7.5446742, 45.1091601 ] ] ] } },
{ "type": "Feature", "properties": { "name": "Parco della Pace" }, "geometry": { "type": "Polygon", "coordinates": [ [ [ 7.5321866, 45.0961595 ], [ 7.5322454, 45.095393 ], [ 7.5324528, 45.0954139 ], [ 7.5323861, 45.0956177 ], [ 7.532786, 45.0956892 ], [ 7.5328995, 45.0953842 ], [ 7.5344569, 45.0956473 ], [ 7.5357008, 45.0955759 ], [ 7.5358859, 45.0956822 ], [ 7.5347555, 45.0973217 ], [ 7.5344964, 45.0974402 ], [ 7.5342792, 45.0974471 ], [ 7.5344874, 45.0967607 ], [ 7.5343967, 45.0965784 ], [ 7.5338497, 45.0970516 ], [ 7.5338078, 45.0972851 ], [ 7.5333536, 45.097367 ], [ 7.5332352, 45.0973199 ], [ 7.5332635, 45.096178 ], [ 7.5321866, 45.0961595 ] ] ] } },
{ "type": "Feature", "properties": { }, "geometry": { "type": "Polygon", "coordinates": [ [ [ 7.5369463, 45.1261627 ], [ 7.5383362, 45.1247111 ], [ 7.5391164, 45.1241657 ], [ 7.5404303, 45.1246548 ], [ 7.540228, 45.1249069 ], [ 7.5399464, 45.1249359 ], [ 7.5397089, 45.1253935 ], [ 7.539191, 45.1258738 ], [ 7.5385658, 45.1254902 ], [ 7.5389013, 45.1252876 ], [ 7.5387538, 45.1249773 ], [ 7.5383408, 45.1250852 ], [ 7.5378565, 45.1255579 ], [ 7.5376193, 45.1258459 ], [ 7.5378921, 45.1259662 ], [ 7.5382642, 45.1255631 ], [ 7.5385307, 45.1255224 ], [ 7.5387996, 45.1257155 ], [ 7.5384443, 45.1259831 ], [ 7.5386603, 45.1261152 ], [ 7.5390348, 45.1258578 ], [ 7.5391981, 45.1259577 ], [ 7.5394525, 45.1257833 ], [ 7.5400743, 45.1249923 ], [ 7.5402207, 45.124999 ], [ 7.5396518, 45.1258629 ], [ 7.5385403, 45.12662 ], [ 7.5383506, 45.1265285 ], [ 7.5384107, 45.1263947 ], [ 7.5381394, 45.126332 ], [ 7.5379257, 45.1265793 ], [ 7.5369463, 45.1261627 ] ] ] } },
{ "type": "Feature", "properties": { "name": "Giardino Salvatore Di Matteo" }, "geometry": { "type": "Polygon", "coordinates": [ [ [ 7.5491823, 45.099156 ], [ 7.549424, 45.098949 ], [ 7.549762, 45.0991136 ], [ 7.5496416, 45.0994184 ], [ 7.5491823, 45.099156 ] ] ] } },
{ "type": "Feature", "properties": { "name": "Giardino Vittime delle Foibe" }, "geometry": { "type": "Polygon", "coordinates": [ [ [ 7.6416641, 45.1047024 ], [ 7.6428447, 45.1045398 ], [ 7.6438066, 45.1051323 ], [ 7.643824, 45.1053525 ], [ 7.6429758, 45.1053957 ], [ 7.6430458, 45.1056961 ], [ 7.6427047, 45.1057372 ], [ 7.6427572, 45.1062536 ], [ 7.6422996, 45.1062783 ], [ 7.6421888, 45.1054224 ], [ 7.6418507, 45.1054697 ], [ 7.6416641, 45.1047024 ] ] ] } },
{ "type": "Feature", "properties": { "name": "Giardino Vittime delle Foibe" }, "geometry": { "type": "Polygon", "coordinates": [ [ [ 7.6410374, 45.1039103 ], [ 7.6413581, 45.1036757 ], [ 7.642489, 45.1044123 ], [ 7.6427106, 45.1044308 ], [ 7.6426639, 45.1045234 ], [ 7.6410637, 45.1047353 ], [ 7.6410374, 45.1039103 ] ] ] } },
{ "type": "Feature", "properties": { }, "geometry": { "type": "Polygon", "coordinates": [ [ [ 7.5457125, 45.1006866 ], [ 7.5458534, 45.100671 ], [ 7.5458601, 45.100794 ], [ 7.5457433, 45.1008163 ], [ 7.5457125, 45.1006866 ] ] ] } },
{ "type": "Feature", "properties": { }, "geometry": { "type": "Polygon", "coordinates": [ [ [ 7.552297, 45.105981 ], [ 7.5529568, 45.1059356 ], [ 7.5529917, 45.1058192 ], [ 7.5532653, 45.1059659 ], [ 7.5536958, 45.1059006 ], [ 7.5535938, 45.1063691 ], [ 7.5532076, 45.1061808 ], [ 7.5526604, 45.1065774 ], [ 7.5523922, 45.1065244 ], [ 7.552297, 45.105981 ] ] ] } },
{ "type": "Feature", "properties": { }, "geometry": { "type": "Polygon", "coordinates": [ [ [ 7.5480179, 45.1033326 ], [ 7.5481207, 45.103313 ], [ 7.548269, 45.1035377 ], [ 7.5480657, 45.1035848 ], [ 7.5480179, 45.1033326 ] ] ] } },
{ "type": "Feature", "properties": { }, "geometry": { "type": "Polygon", "coordinates": [ [ [ 7.5286789, 45.0995197 ], [ 7.528752, 45.0991624 ], [ 7.529251, 45.0992056 ], [ 7.5291682, 45.0997629 ], [ 7.5289715, 45.0997485 ], [ 7.529015, 45.099556 ], [ 7.5286789, 45.0995197 ] ] ] } },
{ "type": "Feature", "properties": { }, "geometry": { "type": "Polygon", "coordinates": [ [ [ 7.5118902, 45.0829468 ], [ 7.5122578, 45.0823181 ], [ 7.5128928, 45.0819842 ], [ 7.5154726, 45.0819603 ], [ 7.5167688, 45.0832733 ], [ 7.5161735, 45.0835603 ], [ 7.5158818, 45.0833215 ], [ 7.5155531, 45.0832607 ], [ 7.5138844, 45.0834881 ], [ 7.5118902, 45.0829468 ] ] ] } },
{ "type": "Feature", "properties": { }, "geometry": { "type": "Polygon", "coordinates": [ [ [ 7.5449653, 45.0970036 ], [ 7.5472423, 45.0960382 ], [ 7.5480301, 45.0968182 ], [ 7.5477816, 45.0970282 ], [ 7.5473324, 45.0971445 ], [ 7.5467454, 45.0971524 ], [ 7.5464604, 45.0968567 ], [ 7.5459463, 45.0970714 ], [ 7.5457594, 45.0972182 ], [ 7.5458981, 45.0973834 ], [ 7.545503, 45.0975882 ], [ 7.5449653, 45.0970036 ] ] ] } },
{ "type": "Feature", "properties": { }, "geometry": { "type": "Polygon", "coordinates": [ [ [ 7.5519472, 45.1124578 ], [ 7.5520711, 45.1124353 ], [ 7.5521206, 45.1120519 ], [ 7.5524391, 45.1124053 ], [ 7.5519472, 45.1124578 ] ] ] } },
{ "type": "Feature", "properties": { }, "geometry": { "type": "Polygon", "coordinates": [ [ [ 7.5135191, 45.0798942 ], [ 7.5142545, 45.0797872 ], [ 7.5143663, 45.0801699 ], [ 7.5136308, 45.080277 ], [ 7.5135191, 45.0798942 ] ] ] } },
{ "type": "Feature", "properties": { }, "geometry": { "type": "Polygon", "coordinates": [ [ [ 7.5506628, 45.1088838 ], [ 7.5510609, 45.1088697 ], [ 7.5510026, 45.1076518 ], [ 7.5521807, 45.107992 ], [ 7.5514857, 45.1088767 ], [ 7.551781, 45.1090066 ], [ 7.5516447, 45.1091392 ], [ 7.5506816, 45.1091705 ], [ 7.5506628, 45.1088838 ] ] ] } },
{ "type": "Feature", "properties": { "name": "Giardini \"Peppino Impastato\"" }, "geometry": { "type": "Polygon", "coordinates": [ [ [ 7.5272497, 45.1011558 ], [ 7.5272801, 45.1008986 ], [ 7.5276378, 45.1009291 ], [ 7.5276668, 45.1006924 ], [ 7.527876, 45.1007113 ], [ 7.5278707, 45.1012635 ], [ 7.5272497, 45.1011558 ] ] ] } },
{ "type": "Feature", "properties": { }, "geometry": { "type": "Polygon", "coordinates": [ [ [ 7.5199771, 45.1064584 ], [ 7.5205755, 45.106248 ], [ 7.5209729, 45.1068145 ], [ 7.5204509, 45.1070699 ], [ 7.5199771, 45.1064584 ] ] ] } },
{ "type": "Feature", "properties": { }, "geometry": { "type": "Polygon", "coordinates": [ [ [ 7.5219474, 45.0963814 ], [ 7.5219925, 45.0958271 ], [ 7.5224216, 45.0957576 ], [ 7.5222915, 45.0963937 ], [ 7.5219474, 45.0963814 ] ] ] } },
{ "type": "Feature", "properties": { }, "geometry": { "type": "Polygon", "coordinates": [ [ [ 7.539391, 45.1000585 ], [ 7.5401877, 45.1001431 ], [ 7.5402453, 45.0999804 ], [ 7.5407814, 45.1002249 ], [ 7.5415793, 45.1001996 ], [ 7.5442723, 45.0990032 ], [ 7.5443528, 45.0999821 ], [ 7.5445232, 45.1002719 ], [ 7.5440647, 45.1004956 ], [ 7.5398804, 45.1006633 ], [ 7.539737, 45.1006206 ], [ 7.539391, 45.1000585 ] ] ] } },
{ "type": "Feature", "properties": { "name": "Parco Pirandello" }, "geometry": { "type": "Polygon", "coordinates": [ [ [ 7.7600061, 45.1353243 ], [ 7.7601672, 45.1349486 ], [ 7.7605787, 45.1354709 ], [ 7.7600798, 45.1355551 ], [ 7.7600061, 45.1353243 ] ] ] } },
{ "type": "Feature", "properties": { "name": "Giardino Vittime dei Lager" }, "geometry": { "type": "Polygon", "coordinates": [ [ [ 7.5422689, 45.1105077 ], [ 7.5424714, 45.1100151 ], [ 7.54289, 45.1097232 ], [ 7.5431263, 45.109795 ], [ 7.5427828, 45.1105314 ], [ 7.5422689, 45.1105077 ] ] ] } },
{ "type": "Feature", "properties": { }, "geometry": { "type": "Polygon", "coordinates": [ [ [ 7.525481, 45.1259541 ], [ 7.5268324, 45.1254586 ], [ 7.5278526, 45.1264863 ], [ 7.526618, 45.1272642 ], [ 7.525481, 45.1259541 ] ] ] } },
{ "type": "Feature", "properties": { }, "geometry": { "type": "Polygon", "coordinates": [ [ [ 7.5452505, 45.1008047 ], [ 7.5456997, 45.1001214 ], [ 7.546432, 45.1001413 ], [ 7.5467002, 45.1005209 ], [ 7.5470677, 45.100714 ], [ 7.5467394, 45.1010417 ], [ 7.5452505, 45.1008047 ] ], [ [ 7.5457125, 45.1006866 ], [ 7.5457433, 45.1008163 ], [ 7.5458601, 45.100794 ], [ 7.5458534, 45.100671 ], [ 7.5457125, 45.1006866 ] ] ] } },
{ "type": "Feature", "properties": { }, "geometry": { "type": "Polygon", "coordinates": [ [ [ 7.5570543, 45.1053449 ], [ 7.5576573, 45.104679 ], [ 7.5579551, 45.1049055 ], [ 7.5579252, 45.1051845 ], [ 7.5570543, 45.1053449 ] ] ] } },
{ "type": "Feature", "properties": { "name": "Giardino Massimo D'Antona" }, "geometry": { "type": "Polygon", "coordinates": [ [ [ 7.5530791, 45.0695663 ], [ 7.553438, 45.0694957 ], [ 7.5536743, 45.0692628 ], [ 7.5549542, 45.0690539 ], [ 7.5550183, 45.0692227 ], [ 7.5550213, 45.0693771 ], [ 7.5538145, 45.0695686 ], [ 7.5537825, 45.0700585 ], [ 7.5532451, 45.0700931 ], [ 7.5530791, 45.0695663 ] ] ] } },
{ "type": "Feature", "properties": { }, "geometry": { "type": "Polygon", "coordinates": [ [ [ 7.5351969, 45.1164082 ], [ 7.5356703, 45.1156794 ], [ 7.5370365, 45.1161538 ], [ 7.5364266, 45.1170441 ], [ 7.5362954, 45.1167687 ], [ 7.5351969, 45.1164082 ] ] ] } },
{ "type": "Feature", "properties": { }, "geometry": { "type": "Polygon", "coordinates": [ [ [ 7.5482114, 45.1110975 ], [ 7.5490265, 45.1111441 ], [ 7.5488653, 45.1114779 ], [ 7.5483528, 45.1115278 ], [ 7.5482114, 45.1110975 ] ] ] } },
{ "type": "Feature", "properties": { "name": "Giardino pubblico via Lanzo (Pirelli)" }, "geometry": { "type": "Polygon", "coordinates": [ [ [ 7.6610442, 45.110144 ], [ 7.661778, 45.1087113 ], [ 7.6622906, 45.108797 ], [ 7.6624063, 45.1085121 ], [ 7.6631913, 45.1084637 ], [ 7.6632583, 45.1107135 ], [ 7.6610442, 45.110144 ] ] ] } },
{ "type": "Feature", "properties": { }, "geometry": { "type": "Polygon", "coordinates": [ [ [ 7.5176778, 45.0262801 ], [ 7.5182625, 45.0261967 ], [ 7.5183162, 45.0263559 ], [ 7.5193622, 45.0262574 ], [ 7.5193012, 45.0258277 ], [ 7.5195266, 45.0257994 ], [ 7.5196893, 45.0261025 ], [ 7.5204136, 45.0260564 ], [ 7.5201562, 45.024737 ], [ 7.5203332, 45.0247332 ], [ 7.520596, 45.0259275 ], [ 7.5218459, 45.0257417 ], [ 7.5217816, 45.0253626 ], [ 7.5226575, 45.0253476 ], [ 7.5227179, 45.0261713 ], [ 7.5183977, 45.0264369 ], [ 7.5177636, 45.0266138 ], [ 7.5176778, 45.0262801 ] ] ] } },
{ "type": "Feature", "properties": { }, "geometry": { "type": "Polygon", "coordinates": [ [ [ 7.5254047, 45.0883178 ], [ 7.5256514, 45.0882783 ], [ 7.5255534, 45.0880359 ], [ 7.5258487, 45.0880175 ], [ 7.5258239, 45.0878837 ], [ 7.5262239, 45.0878838 ], [ 7.5267267, 45.0888406 ], [ 7.5256071, 45.0889336 ], [ 7.5254047, 45.0883178 ] ] ] } },
{ "type": "Feature", "properties": { }, "geometry": { "type": "Polygon", "coordinates": [ [ [ 7.517284, 45.0876881 ], [ 7.5175784, 45.0871927 ], [ 7.5178993, 45.0873369 ], [ 7.5181134, 45.0871183 ], [ 7.5185494, 45.087314 ], [ 7.5185429, 45.0875738 ], [ 7.5182961, 45.0875208 ], [ 7.5182424, 45.0877178 ], [ 7.518339, 45.0877784 ], [ 7.5180946, 45.0883888 ], [ 7.517284, 45.0876881 ] ] ] } },
{ "type": "Feature", "properties": { }, "geometry": { "type": "Polygon", "coordinates": [ [ [ 7.6881392, 45.0682246 ], [ 7.6882727, 45.0681778 ], [ 7.6884527, 45.0684537 ], [ 7.6883198, 45.0684981 ], [ 7.6881392, 45.0682246 ] ] ] } },
{ "type": "Feature", "properties": { }, "geometry": { "type": "Polygon", "coordinates": [ [ [ 7.5225643, 45.1023155 ], [ 7.5226636, 45.101827 ], [ 7.5230827, 45.101864 ], [ 7.5229256, 45.1023486 ], [ 7.5225643, 45.1023155 ] ] ] } },
{ "type": "Feature", "properties": { "name": "Orto Botanico di Torino" }, "geometry": { "type": "Polygon", "coordinates": [ [ [ 7.6856655, 45.0547251 ], [ 7.6870492, 45.0542857 ], [ 7.6874486, 45.0548881 ], [ 7.6860835, 45.0553178 ], [ 7.6856655, 45.0547251 ] ] ] } },
{ "type": "Feature", "properties": { "name": "Parco Nilde Iotti" }, "geometry": { "type": "Polygon", "coordinates": [ [ [ 7.7647323, 45.1372192 ], [ 7.7654352, 45.1368791 ], [ 7.7658246, 45.1369799 ], [ 7.7662664, 45.1377862 ], [ 7.7654308, 45.1382989 ], [ 7.7651156, 45.1381986 ], [ 7.7647323, 45.1372192 ] ] ] } },
{ "type": "Feature", "properties": { }, "geometry": { "type": "Polygon", "coordinates": [ [ [ 7.5892534, 45.0964249 ], [ 7.5894136, 45.0963209 ], [ 7.5895371, 45.0964158 ], [ 7.5893769, 45.0965198 ], [ 7.5892534, 45.0964249 ] ] ] } },
{ "type": "Feature", "properties": { }, "geometry": { "type": "Polygon", "coordinates": [ [ [ 7.6894943, 45.0292968 ], [ 7.6895781, 45.029113 ], [ 7.6897565, 45.0291692 ], [ 7.689695, 45.029334 ], [ 7.6894943, 45.0292968 ] ] ] } },
{ "type": "Feature", "properties": { }, "geometry": { "type": "Polygon", "coordinates": [ [ [ 7.5338834, 45.1008205 ], [ 7.535706, 45.1005926 ], [ 7.5357955, 45.0999622 ], [ 7.5359215, 45.0999682 ], [ 7.5358175, 45.1008254 ], [ 7.5340622, 45.1009535 ], [ 7.5338834, 45.1008205 ] ] ] } },
{ "type": "Feature", "properties": { "name": "Giardino Ferdinando Gabotto" }, "geometry": { "type": "Polygon", "coordinates": [ [ [ 7.6720524, 45.0388828 ], [ 7.6724486, 45.0388132 ], [ 7.6725866, 45.0391881 ], [ 7.6721185, 45.0392347 ], [ 7.6720524, 45.0388828 ] ] ] } },
{ "type": "Feature", "properties": { }, "geometry": { "type": "Polygon", "coordinates": [ [ [ 7.5430981, 45.1023474 ], [ 7.5431629, 45.1020085 ], [ 7.5437606, 45.1020238 ], [ 7.543751, 45.102322 ], [ 7.5430981, 45.1023474 ] ] ] } },
{ "type": "Feature", "properties": { "name": "Giardino Gianni Rodari" }, "geometry": { "type": "Polygon", "coordinates": [ [ [ 7.6797034, 45.0368508 ], [ 7.6804417, 45.0361728 ], [ 7.6807093, 45.0361154 ], [ 7.6809453, 45.0365855 ], [ 7.6797034, 45.0368508 ] ] ] } },
{ "type": "Feature", "properties": { "name": "Giardino di strada della Magra" }, "geometry": { "type": "Polygon", "coordinates": [ [ [ 7.7288058, 45.1037173 ], [ 7.7293295, 45.1035766 ], [ 7.7295658, 45.1035111 ], [ 7.7295242, 45.1038306 ], [ 7.7289762, 45.1040293 ], [ 7.7288058, 45.1037173 ] ] ] } },
{ "type": "Feature", "properties": { }, "geometry": { "type": "Polygon", "coordinates": [ [ [ 7.6701467, 45.0885925 ], [ 7.6704485, 45.0882793 ], [ 7.6707192, 45.0887837 ], [ 7.6702326, 45.0889902 ], [ 7.6701467, 45.0885925 ] ] ] } },
{ "type": "Feature", "properties": { }, "geometry": { "type": "Polygon", "coordinates": [ [ [ 7.672718, 45.0884876 ], [ 7.6736463, 45.0882477 ], [ 7.6739408, 45.0880872 ], [ 7.6739045, 45.0880092 ], [ 7.6747494, 45.087676 ], [ 7.674915, 45.0880072 ], [ 7.6747253, 45.0880509 ], [ 7.6745911, 45.0877725 ], [ 7.6736718, 45.0882703 ], [ 7.672718, 45.0884876 ] ] ] } },
{ "type": "Feature", "properties": { }, "geometry": { "type": "Polygon", "coordinates": [ [ [ 7.6736711, 45.0875623 ], [ 7.6741539, 45.0874089 ], [ 7.6743363, 45.0877706 ], [ 7.6738877, 45.0879731 ], [ 7.6736711, 45.0875623 ] ] ] } },
{ "type": "Feature", "properties": { }, "geometry": { "type": "Polygon", "coordinates": [ [ [ 7.6715944, 45.087797 ], [ 7.6722462, 45.0875697 ], [ 7.672727, 45.0885051 ], [ 7.6720021, 45.0886861 ], [ 7.6715944, 45.087797 ] ] ] } },
{ "type": "Feature", "properties": { }, "geometry": { "type": "Polygon", "coordinates": [ [ [ 7.670018, 45.0879998 ], [ 7.6701199, 45.0880187 ], [ 7.6702299, 45.0882933 ], [ 7.670085, 45.08828 ], [ 7.670018, 45.0879998 ] ] ] } },
{ "type": "Feature", "properties": { }, "geometry": { "type": "Polygon", "coordinates": [ [ [ 7.5496708, 45.0098455 ], [ 7.5499471, 45.0095118 ], [ 7.5502708, 45.0100231 ], [ 7.5504486, 45.009982 ], [ 7.5507134, 45.0105199 ], [ 7.5505337, 45.0105635 ], [ 7.5502064, 45.0100098 ], [ 7.549796, 45.010116 ], [ 7.5496708, 45.0098455 ] ] ] } },
{ "type": "Feature", "properties": { }, "geometry": { "type": "Polygon", "coordinates": [ [ [ 7.5760817, 45.088474 ], [ 7.5759606, 45.087993 ], [ 7.5773983, 45.0877144 ], [ 7.5775301, 45.0878823 ], [ 7.5771382, 45.08828 ], [ 7.5774462, 45.088425 ], [ 7.5773502, 45.0885302 ], [ 7.5775445, 45.0886172 ], [ 7.5772969, 45.088872 ], [ 7.5774507, 45.0889476 ], [ 7.5760817, 45.088474 ] ] ] } },
{ "type": "Feature", "properties": { "name": "Giardino dell'amicizia Collegno - Neubrandenburg" }, "geometry": { "type": "Polygon", "coordinates": [ [ [ 7.5685611, 45.0728515 ], [ 7.5685801, 45.0726247 ], [ 7.5699545, 45.0726821 ], [ 7.5699393, 45.0728629 ], [ 7.5685611, 45.0728515 ] ] ] } },
{ "type": "Feature", "properties": { }, "geometry": { "type": "Polygon", "coordinates": [ [ [ 7.5565033, 45.0714247 ], [ 7.556658, 45.0714524 ], [ 7.5565953, 45.0716866 ], [ 7.5565154, 45.0716861 ], [ 7.5565033, 45.0714247 ] ] ] } },
{ "type": "Feature", "properties": { "name": "Giardino Giovanni Falcone" }, "geometry": { "type": "Polygon", "coordinates": [ [ [ 7.5502432, 45.0742003 ], [ 7.5502734, 45.073597 ], [ 7.5504999, 45.0735907 ], [ 7.5505064, 45.0734596 ], [ 7.5519589, 45.073478 ], [ 7.5519427, 45.0741933 ], [ 7.5502432, 45.0742003 ] ] ] } },
{ "type": "Feature", "properties": { }, "geometry": { "type": "Polygon", "coordinates": [ [ [ 7.5495327, 45.0693933 ], [ 7.5497053, 45.0693588 ], [ 7.5500147, 45.070219 ], [ 7.5498356, 45.0702489 ], [ 7.5495327, 45.0693933 ] ] ] } },
{ "type": "Feature", "properties": { "name": "Giardino Mario Rapisarda" }, "geometry": { "type": "Polygon", "coordinates": [ [ [ 7.6211668, 45.0769017 ], [ 7.6228408, 45.0768968 ], [ 7.6229103, 45.0770031 ], [ 7.6213203, 45.0773178 ], [ 7.6211668, 45.0769017 ] ] ] } },
{ "type": "Feature", "properties": { "name": "Giardino La Mandorla" }, "geometry": { "type": "Polygon", "coordinates": [ [ [ 7.5483089, 45.0754872 ], [ 7.5488126, 45.075481 ], [ 7.5488037, 45.0750442 ], [ 7.5486402, 45.0750442 ], [ 7.5486005, 45.0746479 ], [ 7.5489363, 45.0746448 ], [ 7.5489672, 45.0752002 ], [ 7.5505047, 45.0751939 ], [ 7.5505091, 45.0746573 ], [ 7.5508758, 45.0746542 ], [ 7.5508354, 45.0757698 ], [ 7.5510202, 45.0757631 ], [ 7.5510179, 45.0763876 ], [ 7.5506506, 45.0764054 ], [ 7.5506218, 45.0759059 ], [ 7.5492933, 45.0760101 ], [ 7.5493289, 45.0764549 ], [ 7.5490018, 45.0764587 ], [ 7.5489009, 45.0757306 ], [ 7.5483398, 45.075768 ], [ 7.5483089, 45.0754872 ] ] ] } },
{ "type": "Feature", "properties": { }, "geometry": { "type": "Polygon", "coordinates": [ [ [ 7.6293172, 45.0825858 ], [ 7.630102, 45.082496 ], [ 7.6300646, 45.0822505 ], [ 7.6304194, 45.0822198 ], [ 7.6304984, 45.0827942 ], [ 7.630756, 45.082774 ], [ 7.63073, 45.0834302 ], [ 7.6300625, 45.0833712 ], [ 7.6301043, 45.0836483 ], [ 7.6299452, 45.083652 ], [ 7.6293172, 45.0825858 ] ] ] } },
{ "type": "Feature", "properties": { }, "geometry": { "type": "Polygon", "coordinates": [ [ [ 7.6977689, 45.0888607 ], [ 7.6979277, 45.088801 ], [ 7.6980544, 45.0889024 ], [ 7.6978466, 45.0889823 ], [ 7.6977689, 45.0888607 ] ] ] } },
{ "type": "Feature", "properties": { "name": "Parco Sandro Pertini" }, "geometry": { "type": "Polygon", "coordinates": [ [ [ 7.7611725, 45.1281505 ], [ 7.7616525, 45.1281262 ], [ 7.7615048, 45.127944 ], [ 7.7632135, 45.1272084 ], [ 7.7635855, 45.1272955 ], [ 7.7640615, 45.1278867 ], [ 7.7617587, 45.128746 ], [ 7.7611725, 45.1281505 ] ] ] } },
{ "type": "Feature", "properties": { "name": "Parco Enrico Berlinguer" }, "geometry": { "type": "Polygon", "coordinates": [ [ [ 7.757504, 45.1269105 ], [ 7.7620367, 45.1250241 ], [ 7.7631777, 45.1267276 ], [ 7.7631116, 45.1270211 ], [ 7.7628327, 45.1271649 ], [ 7.7590886, 45.1287858 ], [ 7.757504, 45.1269105 ] ] ] } },
{ "type": "Feature", "properties": { "name": "Giardino storico di Palazzo Dal Pozzo della Cisterna" }, "geometry": { "type": "Polygon", "coordinates": [ [ [ 7.6849322, 45.0665218 ], [ 7.6855843, 45.0662843 ], [ 7.6857063, 45.0664579 ], [ 7.6858779, 45.0663977 ], [ 7.6857644, 45.0665152 ], [ 7.6859602, 45.0665062 ], [ 7.6860736, 45.0667283 ], [ 7.6852727, 45.0670133 ], [ 7.6849322, 45.0665218 ] ] ] } },
{ "type": "Feature", "properties": { }, "geometry": { "type": "Polygon", "coordinates": [ [ [ 7.7144944, 45.184777 ], [ 7.7148108, 45.1847506 ], [ 7.7149664, 45.185087 ], [ 7.71454, 45.1852137 ], [ 7.7144944, 45.184777 ] ] ] } },
{ "type": "Feature", "properties": { "name": "Parco Archeologico delle Torri Palatine" }, "geometry": { "type": "Polygon", "coordinates": [ [ [ 7.6841906, 45.0741797 ], [ 7.6849576, 45.0739194 ], [ 7.6858545, 45.0752931 ], [ 7.6857166, 45.0754782 ], [ 7.6851523, 45.0754471 ], [ 7.6849493, 45.0750553 ], [ 7.68451, 45.0752089 ], [ 7.6843315, 45.0749087 ], [ 7.684606, 45.0747997 ], [ 7.6841906, 45.0741797 ] ] ] } },
{ "type": "Feature", "properties": { }, "geometry": { "type": "Polygon", "coordinates": [ [ [ 7.6882776, 45.0993285 ], [ 7.6900887, 45.0988171 ], [ 7.6906578, 45.0995957 ], [ 7.6888495, 45.0995822 ], [ 7.6883049, 45.0994611 ], [ 7.6882776, 45.0993285 ] ] ] } },
{ "type": "Feature", "properties": { }, "geometry": { "type": "Polygon", "coordinates": [ [ [ 7.718674, 45.0754045 ], [ 7.7187652, 45.0751507 ], [ 7.7189583, 45.0751962 ], [ 7.7188511, 45.0754614 ], [ 7.718674, 45.0754045 ] ] ] } },
{ "type": "Feature", "properties": { "name": "Giardino Jan Palach" }, "geometry": { "type": "Polygon", "coordinates": [ [ [ 7.6805889, 45.0746609 ], [ 7.6809162, 45.0745813 ], [ 7.6811522, 45.0748759 ], [ 7.680823, 45.0749971 ], [ 7.6805889, 45.0746609 ] ] ] } },
{ "type": "Feature", "properties": { }, "geometry": { "type": "Polygon", "coordinates": [ [ [ 7.70693, 45.0685798 ], [ 7.7072727, 45.0686803 ], [ 7.7072825, 45.0687162 ], [ 7.7069571, 45.0687447 ], [ 7.70693, 45.0685798 ] ] ] } },
{ "type": "Feature", "properties": { }, "geometry": { "type": "Polygon", "coordinates": [ [ [ 7.6384668, 44.9937873 ], [ 7.6386042, 44.9936106 ], [ 7.639251, 44.9951752 ], [ 7.6409792, 44.994934 ], [ 7.6406418, 44.9938552 ], [ 7.6421379, 44.9937184 ], [ 7.6424222, 44.9948091 ], [ 7.6436674, 44.9947171 ], [ 7.6438069, 44.9953458 ], [ 7.6436748, 44.995527 ], [ 7.6427688, 44.9958523 ], [ 7.6426218, 44.9953777 ], [ 7.6412407, 44.9956229 ], [ 7.6413302, 44.9958357 ], [ 7.6407122, 44.9959392 ], [ 7.6406228, 44.9957207 ], [ 7.6392746, 44.9959424 ], [ 7.6384668, 44.9937873 ] ] ] } },
{ "type": "Feature", "properties": { }, "geometry": { "type": "Polygon", "coordinates": [ [ [ 7.6406962, 44.9980572 ], [ 7.6414257, 44.9978855 ], [ 7.6416846, 44.9984451 ], [ 7.6409188, 44.9986252 ], [ 7.6406962, 44.9980572 ] ] ] } },
{ "type": "Feature", "properties": { "name": "Aiuola Vittime del Cinema Statuto" }, "geometry": { "type": "Polygon", "coordinates": [ [ [ 7.6668236, 45.0776798 ], [ 7.6670603, 45.0775932 ], [ 7.6671663, 45.0775491 ], [ 7.6669731, 45.0777802 ], [ 7.6668236, 45.0776798 ] ] ] } },
{ "type": "Feature", "properties": { "name": "Giardino Camilla Ravera" }, "geometry": { "type": "Polygon", "coordinates": [ [ [ 7.6308639, 45.0139822 ], [ 7.6320173, 45.0137167 ], [ 7.6324143, 45.0148354 ], [ 7.6314969, 45.0149909 ], [ 7.6313897, 45.014642 ], [ 7.631159, 45.0146913 ], [ 7.6308639, 45.0139822 ] ] ] } },
{ "type": "Feature", "properties": { }, "geometry": { "type": "Polygon", "coordinates": [ [ [ 7.6371908, 45.0224337 ], [ 7.6375067, 45.0223226 ], [ 7.6382222, 45.0232974 ], [ 7.637844, 45.0234448 ], [ 7.6375435, 45.0228264 ], [ 7.6371908, 45.0224337 ] ] ] } },
{ "type": "Feature", "properties": { }, "geometry": { "type": "Polygon", "coordinates": [ [ [ 7.6385555, 45.0219956 ], [ 7.6388881, 45.021878 ], [ 7.639623, 45.0228563 ], [ 7.6392153, 45.0228828 ], [ 7.6385555, 45.0219956 ] ] ] } },
{ "type": "Feature", "properties": { }, "geometry": { "type": "Polygon", "coordinates": [ [ [ 7.6377993, 45.0146939 ], [ 7.6382824, 45.0146096 ], [ 7.6386927, 45.015784 ], [ 7.6382097, 45.0158684 ], [ 7.6377993, 45.0146939 ] ] ] } },
{ "type": "Feature", "properties": { }, "geometry": { "type": "Polygon", "coordinates": [ [ [ 7.6382601, 45.0160287 ], [ 7.6387054, 45.0158543 ], [ 7.6388931, 45.016425 ], [ 7.6384345, 45.0165103 ], [ 7.6382601, 45.0160287 ] ] ] } },
{ "type": "Feature", "properties": { }, "geometry": { "type": "Polygon", "coordinates": [ [ [ 7.6384908, 45.0166392 ], [ 7.6390326, 45.016535 ], [ 7.6393682, 45.0174107 ], [ 7.6398158, 45.0177238 ], [ 7.6388261, 45.0175721 ], [ 7.6384908, 45.0166392 ] ] ] } },
{ "type": "Feature", "properties": { }, "geometry": { "type": "Polygon", "coordinates": [ [ [ 7.7032747, 45.0900368 ], [ 7.7032091, 45.0898454 ], [ 7.7034384, 45.0899429 ], [ 7.7032747, 45.0900368 ] ] ] } },
{ "type": "Feature", "properties": { }, "geometry": { "type": "Polygon", "coordinates": [ [ [ 7.6593766, 45.0923508 ], [ 7.6594168, 45.0920176 ], [ 7.6611146, 45.092116 ], [ 7.6610798, 45.0924474 ], [ 7.6593766, 45.0923508 ] ] ] } },
{ "type": "Feature", "properties": { }, "geometry": { "type": "Polygon", "coordinates": [ [ [ 7.6442458, 45.0226201 ], [ 7.6447491, 45.02244 ], [ 7.6453978, 45.0234194 ], [ 7.6449714, 45.0235654 ], [ 7.6446857, 45.0230128 ], [ 7.6442458, 45.0226201 ] ] ] } },
{ "type": "Feature", "properties": { }, "geometry": { "type": "Polygon", "coordinates": [ [ [ 7.6772619, 45.0417763 ], [ 7.6777542, 45.0415419 ], [ 7.6788675, 45.0424661 ], [ 7.681031, 45.0434716 ], [ 7.6833698, 45.0443181 ], [ 7.6842397, 45.045167 ], [ 7.6835142, 45.045253 ], [ 7.683203, 45.0449138 ], [ 7.6825143, 45.0444882 ], [ 7.6792092, 45.043391 ], [ 7.6783295, 45.0428376 ], [ 7.6772619, 45.0417763 ] ] ] } },
{ "type": "Feature", "properties": { "name": "Giardino Venchi Unica" }, "geometry": { "type": "Polygon", "coordinates": [ [ [ 7.6160011, 45.0735909 ], [ 7.6180237, 45.0736441 ], [ 7.6180687, 45.0726159 ], [ 7.6185755, 45.07263 ], [ 7.6186954, 45.0730229 ], [ 7.618549, 45.073046 ], [ 7.6187981, 45.0738179 ], [ 7.6178136, 45.0739181 ], [ 7.6177856, 45.0742294 ], [ 7.6175786, 45.0742666 ], [ 7.6160893, 45.0741988 ], [ 7.6160011, 45.0735909 ] ] ] } },
{ "type": "Feature", "properties": { }, "geometry": { "type": "Polygon", "coordinates": [ [ [ 7.6393639, 45.0232505 ], [ 7.6395195, 45.0231946 ], [ 7.6394135, 45.0230373 ], [ 7.6398673, 45.022888 ], [ 7.6405374, 45.0238042 ], [ 7.6403349, 45.0238762 ], [ 7.6401818, 45.0237268 ], [ 7.6399222, 45.0238153 ], [ 7.6400008, 45.0239304 ], [ 7.6399057, 45.0240321 ], [ 7.6393639, 45.0232505 ] ] ] } },
{ "type": "Feature", "properties": { }, "geometry": { "type": "Polygon", "coordinates": [ [ [ 7.6148994, 45.0732885 ], [ 7.6149083, 45.0731621 ], [ 7.6150201, 45.0731668 ], [ 7.6150112, 45.0732916 ], [ 7.6148994, 45.0732885 ] ] ] } },
{ "type": "Feature", "properties": { }, "geometry": { "type": "Polygon", "coordinates": [ [ [ 7.6150799, 45.0725355 ], [ 7.6149735, 45.0724376 ], [ 7.6150845, 45.0724386 ], [ 7.6150799, 45.0725355 ] ] ] } },
{ "type": "Feature", "properties": { }, "geometry": { "type": "Polygon", "coordinates": [ [ [ 7.6478292, 45.0041849 ], [ 7.648937, 45.0042096 ], [ 7.6489477, 45.0044239 ], [ 7.6496102, 45.0044334 ], [ 7.64957, 45.0049359 ], [ 7.6493098, 45.0050099 ], [ 7.6486205, 45.0046666 ], [ 7.6478507, 45.0046382 ], [ 7.6478292, 45.0041849 ] ] ] } },
{ "type": "Feature", "properties": { }, "geometry": { "type": "Polygon", "coordinates": [ [ [ 7.6187855, 45.0746896 ], [ 7.6193353, 45.0746593 ], [ 7.6194627, 45.0750012 ], [ 7.6189571, 45.074968 ], [ 7.6187855, 45.0746896 ] ] ] } },
{ "type": "Feature", "properties": { }, "geometry": { "type": "Polygon", "coordinates": [ [ [ 7.6198919, 45.0750125 ], [ 7.6199442, 45.0747237 ], [ 7.6202446, 45.074737 ], [ 7.6199912, 45.0750144 ], [ 7.6198919, 45.0750125 ] ] ] } },
{ "type": "Feature", "properties": { }, "geometry": { "type": "Polygon", "coordinates": [ [ [ 7.6459983, 45.0191687 ], [ 7.6462434, 45.0190879 ], [ 7.6463561, 45.0192856 ], [ 7.6461074, 45.0193609 ], [ 7.6459983, 45.0191687 ] ] ] } },
{ "type": "Feature", "properties": { }, "geometry": { "type": "Polygon", "coordinates": [ [ [ 7.641143, 45.0242762 ], [ 7.6413575, 45.0241966 ], [ 7.6418135, 45.0246781 ], [ 7.6414219, 45.0248165 ], [ 7.641143, 45.0242762 ] ] ] } },
{ "type": "Feature", "properties": { }, "geometry": { "type": "Polygon", "coordinates": [ [ [ 7.6408077, 45.0239084 ], [ 7.6411537, 45.0237909 ], [ 7.6413575, 45.0241246 ], [ 7.6410437, 45.0242364 ], [ 7.6408077, 45.0239084 ] ] ] } },
{ "type": "Feature", "properties": { }, "geometry": { "type": "Polygon", "coordinates": [ [ [ 7.639657, 45.0247767 ], [ 7.6399011, 45.0248488 ], [ 7.6400245, 45.0251047 ], [ 7.639944, 45.0251843 ], [ 7.639657, 45.0247767 ] ] ] } },
{ "type": "Feature", "properties": { }, "geometry": { "type": "Polygon", "coordinates": [ [ [ 7.6400352, 45.0252999 ], [ 7.640105, 45.0251369 ], [ 7.6403732, 45.0251786 ], [ 7.6400352, 45.0252999 ] ] ] } },
{ "type": "Feature", "properties": { }, "geometry": { "type": "Polygon", "coordinates": [ [ [ 7.6393861, 45.0243445 ], [ 7.6396892, 45.0242345 ], [ 7.639936, 45.0245833 ], [ 7.6396007, 45.0246914 ], [ 7.6393861, 45.0243445 ] ] ] } },
{ "type": "Feature", "properties": { "name": "Giardino Lodovico Lazzaro Zamenhof" }, "geometry": { "type": "Polygon", "coordinates": [ [ [ 7.6510615, 45.0815765 ], [ 7.6516626, 45.0814495 ], [ 7.651807, 45.0818358 ], [ 7.6512092, 45.0819562 ], [ 7.6510615, 45.0815765 ] ] ] } },
{ "type": "Feature", "properties": { "name": "Giardino Beato Francesco Faà di Bruno" }, "geometry": { "type": "Polygon", "coordinates": [ [ [ 7.6632875, 45.0793099 ], [ 7.6641359, 45.0790175 ], [ 7.6643254, 45.0792846 ], [ 7.6634898, 45.0795873 ], [ 7.6632875, 45.0793099 ] ] ] } },
{ "type": "Feature", "properties": { }, "geometry": { "type": "Polygon", "coordinates": [ [ [ 7.6316153, 45.1041122 ], [ 7.6316195, 45.1035036 ], [ 7.6331812, 45.1035192 ], [ 7.6331665, 45.1040313 ], [ 7.6330607, 45.1041156 ], [ 7.6316153, 45.1041122 ] ] ] } },
{ "type": "Feature", "properties": { "name": "Giardino Pietro Rava" }, "geometry": { "type": "Polygon", "coordinates": [ [ [ 7.6427098, 45.0207841 ], [ 7.6433428, 45.0205649 ], [ 7.643847, 45.0213157 ], [ 7.643221, 45.021541 ], [ 7.6427098, 45.0207841 ] ] ] } },
{ "type": "Feature", "properties": { }, "geometry": { "type": "Polygon", "coordinates": [ [ [ 7.523822, 45.0281297 ], [ 7.5242614, 45.0279742 ], [ 7.5247072, 45.0275193 ], [ 7.5247174, 45.0268216 ], [ 7.5252216, 45.0268368 ], [ 7.5250666, 45.0277657 ], [ 7.5241435, 45.0285973 ], [ 7.5240134, 45.0282571 ], [ 7.5239094, 45.0282869 ], [ 7.523822, 45.0281297 ] ] ] } },
{ "type": "Feature", "properties": { "name": "Parco del Monastero" }, "geometry": { "type": "Polygon", "coordinates": [ [ [ 7.5270188, 45.029829 ], [ 7.5278355, 45.0293324 ], [ 7.5280436, 45.030053 ], [ 7.5286286, 45.0300822 ], [ 7.5301896, 45.0298054 ], [ 7.5302231, 45.0299324 ], [ 7.527806, 45.0309607 ], [ 7.5270188, 45.029829 ] ] ] } },
{ "type": "Feature", "properties": { "name": "Giardino Felicita Ferrero" }, "geometry": { "type": "Polygon", "coordinates": [ [ [ 7.6244112, 45.0149199 ], [ 7.625526, 45.0145967 ], [ 7.6259082, 45.014933 ], [ 7.6246314, 45.0153054 ], [ 7.6244112, 45.0149199 ] ] ] } },
{ "type": "Feature", "properties": { "name": "Giardino comunale" }, "geometry": { "type": "Polygon", "coordinates": [ [ [ 7.595424, 45.0307607 ], [ 7.5975981, 45.029423 ], [ 7.5980194, 45.029839 ], [ 7.5976116, 45.0299364 ], [ 7.5956028, 45.0309821 ], [ 7.595424, 45.0307607 ] ] ] } },
{ "type": "Feature", "properties": { }, "geometry": { "type": "Polygon", "coordinates": [ [ [ 7.6724928, 44.9984594 ], [ 7.6726297, 44.9982579 ], [ 7.6733286, 44.9982883 ], [ 7.6734708, 44.9985026 ], [ 7.6734439, 44.998641 ], [ 7.6731604, 44.9987196 ], [ 7.6731417, 44.9988694 ], [ 7.6724928, 44.9984594 ] ] ] } },
{ "type": "Feature", "properties": { }, "geometry": { "type": "Polygon", "coordinates": [ [ [ 7.8162966, 45.1214807 ], [ 7.8166238, 45.1214523 ], [ 7.8167402, 45.1212701 ], [ 7.8169276, 45.1214292 ], [ 7.8167821, 45.1217425 ], [ 7.8164944, 45.1218126 ], [ 7.8162966, 45.1214807 ] ] ] } },
{ "type": "Feature", "properties": { }, "geometry": { "type": "Polygon", "coordinates": [ [ [ 7.7142123, 45.0712034 ], [ 7.7143349, 45.0708159 ], [ 7.7150172, 45.0709235 ], [ 7.7148946, 45.071311 ], [ 7.7142123, 45.0712034 ] ] ] } },
{ "type": "Feature", "properties": { "name": "Giardino \"Madre Teresa di Calcutta\"" }, "geometry": { "type": "Polygon", "coordinates": [ [ [ 7.6860762, 45.0840759 ], [ 7.6869504, 45.0838185 ], [ 7.6871754, 45.0841719 ], [ 7.6880793, 45.0838781 ], [ 7.688175, 45.0840197 ], [ 7.6877025, 45.0841746 ], [ 7.6879024, 45.0844945 ], [ 7.6864988, 45.0849419 ], [ 7.6860762, 45.0840759 ] ] ] } },
{ "type": "Feature", "properties": { }, "geometry": { "type": "Polygon", "coordinates": [ [ [ 7.7656613, 45.1945512 ], [ 7.7660327, 45.1945161 ], [ 7.7661126, 45.1949271 ], [ 7.7659124, 45.1949459 ], [ 7.7656613, 45.1945512 ] ] ] } },
{ "type": "Feature", "properties": { }, "geometry": { "type": "Polygon", "coordinates": [ [ [ 7.7540389, 45.13046 ], [ 7.7541561, 45.1302555 ], [ 7.7544378, 45.1303359 ], [ 7.7543125, 45.1305415 ], [ 7.7540389, 45.13046 ] ] ] } },
{ "type": "Feature", "properties": { }, "geometry": { "type": "Polygon", "coordinates": [ [ [ 7.5229993, 45.0265536 ], [ 7.5235953, 45.026324 ], [ 7.5241368, 45.0262911 ], [ 7.5242364, 45.0266864 ], [ 7.5232119, 45.0269649 ], [ 7.5229993, 45.0265536 ] ] ] } },
{ "type": "Feature", "properties": { "name": "Giardino Caduti di El Alamein" }, "geometry": { "type": "Polygon", "coordinates": [ [ [ 7.7024667, 45.1155224 ], [ 7.7038364, 45.1152966 ], [ 7.7035968, 45.1149512 ], [ 7.7040934, 45.1147387 ], [ 7.7044519, 45.1152126 ], [ 7.7044696, 45.1154994 ], [ 7.7033932, 45.115797 ], [ 7.7024667, 45.1155224 ] ] ] } },
{ "type": "Feature", "properties": { }, "geometry": { "type": "Polygon", "coordinates": [ [ [ 7.6564981, 45.1536369 ], [ 7.6569136, 45.1535567 ], [ 7.6568726, 45.1534399 ], [ 7.6570187, 45.1535731 ], [ 7.6567117, 45.1538 ], [ 7.6564981, 45.1536369 ] ] ] } },
{ "type": "Feature", "properties": { }, "geometry": { "type": "Polygon", "coordinates": [ [ [ 7.6616949, 45.1519011 ], [ 7.6617018, 45.1516616 ], [ 7.6620345, 45.1517083 ], [ 7.6621286, 45.1519097 ], [ 7.6629003, 45.1518827 ], [ 7.662916, 45.1524969 ], [ 7.6616949, 45.1519011 ] ] ] } },
{ "type": "Feature", "properties": { }, "geometry": { "type": "Polygon", "coordinates": [ [ [ 7.6562495, 45.1534376 ], [ 7.6564586, 45.153157 ], [ 7.6568276, 45.1532582 ], [ 7.6564184, 45.1533219 ], [ 7.6564624, 45.1535362 ], [ 7.6562495, 45.1534376 ] ] ] } },
{ "type": "Feature", "properties": { }, "geometry": { "type": "Polygon", "coordinates": [ [ [ 7.652048, 45.1516123 ], [ 7.6520535, 45.1508127 ], [ 7.6524204, 45.1507524 ], [ 7.652342, 45.1516128 ], [ 7.652048, 45.1516123 ] ] ] } },
{ "type": "Feature", "properties": { }, "geometry": { "type": "Polygon", "coordinates": [ [ [ 7.5665635, 45.0936204 ], [ 7.567215, 45.0933847 ], [ 7.5675349, 45.0936353 ], [ 7.5671738, 45.0938038 ], [ 7.5672942, 45.09396 ], [ 7.5681454, 45.0943736 ], [ 7.5682597, 45.0944665 ], [ 7.5680964, 45.0945601 ], [ 7.5682104, 45.0946536 ], [ 7.5679732, 45.094621 ], [ 7.5665635, 45.0936204 ] ] ] } },
{ "type": "Feature", "properties": { }, "geometry": { "type": "Polygon", "coordinates": [ [ [ 7.7296259, 45.1065597 ], [ 7.7314475, 45.1067447 ], [ 7.731388, 45.1074581 ], [ 7.7299653, 45.107431 ], [ 7.7296259, 45.1065597 ] ] ] } },
{ "type": "Feature", "properties": { "name": "Parco Einaudi" }, "geometry": { "type": "Polygon", "coordinates": [ [ [ 7.7572314, 45.1348135 ], [ 7.7573408, 45.1344848 ], [ 7.7577806, 45.1341728 ], [ 7.758596, 45.1344278 ], [ 7.7586388, 45.1347279 ], [ 7.7584724, 45.1350097 ], [ 7.7572932, 45.1350281 ], [ 7.7572314, 45.1348135 ] ] ] } },
{ "type": "Feature", "properties": { "name": "Giardino Carlotta Enrico" }, "geometry": { "type": "Polygon", "coordinates": [ [ [ 7.7640138, 45.1422872 ], [ 7.7645367, 45.1422416 ], [ 7.7646023, 45.142662 ], [ 7.7640955, 45.1427602 ], [ 7.7640138, 45.1422872 ] ] ] } },
{ "type": "Feature", "properties": { }, "geometry": { "type": "Polygon", "coordinates": [ [ [ 7.7771221, 45.1393901 ], [ 7.7774363, 45.1392925 ], [ 7.7776431, 45.1396236 ], [ 7.7772703, 45.1397394 ], [ 7.7771221, 45.1393901 ] ] ] } },
{ "type": "Feature", "properties": { }, "geometry": { "type": "Polygon", "coordinates": [ [ [ 7.6426059, 45.081198 ], [ 7.6429117, 45.0811768 ], [ 7.6427618, 45.0812954 ], [ 7.6426059, 45.081198 ] ] ] } },
{ "type": "Feature", "properties": { "name": "Parco culturale le serre" }, "geometry": { "type": "Polygon", "coordinates": [ [ [ 7.5735618, 45.0633343 ], [ 7.5736342, 45.0614776 ], [ 7.5749405, 45.0612844 ], [ 7.5751926, 45.0621199 ], [ 7.5760616, 45.0621161 ], [ 7.5760187, 45.0624571 ], [ 7.5762226, 45.0628379 ], [ 7.5752087, 45.0632566 ], [ 7.5735618, 45.0633343 ] ] ] } },
{ "type": "Feature", "properties": { }, "geometry": { "type": "Polygon", "coordinates": [ [ [ 7.7002988, 45.1204884 ], [ 7.7003277, 45.1197375 ], [ 7.700703, 45.1197261 ], [ 7.7006755, 45.1183142 ], [ 7.7008522, 45.1181953 ], [ 7.7009354, 45.1203797 ], [ 7.7011593, 45.1203756 ], [ 7.7011738, 45.120753 ], [ 7.7009994, 45.1207756 ], [ 7.7010023, 45.1204827 ], [ 7.7002988, 45.1204884 ] ] ] } },
{ "type": "Feature", "properties": { }, "geometry": { "type": "Polygon", "coordinates": [ [ [ 7.6993348, 45.1205511 ], [ 7.6993639, 45.1196894 ], [ 7.6999046, 45.1196584 ], [ 7.6999075, 45.1205061 ], [ 7.6993348, 45.1205511 ] ] ] } },
{ "type": "Feature", "properties": { }, "geometry": { "type": "Polygon", "coordinates": [ [ [ 7.6228314, 45.0740984 ], [ 7.6231224, 45.0741137 ], [ 7.6230875, 45.0744471 ], [ 7.6229159, 45.074449 ], [ 7.6228314, 45.0740984 ] ] ] } },
{ "type": "Feature", "properties": { }, "geometry": { "type": "Polygon", "coordinates": [ [ [ 7.5198528, 45.1052789 ], [ 7.5199218, 45.1048273 ], [ 7.520163, 45.1046645 ], [ 7.5198528, 45.1052789 ] ] ] } },
{ "type": "Feature", "properties": { }, "geometry": { "type": "Polygon", "coordinates": [ [ [ 7.6266129, 45.0754929 ], [ 7.6267883, 45.0750627 ], [ 7.6269421, 45.0750679 ], [ 7.6270449, 45.075508 ], [ 7.6266129, 45.0754929 ] ] ] } },
{ "type": "Feature", "properties": { }, "geometry": { "type": "Polygon", "coordinates": [ [ [ 7.5775613, 45.0183497 ], [ 7.5777568, 45.018056 ], [ 7.5785963, 45.0181954 ], [ 7.5783657, 45.0184181 ], [ 7.5780532, 45.0183082 ], [ 7.5775613, 45.0183497 ] ] ] } },
{ "type": "Feature", "properties": { }, "geometry": { "type": "Polygon", "coordinates": [ [ [ 7.6437136, 44.9940293 ], [ 7.6438068, 44.9936826 ], [ 7.6444611, 44.9936432 ], [ 7.6445213, 44.9939496 ], [ 7.6437136, 44.9940293 ] ] ] } },
{ "type": "Feature", "properties": { "name": "Piazzetta Madre Francesca Rubatto" }, "geometry": { "type": "Polygon", "coordinates": [ [ [ 7.6655544, 45.1020995 ], [ 7.6658156, 45.1018638 ], [ 7.6661238, 45.1020968 ], [ 7.6658053, 45.1022772 ], [ 7.6655544, 45.1020995 ] ] ] } },
{ "type": "Feature", "properties": { }, "geometry": { "type": "Polygon", "coordinates": [ [ [ 7.6329818, 45.0119198 ], [ 7.6339783, 45.0116968 ], [ 7.6341973, 45.0122925 ], [ 7.633187, 45.0124781 ], [ 7.6329818, 45.0119198 ] ] ] } },
{ "type": "Feature", "properties": { "name": "Giardini Lamarmora" }, "geometry": { "type": "Polygon", "coordinates": [ [ [ 7.5248973, 45.0663513 ], [ 7.525959, 45.065852 ], [ 7.5262401, 45.0661841 ], [ 7.5266068, 45.0660494 ], [ 7.5267901, 45.066203 ], [ 7.5266471, 45.0666622 ], [ 7.5261786, 45.0669816 ], [ 7.5260606, 45.0668755 ], [ 7.525399, 45.0670213 ], [ 7.5253767, 45.0673554 ], [ 7.5249368, 45.0674046 ], [ 7.5248973, 45.0663513 ] ] ] } },
{ "type": "Feature", "properties": { }, "geometry": { "type": "Polygon", "coordinates": [ [ [ 7.6762409, 45.0456677 ], [ 7.6768643, 45.0455556 ], [ 7.6769335, 45.0457479 ], [ 7.6763102, 45.04586 ], [ 7.6762409, 45.0456677 ] ] ] } },
{ "type": "Feature", "properties": { }, "geometry": { "type": "Polygon", "coordinates": [ [ [ 7.6381478, 45.0010711 ], [ 7.6391338, 45.0007334 ], [ 7.6390721, 45.000373 ], [ 7.6402147, 45.0004394 ], [ 7.6403166, 45.0015053 ], [ 7.6387073, 45.0015432 ], [ 7.6387502, 45.0011373 ], [ 7.6381478, 45.0010711 ] ] ] } },
{ "type": "Feature", "properties": { }, "geometry": { "type": "Polygon", "coordinates": [ [ [ 7.6590237, 44.9994931 ], [ 7.6606742, 44.9993676 ], [ 7.6607457, 45.0001539 ], [ 7.6590411, 45.0002041 ], [ 7.6590237, 44.9994931 ] ] ] } },
{ "type": "Feature", "properties": { "name": "Giardino in forma di Teatro" }, "geometry": { "type": "Polygon", "coordinates": [ [ [ 7.7077792, 45.0572945 ], [ 7.7083867, 45.0570889 ], [ 7.7092437, 45.0573352 ], [ 7.7095803, 45.0577038 ], [ 7.7095267, 45.0584095 ], [ 7.7092531, 45.0585592 ], [ 7.7089692, 45.0583474 ], [ 7.7091518, 45.0579448 ], [ 7.708924, 45.0576125 ], [ 7.7084783, 45.0574735 ], [ 7.708042, 45.0575394 ], [ 7.7077792, 45.0572945 ] ] ] } },
{ "type": "Feature", "properties": { }, "geometry": { "type": "Polygon", "coordinates": [ [ [ 7.7081272, 45.0584469 ], [ 7.7086489, 45.0582518 ], [ 7.708893, 45.0584744 ], [ 7.7084505, 45.0587302 ], [ 7.7081272, 45.0584469 ] ] ] } },
{ "type": "Feature", "properties": { "name": "Giardini di Kimberley - U.K." }, "geometry": { "type": "Polygon", "coordinates": [ [ [ 7.6154566, 45.0427273 ], [ 7.616288, 45.0426648 ], [ 7.6163578, 45.0424847 ], [ 7.6165509, 45.0424696 ], [ 7.616677, 45.0419541 ], [ 7.6169184, 45.0420469 ], [ 7.6172644, 45.0430988 ], [ 7.6164597, 45.0432352 ], [ 7.6165656, 45.0435006 ], [ 7.6156658, 45.0436114 ], [ 7.6154566, 45.0427273 ] ] ] } },
{ "type": "Feature", "properties": { "name": "Parco Alcide De Gasperi" }, "geometry": { "type": "Polygon", "coordinates": [ [ [ 7.7585193, 45.105718 ], [ 7.7593992, 45.1054436 ], [ 7.7597803, 45.1058641 ], [ 7.7597766, 45.1060124 ], [ 7.7595278, 45.1061884 ], [ 7.7589533, 45.1059127 ], [ 7.7587084, 45.1059675 ], [ 7.7585193, 45.105718 ] ] ] } },
{ "type": "Feature", "properties": { }, "geometry": { "type": "Polygon", "coordinates": [ [ [ 7.5177399, 45.0713558 ], [ 7.5180054, 45.0712535 ], [ 7.5177507, 45.0709902 ], [ 7.5182576, 45.0707648 ], [ 7.5183389, 45.0708878 ], [ 7.5188998, 45.0707268 ], [ 7.5188959, 45.0716116 ], [ 7.5187516, 45.071692 ], [ 7.5181659, 45.0716901 ], [ 7.5177399, 45.0713558 ] ] ] } },
{ "type": "Feature", "properties": { }, "geometry": { "type": "Polygon", "coordinates": [ [ [ 7.6752932, 45.0920147 ], [ 7.6755476, 45.0916364 ], [ 7.6755821, 45.091666 ], [ 7.6752932, 45.0920147 ] ] ] } },
{ "type": "Feature", "properties": { }, "geometry": { "type": "Polygon", "coordinates": [ [ [ 7.6752154, 45.0919798 ], [ 7.6754578, 45.0916111 ], [ 7.6755297, 45.0916216 ], [ 7.6752154, 45.0919798 ] ] ] } },
{ "type": "Feature", "properties": { }, "geometry": { "type": "Polygon", "coordinates": [ [ [ 7.674717, 45.0925451 ], [ 7.6750418, 45.0920781 ], [ 7.6751046, 45.0921035 ], [ 7.674717, 45.0925451 ] ] ] } },
{ "type": "Feature", "properties": { }, "geometry": { "type": "Polygon", "coordinates": [ [ [ 7.6747379, 45.0925588 ], [ 7.6751196, 45.0921246 ], [ 7.675157, 45.0921436 ], [ 7.6748248, 45.0925578 ], [ 7.6747379, 45.0925588 ] ] ] } },
{ "type": "Feature", "properties": { }, "geometry": { "type": "Polygon", "coordinates": [ [ [ 7.6727563, 45.0932533 ], [ 7.6730677, 45.0931586 ], [ 7.6730844, 45.0932572 ], [ 7.6727563, 45.0932533 ] ] ] } },
{ "type": "Feature", "properties": { "name": "Giardino Kranj" }, "geometry": { "type": "Polygon", "coordinates": [ [ [ 7.511285, 45.0771266 ], [ 7.5125778, 45.0767383 ], [ 7.5127897, 45.0770793 ], [ 7.5115264, 45.0775622 ], [ 7.511285, 45.0771266 ] ] ] } },
{ "type": "Feature", "properties": { }, "geometry": { "type": "Polygon", "coordinates": [ [ [ 7.532381, 45.1008587 ], [ 7.5324722, 45.1003286 ], [ 7.5328048, 45.1003286 ], [ 7.5327592, 45.1008947 ], [ 7.532381, 45.1008587 ] ] ] } },
{ "type": "Feature", "properties": { }, "geometry": { "type": "Polygon", "coordinates": [ [ [ 7.7056176, 45.1173327 ], [ 7.7056851, 45.1170104 ], [ 7.7063196, 45.1171542 ], [ 7.7061452, 45.1174784 ], [ 7.7056176, 45.1173327 ] ] ] } },
{ "type": "Feature", "properties": { }, "geometry": { "type": "Polygon", "coordinates": [ [ [ 7.6318342, 44.9992364 ], [ 7.6321471, 44.998842 ], [ 7.6336367, 44.9984893 ], [ 7.6343988, 44.9992977 ], [ 7.6351237, 44.9992548 ], [ 7.6350311, 44.9993725 ], [ 7.6344859, 44.9993642 ], [ 7.6339671, 44.9996154 ], [ 7.6338967, 45.0000632 ], [ 7.6337746, 45.0000632 ], [ 7.6337733, 44.9996659 ], [ 7.6328509, 44.9996675 ], [ 7.6328525, 45.0002012 ], [ 7.63211, 45.0001775 ], [ 7.6318342, 44.9992364 ] ] ] } },
{ "type": "Feature", "properties": { }, "geometry": { "type": "Polygon", "coordinates": [ [ [ 7.6527083, 45.0929482 ], [ 7.6528428, 45.0928526 ], [ 7.6531937, 45.0931227 ], [ 7.6529614, 45.0932748 ], [ 7.6527083, 45.0929482 ] ] ] } },
{ "type": "Feature", "properties": { }, "geometry": { "type": "Polygon", "coordinates": [ [ [ 7.5296807, 45.1016784 ], [ 7.5297234, 45.1014358 ], [ 7.5302378, 45.1014786 ], [ 7.530231, 45.1015785 ], [ 7.5296807, 45.1016784 ] ] ] } },
{ "type": "Feature", "properties": { "name": "Parco Area Caselli" }, "geometry": { "type": "Polygon", "coordinates": [ [ [ 7.8166052, 45.0106918 ], [ 7.8177237, 45.0095237 ], [ 7.8184157, 45.009884 ], [ 7.8181367, 45.01014 ], [ 7.8189659, 45.0106547 ], [ 7.818348, 45.0111119 ], [ 7.8173248, 45.0105068 ], [ 7.8169271, 45.0109212 ], [ 7.8166052, 45.0106918 ] ] ] } },
{ "type": "Feature", "properties": { }, "geometry": { "type": "Polygon", "coordinates": [ [ [ 7.6577627, 45.1490708 ], [ 7.6580093, 45.147304 ], [ 7.6592083, 45.1474697 ], [ 7.6599395, 45.1483713 ], [ 7.6582027, 45.1491208 ], [ 7.6577627, 45.1490708 ] ] ] } },
{ "type": "Feature", "properties": { }, "geometry": { "type": "Polygon", "coordinates": [ [ [ 7.7087745, 44.9948426 ], [ 7.7091622, 44.9946804 ], [ 7.7093049, 44.9948509 ], [ 7.7089173, 44.9950132 ], [ 7.7087745, 44.9948426 ] ] ] } },
{ "type": "Feature", "properties": { }, "geometry": { "type": "Polygon", "coordinates": [ [ [ 7.5195275, 45.1015264 ], [ 7.5202333, 45.1015641 ], [ 7.5202412, 45.1018279 ], [ 7.5195848, 45.1017386 ], [ 7.5195275, 45.1015264 ] ] ] } },
{ "type": "Feature", "properties": { "name": "Giardino Luigi Martini" }, "geometry": { "type": "Polygon", "coordinates": [ [ [ 7.6608777, 45.0734183 ], [ 7.6620211, 45.0730052 ], [ 7.6625575, 45.0737604 ], [ 7.6614094, 45.0741889 ], [ 7.6608777, 45.0734183 ] ] ] } },
{ "type": "Feature", "properties": { }, "geometry": { "type": "Polygon", "coordinates": [ [ [ 7.5475895, 45.0977037 ], [ 7.5480277, 45.0975138 ], [ 7.5482459, 45.0976599 ], [ 7.5476459, 45.0978644 ], [ 7.5475895, 45.0977037 ] ] ] } },
{ "type": "Feature", "properties": { }, "geometry": { "type": "Polygon", "coordinates": [ [ [ 7.5875198, 45.0670938 ], [ 7.5884137, 45.0670247 ], [ 7.5884688, 45.0672918 ], [ 7.5875648, 45.0673642 ], [ 7.5875198, 45.0670938 ] ] ] } },
{ "type": "Feature", "properties": { }, "geometry": { "type": "Polygon", "coordinates": [ [ [ 7.6656485, 45.0479355 ], [ 7.6659328, 45.0476456 ], [ 7.6662976, 45.0480757 ], [ 7.6659838, 45.0482558 ], [ 7.6656485, 45.0479355 ] ] ] } },
{ "type": "Feature", "properties": { }, "geometry": { "type": "Polygon", "coordinates": [ [ [ 7.6663995, 45.0486859 ], [ 7.6667107, 45.0484964 ], [ 7.6670245, 45.048864 ], [ 7.6666999, 45.0490024 ], [ 7.6663995, 45.0486859 ] ] ] } },
{ "type": "Feature", "properties": { }, "geometry": { "type": "Polygon", "coordinates": [ [ [ 7.6663955, 45.0471936 ], [ 7.6666865, 45.0468847 ], [ 7.6671009, 45.0475451 ], [ 7.6668367, 45.0477138 ], [ 7.6663955, 45.0471936 ] ] ] } },
{ "type": "Feature", "properties": { }, "geometry": { "type": "Polygon", "coordinates": [ [ [ 7.6679405, 45.0476603 ], [ 7.668308, 45.0473723 ], [ 7.6687532, 45.0480716 ], [ 7.6684448, 45.0481985 ], [ 7.6679405, 45.0476603 ] ] ] } },
{ "type": "Feature", "properties": { }, "geometry": { "type": "Polygon", "coordinates": [ [ [ 7.6671842, 45.0463907 ], [ 7.667565, 45.0461159 ], [ 7.6679915, 45.0468493 ], [ 7.6675382, 45.0470501 ], [ 7.6671842, 45.0463907 ] ] ] } },
{ "type": "Feature", "properties": { "name": "Giardino \"Felice Cavallotti\"" }, "geometry": { "type": "Polygon", "coordinates": [ [ [ 7.6456538, 45.1004264 ], [ 7.6484821, 45.09962 ], [ 7.6474371, 45.1013344 ], [ 7.6456538, 45.1004264 ] ] ] } },
{ "type": "Feature", "properties": { }, "geometry": { "type": "Polygon", "coordinates": [ [ [ 7.6546172, 45.1056589 ], [ 7.6546281, 45.1054933 ], [ 7.6548681, 45.1053393 ], [ 7.6562044, 45.1052392 ], [ 7.6563408, 45.1053432 ], [ 7.6563844, 45.1056281 ], [ 7.6546172, 45.1056589 ] ] ] } },
{ "type": "Feature", "properties": { }, "geometry": { "type": "Polygon", "coordinates": [ [ [ 7.6210791, 45.118766 ], [ 7.6216501, 45.1186052 ], [ 7.6219801, 45.1194 ], [ 7.6221984, 45.1193396 ], [ 7.6222845, 45.1194983 ], [ 7.6226581, 45.1194706 ], [ 7.62296, 45.1197524 ], [ 7.6219963, 45.1200161 ], [ 7.6216749, 45.1194457 ], [ 7.6214715, 45.1195052 ], [ 7.6210791, 45.118766 ] ] ] } },
{ "type": "Feature", "properties": { }, "geometry": { "type": "Polygon", "coordinates": [ [ [ 7.620849, 45.0691713 ], [ 7.6208753, 45.068802 ], [ 7.6218264, 45.0688424 ], [ 7.6216097, 45.0691969 ], [ 7.620849, 45.0691713 ] ] ] } },
{ "type": "Feature", "properties": { "name": "stella bianca" }, "geometry": { "type": "Polygon", "coordinates": [ [ [ 7.5347612, 45.0683812 ], [ 7.5353498, 45.0681974 ], [ 7.5351523, 45.0678874 ], [ 7.535923, 45.0675322 ], [ 7.5366467, 45.0675814 ], [ 7.5376248, 45.0672205 ], [ 7.5378842, 45.0674642 ], [ 7.5359695, 45.0679241 ], [ 7.5364521, 45.0690803 ], [ 7.5366771, 45.0693298 ], [ 7.5368096, 45.0694342 ], [ 7.5371531, 45.0694041 ], [ 7.5372166, 45.069535 ], [ 7.5373439, 45.0695042 ], [ 7.5375028, 45.0698355 ], [ 7.5381442, 45.0700464 ], [ 7.5381774, 45.0707791 ], [ 7.5377434, 45.0702704 ], [ 7.5372484, 45.0703186 ], [ 7.5371219, 45.0707694 ], [ 7.5370266, 45.0707789 ], [ 7.5367147, 45.0700857 ], [ 7.5363337, 45.070186 ], [ 7.5362383, 45.0699928 ], [ 7.5359467, 45.0700531 ], [ 7.5360226, 45.0702422 ], [ 7.5357348, 45.0703162 ], [ 7.5356121, 45.0700737 ], [ 7.5357507, 45.0700073 ], [ 7.5352617, 45.0692459 ], [ 7.535347, 45.0689241 ], [ 7.5354969, 45.0688847 ], [ 7.5354273, 45.0687226 ], [ 7.5351794, 45.0685563 ], [ 7.5349161, 45.0686438 ], [ 7.5347612, 45.0683812 ] ] ] } },
{ "type": "Feature", "properties": { "name": "Giardino dell'amicizia Collegno - Sarajevo" }, "geometry": { "type": "Polygon", "coordinates": [ [ [ 7.5679055, 45.0790875 ], [ 7.5687607, 45.0789772 ], [ 7.5688818, 45.0794457 ], [ 7.5680267, 45.0795559 ], [ 7.5679055, 45.0790875 ] ] ] } },
{ "type": "Feature", "properties": { }, "geometry": { "type": "Polygon", "coordinates": [ [ [ 7.5752057, 45.0846528 ], [ 7.5759488, 45.0851074 ], [ 7.5763007, 45.0858849 ], [ 7.5759502, 45.0859239 ], [ 7.5757827, 45.0852878 ], [ 7.5752057, 45.0846528 ] ] ] } },
{ "type": "Feature", "properties": { }, "geometry": { "type": "Polygon", "coordinates": [ [ [ 7.5740123, 45.086353 ], [ 7.5742612, 45.0863182 ], [ 7.5742722, 45.0864631 ], [ 7.5745207, 45.0864291 ], [ 7.5745384, 45.0865665 ], [ 7.5740217, 45.0867211 ], [ 7.5740123, 45.086353 ] ] ] } },
{ "type": "Feature", "properties": { }, "geometry": { "type": "Polygon", "coordinates": [ [ [ 7.7262655, 45.1014625 ], [ 7.7263035, 45.1013362 ], [ 7.7264548, 45.1013555 ], [ 7.7267546, 45.1015349 ], [ 7.7265312, 45.1016144 ], [ 7.7265642, 45.1017334 ], [ 7.7264243, 45.1016068 ], [ 7.7265381, 45.1015429 ], [ 7.7262655, 45.1014625 ] ] ] } },
{ "type": "Feature", "properties": { "name": "Parco giochi" }, "geometry": { "type": "Polygon", "coordinates": [ [ [ 7.7717628, 45.1094148 ], [ 7.7721491, 45.1092142 ], [ 7.7722456, 45.1089378 ], [ 7.7729108, 45.109642 ], [ 7.7723046, 45.1099221 ], [ 7.7717628, 45.1094148 ] ] ] } },
{ "type": "Feature", "properties": { }, "geometry": { "type": "Polygon", "coordinates": [ [ [ 7.7733487, 45.1101081 ], [ 7.7736728, 45.1099099 ], [ 7.7739429, 45.1101945 ], [ 7.7735888, 45.1103597 ], [ 7.7733487, 45.1101081 ] ] ] } },
{ "type": "Feature", "properties": { }, "geometry": { "type": "Polygon", "coordinates": [ [ [ 7.7732603, 45.1066186 ], [ 7.7737109, 45.1063612 ], [ 7.7735768, 45.1062627 ], [ 7.7737914, 45.106187 ], [ 7.7740596, 45.1063839 ], [ 7.7745907, 45.1073191 ], [ 7.7739899, 45.1074478 ], [ 7.7732603, 45.1066186 ] ] ] } },
{ "type": "Feature", "properties": { }, "geometry": { "type": "Polygon", "coordinates": [ [ [ 7.774059, 45.1097254 ], [ 7.7750517, 45.1092645 ], [ 7.7749677, 45.1088681 ], [ 7.7747072, 45.1088833 ], [ 7.7743047, 45.1074716 ], [ 7.7750778, 45.107374 ], [ 7.7751509, 45.1075344 ], [ 7.7747535, 45.1076433 ], [ 7.775145, 45.1094099 ], [ 7.7748939, 45.1101438 ], [ 7.7749716, 45.1103176 ], [ 7.7747087, 45.1105296 ], [ 7.7744503, 45.1102133 ], [ 7.774814, 45.1101057 ], [ 7.7750517, 45.1093789 ], [ 7.7741286, 45.1098025 ], [ 7.774059, 45.1097254 ] ] ] } },
{ "type": "Feature", "properties": { "name": "Parco giochi di Via Piave" }, "geometry": { "type": "Polygon", "coordinates": [ [ [ 7.7645424, 45.0983924 ], [ 7.7652303, 45.0981496 ], [ 7.7658599, 45.09845 ], [ 7.7650642, 45.0988595 ], [ 7.7645424, 45.0983924 ] ] ] } },
{ "type": "Feature", "properties": { }, "geometry": { "type": "Polygon", "coordinates": [ [ [ 7.7606807, 45.0972811 ], [ 7.7609606, 45.096886 ], [ 7.7625054, 45.0971083 ], [ 7.762281, 45.0973799 ], [ 7.762587, 45.0975383 ], [ 7.7625142, 45.0976185 ], [ 7.7616922, 45.0973881 ], [ 7.7611354, 45.0974436 ], [ 7.7606807, 45.0972811 ] ] ] } },
{ "type": "Feature", "properties": { }, "geometry": { "type": "Polygon", "coordinates": [ [ [ 7.7706716, 45.10858 ], [ 7.7710331, 45.1083846 ], [ 7.7713034, 45.1085892 ], [ 7.7712253, 45.10895 ], [ 7.7713979, 45.1091799 ], [ 7.7706716, 45.10858 ] ] ] } },
{ "type": "Feature", "properties": { }, "geometry": { "type": "Polygon", "coordinates": [ [ [ 7.7713327, 45.108796 ], [ 7.77145, 45.1086144 ], [ 7.7715933, 45.1087087 ], [ 7.7714337, 45.1090971 ], [ 7.7713327, 45.108796 ] ] ] } },
{ "type": "Feature", "properties": { }, "geometry": { "type": "Polygon", "coordinates": [ [ [ 7.7716175, 45.1084596 ], [ 7.7719752, 45.1082055 ], [ 7.7721516, 45.108319 ], [ 7.7717639, 45.1085715 ], [ 7.7716175, 45.1084596 ] ] ] } },
{ "type": "Feature", "properties": { }, "geometry": { "type": "Polygon", "coordinates": [ [ [ 7.7740464, 45.1107573 ], [ 7.774497, 45.1105604 ], [ 7.7745453, 45.1107951 ], [ 7.7743736, 45.1110602 ], [ 7.7740464, 45.1107573 ] ] ] } },
{ "type": "Feature", "properties": { }, "geometry": { "type": "Polygon", "coordinates": [ [ [ 7.7728009, 45.1107455 ], [ 7.7729432, 45.1107273 ], [ 7.7735104, 45.1114183 ], [ 7.7737979, 45.1113913 ], [ 7.7737606, 45.1112538 ], [ 7.7741508, 45.1111037 ], [ 7.7740198, 45.1115287 ], [ 7.7741727, 45.1115531 ], [ 7.7742524, 45.1112332 ], [ 7.7744767, 45.1110072 ], [ 7.7738264, 45.1131095 ], [ 7.7739188, 45.1138598 ], [ 7.7742675, 45.1146056 ], [ 7.7737632, 45.1139393 ], [ 7.7735969, 45.1133753 ], [ 7.773436, 45.1117625 ], [ 7.7728009, 45.1107455 ] ] ] } },
{ "type": "Feature", "properties": { }, "geometry": { "type": "Polygon", "coordinates": [ [ [ 7.622659, 45.1382436 ], [ 7.623427, 45.1379918 ], [ 7.6238204, 45.138681 ], [ 7.6230436, 45.1389251 ], [ 7.622659, 45.1382436 ] ] ] } },
{ "type": "Feature", "properties": { "name": "Parco giochi" }, "geometry": { "type": "Polygon", "coordinates": [ [ [ 7.7060244, 44.994626 ], [ 7.7063285, 44.9945322 ], [ 7.7067102, 44.9950135 ], [ 7.706394, 44.995111 ], [ 7.7060244, 44.994626 ] ] ] } },
{ "type": "Feature", "properties": { "name": "Giardino Jaqueiro" }, "geometry": { "type": "Polygon", "coordinates": [ [ [ 7.6960493, 45.1031362 ], [ 7.6992405, 45.1016154 ], [ 7.6991875, 45.1012203 ], [ 7.6996461, 45.1009987 ], [ 7.7000243, 45.1011104 ], [ 7.7003944, 45.1017409 ], [ 7.6999063, 45.1019643 ], [ 7.6997293, 45.1022047 ], [ 7.6996005, 45.1022407 ], [ 7.6994262, 45.102006 ], [ 7.6991311, 45.1021063 ], [ 7.699335, 45.1023694 ], [ 7.6960493, 45.1031362 ] ] ] } },
{ "type": "Feature", "properties": { }, "geometry": { "type": "Polygon", "coordinates": [ [ [ 7.5798425, 45.0661727 ], [ 7.5802896, 45.0661202 ], [ 7.5803914, 45.0665835 ], [ 7.5799444, 45.0665981 ], [ 7.5798425, 45.0661727 ] ] ] } },
{ "type": "Feature", "properties": { "name": "Parco San Sebastiano" }, "geometry": { "type": "Polygon", "coordinates": [ [ [ 7.5838626, 45.0592459 ], [ 7.5848757, 45.0592988 ], [ 7.5850602, 45.0609329 ], [ 7.5845709, 45.0610257 ], [ 7.5845737, 45.0612351 ], [ 7.5840326, 45.0613304 ], [ 7.5838626, 45.0592459 ] ] ] } },
{ "type": "Feature", "properties": { }, "geometry": { "type": "Polygon", "coordinates": [ [ [ 7.5796558, 45.0709037 ], [ 7.5798346, 45.070884 ], [ 7.5799011, 45.0711847 ], [ 7.5797223, 45.0712045 ], [ 7.5796558, 45.0709037 ] ] ] } },
{ "type": "Feature", "properties": { }, "geometry": { "type": "Polygon", "coordinates": [ [ [ 7.7109062, 44.9899237 ], [ 7.7112894, 44.9898665 ], [ 7.71133, 44.9899937 ], [ 7.710968, 44.9900471 ], [ 7.7109062, 44.9899237 ] ] ] } },
{ "type": "Feature", "properties": { }, "geometry": { "type": "Polygon", "coordinates": [ [ [ 7.7109501, 44.990094 ], [ 7.7113016, 44.9900388 ], [ 7.7113544, 44.9902259 ], [ 7.7110072, 44.9902826 ], [ 7.7109501, 44.990094 ] ] ] } },
{ "type": "Feature", "properties": { }, "geometry": { "type": "Polygon", "coordinates": [ [ [ 7.5736644, 45.0582001 ], [ 7.5737458, 45.0578125 ], [ 7.575651, 45.0576963 ], [ 7.575736, 45.0589016 ], [ 7.5749772, 45.0585612 ], [ 7.5747037, 45.0588257 ], [ 7.5745099, 45.0587567 ], [ 7.5746727, 45.0584542 ], [ 7.5736644, 45.0582001 ] ] ] } },
{ "type": "Feature", "properties": { }, "geometry": { "type": "Polygon", "coordinates": [ [ [ 7.7115257, 44.9901161 ], [ 7.7118606, 44.9898848 ], [ 7.7119306, 44.9902262 ], [ 7.7123806, 44.9901366 ], [ 7.7125003, 44.9906481 ], [ 7.7116938, 44.9908198 ], [ 7.7116633, 44.9906824 ], [ 7.7118122, 44.9906609 ], [ 7.7117749, 44.9905388 ], [ 7.7116204, 44.9905492 ], [ 7.7115257, 44.9901161 ] ] ] } },
{ "type": "Feature", "properties": { "name": "Giardino Ginzburg" }, "geometry": { "type": "Polygon", "coordinates": [ [ [ 7.6946197, 45.0601886 ], [ 7.6952267, 45.0598833 ], [ 7.6965726, 45.0612174 ], [ 7.6965082, 45.0614788 ], [ 7.6957868, 45.061478 ], [ 7.6946197, 45.0601886 ] ] ] } },
{ "type": "Feature", "properties": { }, "geometry": { "type": "Polygon", "coordinates": [ [ [ 7.5459377, 45.109536 ], [ 7.5462775, 45.1094549 ], [ 7.5466176, 45.1097274 ], [ 7.5461565, 45.1096156 ], [ 7.5459377, 45.109536 ] ] ] } },
{ "type": "Feature", "properties": { }, "geometry": { "type": "Polygon", "coordinates": [ [ [ 7.7056261, 44.99408 ], [ 7.7060629, 44.9939388 ], [ 7.7063541, 44.9943894 ], [ 7.7059173, 44.9945305 ], [ 7.7056261, 44.99408 ] ] ] } },
{ "type": "Feature", "properties": { }, "geometry": { "type": "Polygon", "coordinates": [ [ [ 7.8059967, 45.1169583 ], [ 7.8064473, 45.1162126 ], [ 7.8077186, 45.1162618 ], [ 7.8090651, 45.1153287 ], [ 7.8091308, 45.1154395 ], [ 7.8095627, 45.1152719 ], [ 7.8102748, 45.1153996 ], [ 7.8110379, 45.1165779 ], [ 7.8105095, 45.1171003 ], [ 7.8104371, 45.1173331 ], [ 7.8106221, 45.1175564 ], [ 7.8114214, 45.1176454 ], [ 7.8117728, 45.1178119 ], [ 7.8115824, 45.1182378 ], [ 7.8115985, 45.1187091 ], [ 7.8113705, 45.1189665 ], [ 7.8115207, 45.1191671 ], [ 7.8117969, 45.1192579 ], [ 7.811585, 45.1193299 ], [ 7.8111747, 45.1189684 ], [ 7.8100807, 45.1196749 ], [ 7.8099245, 45.119648 ], [ 7.8099277, 45.1194399 ], [ 7.8102853, 45.1192476 ], [ 7.8099882, 45.1188237 ], [ 7.8097012, 45.1189104 ], [ 7.8096341, 45.1187889 ], [ 7.8099071, 45.118696 ], [ 7.8096381, 45.1182561 ], [ 7.8094125, 45.118304 ], [ 7.8092623, 45.1180448 ], [ 7.8095814, 45.1179974 ], [ 7.8092542, 45.1173993 ], [ 7.8094008, 45.1169273 ], [ 7.8088733, 45.1166063 ], [ 7.8084227, 45.1166725 ], [ 7.8080928, 45.1171116 ], [ 7.8075135, 45.1168958 ], [ 7.8059967, 45.1169583 ] ] ] } },
{ "type": "Feature", "properties": { "name": "Parco Unione Europea" }, "geometry": { "type": "Polygon", "coordinates": [ [ [ 7.6941652, 45.1374029 ], [ 7.6946709, 45.1361585 ], [ 7.6964125, 45.1365072 ], [ 7.6972067, 45.1371622 ], [ 7.698053, 45.1370145 ], [ 7.6991878, 45.1370779 ], [ 7.7002103, 45.1367054 ], [ 7.7052217, 45.1378785 ], [ 7.7054352, 45.1389088 ], [ 7.704952, 45.1393765 ], [ 7.6980305, 45.1392893 ], [ 7.6969743, 45.1389881 ], [ 7.6964349, 45.1385601 ], [ 7.6958619, 45.1384333 ], [ 7.6952327, 45.1385839 ], [ 7.6944686, 45.1390753 ], [ 7.6941652, 45.1374029 ] ] ] } },
{ "type": "Feature", "properties": { }, "geometry": { "type": "Polygon", "coordinates": [ [ [ 7.7397399, 44.9907599 ], [ 7.7402223, 44.99081 ], [ 7.740158, 44.99112 ], [ 7.7399548, 44.9910989 ], [ 7.7397399, 44.9907599 ] ] ] } },
{ "type": "Feature", "properties": { "name": "Parco Castelverde" }, "geometry": { "type": "Polygon", "coordinates": [ [ [ 7.741613, 45.1338729 ], [ 7.7433886, 45.1331766 ], [ 7.7433243, 45.1330706 ], [ 7.7439626, 45.1327149 ], [ 7.7502443, 45.1337587 ], [ 7.7516448, 45.1341996 ], [ 7.7514311, 45.1345828 ], [ 7.7492653, 45.1339302 ], [ 7.7490484, 45.1339752 ], [ 7.7488442, 45.1342362 ], [ 7.7489846, 45.1358473 ], [ 7.7514748, 45.1360291 ], [ 7.7514735, 45.1361843 ], [ 7.7492714, 45.1360073 ], [ 7.7482465, 45.1360941 ], [ 7.7448856, 45.1360081 ], [ 7.7446649, 45.1341121 ], [ 7.741858, 45.1342048 ], [ 7.741613, 45.1338729 ] ] ] } },
{ "type": "Feature", "properties": { }, "geometry": { "type": "Polygon", "coordinates": [ [ [ 7.6295914, 45.0035532 ], [ 7.6298191, 45.0034286 ], [ 7.6303904, 45.0039636 ], [ 7.630363, 45.0043917 ], [ 7.6299056, 45.0045982 ], [ 7.6298164, 45.0045111 ], [ 7.6302892, 45.0042808 ], [ 7.6295914, 45.0035532 ] ] ] } },
{ "type": "Feature", "properties": { "name": "Giardino pubblico Arcangelo Capasso" }, "geometry": { "type": "Polygon", "coordinates": [ [ [ 7.639977, 45.1138001 ], [ 7.639987, 45.1135526 ], [ 7.6405622, 45.1135641 ], [ 7.6405523, 45.1138116 ], [ 7.639977, 45.1138001 ] ] ] } },
{ "type": "Feature", "properties": { }, "geometry": { "type": "Polygon", "coordinates": [ [ [ 7.63892, 45.0529268 ], [ 7.6399596, 45.0525987 ], [ 7.6401439, 45.0528955 ], [ 7.6398193, 45.0529484 ], [ 7.6398691, 45.0534824 ], [ 7.6389334, 45.0530801 ], [ 7.63892, 45.0529268 ] ] ] } },
{ "type": "Feature", "properties": { }, "geometry": { "type": "Polygon", "coordinates": [ [ [ 7.6379522, 45.0540888 ], [ 7.6388052, 45.0538091 ], [ 7.6388598, 45.054385 ], [ 7.6382311, 45.0545133 ], [ 7.6379522, 45.0540888 ] ] ] } },
{ "type": "Feature", "properties": { }, "geometry": { "type": "Polygon", "coordinates": [ [ [ 7.6387548, 45.0516393 ], [ 7.6393004, 45.0515164 ], [ 7.6395387, 45.0518919 ], [ 7.6388012, 45.0521439 ], [ 7.6387548, 45.0516393 ] ] ] } },
{ "type": "Feature", "properties": { "name": "Giardino Walter Ferrarotti" }, "geometry": { "type": "Polygon", "coordinates": [ [ [ 7.6376596, 45.0520492 ], [ 7.6378185, 45.0519378 ], [ 7.6377066, 45.0517621 ], [ 7.638554, 45.0515044 ], [ 7.6386864, 45.052818 ], [ 7.6384901, 45.0528763 ], [ 7.6379465, 45.0525818 ], [ 7.6376596, 45.0520492 ] ] ] } },
{ "type": "Feature", "properties": { }, "geometry": { "type": "Polygon", "coordinates": [ [ [ 7.6196383, 45.016485 ], [ 7.6203276, 45.0161703 ], [ 7.6204456, 45.0163732 ], [ 7.6209526, 45.0162291 ], [ 7.6212583, 45.0167296 ], [ 7.6204617, 45.0171468 ], [ 7.6202659, 45.0170273 ], [ 7.6200218, 45.017105 ], [ 7.6196383, 45.016485 ] ] ] } },
{ "type": "Feature", "properties": { "name": "Parco Giovanni Ossola" }, "geometry": { "type": "Polygon", "coordinates": [ [ [ 7.7636308, 45.1144218 ], [ 7.7681109, 45.1132713 ], [ 7.7687736, 45.1139169 ], [ 7.7696802, 45.1156899 ], [ 7.7702331, 45.1171129 ], [ 7.7699526, 45.118728 ], [ 7.7701865, 45.1204927 ], [ 7.7697483, 45.1218168 ], [ 7.769928, 45.1221736 ], [ 7.7684842, 45.1211865 ], [ 7.7674336, 45.1216106 ], [ 7.7673466, 45.121436 ], [ 7.7674849, 45.1212295 ], [ 7.7674523, 45.1206816 ], [ 7.7662124, 45.1192501 ], [ 7.7652489, 45.1186304 ], [ 7.7665295, 45.1171272 ], [ 7.7652651, 45.1145739 ], [ 7.7649399, 45.1143788 ], [ 7.763704, 45.1146284 ], [ 7.7636308, 45.1144218 ] ] ] } },
{ "type": "Feature", "properties": { }, "geometry": { "type": "Polygon", "coordinates": [ [ [ 7.6186471, 45.070628 ], [ 7.6186918, 45.0702293 ], [ 7.6201601, 45.0703611 ], [ 7.6186471, 45.070628 ] ] ] } },
{ "type": "Feature", "properties": { "name": "Giardino Francesco Lomonaco" }, "geometry": { "type": "Polygon", "coordinates": [ [ [ 7.6520367, 45.0792417 ], [ 7.6534046, 45.0790819 ], [ 7.6535085, 45.079494 ], [ 7.6521955, 45.079671 ], [ 7.6520367, 45.0792417 ] ] ] } },
{ "type": "Feature", "properties": { }, "geometry": { "type": "Polygon", "coordinates": [ [ [ 7.7081908, 45.0688368 ], [ 7.7082614, 45.0687295 ], [ 7.7146317, 45.0697115 ], [ 7.7198356, 45.0706352 ], [ 7.7197623, 45.070828 ], [ 7.7081908, 45.0688368 ] ] ] } },
{ "type": "Feature", "properties": { "name": "Parco Giardini Mongrando" }, "geometry": { "type": "Polygon", "coordinates": [ [ [ 7.7082231, 45.0709356 ], [ 7.7084989, 45.0701729 ], [ 7.7094502, 45.070317 ], [ 7.7092106, 45.0710837 ], [ 7.7082231, 45.0709356 ] ] ] } },
{ "type": "Feature", "properties": { "name": "Parco di Via Calabria" }, "geometry": { "type": "Polygon", "coordinates": [ [ [ 7.6463235, 45.0893381 ], [ 7.6470268, 45.0891054 ], [ 7.6485656, 45.0900074 ], [ 7.6490886, 45.090758 ], [ 7.6490511, 45.0913658 ], [ 7.6493629, 45.09187 ], [ 7.6511137, 45.091128 ], [ 7.6516315, 45.0917954 ], [ 7.6521612, 45.0915971 ], [ 7.652094, 45.0915019 ], [ 7.6523221, 45.0914167 ], [ 7.6524121, 45.0915357 ], [ 7.6530587, 45.0911033 ], [ 7.6531567, 45.0911857 ], [ 7.6514955, 45.0926032 ], [ 7.6509047, 45.0929288 ], [ 7.6499573, 45.0933285 ], [ 7.6493511, 45.0932466 ], [ 7.6489485, 45.0928888 ], [ 7.6486437, 45.0917926 ], [ 7.648779, 45.0908202 ], [ 7.648606, 45.0901968 ], [ 7.647901, 45.0897531 ], [ 7.6463235, 45.0893381 ] ] ] } },
{ "type": "Feature", "properties": { "name": "Parco Robinson" }, "geometry": { "type": "Polygon", "coordinates": [ [ [ 7.8157119, 45.0174486 ], [ 7.8170611, 45.0165309 ], [ 7.8174406, 45.01704 ], [ 7.8157119, 45.0174486 ] ] ] } },
{ "type": "Feature", "properties": { "name": "Area Verde Attrezzata Via Chiadò" }, "geometry": { "type": "Polygon", "coordinates": [ [ [ 7.8094771, 45.0135863 ], [ 7.810402, 45.0135246 ], [ 7.810386, 45.0141954 ], [ 7.8099765, 45.0145377 ], [ 7.8095644, 45.0145404 ], [ 7.8094771, 45.0135863 ] ] ] } },
{ "type": "Feature", "properties": { }, "geometry": { "type": "Polygon", "coordinates": [ [ [ 7.5525131, 45.0122853 ], [ 7.5536745, 45.0117986 ], [ 7.5539862, 45.0117497 ], [ 7.5529503, 45.0122777 ], [ 7.5530067, 45.0125526 ], [ 7.5525748, 45.0124351 ], [ 7.5525131, 45.0122853 ] ] ] } },
{ "type": "Feature", "properties": { "name": "Green Park Rivalta di Torino" }, "geometry": { "type": "Polygon", "coordinates": [ [ [ 7.5547185, 45.011339 ], [ 7.5553107, 45.0111324 ], [ 7.5553831, 45.0113144 ], [ 7.5551818, 45.0114713 ], [ 7.5547185, 45.011339 ] ] ] } },
{ "type": "Feature", "properties": { }, "geometry": { "type": "Polygon", "coordinates": [ [ [ 7.6622996, 44.9890672 ], [ 7.6627367, 44.9887655 ], [ 7.6629773, 44.9883777 ], [ 7.6635728, 44.9884262 ], [ 7.6643441, 44.9887728 ], [ 7.6642484, 44.9890022 ], [ 7.6643783, 44.9893227 ], [ 7.6642005, 44.9897054 ], [ 7.6646076, 44.9905091 ], [ 7.6648108, 44.990659 ], [ 7.6650888, 44.9906225 ], [ 7.6658685, 44.9914861 ], [ 7.6664802, 44.9915152 ], [ 7.6664722, 44.9916755 ], [ 7.6662536, 44.9918035 ], [ 7.6659787, 44.9917608 ], [ 7.6632482, 44.9899379 ], [ 7.6622996, 44.9890672 ] ] ] } },
{ "type": "Feature", "properties": { }, "geometry": { "type": "Polygon", "coordinates": [ [ [ 7.5164267, 45.026741 ], [ 7.5171094, 45.0265685 ], [ 7.5173141, 45.0267722 ], [ 7.516703, 45.0271253 ], [ 7.5164267, 45.026741 ] ] ] } },
{ "type": "Feature", "properties": { }, "geometry": { "type": "Polygon", "coordinates": [ [ [ 7.6072306, 45.0640783 ], [ 7.6081126, 45.0637354 ], [ 7.6081903, 45.0639577 ], [ 7.6072572, 45.0643676 ], [ 7.6072306, 45.0640783 ] ] ] } },
{ "type": "Feature", "properties": { "name": "Grugliasco" }, "geometry": { "type": "Polygon", "coordinates": [ [ [ 7.6074692, 45.059958 ], [ 7.60785, 45.0598822 ], [ 7.6079627, 45.0601504 ], [ 7.6075737, 45.060229 ], [ 7.6074692, 45.059958 ] ] ] } },
{ "type": "Feature", "properties": { "name": "Parco Levi" }, "geometry": { "type": "Polygon", "coordinates": [ [ [ 7.8045589, 44.9973806 ], [ 7.8045443, 44.9962797 ], [ 7.8050641, 44.9958491 ], [ 7.8057024, 44.9959919 ], [ 7.8057128, 44.9961004 ], [ 7.8053982, 44.9961173 ], [ 7.8057348, 44.9976153 ], [ 7.8045589, 44.9973806 ] ] ] } },
{ "type": "Feature", "properties": { }, "geometry": { "type": "Polygon", "coordinates": [ [ [ 7.8145986, 45.1085925 ], [ 7.8148894, 45.1085992 ], [ 7.814923, 45.1087666 ], [ 7.8150381, 45.1087441 ], [ 7.815124, 45.1089188 ], [ 7.8150354, 45.1093203 ], [ 7.8147247, 45.1093176 ], [ 7.8145986, 45.1085925 ] ] ] } },
{ "type": "Feature", "properties": { }, "geometry": { "type": "Polygon", "coordinates": [ [ [ 7.7570112, 45.1067121 ], [ 7.7572427, 45.1059522 ], [ 7.7578551, 45.1062624 ], [ 7.7572875, 45.1068298 ], [ 7.7570112, 45.1067121 ] ] ] } },
{ "type": "Feature", "properties": { "name": "Parco Pragranda" }, "geometry": { "type": "Polygon", "coordinates": [ [ [ 7.7509858, 45.1086015 ], [ 7.7511741, 45.1083836 ], [ 7.752243, 45.1079379 ], [ 7.7528566, 45.1080287 ], [ 7.7534509, 45.1078921 ], [ 7.7543937, 45.107211 ], [ 7.755498, 45.1076392 ], [ 7.7552423, 45.1078974 ], [ 7.7554558, 45.1079635 ], [ 7.7554308, 45.1081337 ], [ 7.7543079, 45.1085066 ], [ 7.7544405, 45.1086352 ], [ 7.7536271, 45.1088089 ], [ 7.7536395, 45.1089794 ], [ 7.753222, 45.1086792 ], [ 7.7525762, 45.1089501 ], [ 7.7521756, 45.1089207 ], [ 7.7518394, 45.1087394 ], [ 7.7515475, 45.1089883 ], [ 7.7509858, 45.1086015 ] ] ] } },
{ "type": "Feature", "properties": { }, "geometry": { "type": "Polygon", "coordinates": [ [ [ 7.7468526, 45.1063833 ], [ 7.7474578, 45.1062347 ], [ 7.7476099, 45.1065432 ], [ 7.7474118, 45.1065882 ], [ 7.7473321, 45.1064658 ], [ 7.746941, 45.1065981 ], [ 7.7468526, 45.1063833 ] ] ] } },
{ "type": "Feature", "properties": { "name": "Parco della Confluenza di Piazza Sofia" }, "geometry": { "type": "Polygon", "coordinates": [ [ [ 7.7163061, 45.0938196 ], [ 7.7189277, 45.0925324 ], [ 7.7186167, 45.0921034 ], [ 7.7176703, 45.0921638 ], [ 7.7174987, 45.0914896 ], [ 7.7180882, 45.09127 ], [ 7.7180453, 45.0910352 ], [ 7.7192689, 45.090989 ], [ 7.7186343, 45.089138 ], [ 7.719103, 45.0890618 ], [ 7.7196671, 45.091091 ], [ 7.7201673, 45.0920673 ], [ 7.7213775, 45.0937276 ], [ 7.7230169, 45.0948303 ], [ 7.7237564, 45.0951239 ], [ 7.7224157, 45.0962653 ], [ 7.721428, 45.097386 ], [ 7.7209318, 45.0977249 ], [ 7.7206333, 45.0974896 ], [ 7.7210422, 45.0969976 ], [ 7.7209383, 45.0969097 ], [ 7.7211144, 45.0968026 ], [ 7.7205708, 45.0966238 ], [ 7.7207439, 45.0964947 ], [ 7.7202763, 45.0960926 ], [ 7.721287, 45.0953797 ], [ 7.7201919, 45.09455 ], [ 7.7191161, 45.0952735 ], [ 7.7187291, 45.0950152 ], [ 7.7182945, 45.0953312 ], [ 7.7180554, 45.0951907 ], [ 7.7182153, 45.0948382 ], [ 7.7176324, 45.0943377 ], [ 7.7172858, 45.0945518 ], [ 7.7163061, 45.0938196 ] ] ] } },
{ "type": "Feature", "properties": { "name": "Piazza Filippo Ghirardi" }, "geometry": { "type": "Polygon", "coordinates": [ [ [ 7.8083007, 45.0117088 ], [ 7.8086585, 45.0116638 ], [ 7.8087569, 45.0121134 ], [ 7.8089053, 45.0121471 ], [ 7.8084866, 45.0122175 ], [ 7.8084999, 45.0118813 ], [ 7.8083799, 45.0119 ], [ 7.8083007, 45.0117088 ] ] ] } },
{ "type": "Feature", "properties": { }, "geometry": { "type": "Polygon", "coordinates": [ [ [ 7.8177259, 45.0116132 ], [ 7.817837, 45.0114818 ], [ 7.8181307, 45.011695 ], [ 7.8178627, 45.0117784 ], [ 7.8177259, 45.0116132 ] ] ] } },
{ "type": "Feature", "properties": { }, "geometry": { "type": "Polygon", "coordinates": [ [ [ 7.8167621, 45.0093805 ], [ 7.8168093, 45.0092786 ], [ 7.8169753, 45.0093171 ], [ 7.8168905, 45.0094103 ], [ 7.8167621, 45.0093805 ] ] ] } },
{ "type": "Feature", "properties": { }, "geometry": { "type": "Polygon", "coordinates": [ [ [ 7.8167775, 45.0090931 ], [ 7.8168242, 45.0089827 ], [ 7.8170709, 45.0090349 ], [ 7.8170242, 45.0091453 ], [ 7.8167775, 45.0090931 ] ] ] } },
{ "type": "Feature", "properties": { "name": "Parco dei Thures" }, "geometry": { "type": "Polygon", "coordinates": [ [ [ 7.6053012, 45.0710295 ], [ 7.605666, 45.0709678 ], [ 7.6060831, 45.0723321 ], [ 7.6057113, 45.0723963 ], [ 7.6053012, 45.0710295 ] ] ] } },
{ "type": "Feature", "properties": { "name": "Castello di Nichelino" }, "geometry": { "type": "Polygon", "coordinates": [ [ [ 7.6386094, 44.9936036 ], [ 7.6388495, 44.9933409 ], [ 7.6394147, 44.9930588 ], [ 7.6398607, 44.993211 ], [ 7.6400095, 44.9937089 ], [ 7.6405808, 44.9936577 ], [ 7.6409792, 44.994934 ], [ 7.639251, 44.9951752 ], [ 7.6386094, 44.9936036 ] ] ] } },
{ "type": "Feature", "properties": { }, "geometry": { "type": "Polygon", "coordinates": [ [ [ 7.6542299, 45.090781 ], [ 7.6552489, 45.0901755 ], [ 7.6556252, 45.0897283 ], [ 7.6557823, 45.0891395 ], [ 7.6563921, 45.0892595 ], [ 7.6563766, 45.0893484 ], [ 7.6559985, 45.0893154 ], [ 7.6558438, 45.0901526 ], [ 7.6554824, 45.090556 ], [ 7.6553175, 45.0906707 ], [ 7.6551348, 45.0905338 ], [ 7.6543985, 45.0910196 ], [ 7.6542299, 45.090781 ] ] ] } },
{ "type": "Feature", "properties": { "name": "Parco Aurelio Peccei" }, "geometry": { "type": "Polygon", "coordinates": [ [ [ 7.6830909, 45.0931656 ], [ 7.6842624, 45.0928799 ], [ 7.6842321, 45.093077 ], [ 7.6848552, 45.0933417 ], [ 7.6852052, 45.0936838 ], [ 7.6861764, 45.0935128 ], [ 7.6866783, 45.0942228 ], [ 7.6854821, 45.0944278 ], [ 7.6853302, 45.0954745 ], [ 7.6847448, 45.0947902 ], [ 7.6837623, 45.0951541 ], [ 7.6835141, 45.0948212 ], [ 7.6830909, 45.0931656 ] ] ] } },
{ "type": "Feature", "properties": { "name": "Giardino Emilio Pugno" }, "geometry": { "type": "Polygon", "coordinates": [ [ [ 7.6099108, 45.0202523 ], [ 7.6104849, 45.0200405 ], [ 7.6111372, 45.0209322 ], [ 7.6105727, 45.0211549 ], [ 7.6099108, 45.0202523 ] ] ] } },
{ "type": "Feature", "properties": { }, "geometry": { "type": "Polygon", "coordinates": [ [ [ 7.6448234, 45.078089 ], [ 7.6450904, 45.0784507 ], [ 7.6448423, 45.0784545 ], [ 7.6448234, 45.078089 ] ] ] } },
{ "type": "Feature", "properties": { }, "geometry": { "type": "Polygon", "coordinates": [ [ [ 7.6438123, 45.0779653 ], [ 7.6443548, 45.0779612 ], [ 7.644362, 45.0781108 ], [ 7.6438187, 45.0781203 ], [ 7.6438123, 45.0779653 ] ] ] } },
{ "type": "Feature", "properties": { }, "geometry": { "type": "Polygon", "coordinates": [ [ [ 7.6438377, 45.0785909 ], [ 7.6438984, 45.0783359 ], [ 7.6439077, 45.0785898 ], [ 7.6438377, 45.0785909 ] ] ] } },
{ "type": "Feature", "properties": { "name": "Giardino pubblico" }, "geometry": { "type": "Polygon", "coordinates": [ [ [ 7.6105279, 45.0185421 ], [ 7.6108422, 45.0184218 ], [ 7.611026, 45.0186619 ], [ 7.6107118, 45.0187822 ], [ 7.6105279, 45.0185421 ] ] ] } },
{ "type": "Feature", "properties": { "name": "Parco Tepice del Pellegrino" }, "geometry": { "type": "Polygon", "coordinates": [ [ [ 7.8167063, 45.0117619 ], [ 7.8170382, 45.0116198 ], [ 7.817815, 45.013008 ], [ 7.8175684, 45.0132201 ], [ 7.8174547, 45.0131325 ], [ 7.8175195, 45.0129271 ], [ 7.816939, 45.0122653 ], [ 7.8167063, 45.0117619 ] ] ] } },
{ "type": "Feature", "properties": { "name": "Parco Falcone e Borsellino" }, "geometry": { "type": "Polygon", "coordinates": [ [ [ 7.6054117, 45.0758423 ], [ 7.6056416, 45.0755582 ], [ 7.6059872, 45.075574 ], [ 7.6060201, 45.0754266 ], [ 7.6062248, 45.0754341 ], [ 7.60624, 45.0761461 ], [ 7.6064298, 45.0767297 ], [ 7.6060422, 45.0777713 ], [ 7.6058841, 45.0777741 ], [ 7.6057734, 45.0773468 ], [ 7.6058801, 45.0772296 ], [ 7.6059197, 45.0765398 ], [ 7.6057338, 45.0767046 ], [ 7.6054695, 45.0767257 ], [ 7.6054117, 45.0758423 ] ] ] } },
{ "type": "Feature", "properties": { }, "geometry": { "type": "Polygon", "coordinates": [ [ [ 7.6153067, 45.0823236 ], [ 7.6160375, 45.0823461 ], [ 7.6160554, 45.0826964 ], [ 7.6158515, 45.0827043 ], [ 7.6158984, 45.0834713 ], [ 7.6153834, 45.0834884 ], [ 7.6153067, 45.0823236 ] ] ] } },
{ "type": "Feature", "properties": { }, "geometry": { "type": "Polygon", "coordinates": [ [ [ 7.6048996, 45.0200563 ], [ 7.605909, 45.0200563 ], [ 7.6060495, 45.0202187 ], [ 7.6051896, 45.0205456 ], [ 7.6048996, 45.0200563 ] ] ] } },
{ "type": "Feature", "properties": { }, "geometry": { "type": "Polygon", "coordinates": [ [ [ 7.6047605, 45.0198549 ], [ 7.606243, 45.0193596 ], [ 7.6068149, 45.0199399 ], [ 7.6061841, 45.0201797 ], [ 7.6060026, 45.0199633 ], [ 7.6048154, 45.0199526 ], [ 7.6047605, 45.0198549 ] ] ] } },
{ "type": "Feature", "properties": { }, "geometry": { "type": "Polygon", "coordinates": [ [ [ 7.8158138, 45.0117163 ], [ 7.8164369, 45.0108775 ], [ 7.8166482, 45.0108963 ], [ 7.8159008, 45.0117557 ], [ 7.8158138, 45.0117163 ] ] ] } },
{ "type": "Feature", "properties": { "name": "Parco Betulle" }, "geometry": { "type": "Polygon", "coordinates": [ [ [ 7.7068089, 45.1250121 ], [ 7.706811, 45.1245902 ], [ 7.7075331, 45.1245921 ], [ 7.7075324, 45.1247178 ], [ 7.7076811, 45.1247182 ], [ 7.7076796, 45.1250143 ], [ 7.7068089, 45.1250121 ] ] ] } },
{ "type": "Feature", "properties": { }, "geometry": { "type": "Polygon", "coordinates": [ [ [ 7.6829051, 45.0867001 ], [ 7.6839082, 45.0857759 ], [ 7.6841282, 45.085757 ], [ 7.6844608, 45.0867266 ], [ 7.6829051, 45.0867001 ] ] ] } },
{ "type": "Feature", "properties": { }, "geometry": { "type": "Polygon", "coordinates": [ [ [ 7.7712745, 45.1490551 ], [ 7.7717582, 45.1490159 ], [ 7.7717829, 45.1495157 ], [ 7.7713299, 45.1495461 ], [ 7.7712745, 45.1490551 ] ] ] } },
{ "type": "Feature", "properties": { }, "geometry": { "type": "Polygon", "coordinates": [ [ [ 7.7179386, 45.0755537 ], [ 7.718046, 45.0754824 ], [ 7.7181737, 45.0755645 ], [ 7.7180506, 45.075649 ], [ 7.7179386, 45.0755537 ] ] ] } },
{ "type": "Feature", "properties": { }, "geometry": { "type": "Polygon", "coordinates": [ [ [ 7.7221088, 45.0768318 ], [ 7.7222256, 45.0767648 ], [ 7.7223161, 45.076848 ], [ 7.7222191, 45.0769114 ], [ 7.7221088, 45.0768318 ] ] ] } },
{ "type": "Feature", "properties": { "name": "Giardini via degli Ulivi" }, "geometry": { "type": "Polygon", "coordinates": [ [ [ 7.7052214, 45.1301345 ], [ 7.7057918, 45.1301308 ], [ 7.7061216, 45.1311388 ], [ 7.7052266, 45.1311536 ], [ 7.7052214, 45.1301345 ] ] ] } },
{ "type": "Feature", "properties": { "name": "Parco Chico Mendes" }, "geometry": { "type": "Polygon", "coordinates": [ [ [ 7.6423577, 45.1373804 ], [ 7.6424361, 45.1367142 ], [ 7.6452438, 45.1311524 ], [ 7.6457416, 45.1304376 ], [ 7.6464032, 45.1300361 ], [ 7.6476109, 45.1296779 ], [ 7.6504962, 45.1294823 ], [ 7.6520878, 45.1290592 ], [ 7.6519614, 45.1293752 ], [ 7.6531483, 45.1309888 ], [ 7.653573, 45.1308021 ], [ 7.6550608, 45.1326442 ], [ 7.6547952, 45.1334416 ], [ 7.6546605, 45.13455 ], [ 7.6548999, 45.1361545 ], [ 7.6546306, 45.1363657 ], [ 7.6546006, 45.136714 ], [ 7.6549448, 45.1369251 ], [ 7.65487, 45.1380546 ], [ 7.6544809, 45.1397329 ], [ 7.6541068, 45.1404084 ], [ 7.6528648, 45.140134 ], [ 7.6520568, 45.1394479 ], [ 7.6525506, 45.1387196 ], [ 7.6513984, 45.138044 ], [ 7.6500067, 45.1398912 ], [ 7.6483307, 45.1386246 ], [ 7.6459066, 45.1378329 ], [ 7.6423577, 45.1373804 ] ] ] } },
{ "type": "Feature", "properties": { }, "geometry": { "type": "Polygon", "coordinates": [ [ [ 7.6898262, 45.0051778 ], [ 7.6900488, 45.0051266 ], [ 7.6903734, 45.005358 ], [ 7.6901454, 45.0054433 ], [ 7.6898262, 45.0051778 ] ] ] } },
{ "type": "Feature", "properties": { "name": "Bosco del Re" }, "geometry": { "type": "Polygon", "coordinates": [ [ [ 7.6871259, 45.0045064 ], [ 7.6872559, 45.0044261 ], [ 7.6875123, 45.0047938 ], [ 7.6900382, 45.0040694 ], [ 7.6916098, 45.0067082 ], [ 7.6917922, 45.0072999 ], [ 7.6915669, 45.007444 ], [ 7.6916313, 45.007755 ], [ 7.6914811, 45.0077702 ], [ 7.6911686, 45.0074935 ], [ 7.6907194, 45.007664 ], [ 7.6902366, 45.007444 ], [ 7.6881825, 45.0058243 ], [ 7.6871259, 45.0045064 ] ], [ [ 7.6898262, 45.0051778 ], [ 7.6901454, 45.0054433 ], [ 7.6903734, 45.005358 ], [ 7.6900488, 45.0051266 ], [ 7.6898262, 45.0051778 ] ] ] } },
{ "type": "Feature", "properties": { }, "geometry": { "type": "Polygon", "coordinates": [ [ [ 7.6871259, 45.0045064 ], [ 7.6872559, 45.0044261 ], [ 7.6875123, 45.0047938 ], [ 7.6900382, 45.0040694 ], [ 7.6916098, 45.0067082 ], [ 7.6917922, 45.0072999 ], [ 7.6915669, 45.007444 ], [ 7.6916313, 45.007755 ], [ 7.6914811, 45.0077702 ], [ 7.6911686, 45.0074935 ], [ 7.6907194, 45.007664 ], [ 7.6902366, 45.007444 ], [ 7.6881825, 45.0058243 ], [ 7.6871259, 45.0045064 ] ] ] } },
{ "type": "Feature", "properties": { }, "geometry": { "type": "Polygon", "coordinates": [ [ [ 7.6812913, 45.0951973 ], [ 7.6818028, 45.094985 ], [ 7.6823571, 45.0955127 ], [ 7.6822113, 45.0955266 ], [ 7.6819002, 45.0952332 ], [ 7.6815417, 45.0953859 ], [ 7.6812913, 45.0951973 ] ] ] } },
{ "type": "Feature", "properties": { "name": "Giardino Nunzio Filogamo" }, "geometry": { "type": "Polygon", "coordinates": [ [ [ 7.6926948, 45.068712 ], [ 7.6931682, 45.068534 ], [ 7.6932554, 45.0686439 ], [ 7.6928343, 45.0688967 ], [ 7.6926948, 45.068712 ] ] ] } },
{ "type": "Feature", "properties": { "name": "Parco Padre Pio" }, "geometry": { "type": "Polygon", "coordinates": [ [ [ 7.7133134, 45.1764629 ], [ 7.7140978, 45.1764098 ], [ 7.7142473, 45.1770423 ], [ 7.7133735, 45.1771055 ], [ 7.7133134, 45.1764629 ] ] ] } },
{ "type": "Feature", "properties": { "name": "Parco Luciano Lama" }, "geometry": { "type": "Polygon", "coordinates": [ [ [ 7.7584958, 45.1429744 ], [ 7.7590755, 45.142894 ], [ 7.7589941, 45.1423037 ], [ 7.7600673, 45.1422114 ], [ 7.7600298, 45.1419465 ], [ 7.7602229, 45.1419276 ], [ 7.7602873, 45.1423665 ], [ 7.7598367, 45.1424081 ], [ 7.7600566, 45.1437967 ], [ 7.7587584, 45.1439632 ], [ 7.7584958, 45.1429744 ] ] ] } },
{ "type": "Feature", "properties": { }, "geometry": { "type": "Polygon", "coordinates": [ [ [ 7.6579865, 45.1547262 ], [ 7.658244, 45.1542155 ], [ 7.658303, 45.1543668 ], [ 7.6586141, 45.1545068 ], [ 7.6586195, 45.1547262 ], [ 7.6579865, 45.1547262 ] ] ] } },
{ "type": "Feature", "properties": { "name": "Parco del Valentino" }, "geometry": { "type": "Polygon", "coordinates": [ [ [ 7.6816383, 45.0504747 ], [ 7.6819882, 45.0503814 ], [ 7.6824222, 45.0504986 ], [ 7.6829629, 45.0502646 ], [ 7.6838958, 45.0507296 ], [ 7.6840473, 45.0506524 ], [ 7.6828125, 45.0498734 ], [ 7.6835784, 45.0479108 ], [ 7.6833886, 45.047866 ], [ 7.6834602, 45.0476469 ], [ 7.6829989, 45.047292 ], [ 7.6823719, 45.0473966 ], [ 7.68373, 45.0456401 ], [ 7.6843522, 45.0452585 ], [ 7.6849237, 45.0464497 ], [ 7.6856447, 45.0494211 ], [ 7.6875109, 45.0539319 ], [ 7.6888645, 45.0555169 ], [ 7.6906008, 45.0570915 ], [ 7.6904681, 45.057216 ], [ 7.6911993, 45.0580924 ], [ 7.6909537, 45.0581956 ], [ 7.6902477, 45.0580717 ], [ 7.690122, 45.058226 ], [ 7.6903181, 45.0583909 ], [ 7.6880234, 45.0591602 ], [ 7.6816383, 45.0504747 ] ] ] } },
{ "type": "Feature", "properties": { }, "geometry": { "type": "Polygon", "coordinates": [ [ [ 7.6624317, 45.1808117 ], [ 7.6624738, 45.1803769 ], [ 7.6631113, 45.1804076 ], [ 7.6630691, 45.1808424 ], [ 7.6624317, 45.1808117 ] ] ] } },
{ "type": "Feature", "properties": { "name": "Parco La Loggia" }, "geometry": { "type": "Polygon", "coordinates": [ [ [ 7.651242, 45.0325998 ], [ 7.6514843, 45.0325207 ], [ 7.6513663, 45.0323398 ], [ 7.6520971, 45.0321082 ], [ 7.6523532, 45.0324997 ], [ 7.6513837, 45.0328164 ], [ 7.651242, 45.0325998 ] ] ] } },
{ "type": "Feature", "properties": { }, "geometry": { "type": "Polygon", "coordinates": [ [ [ 7.6430751, 45.0272938 ], [ 7.6433933, 45.0271807 ], [ 7.6438196, 45.0277667 ], [ 7.6435177, 45.0278777 ], [ 7.6430751, 45.0272938 ] ] ] } },
{ "type": "Feature", "properties": { }, "geometry": { "type": "Polygon", "coordinates": [ [ [ 7.6849347, 45.1006027 ], [ 7.6862203, 45.1005175 ], [ 7.6862191, 45.0999661 ], [ 7.6868414, 45.1005661 ], [ 7.6869143, 45.1013252 ], [ 7.6864092, 45.1013517 ], [ 7.6863663, 45.1009818 ], [ 7.6851141, 45.101048 ], [ 7.6851462, 45.1013831 ], [ 7.6849749, 45.1013924 ], [ 7.6850987, 45.10092 ], [ 7.6849347, 45.1006027 ] ] ] } },
{ "type": "Feature", "properties": { }, "geometry": { "type": "Polygon", "coordinates": [ [ [ 7.6849113, 45.1022811 ], [ 7.6849545, 45.1015706 ], [ 7.6851561, 45.101555 ], [ 7.6852047, 45.1018792 ], [ 7.6855057, 45.1018626 ], [ 7.6854704, 45.1015406 ], [ 7.6857662, 45.1015251 ], [ 7.6858128, 45.1018715 ], [ 7.6866322, 45.1018238 ], [ 7.6865873, 45.1014756 ], [ 7.6870865, 45.1014467 ], [ 7.6872264, 45.1014952 ], [ 7.6873503, 45.1018299 ], [ 7.6871387, 45.1021945 ], [ 7.6849113, 45.1022811 ] ] ] } },
{ "type": "Feature", "properties": { }, "geometry": { "type": "Polygon", "coordinates": [ [ [ 7.6881457, 45.1022238 ], [ 7.6883926, 45.1022059 ], [ 7.6885444, 45.1036384 ], [ 7.6883094, 45.1036558 ], [ 7.6881457, 45.1022238 ] ] ] } },
{ "type": "Feature", "properties": { "name": "Parco Sempione" }, "geometry": { "type": "Polygon", "coordinates": [ [ [ 7.6901947, 45.1021619 ], [ 7.6907051, 45.1018991 ], [ 7.6907667, 45.1010205 ], [ 7.6912843, 45.1010988 ], [ 7.6914445, 45.1005681 ], [ 7.6918759, 45.1008595 ], [ 7.6914445, 45.1017816 ], [ 7.6917465, 45.1019382 ], [ 7.6905658, 45.1025411 ], [ 7.6901947, 45.1021619 ] ] ] } },
{ "type": "Feature", "properties": { }, "geometry": { "type": "Polygon", "coordinates": [ [ [ 7.6906707, 45.1026304 ], [ 7.691464, 45.1023772 ], [ 7.6917144, 45.1030853 ], [ 7.6920291, 45.1034649 ], [ 7.691337, 45.1032985 ], [ 7.6906707, 45.1026304 ] ] ] } },
{ "type": "Feature", "properties": { }, "geometry": { "type": "Polygon", "coordinates": [ [ [ 7.6851802, 45.1069188 ], [ 7.6871842, 45.1064776 ], [ 7.6874076, 45.106561 ], [ 7.6875022, 45.1068128 ], [ 7.6852199, 45.1072063 ], [ 7.6851802, 45.1069188 ] ] ] } },
{ "type": "Feature", "properties": { "name": "Giardini di Via Anglesio" }, "geometry": { "type": "Polygon", "coordinates": [ [ [ 7.7311268, 45.1042226 ], [ 7.7311483, 45.1040389 ], [ 7.7324867, 45.1039026 ], [ 7.7324921, 45.1044592 ], [ 7.7311268, 45.1042226 ] ] ] } },
{ "type": "Feature", "properties": { }, "geometry": { "type": "Polygon", "coordinates": [ [ [ 7.7155097, 44.9956455 ], [ 7.7156129, 44.9955905 ], [ 7.7156505, 44.9956531 ], [ 7.7156478, 44.9956683 ], [ 7.7155097, 44.9956455 ] ] ] } },
{ "type": "Feature", "properties": { }, "geometry": { "type": "Polygon", "coordinates": [ [ [ 7.7100742, 44.9968594 ], [ 7.7102968, 44.996702 ], [ 7.7103826, 44.9969675 ], [ 7.7101299, 44.9970213 ], [ 7.7100742, 44.9968594 ] ] ] } },
{ "type": "Feature", "properties": { }, "geometry": { "type": "Polygon", "coordinates": [ [ [ 7.709063, 44.9978118 ], [ 7.7101444, 44.9973271 ], [ 7.7105731, 44.9972596 ], [ 7.7111084, 44.9976599 ], [ 7.7114153, 44.9982876 ], [ 7.7096772, 44.9989173 ], [ 7.7096745, 44.9986575 ], [ 7.709063, 44.9978118 ] ] ] } },
{ "type": "Feature", "properties": { }, "geometry": { "type": "Polygon", "coordinates": [ [ [ 7.6348094, 45.0137274 ], [ 7.6352053, 45.0136614 ], [ 7.6350095, 45.0131204 ], [ 7.6353366, 45.0130556 ], [ 7.6354441, 45.0133229 ], [ 7.6357893, 45.0132594 ], [ 7.6360564, 45.013978 ], [ 7.6356523, 45.0140499 ], [ 7.6357786, 45.0144189 ], [ 7.6355145, 45.0144635 ], [ 7.6353913, 45.0140964 ], [ 7.634963, 45.0141711 ], [ 7.6348094, 45.0137274 ] ] ] } },
{ "type": "Feature", "properties": { "name": "Parco" }, "geometry": { "type": "Polygon", "coordinates": [ [ [ 7.5691658, 45.0657008 ], [ 7.5694375, 45.0656262 ], [ 7.5692597, 45.0652428 ], [ 7.5699367, 45.0651736 ], [ 7.5700414, 45.0656798 ], [ 7.5692719, 45.0658934 ], [ 7.5691658, 45.0657008 ] ] ] } },
{ "type": "Feature", "properties": { }, "geometry": { "type": "Polygon", "coordinates": [ [ [ 7.5681117, 45.0606972 ], [ 7.5685464, 45.060604 ], [ 7.5686474, 45.0607329 ], [ 7.5690938, 45.0605601 ], [ 7.569249, 45.0609851 ], [ 7.5694703, 45.0609248 ], [ 7.5700215, 45.0617639 ], [ 7.5699827, 45.0619914 ], [ 7.5696916, 45.0621231 ], [ 7.5696286, 45.0635192 ], [ 7.5690199, 45.0635528 ], [ 7.568951, 45.0632328 ], [ 7.5687564, 45.0630853 ], [ 7.5692102, 45.0629209 ], [ 7.569381, 45.0622437 ], [ 7.5692685, 45.0618598 ], [ 7.5681117, 45.0606972 ] ] ] } },
{ "type": "Feature", "properties": { }, "geometry": { "type": "Polygon", "coordinates": [ [ [ 7.5333531, 45.0732561 ], [ 7.5364279, 45.0733571 ], [ 7.5364968, 45.073584 ], [ 7.5363341, 45.073765 ], [ 7.5358647, 45.0736636 ], [ 7.5355482, 45.0739373 ], [ 7.533817, 45.0740936 ], [ 7.5337908, 45.0737211 ], [ 7.5333531, 45.0732561 ] ] ] } },
{ "type": "Feature", "properties": { }, "geometry": { "type": "Polygon", "coordinates": [ [ [ 7.6334852, 45.0132882 ], [ 7.6336893, 45.0132658 ], [ 7.6339221, 45.0138892 ], [ 7.6337179, 45.0139334 ], [ 7.6334852, 45.0132882 ] ] ] } },
{ "type": "Feature", "properties": { "name": "Parco Del Saluto di Moncalieri" }, "geometry": { "type": "Polygon", "coordinates": [ [ [ 7.6943602, 44.999153 ], [ 7.6945821, 44.9991488 ], [ 7.694688, 44.9992492 ], [ 7.6945161, 44.9993453 ], [ 7.6943602, 44.999153 ] ] ] } },
{ "type": "Feature", "properties": { "name": "Saluto Di Moncalieri" }, "geometry": { "type": "Polygon", "coordinates": [ [ [ 7.6948679, 44.9992661 ], [ 7.6949039, 44.9991545 ], [ 7.6949699, 44.9992195 ], [ 7.6948679, 44.9992661 ] ] ] } },
{ "type": "Feature", "properties": { "name": "Parco del Beato Bernardo" }, "geometry": { "type": "Polygon", "coordinates": [ [ [ 7.6958125, 44.9980614 ], [ 7.6964487, 44.9978407 ], [ 7.6962572, 44.9975656 ], [ 7.6969288, 44.9973184 ], [ 7.6974004, 44.9983354 ], [ 7.6964508, 44.998602 ], [ 7.6962078, 44.9982234 ], [ 7.6959743, 44.9982983 ], [ 7.6958125, 44.9980614 ] ] ] } },
{ "type": "Feature", "properties": { }, "geometry": { "type": "Polygon", "coordinates": [ [ [ 7.5366136, 45.0681206 ], [ 7.5374302, 45.0679625 ], [ 7.537824, 45.0688555 ], [ 7.5370737, 45.0690305 ], [ 7.5366136, 45.0681206 ] ] ] } },
{ "type": "Feature", "properties": { "name": "Parco Ricordo ai Caduti" }, "geometry": { "type": "Polygon", "coordinates": [ [ [ 7.7098552, 44.9972844 ], [ 7.7100703, 44.9971807 ], [ 7.7098603, 44.9969427 ], [ 7.7098983, 44.9967745 ], [ 7.7101766, 44.9972218 ], [ 7.7098552, 44.9972844 ] ] ] } },
{ "type": "Feature", "properties": { }, "geometry": { "type": "Polygon", "coordinates": [ [ [ 7.6639387, 45.0003807 ], [ 7.6643147, 45.0002996 ], [ 7.6645564, 45.0008599 ], [ 7.6641804, 45.000941 ], [ 7.6639387, 45.0003807 ] ] ] } },
{ "type": "Feature", "properties": { }, "geometry": { "type": "Polygon", "coordinates": [ [ [ 7.5387311, 45.0671128 ], [ 7.5390184, 45.0670506 ], [ 7.538946, 45.0668789 ], [ 7.5393106, 45.0668346 ], [ 7.5393796, 45.0672408 ], [ 7.538834, 45.0673906 ], [ 7.5387311, 45.0671128 ] ] ] } },
{ "type": "Feature", "properties": { }, "geometry": { "type": "Polygon", "coordinates": [ [ [ 7.5402788, 45.0676685 ], [ 7.5402894, 45.0671935 ], [ 7.5409901, 45.0672085 ], [ 7.5411742, 45.067561 ], [ 7.5402788, 45.0676685 ] ] ] } },
{ "type": "Feature", "properties": { }, "geometry": { "type": "Polygon", "coordinates": [ [ [ 7.6327931, 45.0114101 ], [ 7.633309, 45.0113143 ], [ 7.6334497, 45.0116931 ], [ 7.6329338, 45.0117889 ], [ 7.6327931, 45.0114101 ] ] ] } },
{ "type": "Feature", "properties": { }, "geometry": { "type": "Polygon", "coordinates": [ [ [ 7.705863, 45.0687685 ], [ 7.7060025, 45.068545 ], [ 7.7066355, 45.0687079 ], [ 7.7059757, 45.0689049 ], [ 7.705863, 45.0687685 ] ] ] } },
{ "type": "Feature", "properties": { }, "geometry": { "type": "Polygon", "coordinates": [ [ [ 7.7081908, 45.0688368 ], [ 7.7082614, 45.0687295 ], [ 7.7145866, 45.0697052 ], [ 7.7222954, 45.0710355 ], [ 7.7244207, 45.0716327 ], [ 7.7268307, 45.0736069 ], [ 7.7276431, 45.0749936 ], [ 7.7275691, 45.0752588 ], [ 7.7272234, 45.0751971 ], [ 7.7272395, 45.0750304 ], [ 7.7269015, 45.0745531 ], [ 7.7254263, 45.0729431 ], [ 7.7240369, 45.0718823 ], [ 7.7236561, 45.0717194 ], [ 7.7223834, 45.0713942 ], [ 7.7094337, 45.0691779 ], [ 7.7081908, 45.0688368 ] ] ] } },
{ "type": "Feature", "properties": { }, "geometry": { "type": "Polygon", "coordinates": [ [ [ 7.6796146, 45.0637779 ], [ 7.6797275, 45.0636893 ], [ 7.6798763, 45.0637686 ], [ 7.6797635, 45.0638734 ], [ 7.6796146, 45.0637779 ] ] ] } },
{ "type": "Feature", "properties": { "name": "Giardino Alfredo Frassati" }, "geometry": { "type": "Polygon", "coordinates": [ [ [ 7.6769675, 45.0688827 ], [ 7.6771572, 45.0688143 ], [ 7.677233, 45.0689192 ], [ 7.6770433, 45.0689876 ], [ 7.6769675, 45.0688827 ] ] ] } },
{ "type": "Feature", "properties": { }, "geometry": { "type": "Polygon", "coordinates": [ [ [ 7.6516209, 45.0370519 ], [ 7.6521568, 45.0368685 ], [ 7.6532083, 45.0383867 ], [ 7.6531474, 45.0384167 ], [ 7.6516209, 45.0370519 ] ] ] } },
{ "type": "Feature", "properties": { "name": "Giardini San Giuliano" }, "geometry": { "type": "Polygon", "coordinates": [ [ [ 7.8198436, 45.0718196 ], [ 7.8198825, 45.0712684 ], [ 7.8209399, 45.0719693 ], [ 7.8206845, 45.0720734 ], [ 7.8205785, 45.0719882 ], [ 7.8201339, 45.0722131 ], [ 7.8198436, 45.0718196 ] ] ] } },
{ "type": "Feature", "properties": { }, "geometry": { "type": "Polygon", "coordinates": [ [ [ 7.5235409, 45.0337938 ], [ 7.5236543, 45.0337034 ], [ 7.5238563, 45.033825 ], [ 7.5236909, 45.0339256 ], [ 7.5235409, 45.0337938 ] ] ] } },
{ "type": "Feature", "properties": { }, "geometry": { "type": "Polygon", "coordinates": [ [ [ 7.6210921, 45.0692578 ], [ 7.6215537, 45.0692744 ], [ 7.6216616, 45.0692783 ], [ 7.6213908, 45.0697377 ], [ 7.6211738, 45.0696725 ], [ 7.6210921, 45.0692578 ] ] ] } },
{ "type": "Feature", "properties": { }, "geometry": { "type": "Polygon", "coordinates": [ [ [ 7.6210362, 45.070336 ], [ 7.6212542, 45.0703416 ], [ 7.6212066, 45.0706636 ], [ 7.6211254, 45.0706661 ], [ 7.6210362, 45.070336 ] ] ] } },
{ "type": "Feature", "properties": { }, "geometry": { "type": "Polygon", "coordinates": [ [ [ 7.606632, 45.0752025 ], [ 7.6066593, 45.0749018 ], [ 7.6075268, 45.0748947 ], [ 7.6078369, 45.0750469 ], [ 7.6077718, 45.0752545 ], [ 7.6072283, 45.07523 ], [ 7.6072407, 45.0750866 ], [ 7.6068609, 45.0750701 ], [ 7.6068464, 45.0752134 ], [ 7.606632, 45.0752025 ] ] ] } },
{ "type": "Feature", "properties": { }, "geometry": { "type": "Polygon", "coordinates": [ [ [ 7.6041066, 45.0751531 ], [ 7.6046516, 45.0751697 ], [ 7.6043009, 45.075721 ], [ 7.6041066, 45.0751531 ] ] ] } },
{ "type": "Feature", "properties": { }, "geometry": { "type": "Polygon", "coordinates": [ [ [ 7.6044087, 45.0757523 ], [ 7.6046615, 45.0758358 ], [ 7.6045084, 45.076034 ], [ 7.6044087, 45.0757523 ] ] ] } },
{ "type": "Feature", "properties": { }, "geometry": { "type": "Polygon", "coordinates": [ [ [ 7.5384286, 45.0729536 ], [ 7.5395481, 45.0726856 ], [ 7.5397362, 45.0729372 ], [ 7.5386149, 45.0732897 ], [ 7.5384286, 45.0729536 ] ] ] } },
{ "type": "Feature", "properties": { }, "geometry": { "type": "Polygon", "coordinates": [ [ [ 7.5429594, 45.0745404 ], [ 7.5432959, 45.0745603 ], [ 7.5430156, 45.0746395 ], [ 7.5429594, 45.0745404 ] ] ] } },
{ "type": "Feature", "properties": { }, "geometry": { "type": "Polygon", "coordinates": [ [ [ 7.5444808, 45.0727819 ], [ 7.5446165, 45.0729867 ], [ 7.5448091, 45.0729597 ], [ 7.5445949, 45.0730126 ], [ 7.5444808, 45.0727819 ] ] ] } },
{ "type": "Feature", "properties": { }, "geometry": { "type": "Polygon", "coordinates": [ [ [ 7.5443503, 45.0730735 ], [ 7.5445938, 45.0730226 ], [ 7.5446835, 45.0732364 ], [ 7.54444, 45.0732873 ], [ 7.5443503, 45.0730735 ] ] ] } },
{ "type": "Feature", "properties": { }, "geometry": { "type": "Polygon", "coordinates": [ [ [ 7.5443957, 45.0734983 ], [ 7.5446435, 45.0734839 ], [ 7.5446682, 45.0737021 ], [ 7.5444409, 45.0737134 ], [ 7.5443957, 45.0734983 ] ] ] } },
{ "type": "Feature", "properties": { }, "geometry": { "type": "Polygon", "coordinates": [ [ [ 7.5405694, 45.075941 ], [ 7.5406781, 45.0759298 ], [ 7.540704, 45.0760554 ], [ 7.5405954, 45.0760666 ], [ 7.5405694, 45.075941 ] ] ] } },
{ "type": "Feature", "properties": { }, "geometry": { "type": "Polygon", "coordinates": [ [ [ 7.5411187, 45.0762907 ], [ 7.5412987, 45.0762738 ], [ 7.5413395, 45.0764904 ], [ 7.5411595, 45.0765073 ], [ 7.5411187, 45.0762907 ] ] ] } },
{ "type": "Feature", "properties": { "name": "Giardino Giovanni Notta" }, "geometry": { "type": "Polygon", "coordinates": [ [ [ 7.659469, 45.0440269 ], [ 7.6598524, 45.0438353 ], [ 7.6601371, 45.0442915 ], [ 7.6599046, 45.0444158 ], [ 7.659469, 45.0440269 ] ] ] } },
{ "type": "Feature", "properties": { }, "geometry": { "type": "Polygon", "coordinates": [ [ [ 7.5456442, 45.0728211 ], [ 7.5459193, 45.072737 ], [ 7.5460073, 45.0728532 ], [ 7.5457152, 45.0729713 ], [ 7.5456442, 45.0728211 ] ] ] } },
{ "type": "Feature", "properties": { }, "geometry": { "type": "Polygon", "coordinates": [ [ [ 7.6459184, 45.0333384 ], [ 7.6464574, 45.0330347 ], [ 7.6470093, 45.0335071 ], [ 7.6466601, 45.0334277 ], [ 7.6464131, 45.0335396 ], [ 7.6459184, 45.0333384 ] ] ] } },
{ "type": "Feature", "properties": { }, "geometry": { "type": "Polygon", "coordinates": [ [ [ 7.658113, 45.0023054 ], [ 7.6582257, 45.0021879 ], [ 7.6586409, 45.0021935 ], [ 7.6588861, 45.002571 ], [ 7.6582811, 45.0026912 ], [ 7.658113, 45.0023054 ] ] ] } },
{ "type": "Feature", "properties": { }, "geometry": { "type": "Polygon", "coordinates": [ [ [ 7.6588663, 45.002269 ], [ 7.6592934, 45.0022271 ], [ 7.6593685, 45.00242 ], [ 7.6589651, 45.0025067 ], [ 7.6588663, 45.002269 ] ] ] } },
{ "type": "Feature", "properties": { }, "geometry": { "type": "Polygon", "coordinates": [ [ [ 7.658738, 45.0038145 ], [ 7.659337, 45.0036887 ], [ 7.6594932, 45.0040605 ], [ 7.6588942, 45.0041863 ], [ 7.658738, 45.0038145 ] ] ] } },
{ "type": "Feature", "properties": { }, "geometry": { "type": "Polygon", "coordinates": [ [ [ 7.6528322, 45.0026913 ], [ 7.6528623, 45.0020757 ], [ 7.6531737, 45.0020852 ], [ 7.6531369, 45.0027008 ], [ 7.6528322, 45.0026913 ] ] ] } },
{ "type": "Feature", "properties": { }, "geometry": { "type": "Polygon", "coordinates": [ [ [ 7.6460757, 45.0002593 ], [ 7.648783, 44.9999179 ], [ 7.6488655, 45.000002 ], [ 7.648266, 45.0000776 ], [ 7.6482505, 45.0003604 ], [ 7.6490505, 45.0004508 ], [ 7.6478597, 45.0004046 ], [ 7.6478176, 45.0010419 ], [ 7.647416, 45.001032 ], [ 7.6474113, 45.0003517 ], [ 7.6460804, 45.0003484 ], [ 7.6460757, 45.0002593 ] ] ] } },
{ "type": "Feature", "properties": { "name": "Giardino Roccioso" }, "geometry": { "type": "Polygon", "coordinates": [ [ [ 7.6828591, 45.0496973 ], [ 7.6831808, 45.0490683 ], [ 7.6841534, 45.0491228 ], [ 7.6850576, 45.049848 ], [ 7.6853653, 45.0502545 ], [ 7.6855153, 45.0505511 ], [ 7.6854534, 45.0511032 ], [ 7.6851485, 45.0510663 ], [ 7.6847371, 45.0512739 ], [ 7.6842985, 45.0506734 ], [ 7.6841754, 45.0507236 ], [ 7.6829563, 45.0499457 ], [ 7.6828591, 45.0496973 ] ] ] } },
{ "type": "Feature", "properties": { "name": "Italia 61" }, "geometry": { "type": "Polygon", "coordinates": [ [ [ 7.6656148, 45.0180849 ], [ 7.6681863, 45.0175759 ], [ 7.6685804, 45.0177222 ], [ 7.6701199, 45.022053 ], [ 7.6704177, 45.0233773 ], [ 7.6702187, 45.0240435 ], [ 7.6683862, 45.0243873 ], [ 7.6656148, 45.0180849 ] ] ] } },
{ "type": "Feature", "properties": { "name": "Boschetto dei Giochi" }, "geometry": { "type": "Polygon", "coordinates": [ [ [ 7.6174036, 45.1359952 ], [ 7.618527, 45.1356258 ], [ 7.6188116, 45.1357104 ], [ 7.6193096, 45.136555 ], [ 7.6179863, 45.1369465 ], [ 7.6174036, 45.1359952 ] ] ] } },
{ "type": "Feature", "properties": { "name": "Boschetto della Musica" }, "geometry": { "type": "Polygon", "coordinates": [ [ [ 7.6191274, 45.1356129 ], [ 7.6192209, 45.1354189 ], [ 7.6204542, 45.1350789 ], [ 7.6209986, 45.1360389 ], [ 7.619598, 45.1364449 ], [ 7.6191274, 45.1356129 ] ] ] } },
{ "type": "Feature", "properties": { "name": "Potager Royal: orto di ponente" }, "geometry": { "type": "Polygon", "coordinates": [ [ [ 7.6131841, 45.1393587 ], [ 7.6147243, 45.1389053 ], [ 7.615327, 45.1399445 ], [ 7.6137935, 45.1403932 ], [ 7.6131841, 45.1393587 ] ] ] } },
{ "type": "Feature", "properties": { "name": "Potager Royal: orto di levante" }, "geometry": { "type": "Polygon", "coordinates": [ [ [ 7.6185079, 45.1377857 ], [ 7.619807, 45.1374126 ], [ 7.6204164, 45.1384423 ], [ 7.6191173, 45.1388297 ], [ 7.6185079, 45.1377857 ] ] ] } },
{ "type": "Feature", "properties": { "name": "Giardino del Duca" }, "geometry": { "type": "Polygon", "coordinates": [ [ [ 7.6861926, 45.0736739 ], [ 7.6872674, 45.0733239 ], [ 7.6877225, 45.0740005 ], [ 7.6866761, 45.0743475 ], [ 7.6861926, 45.0736739 ] ] ] } },
{ "type": "Feature", "properties": { "name": "Giardino delle Arti" }, "geometry": { "type": "Polygon", "coordinates": [ [ [ 7.686408, 45.0718327 ], [ 7.6875626, 45.0714312 ], [ 7.687955, 45.0719513 ], [ 7.6878123, 45.0720455 ], [ 7.6878355, 45.0721824 ], [ 7.6881798, 45.0722949 ], [ 7.6883656, 45.0726019 ], [ 7.6872107, 45.0729904 ], [ 7.686408, 45.0718327 ] ] ] } },
{ "type": "Feature", "properties": { "name": "Giardino di Levante" }, "geometry": { "type": "Polygon", "coordinates": [ [ [ 7.6888073, 45.0709008 ], [ 7.690724, 45.0702109 ], [ 7.6911326, 45.0705524 ], [ 7.6909313, 45.0713111 ], [ 7.6897948, 45.0716745 ], [ 7.6891609, 45.0714361 ], [ 7.6888073, 45.0709008 ] ] ] } },
{ "type": "Feature", "properties": { }, "geometry": { "type": "Polygon", "coordinates": [ [ [ 7.6580766, 45.0391609 ], [ 7.6581293, 45.039113 ], [ 7.6581664, 45.0391305 ], [ 7.6580766, 45.0391609 ] ] ] } },
{ "type": "Feature", "properties": { }, "geometry": { "type": "Polygon", "coordinates": [ [ [ 7.6581829, 45.0391249 ], [ 7.6583226, 45.0390473 ], [ 7.6583616, 45.0390645 ], [ 7.6581829, 45.0391249 ] ] ] } },
{ "type": "Feature", "properties": { }, "geometry": { "type": "Polygon", "coordinates": [ [ [ 7.6718136, 45.0375446 ], [ 7.6719264, 45.0375218 ], [ 7.6720576, 45.037816 ], [ 7.6718789, 45.0378226 ], [ 7.6718136, 45.0375446 ] ] ] } },
{ "type": "Feature", "properties": { }, "geometry": { "type": "Polygon", "coordinates": [ [ [ 7.6676984, 45.0389027 ], [ 7.6679867, 45.0388803 ], [ 7.6681229, 45.0394712 ], [ 7.6679608, 45.0395118 ], [ 7.6676984, 45.0389027 ] ] ] } },
{ "type": "Feature", "properties": { "name": "Parco Louis Braille" }, "geometry": { "type": "Polygon", "coordinates": [ [ [ 7.6676722, 45.0442219 ], [ 7.6679844, 45.0441548 ], [ 7.6681276, 45.0444835 ], [ 7.668889, 45.0443478 ], [ 7.6689618, 45.0445437 ], [ 7.669299, 45.0444847 ], [ 7.6694795, 45.0449476 ], [ 7.6687966, 45.0450818 ], [ 7.669062, 45.0457955 ], [ 7.6685901, 45.0458871 ], [ 7.6676722, 45.0442219 ] ] ] } },
{ "type": "Feature", "properties": { }, "geometry": { "type": "Polygon", "coordinates": [ [ [ 7.6698447, 45.046886 ], [ 7.6701665, 45.0467776 ], [ 7.670262, 45.0470235 ], [ 7.669991, 45.0470761 ], [ 7.6698447, 45.046886 ] ] ] } },
{ "type": "Feature", "properties": { }, "geometry": { "type": "Polygon", "coordinates": [ [ [ 7.527218, 45.0705204 ], [ 7.527325, 45.0693799 ], [ 7.5283425, 45.0691662 ], [ 7.5287129, 45.0705112 ], [ 7.527218, 45.0705204 ] ] ] } },
{ "type": "Feature", "properties": { }, "geometry": { "type": "Polygon", "coordinates": [ [ [ 7.732473, 45.0985625 ], [ 7.7324799, 45.0983778 ], [ 7.7326765, 45.0982647 ], [ 7.7324894, 45.0980886 ], [ 7.7326822, 45.0977804 ], [ 7.7331075, 45.0984168 ], [ 7.7332209, 45.0983848 ], [ 7.7336522, 45.0991366 ], [ 7.733394, 45.0992678 ], [ 7.732473, 45.0985625 ] ] ] } },
{ "type": "Feature", "properties": { }, "geometry": { "type": "Polygon", "coordinates": [ [ [ 7.7367397, 45.0963402 ], [ 7.7366413, 45.0956664 ], [ 7.7370967, 45.0955287 ], [ 7.7375561, 45.0961515 ], [ 7.7367397, 45.0963402 ] ] ] } },
{ "type": "Feature", "properties": { }, "geometry": { "type": "Polygon", "coordinates": [ [ [ 7.7333785, 45.0997261 ], [ 7.7339152, 45.099376 ], [ 7.73496, 45.100455 ], [ 7.7346348, 45.1004894 ], [ 7.7341022, 45.1000331 ], [ 7.7337282, 45.100102 ], [ 7.7333785, 45.0997261 ] ] ] } },
{ "type": "Feature", "properties": { }, "geometry": { "type": "Polygon", "coordinates": [ [ [ 7.7996862, 45.0234042 ], [ 7.8001037, 45.0231338 ], [ 7.8002998, 45.0232816 ], [ 7.7998715, 45.023554 ], [ 7.7996862, 45.0234042 ] ] ] } },
{ "type": "Feature", "properties": { }, "geometry": { "type": "Polygon", "coordinates": [ [ [ 7.6070836, 45.0236757 ], [ 7.6073923, 45.0235657 ], [ 7.6076575, 45.0239507 ], [ 7.6075582, 45.0239888 ], [ 7.6088284, 45.0255938 ], [ 7.6087095, 45.0258194 ], [ 7.6091983, 45.026669 ], [ 7.6088561, 45.0266707 ], [ 7.6070836, 45.0236757 ] ] ] } },
{ "type": "Feature", "properties": { }, "geometry": { "type": "Polygon", "coordinates": [ [ [ 7.6091502, 45.0280696 ], [ 7.6090941, 45.026855 ], [ 7.6092692, 45.0267725 ], [ 7.60936, 45.0268792 ], [ 7.6093246, 45.0271457 ], [ 7.6095088, 45.0275846 ], [ 7.6093919, 45.0276241 ], [ 7.6094681, 45.027729 ], [ 7.6092669, 45.0276983 ], [ 7.6092225, 45.0278667 ], [ 7.6097619, 45.0278617 ], [ 7.6091502, 45.0280696 ] ] ] } },
{ "type": "Feature", "properties": { }, "geometry": { "type": "Polygon", "coordinates": [ [ [ 7.5803873, 45.0388597 ], [ 7.5808701, 45.0386398 ], [ 7.581825, 45.0395306 ], [ 7.5813046, 45.0397808 ], [ 7.5803873, 45.0388597 ] ] ] } },
{ "type": "Feature", "properties": { }, "geometry": { "type": "Polygon", "coordinates": [ [ [ 7.5774923, 45.026303 ], [ 7.5779308, 45.0262051 ], [ 7.5787, 45.02527 ], [ 7.5797, 45.0256397 ], [ 7.5792308, 45.0262269 ], [ 7.5795, 45.0263737 ], [ 7.5789616, 45.0271076 ], [ 7.5782077, 45.0267162 ], [ 7.5780462, 45.0263954 ], [ 7.5775077, 45.02639 ], [ 7.5774923, 45.026303 ] ] ] } },
{ "type": "Feature", "properties": { }, "geometry": { "type": "Polygon", "coordinates": [ [ [ 7.7261749, 45.0750608 ], [ 7.7266621, 45.0746624 ], [ 7.7267809, 45.0746719 ], [ 7.72694, 45.0749651 ], [ 7.7267525, 45.075172 ], [ 7.7261749, 45.0750608 ] ] ] } },
{ "type": "Feature", "properties": { }, "geometry": { "type": "Polygon", "coordinates": [ [ [ 7.7262134, 45.0757442 ], [ 7.7261397, 45.0752429 ], [ 7.7266554, 45.0753245 ], [ 7.7268429, 45.0754971 ], [ 7.7268554, 45.07574 ], [ 7.726585, 45.0759972 ], [ 7.7262134, 45.0757442 ] ] ] } },
{ "type": "Feature", "properties": { }, "geometry": { "type": "Polygon", "coordinates": [ [ [ 7.6374203, 44.9982593 ], [ 7.6375911, 44.9980888 ], [ 7.6380197, 44.9979989 ], [ 7.63809, 44.9982119 ], [ 7.6391346, 44.9980344 ], [ 7.6391581, 44.9981314 ], [ 7.6385186, 44.9982664 ], [ 7.6387247, 44.9988614 ], [ 7.6383385, 44.9989249 ], [ 7.6381201, 44.9983706 ], [ 7.6374839, 44.9984629 ], [ 7.6374203, 44.9982593 ] ] ] } },
{ "type": "Feature", "properties": { }, "geometry": { "type": "Polygon", "coordinates": [ [ [ 7.636793, 44.997937 ], [ 7.6373307, 44.997735 ], [ 7.6374772, 44.9980643 ], [ 7.6373163, 44.9984089 ], [ 7.6371987, 44.9982035 ], [ 7.6370763, 44.9982222 ], [ 7.6370258, 44.9979862 ], [ 7.636793, 44.997937 ] ] ] } },
{ "type": "Feature", "properties": { }, "geometry": { "type": "Polygon", "coordinates": [ [ [ 7.6250237, 45.0508733 ], [ 7.6255903, 45.0508522 ], [ 7.6256014, 45.051004 ], [ 7.6258233, 45.050996 ], [ 7.6258343, 45.051148 ], [ 7.6250278, 45.0511772 ], [ 7.6250237, 45.0508733 ] ] ] } },
{ "type": "Feature", "properties": { }, "geometry": { "type": "Polygon", "coordinates": [ [ [ 7.526867, 45.0305701 ], [ 7.5271772, 45.0304623 ], [ 7.5273142, 45.0306592 ], [ 7.5270041, 45.030767 ], [ 7.526867, 45.0305701 ] ] ] } },
{ "type": "Feature", "properties": { }, "geometry": { "type": "Polygon", "coordinates": [ [ [ 7.6678953, 45.084118 ], [ 7.6683817, 45.0839446 ], [ 7.6685339, 45.0840191 ], [ 7.668142, 45.0844513 ], [ 7.6678953, 45.084118 ] ] ] } },
{ "type": "Feature", "properties": { }, "geometry": { "type": "Polygon", "coordinates": [ [ [ 7.6570131, 45.0871297 ], [ 7.6580363, 45.0868039 ], [ 7.6613123, 45.0865553 ], [ 7.6635357, 45.0873813 ], [ 7.663973, 45.0878279 ], [ 7.6641161, 45.088472 ], [ 7.6637106, 45.0886669 ], [ 7.6622546, 45.0888957 ], [ 7.6615844, 45.0892258 ], [ 7.6613207, 45.0897835 ], [ 7.6614234, 45.0902926 ], [ 7.661878, 45.09068 ], [ 7.6626987, 45.0910124 ], [ 7.661892, 45.0907582 ], [ 7.6614379, 45.0904607 ], [ 7.6612635, 45.0899589 ], [ 7.6609684, 45.0898188 ], [ 7.6606788, 45.089993 ], [ 7.6604235, 45.0897631 ], [ 7.6614427, 45.0890302 ], [ 7.6629163, 45.0885691 ], [ 7.6628036, 45.0875431 ], [ 7.6616221, 45.0868757 ], [ 7.660821, 45.0867217 ], [ 7.6588145, 45.0869544 ], [ 7.658476, 45.086851 ], [ 7.6571367, 45.0872214 ], [ 7.6570131, 45.0871297 ] ] ] } },
{ "type": "Feature", "properties": { "name": "Giardino di Via Revello" }, "geometry": { "type": "Polygon", "coordinates": [ [ [ 7.6491835, 45.0709438 ], [ 7.6500337, 45.0710161 ], [ 7.6500173, 45.0717275 ], [ 7.6493093, 45.0718132 ], [ 7.6491835, 45.0709438 ] ] ] } },
{ "type": "Feature", "properties": { }, "geometry": { "type": "Polygon", "coordinates": [ [ [ 7.5546634, 45.0709416 ], [ 7.554801, 45.0706093 ], [ 7.5551503, 45.0708444 ], [ 7.5546634, 45.0709416 ] ] ] } },
{ "type": "Feature", "properties": { }, "geometry": { "type": "Polygon", "coordinates": [ [ [ 7.7013948, 44.9964484 ], [ 7.7014605, 44.9955452 ], [ 7.7023796, 44.9955114 ], [ 7.7023767, 44.9958681 ], [ 7.7019121, 44.9958995 ], [ 7.7018186, 44.9964632 ], [ 7.7013948, 44.9964484 ] ] ] } },
{ "type": "Feature", "properties": { }, "geometry": { "type": "Polygon", "coordinates": [ [ [ 7.6427923, 44.9885816 ], [ 7.6427601, 44.9880552 ], [ 7.6446779, 44.9877071 ], [ 7.6437458, 44.9879831 ], [ 7.6437807, 44.9900782 ], [ 7.6429122, 44.989941 ], [ 7.6428138, 44.9888491 ], [ 7.6432161, 44.9888424 ], [ 7.6432067, 44.988555 ], [ 7.6427923, 44.9885816 ] ] ] } },
{ "type": "Feature", "properties": { "name": "Giardino Carlo Compans de Brichanteau" }, "geometry": { "type": "Polygon", "coordinates": [ [ [ 7.6387561, 45.0339679 ], [ 7.6391174, 45.0338518 ], [ 7.6396114, 45.0346042 ], [ 7.6392136, 45.0347254 ], [ 7.6387561, 45.0339679 ] ] ] } },
{ "type": "Feature", "properties": { }, "geometry": { "type": "Polygon", "coordinates": [ [ [ 7.6668791, 45.0071886 ], [ 7.6669971, 45.0070842 ], [ 7.6678067, 45.0076339 ], [ 7.6681388, 45.007682 ], [ 7.6684269, 45.0078857 ], [ 7.6682797, 45.0080691 ], [ 7.6668791, 45.0071886 ] ] ] } },
{ "type": "Feature", "properties": { }, "geometry": { "type": "Polygon", "coordinates": [ [ [ 7.6672559, 45.0068786 ], [ 7.6679561, 45.0072255 ], [ 7.6685789, 45.0067893 ], [ 7.6686599, 45.0068508 ], [ 7.6691012, 45.0065968 ], [ 7.6690876, 45.0068348 ], [ 7.6685656, 45.0077216 ], [ 7.6672559, 45.0068786 ] ] ] } },
{ "type": "Feature", "properties": { "name": "Giardino Corpo Italiano Liberazione" }, "geometry": { "type": "Polygon", "coordinates": [ [ [ 7.669408, 45.0265622 ], [ 7.6703311, 45.0267365 ], [ 7.670797, 45.0281767 ], [ 7.6702926, 45.0280117 ], [ 7.6700334, 45.0281487 ], [ 7.669408, 45.0265622 ] ] ] } },
{ "type": "Feature", "properties": { }, "geometry": { "type": "Polygon", "coordinates": [ [ [ 7.6700638, 45.0281553 ], [ 7.6702926, 45.0280117 ], [ 7.6720602, 45.0286372 ], [ 7.6724408, 45.0297049 ], [ 7.6725949, 45.0298765 ], [ 7.6728448, 45.0298765 ], [ 7.6726964, 45.0302933 ], [ 7.6722697, 45.0304125 ], [ 7.6715807, 45.0290741 ], [ 7.671653, 45.0289819 ], [ 7.6700638, 45.0281553 ] ] ] } },
{ "type": "Feature", "properties": { }, "geometry": { "type": "Polygon", "coordinates": [ [ [ 7.6675708, 45.0144781 ], [ 7.6675851, 45.0142387 ], [ 7.6689101, 45.0143042 ], [ 7.668829, 45.0145072 ], [ 7.6679874, 45.0145059 ], [ 7.6679639, 45.0151204 ], [ 7.6676439, 45.0151098 ], [ 7.6677761, 45.0144862 ], [ 7.6675708, 45.0144781 ] ] ] } },
{ "type": "Feature", "properties": { }, "geometry": { "type": "Polygon", "coordinates": [ [ [ 7.503779, 45.0765622 ], [ 7.5040198, 45.0765115 ], [ 7.5040796, 45.0766562 ], [ 7.5038398, 45.0767065 ], [ 7.503779, 45.0765622 ] ] ] } },
{ "type": "Feature", "properties": { }, "geometry": { "type": "Polygon", "coordinates": [ [ [ 7.5076158, 45.0741117 ], [ 7.5079231, 45.0735249 ], [ 7.5082127, 45.0741297 ], [ 7.5083945, 45.0740971 ], [ 7.508473, 45.0742766 ], [ 7.5079637, 45.0744184 ], [ 7.5076158, 45.0741117 ] ] ] } },
{ "type": "Feature", "properties": { }, "geometry": { "type": "Polygon", "coordinates": [ [ [ 7.5315203, 45.0716168 ], [ 7.5317959, 45.071541 ], [ 7.531978, 45.0718444 ], [ 7.5316698, 45.0719631 ], [ 7.5315203, 45.0716168 ] ] ] } },
{ "type": "Feature", "properties": { }, "geometry": { "type": "Polygon", "coordinates": [ [ [ 7.7001682, 44.9972898 ], [ 7.70035, 44.9972677 ], [ 7.7003713, 44.9973552 ], [ 7.7001896, 44.9973774 ], [ 7.7001682, 44.9972898 ] ] ] } },
{ "type": "Feature", "properties": { }, "geometry": { "type": "Polygon", "coordinates": [ [ [ 7.6998912, 44.9970327 ], [ 7.7002601, 44.9970013 ], [ 7.70035, 44.9972677 ], [ 7.7001682, 44.9972898 ], [ 7.7001351, 44.9971231 ], [ 7.6999099, 44.99714 ], [ 7.6998912, 44.9970327 ] ] ] } },
{ "type": "Feature", "properties": { }, "geometry": { "type": "Polygon", "coordinates": [ [ [ 7.5829496, 45.0571456 ], [ 7.5835912, 45.0569558 ], [ 7.5832558, 45.0560691 ], [ 7.5842022, 45.0559233 ], [ 7.5846202, 45.0566972 ], [ 7.5860314, 45.0564563 ], [ 7.5864588, 45.0565104 ], [ 7.5866619, 45.0563186 ], [ 7.5867449, 45.0567969 ], [ 7.5864593, 45.0566953 ], [ 7.5857894, 45.0569364 ], [ 7.5849275, 45.0569159 ], [ 7.5847557, 45.0569664 ], [ 7.5848172, 45.0570878 ], [ 7.5838568, 45.0574126 ], [ 7.5838556, 45.0571338 ], [ 7.583131, 45.0572313 ], [ 7.5832144, 45.0574312 ], [ 7.5830897, 45.0574618 ], [ 7.5829496, 45.0571456 ] ] ] } },
{ "type": "Feature", "properties": { "name": "Giardino del castello" }, "geometry": { "type": "Polygon", "coordinates": [ [ [ 7.5214786, 45.0314202 ], [ 7.5221281, 45.0311149 ], [ 7.5225534, 45.0316947 ], [ 7.5222654, 45.0318035 ], [ 7.5220645, 45.0316615 ], [ 7.5216895, 45.0317964 ], [ 7.5214786, 45.0314202 ] ] ] } },
{ "type": "Feature", "properties": { }, "geometry": { "type": "Polygon", "coordinates": [ [ [ 7.6562208, 45.0904468 ], [ 7.6563382, 45.0901438 ], [ 7.656609, 45.0901768 ], [ 7.6565591, 45.09048 ], [ 7.6562208, 45.0904468 ] ] ] } },
{ "type": "Feature", "properties": { }, "geometry": { "type": "Polygon", "coordinates": [ [ [ 7.6516747, 44.9943495 ], [ 7.6546958, 44.9952667 ], [ 7.6535886, 44.9959854 ], [ 7.6516747, 44.9943495 ] ] ] } },
{ "type": "Feature", "properties": { }, "geometry": { "type": "Polygon", "coordinates": [ [ [ 7.6504207, 44.9971741 ], [ 7.6513453, 44.9967362 ], [ 7.6515321, 44.9968934 ], [ 7.6516515, 44.9968212 ], [ 7.6523019, 44.9973472 ], [ 7.652737, 44.9970685 ], [ 7.653176, 44.9974218 ], [ 7.6521486, 44.9980063 ], [ 7.6514201, 44.9974053 ], [ 7.6508877, 44.9977289 ], [ 7.6504207, 44.9971741 ] ] ] } },
{ "type": "Feature", "properties": { "name": "Piazza Libertà" }, "geometry": { "type": "Polygon", "coordinates": [ [ [ 7.6463139, 44.9968595 ], [ 7.6466087, 44.9967011 ], [ 7.6470623, 44.9970559 ], [ 7.6473005, 44.9969116 ], [ 7.6473997, 44.9969758 ], [ 7.6468043, 44.9973466 ], [ 7.6466201, 44.9971802 ], [ 7.6466654, 44.9970419 ], [ 7.6463139, 44.9968595 ] ] ] } },
{ "type": "Feature", "properties": { "name": "Giardino Alimonda" }, "geometry": { "type": "Polygon", "coordinates": [ [ [ 7.690043, 45.0850997 ], [ 7.6905966, 45.084921 ], [ 7.6914547, 45.08625 ], [ 7.6909367, 45.0865012 ], [ 7.690043, 45.0850997 ] ] ] } },
{ "type": "Feature", "properties": { }, "geometry": { "type": "Polygon", "coordinates": [ [ [ 7.6353199, 45.0930823 ], [ 7.6354226, 45.0928384 ], [ 7.6362398, 45.0925647 ], [ 7.6375614, 45.0946747 ], [ 7.6395649, 45.096656 ], [ 7.6388971, 45.0967153 ], [ 7.6383694, 45.0958747 ], [ 7.6384954, 45.0958483 ], [ 7.6384207, 45.0957263 ], [ 7.6370151, 45.0950241 ], [ 7.6361791, 45.0958285 ], [ 7.6356561, 45.0955483 ], [ 7.6353992, 45.095278 ], [ 7.63546, 45.095001 ], [ 7.6365247, 45.0946681 ], [ 7.635544, 45.0931548 ], [ 7.6353199, 45.0930823 ] ] ] } },
{ "type": "Feature", "properties": { "name": "Giardino dei Fiori" }, "geometry": { "type": "Polygon", "coordinates": [ [ [ 7.7087196, 45.0581456 ], [ 7.7087414, 45.0578752 ], [ 7.708965, 45.0577502 ], [ 7.7090016, 45.0581939 ], [ 7.7089025, 45.0583011 ], [ 7.7087196, 45.0581456 ] ] ] } },
{ "type": "Feature", "properties": { "name": "Giardino dei Fiori" }, "geometry": { "type": "Polygon", "coordinates": [ [ [ 7.7081012, 45.0575833 ], [ 7.7085951, 45.0575377 ], [ 7.7088431, 45.0576512 ], [ 7.7086682, 45.0577617 ], [ 7.7082654, 45.0577349 ], [ 7.7081012, 45.0575833 ] ] ] } },
{ "type": "Feature", "properties": { }, "geometry": { "type": "Polygon", "coordinates": [ [ [ 7.6598351, 45.0952344 ], [ 7.6600483, 45.0951605 ], [ 7.6623341, 45.0953929 ], [ 7.6603177, 45.0959686 ], [ 7.6598351, 45.0952344 ] ] ] } },
{ "type": "Feature", "properties": { }, "geometry": { "type": "Polygon", "coordinates": [ [ [ 7.691957, 45.0500817 ], [ 7.6920907, 45.0499322 ], [ 7.6925424, 45.0501335 ], [ 7.6924088, 45.0502831 ], [ 7.691957, 45.0500817 ] ] ] } },
{ "type": "Feature", "properties": { }, "geometry": { "type": "Polygon", "coordinates": [ [ [ 7.6953105, 45.0509299 ], [ 7.6955398, 45.0508461 ], [ 7.6959511, 45.0511785 ], [ 7.6958641, 45.0512679 ], [ 7.6955042, 45.0512204 ], [ 7.6953105, 45.0509299 ] ] ] } },
{ "type": "Feature", "properties": { }, "geometry": { "type": "Polygon", "coordinates": [ [ [ 7.6982675, 45.1528705 ], [ 7.6988599, 45.1528823 ], [ 7.6989368, 45.1532092 ], [ 7.6983627, 45.1532408 ], [ 7.6982675, 45.1528705 ] ] ] } },
{ "type": "Feature", "properties": { }, "geometry": { "type": "Polygon", "coordinates": [ [ [ 7.6671582, 45.100655 ], [ 7.6677038, 45.1001654 ], [ 7.6678594, 45.1005062 ], [ 7.6675732, 45.1008367 ], [ 7.6671582, 45.100655 ] ] ] } },
{ "type": "Feature", "properties": { }, "geometry": { "type": "Polygon", "coordinates": [ [ [ 7.6588352, 45.1578512 ], [ 7.6591169, 45.1576109 ], [ 7.6591941, 45.1573707 ], [ 7.6595484, 45.1573675 ], [ 7.6601343, 45.1568774 ], [ 7.6600707, 45.1567141 ], [ 7.6608339, 45.1563201 ], [ 7.6621375, 45.1544719 ], [ 7.6624645, 45.1545936 ], [ 7.6609292, 45.1566468 ], [ 7.6594848, 45.1578416 ], [ 7.6591078, 45.1580466 ], [ 7.6588443, 45.1579921 ], [ 7.6588352, 45.1578512 ] ] ] } },
{ "type": "Feature", "properties": { "name": "Parco Pietro Paolo Mennea" }, "geometry": { "type": "Polygon", "coordinates": [ [ [ 7.6437456, 45.0539206 ], [ 7.6438253, 45.0537823 ], [ 7.647842, 45.0530252 ], [ 7.6479557, 45.053325 ], [ 7.6485565, 45.0532014 ], [ 7.6486578, 45.0534959 ], [ 7.6498522, 45.0532488 ], [ 7.6492991, 45.0541232 ], [ 7.6490558, 45.0540394 ], [ 7.6481884, 45.0542093 ], [ 7.6458398, 45.0539219 ], [ 7.6437456, 45.0539206 ] ] ] } },
{ "type": "Feature", "properties": { }, "geometry": { "type": "Polygon", "coordinates": [ [ [ 7.6481209, 45.0547393 ], [ 7.6481331, 45.0544142 ], [ 7.6484434, 45.0544946 ], [ 7.6491126, 45.0543862 ], [ 7.6481209, 45.0547393 ] ] ] } },
{ "type": "Feature", "properties": { "name": "Giardino di Via Tolmino" }, "geometry": { "type": "Polygon", "coordinates": [ [ [ 7.6423189, 45.0543434 ], [ 7.6438625, 45.0541712 ], [ 7.6438853, 45.0545331 ], [ 7.6436936, 45.0547739 ], [ 7.643223, 45.0545477 ], [ 7.6430767, 45.0547292 ], [ 7.6423189, 45.0543434 ] ] ] } },
{ "type": "Feature", "properties": { }, "geometry": { "type": "Polygon", "coordinates": [ [ [ 7.6543612, 45.0964098 ], [ 7.6544516, 45.095573 ], [ 7.654917, 45.0962372 ], [ 7.6543612, 45.0964098 ] ] ] } },
{ "type": "Feature", "properties": { }, "geometry": { "type": "Polygon", "coordinates": [ [ [ 7.6214071, 45.1282498 ], [ 7.6244239, 45.1273371 ], [ 7.6236954, 45.1261312 ], [ 7.6232144, 45.1259599 ], [ 7.6231256, 45.125805 ], [ 7.624181, 45.1253338 ], [ 7.6256241, 45.1278083 ], [ 7.6245453, 45.1275842 ], [ 7.6239335, 45.1279598 ], [ 7.6247461, 45.1285496 ], [ 7.6232237, 45.12909 ], [ 7.6235132, 45.1295973 ], [ 7.6223831, 45.1299268 ], [ 7.6214071, 45.1282498 ] ] ] } },
{ "type": "Feature", "properties": { "name": "Giardino a Fiori" }, "geometry": { "type": "Polygon", "coordinates": [ [ [ 7.6214215, 45.1361558 ], [ 7.6227595, 45.1357436 ], [ 7.6231246, 45.1363479 ], [ 7.6217463, 45.1366975 ], [ 7.6214215, 45.1361558 ] ] ] } },
{ "type": "Feature", "properties": { "name": "Giardino delle Rose" }, "geometry": { "type": "Polygon", "coordinates": [ [ [ 7.6207323, 45.1349666 ], [ 7.6220542, 45.1345535 ], [ 7.6226694, 45.1355591 ], [ 7.6213276, 45.1359586 ], [ 7.6207323, 45.1349666 ] ] ] } },
{ "type": "Feature", "properties": { }, "geometry": { "type": "Polygon", "coordinates": [ [ [ 7.6534311, 45.021881 ], [ 7.6537391, 45.0217671 ], [ 7.6536452, 45.0216136 ], [ 7.6542568, 45.0213917 ], [ 7.6547283, 45.0222352 ], [ 7.6536439, 45.0226221 ], [ 7.6534665, 45.0222512 ], [ 7.653778, 45.0219875 ], [ 7.6534311, 45.021881 ] ] ] } },
{ "type": "Feature", "properties": { }, "geometry": { "type": "Polygon", "coordinates": [ [ [ 7.6037536, 45.0768439 ], [ 7.6039886, 45.0768161 ], [ 7.6040995, 45.0774976 ], [ 7.6037883, 45.0774872 ], [ 7.6037536, 45.0768439 ] ] ] } },
{ "type": "Feature", "properties": { }, "geometry": { "type": "Polygon", "coordinates": [ [ [ 7.5790092, 45.0583147 ], [ 7.5794456, 45.0582986 ], [ 7.5797706, 45.0578417 ], [ 7.5802177, 45.0577832 ], [ 7.5808092, 45.0575104 ], [ 7.5811053, 45.0575343 ], [ 7.5812069, 45.0574177 ], [ 7.5817019, 45.0577644 ], [ 7.5806822, 45.0583891 ], [ 7.5794383, 45.0584459 ], [ 7.5790956, 45.0585893 ], [ 7.5790092, 45.0583147 ] ] ] } },
{ "type": "Feature", "properties": { }, "geometry": { "type": "Polygon", "coordinates": [ [ [ 7.5774765, 45.057436 ], [ 7.5775719, 45.0571779 ], [ 7.577785, 45.0570345 ], [ 7.5782398, 45.056904 ], [ 7.5784286, 45.05699 ], [ 7.5780388, 45.0570674 ], [ 7.5781408, 45.0580192 ], [ 7.5784954, 45.0585844 ], [ 7.5783562, 45.0586275 ], [ 7.5780725, 45.0582055 ], [ 7.5775552, 45.058248 ], [ 7.5774765, 45.057436 ] ] ] } },
{ "type": "Feature", "properties": { "name": "Parco della Pellerina" }, "geometry": { "type": "MultiPolygon", "coordinates": [ [ [ [ 7.6272043, 45.0874761 ], [ 7.6276306, 45.0871487 ], [ 7.6281911, 45.0877676 ], [ 7.6283822, 45.0878191 ], [ 7.6289127, 45.0869938 ], [ 7.6295752, 45.0863954 ], [ 7.62904, 45.0861155 ], [ 7.6314134, 45.085354 ], [ 7.6327577, 45.0852396 ], [ 7.6359594, 45.0853114 ], [ 7.6400778, 45.0846949 ], [ 7.6471454, 45.0853988 ], [ 7.6482534, 45.085387 ], [ 7.6495972, 45.0850621 ], [ 7.6507641, 45.0868107 ], [ 7.6503668, 45.0870765 ], [ 7.6502334, 45.0874695 ], [ 7.6456424, 45.0890078 ], [ 7.6442699, 45.0884415 ], [ 7.6426435, 45.0879903 ], [ 7.6407003, 45.0878832 ], [ 7.6369431, 45.0881628 ], [ 7.634208, 45.0877335 ], [ 7.6336851, 45.0872304 ], [ 7.63334, 45.0865912 ], [ 7.63339, 45.0863563 ], [ 7.6331646, 45.0858569 ], [ 7.6333213, 45.0855969 ], [ 7.6325476, 45.0853314 ], [ 7.6315606, 45.0854678 ], [ 7.630477, 45.0859223 ], [ 7.6291895, 45.0869222 ], [ 7.6285823, 45.0879629 ], [ 7.6272043, 45.0874761 ] ] ], [ [ [ 7.6288164, 45.0880276 ], [ 7.6295975, 45.0870122 ], [ 7.6302886, 45.0863867 ], [ 7.631452, 45.0857909 ], [ 7.632376, 45.0860738 ], [ 7.63273, 45.0863617 ], [ 7.633245, 45.0872252 ], [ 7.6337249, 45.0877012 ], [ 7.6349493, 45.0881966 ], [ 7.6366766, 45.088439 ], [ 7.6399599, 45.0882043 ], [ 7.6412666, 45.0882481 ], [ 7.6412321, 45.0885219 ], [ 7.6416143, 45.088537 ], [ 7.6418436, 45.0884887 ], [ 7.6417181, 45.0882179 ], [ 7.6421138, 45.0881938 ], [ 7.6428473, 45.0882705 ], [ 7.644533, 45.0887191 ], [ 7.6452692, 45.0891244 ], [ 7.6347039, 45.0926757 ], [ 7.6337806, 45.0927558 ], [ 7.6325057, 45.0931631 ], [ 7.6322378, 45.0930157 ], [ 7.6296226, 45.0885768 ], [ 7.6288164, 45.0880276 ] ] ] ] } },
{ "type": "Feature", "properties": { "name": "Parco Vittime del rogo del 6/12/2007 Thyssenkrupp" }, "geometry": { "type": "Polygon", "coordinates": [ [ [ 7.6288164, 45.0880276 ], [ 7.6295975, 45.0870122 ], [ 7.6302886, 45.0863867 ], [ 7.631452, 45.0857909 ], [ 7.632376, 45.0860738 ], [ 7.63273, 45.0863617 ], [ 7.633245, 45.0872252 ], [ 7.6337249, 45.0877012 ], [ 7.6349493, 45.0881966 ], [ 7.6366766, 45.088439 ], [ 7.6399599, 45.0882043 ], [ 7.6412666, 45.0882481 ], [ 7.6412321, 45.0885219 ], [ 7.6416143, 45.088537 ], [ 7.6418436, 45.0884887 ], [ 7.6417181, 45.0882179 ], [ 7.6421138, 45.0881938 ], [ 7.6428473, 45.0882705 ], [ 7.644533, 45.0887191 ], [ 7.6452692, 45.0891244 ], [ 7.6347039, 45.0926757 ], [ 7.6337806, 45.0927558 ], [ 7.6325057, 45.0931631 ], [ 7.6322378, 45.0930157 ], [ 7.6296226, 45.0885768 ], [ 7.6288164, 45.0880276 ] ] ] } },
{ "type": "Feature", "properties": { }, "geometry": { "type": "Polygon", "coordinates": [ [ [ 7.7112093, 45.0911014 ], [ 7.7111025, 45.0907053 ], [ 7.7115879, 45.0906891 ], [ 7.7112093, 45.0911014 ] ] ] } },
{ "type": "Feature", "properties": { }, "geometry": { "type": "Polygon", "coordinates": [ [ [ 7.671201, 45.0311816 ], [ 7.6726518, 45.0308314 ], [ 7.6725149, 45.0305007 ], [ 7.6727788, 45.0304586 ], [ 7.6732828, 45.0309078 ], [ 7.6722516, 45.0319052 ], [ 7.6719738, 45.0312014 ], [ 7.6712799, 45.0313544 ], [ 7.671201, 45.0311816 ] ] ] } },
{ "type": "Feature", "properties": { "name": "Giardino Pietro Vannucci (detto Il Perugino)" }, "geometry": { "type": "Polygon", "coordinates": [ [ [ 7.6606447, 45.1086017 ], [ 7.6608628, 45.1083682 ], [ 7.6611427, 45.1084981 ], [ 7.6613905, 45.1082456 ], [ 7.6616827, 45.1083187 ], [ 7.6613617, 45.108938 ], [ 7.6606447, 45.1086017 ] ] ] } },
{ "type": "Feature", "properties": { "name": "Giardino Augusto Daolio" }, "geometry": { "type": "Polygon", "coordinates": [ [ [ 7.6631237, 45.0997419 ], [ 7.6633276, 45.0997003 ], [ 7.6636602, 45.1002304 ], [ 7.6631291, 45.1003932 ], [ 7.6631237, 45.0997419 ] ] ] } },
{ "type": "Feature", "properties": { }, "geometry": { "type": "Polygon", "coordinates": [ [ [ 7.6625256, 45.0996529 ], [ 7.6627858, 45.0995658 ], [ 7.6630191, 45.0997968 ], [ 7.6630272, 45.1001698 ], [ 7.6629092, 45.1001868 ], [ 7.6625256, 45.0996529 ] ] ] } },
{ "type": "Feature", "properties": { "name": "Giardino \"Operaie della Fabbrica Superga\"" }, "geometry": { "type": "Polygon", "coordinates": [ [ [ 7.6683971, 45.0963786 ], [ 7.668499, 45.0961552 ], [ 7.669545, 45.096087 ], [ 7.6698186, 45.0957917 ], [ 7.6706233, 45.0959015 ], [ 7.6708164, 45.0964089 ], [ 7.6698562, 45.0965036 ], [ 7.6699259, 45.0967762 ], [ 7.6697221, 45.0967952 ], [ 7.6696631, 45.0965301 ], [ 7.6687136, 45.0966399 ], [ 7.6687833, 45.0968936 ], [ 7.6685312, 45.0969239 ], [ 7.6683971, 45.0963786 ] ] ] } },
{ "type": "Feature", "properties": { "name": "Aiuola Natalia Levi Ginzburg" }, "geometry": { "type": "Polygon", "coordinates": [ [ [ 7.6778864, 45.0542245 ], [ 7.6783783, 45.0541382 ], [ 7.6784597, 45.0543395 ], [ 7.677966, 45.054432 ], [ 7.6778864, 45.0542245 ] ] ] } },
{ "type": "Feature", "properties": { "name": "Giardino Marisa Bellisario" }, "geometry": { "type": "Polygon", "coordinates": [ [ [ 7.6460174, 45.1091532 ], [ 7.646336, 45.1088485 ], [ 7.6467536, 45.1088435 ], [ 7.646789, 45.1095129 ], [ 7.6463714, 45.1095229 ], [ 7.6460245, 45.1093131 ], [ 7.6460174, 45.1091532 ] ] ] } },
{ "type": "Feature", "properties": { "name": "Giardino Caduti del Bombardamento di Madonna di Campagna 8/12/1942" }, "geometry": { "type": "Polygon", "coordinates": [ [ [ 7.6698908, 45.103038 ], [ 7.6704331, 45.1022768 ], [ 7.6705409, 45.1023073 ], [ 7.6702143, 45.1030967 ], [ 7.6698908, 45.103038 ] ] ] } },
{ "type": "Feature", "properties": { "name": "Giardino Carmelo Gamuzza" }, "geometry": { "type": "Polygon", "coordinates": [ [ [ 7.659318, 45.1019664 ], [ 7.6600455, 45.1017005 ], [ 7.6605043, 45.1023258 ], [ 7.6597768, 45.1025917 ], [ 7.659318, 45.1019664 ] ] ] } },
{ "type": "Feature", "properties": { "name": "Aiuola Giorgio Munteanu" }, "geometry": { "type": "Polygon", "coordinates": [ [ [ 7.6742689, 45.0958302 ], [ 7.674852, 45.0956509 ], [ 7.6750035, 45.0957022 ], [ 7.6749445, 45.0958707 ], [ 7.6742689, 45.0958302 ] ] ] } },
{ "type": "Feature", "properties": { }, "geometry": { "type": "Polygon", "coordinates": [ [ [ 7.6309299, 45.0755805 ], [ 7.6312852, 45.0755914 ], [ 7.6313737, 45.0760536 ], [ 7.6310212, 45.0760863 ], [ 7.6309299, 45.0755805 ] ] ] } },
{ "type": "Feature", "properties": { "name": "Giardino Maria Vanoli" }, "geometry": { "type": "Polygon", "coordinates": [ [ [ 7.6556402, 45.1188593 ], [ 7.6557712, 45.1186096 ], [ 7.6564224, 45.1187744 ], [ 7.6562844, 45.1190042 ], [ 7.6556402, 45.1188593 ] ] ] } },
{ "type": "Feature", "properties": { "name": "Giardino Donne dell'Assemblea Costituente" }, "geometry": { "type": "Polygon", "coordinates": [ [ [ 7.6238853, 45.0163743 ], [ 7.6266311, 45.01554 ], [ 7.6268554, 45.0157601 ], [ 7.6264487, 45.0158778 ], [ 7.6264672, 45.0162001 ], [ 7.6263747, 45.0160128 ], [ 7.6260112, 45.0161261 ], [ 7.6261837, 45.016431 ], [ 7.6259372, 45.0164963 ], [ 7.6257955, 45.016248 ], [ 7.6249507, 45.0164745 ], [ 7.6251206, 45.0168147 ], [ 7.6239385, 45.01714 ], [ 7.6238853, 45.0163743 ] ] ] } },
{ "type": "Feature", "properties": { "name": "Parco Stura Nord" }, "geometry": { "type": "Polygon", "coordinates": [ [ [ 7.699053, 45.1143633 ], [ 7.7018693, 45.1137198 ], [ 7.7035993, 45.1130894 ], [ 7.7062547, 45.1117928 ], [ 7.70643, 45.1120457 ], [ 7.7062368, 45.1123675 ], [ 7.7063012, 45.1125568 ], [ 7.7061349, 45.1128218 ], [ 7.7060489, 45.113561 ], [ 7.7048904, 45.1134615 ], [ 7.7048421, 45.1143701 ], [ 7.7044719, 45.1145291 ], [ 7.7042091, 45.1143701 ], [ 7.7040696, 45.1139461 ], [ 7.7034681, 45.1141299 ], [ 7.7033637, 45.113946 ], [ 7.7014164, 45.1144264 ], [ 7.7013249, 45.1142814 ], [ 7.7011026, 45.1143496 ], [ 7.7012587, 45.114601 ], [ 7.7014698, 45.1145607 ], [ 7.7016154, 45.1149933 ], [ 7.7006811, 45.1146115 ], [ 7.7000979, 45.1146847 ], [ 7.6998317, 45.1150061 ], [ 7.7001697, 45.1151272 ], [ 7.6999068, 45.1154414 ], [ 7.6993006, 45.1149796 ], [ 7.699053, 45.1143633 ] ] ] } },
{ "type": "Feature", "properties": { }, "geometry": { "type": "Polygon", "coordinates": [ [ [ 7.7062154, 45.1137341 ], [ 7.70643, 45.1127385 ], [ 7.7069879, 45.1128104 ], [ 7.7074116, 45.1135145 ], [ 7.707127, 45.1135724 ], [ 7.7070371, 45.1134231 ], [ 7.7064247, 45.1135301 ], [ 7.7064022, 45.113705 ], [ 7.7062154, 45.1137341 ] ] ] } },
{ "type": "Feature", "properties": { "name": "Parco Botanico-Didattico Agostino Vanzetti" }, "geometry": { "type": "Polygon", "coordinates": [ [ [ 7.5344579, 45.0031589 ], [ 7.5357296, 45.0027892 ], [ 7.5361004, 45.003386 ], [ 7.5354954, 45.0035612 ], [ 7.5356167, 45.0037535 ], [ 7.5350687, 45.0038067 ], [ 7.5351147, 45.0038895 ], [ 7.5348846, 45.0039428 ], [ 7.5344579, 45.0031589 ] ] ] } },
{ "type": "Feature", "properties": { }, "geometry": { "type": "Polygon", "coordinates": [ [ [ 7.5032152, 45.0763886 ], [ 7.5035991, 45.0763559 ], [ 7.5036703, 45.0767322 ], [ 7.5032947, 45.0768292 ], [ 7.5032152, 45.0763886 ] ] ] } },
{ "type": "Feature", "properties": { }, "geometry": { "type": "Polygon", "coordinates": [ [ [ 7.7519437, 45.1320263 ], [ 7.7523882, 45.131576 ], [ 7.7525384, 45.13161 ], [ 7.7524092, 45.1317637 ], [ 7.7528288, 45.1318858 ], [ 7.7526843, 45.1321599 ], [ 7.7521814, 45.1325047 ], [ 7.7519437, 45.1320263 ] ] ] } },
{ "type": "Feature", "properties": { "name": "Oasi della Speranza" }, "geometry": { "type": "Polygon", "coordinates": [ [ [ 7.7509689, 45.1332788 ], [ 7.7510898, 45.1332457 ], [ 7.7518449, 45.1320204 ], [ 7.7521814, 45.1325047 ], [ 7.7526843, 45.1321599 ], [ 7.751767, 45.133703 ], [ 7.7512244, 45.1335383 ], [ 7.7509689, 45.1332788 ] ] ] } },
{ "type": "Feature", "properties": { }, "geometry": { "type": "Polygon", "coordinates": [ [ [ 7.7597112, 45.1374533 ], [ 7.7599145, 45.1371754 ], [ 7.7602479, 45.1372873 ], [ 7.7600406, 45.1374546 ], [ 7.7597112, 45.1374533 ] ] ] } },
{ "type": "Feature", "properties": { "name": "Piazza degli Alpini" }, "geometry": { "type": "Polygon", "coordinates": [ [ [ 7.768099, 45.1390799 ], [ 7.7688322, 45.1385594 ], [ 7.7688743, 45.1387109 ], [ 7.7687178, 45.1387521 ], [ 7.7687715, 45.1390107 ], [ 7.7690634, 45.1390815 ], [ 7.7689396, 45.1392215 ], [ 7.7685614, 45.1392298 ], [ 7.768099, 45.1390799 ] ] ] } },
{ "type": "Feature", "properties": { }, "geometry": { "type": "Polygon", "coordinates": [ [ [ 7.7592513, 45.1381843 ], [ 7.760114, 45.1380712 ], [ 7.7601671, 45.1383296 ], [ 7.7593187, 45.1384532 ], [ 7.7592513, 45.1381843 ] ] ] } },
{ "type": "Feature", "properties": { }, "geometry": { "type": "Polygon", "coordinates": [ [ [ 7.5236289, 45.0248415 ], [ 7.5240185, 45.0248308 ], [ 7.5240362, 45.0254834 ], [ 7.5236593, 45.0254923 ], [ 7.5236289, 45.0248415 ] ] ] } },
{ "type": "Feature", "properties": { }, "geometry": { "type": "Polygon", "coordinates": [ [ [ 7.5022775, 45.0023571 ], [ 7.503002, 45.001937 ], [ 7.5038077, 45.0026521 ], [ 7.5031498, 45.0030271 ], [ 7.5022775, 45.0023571 ] ] ] } },
{ "type": "Feature", "properties": { }, "geometry": { "type": "Polygon", "coordinates": [ [ [ 7.6232922, 45.0498349 ], [ 7.6235483, 45.049827 ], [ 7.6235801, 45.0503406 ], [ 7.623324, 45.0503485 ], [ 7.6232922, 45.0498349 ] ] ] } },
{ "type": "Feature", "properties": { "name": "Giardino dell'amicizia Collegno - Antony" }, "geometry": { "type": "Polygon", "coordinates": [ [ [ 7.5996018, 45.07482 ], [ 7.600384, 45.0747311 ], [ 7.6006222, 45.0755247 ], [ 7.599876, 45.0756549 ], [ 7.5996018, 45.07482 ] ] ] } },
{ "type": "Feature", "properties": { "name": "Giardini Villa Grazia" }, "geometry": { "type": "Polygon", "coordinates": [ [ [ 7.7719518, 45.0431018 ], [ 7.7723057, 45.042916 ], [ 7.7725342, 45.0430987 ], [ 7.7723353, 45.04305 ], [ 7.7721469, 45.0432106 ], [ 7.772202, 45.0433075 ], [ 7.7719518, 45.0431018 ] ] ] } },
{ "type": "Feature", "properties": { }, "geometry": { "type": "Polygon", "coordinates": [ [ [ 7.6110526, 45.0208096 ], [ 7.6121547, 45.0204043 ], [ 7.6122387, 45.0205279 ], [ 7.6111372, 45.0209322 ], [ 7.6110526, 45.0208096 ] ] ] } },
{ "type": "Feature", "properties": { }, "geometry": { "type": "Polygon", "coordinates": [ [ [ 7.7036852, 45.0676795 ], [ 7.7037749, 45.0676559 ], [ 7.704829, 45.0679609 ], [ 7.7047248, 45.0680298 ], [ 7.7036852, 45.0676795 ] ] ] } },
{ "type": "Feature", "properties": { }, "geometry": { "type": "Polygon", "coordinates": [ [ [ 7.706067, 45.0682906 ], [ 7.7061687, 45.0682379 ], [ 7.7074703, 45.0686025 ], [ 7.7074327, 45.068684 ], [ 7.706067, 45.0682906 ] ] ] } },
{ "type": "Feature", "properties": { }, "geometry": { "type": "Polygon", "coordinates": [ [ [ 7.704873, 45.0679655 ], [ 7.7048853, 45.0678788 ], [ 7.7061687, 45.0682379 ], [ 7.706067, 45.0682906 ], [ 7.704873, 45.0679655 ] ] ] } },
{ "type": "Feature", "properties": { }, "geometry": { "type": "Polygon", "coordinates": [ [ [ 7.7025373, 45.06722 ], [ 7.7027218, 45.0671572 ], [ 7.70426, 45.0676704 ], [ 7.7042605, 45.0677885 ], [ 7.7025373, 45.06722 ] ] ] } },
{ "type": "Feature", "properties": { }, "geometry": { "type": "Polygon", "coordinates": [ [ [ 7.7010538, 45.0666254 ], [ 7.7012096, 45.0665312 ], [ 7.7027218, 45.0671572 ], [ 7.7025373, 45.06722 ], [ 7.7010538, 45.0666254 ] ] ] } },
{ "type": "Feature", "properties": { }, "geometry": { "type": "Polygon", "coordinates": [ [ [ 7.6990045, 45.0658042 ], [ 7.6991735, 45.0656571 ], [ 7.6991311, 45.0655364 ], [ 7.7012096, 45.0665312 ], [ 7.7010538, 45.0666254 ], [ 7.6993907, 45.0658167 ], [ 7.6991646, 45.0659327 ], [ 7.6990045, 45.0658042 ] ] ] } },
{ "type": "Feature", "properties": { }, "geometry": { "type": "Polygon", "coordinates": [ [ [ 7.6991646, 45.0659327 ], [ 7.6993907, 45.0658167 ], [ 7.7009951, 45.0665969 ], [ 7.700732, 45.0667698 ], [ 7.6996999, 45.0660792 ], [ 7.6991646, 45.0659327 ] ] ] } },
{ "type": "Feature", "properties": { "name": "Lungo Dora" }, "geometry": { "type": "Polygon", "coordinates": [ [ [ 7.7104582, 45.0746433 ], [ 7.7105414, 45.0744765 ], [ 7.7134945, 45.0733193 ], [ 7.7143484, 45.0733052 ], [ 7.715251, 45.0734949 ], [ 7.7155316, 45.0736725 ], [ 7.7177466, 45.0754266 ], [ 7.7176805, 45.0754912 ], [ 7.7178534, 45.0756768 ], [ 7.7161122, 45.0742606 ], [ 7.7151352, 45.0736363 ], [ 7.714505, 45.0734707 ], [ 7.7135311, 45.0735594 ], [ 7.7104582, 45.0746433 ] ] ] } },
{ "type": "Feature", "properties": { }, "geometry": { "type": "Polygon", "coordinates": [ [ [ 7.6557305, 45.0252243 ], [ 7.656059, 45.0238465 ], [ 7.6559571, 45.0251404 ], [ 7.6557305, 45.0252243 ] ] ] } },
{ "type": "Feature", "properties": { }, "geometry": { "type": "Polygon", "coordinates": [ [ [ 7.7084381, 45.0739673 ], [ 7.7088744, 45.073688 ], [ 7.7090732, 45.0738428 ], [ 7.7089653, 45.0739119 ], [ 7.70881, 45.0737909 ], [ 7.7084381, 45.0739673 ] ] ] } },
{ "type": "Feature", "properties": { }, "geometry": { "type": "Polygon", "coordinates": [ [ [ 7.6983161, 45.0733136 ], [ 7.6983767, 45.0732303 ], [ 7.699409, 45.0735857 ], [ 7.6988308, 45.0735527 ], [ 7.6983161, 45.0733136 ] ] ] } },
{ "type": "Feature", "properties": { "name": "Camminata Lungo Dora" }, "geometry": { "type": "Polygon", "coordinates": [ [ [ 7.7049472, 45.0752639 ], [ 7.7051121, 45.0751179 ], [ 7.7078067, 45.0750001 ], [ 7.7101692, 45.0745778 ], [ 7.7103361, 45.0746931 ], [ 7.7072825, 45.0752366 ], [ 7.7049472, 45.0752639 ] ] ] } },
{ "type": "Feature", "properties": { "name": "Giardini Il Faro" }, "geometry": { "type": "Polygon", "coordinates": [ [ [ 7.7100693, 45.0733695 ], [ 7.7101375, 45.073159 ], [ 7.7109502, 45.0732863 ], [ 7.7110141, 45.0730867 ], [ 7.7117645, 45.0732129 ], [ 7.711874, 45.0728855 ], [ 7.7123734, 45.0729715 ], [ 7.7120913, 45.0737697 ], [ 7.7100693, 45.0733695 ] ] ] } },
{ "type": "Feature", "properties": { }, "geometry": { "type": "Polygon", "coordinates": [ [ [ 7.7054459, 45.0719247 ], [ 7.7066251, 45.0720271 ], [ 7.70674, 45.0723438 ], [ 7.7066702, 45.0724467 ], [ 7.7065068, 45.0724094 ], [ 7.7054459, 45.0719247 ] ] ] } },
{ "type": "Feature", "properties": { }, "geometry": { "type": "Polygon", "coordinates": [ [ [ 7.7051555, 45.0722797 ], [ 7.7053484, 45.0720352 ], [ 7.7057936, 45.0722385 ], [ 7.7055788, 45.0724731 ], [ 7.7051555, 45.0722797 ] ] ] } },
{ "type": "Feature", "properties": { }, "geometry": { "type": "Polygon", "coordinates": [ [ [ 7.705734, 45.072544 ], [ 7.7059482, 45.0723101 ], [ 7.70641, 45.072521 ], [ 7.706176, 45.0727459 ], [ 7.705734, 45.072544 ] ] ] } },
{ "type": "Feature", "properties": { }, "geometry": { "type": "Polygon", "coordinates": [ [ [ 7.7053627, 45.0718081 ], [ 7.705387, 45.0717577 ], [ 7.7066971, 45.0719895 ], [ 7.7053627, 45.0718081 ] ] ] } },
{ "type": "Feature", "properties": { }, "geometry": { "type": "Polygon", "coordinates": [ [ [ 7.7066875, 45.0719709 ], [ 7.7068176, 45.0720562 ], [ 7.7068151, 45.0722715 ], [ 7.7066875, 45.0719709 ] ] ] } },
{ "type": "Feature", "properties": { }, "geometry": { "type": "Polygon", "coordinates": [ [ [ 7.6993874, 45.0735887 ], [ 7.6995968, 45.0733492 ], [ 7.6998639, 45.073313 ], [ 7.7000963, 45.0733936 ], [ 7.7002204, 45.0736378 ], [ 7.7001144, 45.0738038 ], [ 7.6997676, 45.0738994 ], [ 7.6995341, 45.0738303 ], [ 7.6993874, 45.0735887 ] ] ] } },
{ "type": "Feature", "properties": { }, "geometry": { "type": "Polygon", "coordinates": [ [ [ 7.7093996, 45.0746098 ], [ 7.7095791, 45.0740675 ], [ 7.710011, 45.0744357 ], [ 7.7098939, 45.0745106 ], [ 7.7093996, 45.0746098 ] ] ] } },
{ "type": "Feature", "properties": { "name": "Parco della Rimembranza" }, "geometry": { "type": "Polygon", "coordinates": [ [ [ 7.7492589, 45.0171288 ], [ 7.7493669, 45.0169849 ], [ 7.7496439, 45.0171135 ], [ 7.7493685, 45.0171951 ], [ 7.7492589, 45.0171288 ] ] ] } },
{ "type": "Feature", "properties": { }, "geometry": { "type": "Polygon", "coordinates": [ [ [ 7.6583351, 44.9965211 ], [ 7.6595917, 44.9967454 ], [ 7.6595978, 44.9969342 ], [ 7.6592886, 44.9969427 ], [ 7.6592705, 44.9967723 ], [ 7.6583692, 44.9968263 ], [ 7.6583351, 44.9965211 ] ] ] } },
{ "type": "Feature", "properties": { }, "geometry": { "type": "Polygon", "coordinates": [ [ [ 7.7491012, 45.016496 ], [ 7.7493077, 45.0161269 ], [ 7.750324, 45.0163514 ], [ 7.750076, 45.0166534 ], [ 7.7502112, 45.0167206 ], [ 7.750025, 45.0168297 ], [ 7.7495715, 45.016563 ], [ 7.7491012, 45.016496 ] ] ] } },
{ "type": "Feature", "properties": { }, "geometry": { "type": "Polygon", "coordinates": [ [ [ 7.7487608, 45.0166624 ], [ 7.7490697, 45.0161506 ], [ 7.7495777, 45.016041 ], [ 7.7495408, 45.0161453 ], [ 7.7493077, 45.0161269 ], [ 7.7491012, 45.016496 ], [ 7.7493335, 45.016524 ], [ 7.7491259, 45.0167466 ], [ 7.7487608, 45.0166624 ] ] ] } },
{ "type": "Feature", "properties": { }, "geometry": { "type": "Polygon", "coordinates": [ [ [ 7.7653776, 45.01569 ], [ 7.7653796, 45.0150111 ], [ 7.7655619, 45.0150231 ], [ 7.7655559, 45.0155711 ], [ 7.7660682, 45.0156507 ], [ 7.7660843, 45.016885 ], [ 7.76551, 45.0168984 ], [ 7.7656468, 45.0166045 ], [ 7.7660199, 45.0165267 ], [ 7.7658122, 45.0159835 ], [ 7.76567, 45.0160035 ], [ 7.7655307, 45.0156879 ], [ 7.7653776, 45.01569 ] ] ] } },
{ "type": "Feature", "properties": { }, "geometry": { "type": "Polygon", "coordinates": [ [ [ 7.6367376, 44.994158 ], [ 7.637464, 44.9940156 ], [ 7.6376101, 44.9943729 ], [ 7.637847, 44.994331 ], [ 7.6381266, 44.9948991 ], [ 7.638376, 44.9948419 ], [ 7.6382852, 44.9946577 ], [ 7.6384233, 44.994627 ], [ 7.6380878, 44.9940519 ], [ 7.6384391, 44.9939402 ], [ 7.6388655, 44.9950569 ], [ 7.6370771, 44.9950206 ], [ 7.6367376, 44.994158 ] ] ] } },
{ "type": "Feature", "properties": { }, "geometry": { "type": "Polygon", "coordinates": [ [ [ 7.6488971, 45.0168542 ], [ 7.6490412, 45.0162495 ], [ 7.6493312, 45.016196 ], [ 7.6495289, 45.0165277 ], [ 7.6499834, 45.0164023 ], [ 7.6502219, 45.0168152 ], [ 7.6488971, 45.0168542 ] ] ] } },
{ "type": "Feature", "properties": { "name": "Parchetto Tonnato" }, "geometry": { "type": "Polygon", "coordinates": [ [ [ 7.5119186, 45.0639819 ], [ 7.512042, 45.0639819 ], [ 7.5120715, 45.064232 ], [ 7.5123397, 45.0642453 ], [ 7.5120367, 45.0643286 ], [ 7.5119186, 45.0639819 ] ] ] } },
{ "type": "Feature", "properties": { }, "geometry": { "type": "Polygon", "coordinates": [ [ [ 7.7223164, 45.0722797 ], [ 7.7225031, 45.0716992 ], [ 7.7227375, 45.071769 ], [ 7.7225153, 45.0723137 ], [ 7.7223164, 45.0722797 ] ] ] } },
{ "type": "Feature", "properties": { "name": "Giardino di Via Morazzone 15" }, "geometry": { "type": "Polygon", "coordinates": [ [ [ 7.7150934, 45.0670831 ], [ 7.7152983, 45.0670914 ], [ 7.7155778, 45.0667877 ], [ 7.7156358, 45.0669808 ], [ 7.7154867, 45.066954 ], [ 7.715218, 45.0674629 ], [ 7.7153384, 45.0671679 ], [ 7.7150934, 45.0670831 ] ] ] } },
{ "type": "Feature", "properties": { "name": "Cortile Dipartimento di Fisica" }, "geometry": { "type": "Polygon", "coordinates": [ [ [ 7.6818167, 45.0516684 ], [ 7.6819776, 45.0516532 ], [ 7.6823428, 45.0521814 ], [ 7.6822332, 45.0522349 ], [ 7.6820712, 45.0520817 ], [ 7.6818167, 45.0516684 ] ] ] } },
{ "type": "Feature", "properties": { }, "geometry": { "type": "Polygon", "coordinates": [ [ [ 7.8188461, 45.0152394 ], [ 7.819257, 45.0149863 ], [ 7.8194434, 45.0149969 ], [ 7.8192244, 45.0152331 ], [ 7.8191501, 45.0151362 ], [ 7.8188461, 45.0152394 ] ] ] } },
{ "type": "Feature", "properties": { }, "geometry": { "type": "Polygon", "coordinates": [ [ [ 7.81882, 45.0152216 ], [ 7.8188177, 45.0151656 ], [ 7.8188571, 45.0151963 ], [ 7.81882, 45.0152216 ] ] ] } },
{ "type": "Feature", "properties": { }, "geometry": { "type": "Polygon", "coordinates": [ [ [ 7.8188794, 45.0151764 ], [ 7.8191126, 45.0149697 ], [ 7.8193853, 45.0149218 ], [ 7.8188794, 45.0151764 ] ] ] } },
{ "type": "Feature", "properties": { }, "geometry": { "type": "Polygon", "coordinates": [ [ [ 7.6344237, 45.0770737 ], [ 7.6349278, 45.0770032 ], [ 7.6349728, 45.0771634 ], [ 7.6344687, 45.0772339 ], [ 7.6344237, 45.0770737 ] ] ] } },
{ "type": "Feature", "properties": { "name": "Giardino comunale" }, "geometry": { "type": "Polygon", "coordinates": [ [ [ 7.722672, 44.9936137 ], [ 7.7236188, 44.9934648 ], [ 7.723773, 44.9937635 ], [ 7.7227592, 44.9939086 ], [ 7.722672, 44.9936137 ] ] ] } },
{ "type": "Feature", "properties": { "name": "Giardino dei colori" }, "geometry": { "type": "Polygon", "coordinates": [ [ [ 7.6261708, 45.0816746 ], [ 7.6264966, 45.0815657 ], [ 7.6266607, 45.0818047 ], [ 7.6269263, 45.0817139 ], [ 7.6273439, 45.0823385 ], [ 7.6266327, 45.0823942 ], [ 7.6268584, 45.0823278 ], [ 7.6266371, 45.081961 ], [ 7.6264022, 45.0820339 ], [ 7.6261708, 45.0816746 ] ] ] } },
{ "type": "Feature", "properties": { "name": "Parchetto Pencer" }, "geometry": { "type": "Polygon", "coordinates": [ [ [ 7.5694081, 45.0643613 ], [ 7.5698143, 45.0641957 ], [ 7.569862, 45.0644157 ], [ 7.5694692, 45.0644513 ], [ 7.5694081, 45.0643613 ] ] ] } },
{ "type": "Feature", "properties": { }, "geometry": { "type": "Polygon", "coordinates": [ [ [ 7.818902, 45.0152991 ], [ 7.8191501, 45.0151362 ], [ 7.8193421, 45.0154609 ], [ 7.8196868, 45.0153194 ], [ 7.8198266, 45.0155021 ], [ 7.8196213, 45.0157735 ], [ 7.819415, 45.0157976 ], [ 7.818902, 45.0152991 ] ] ] } },
{ "type": "Feature", "properties": { }, "geometry": { "type": "Polygon", "coordinates": [ [ [ 7.8196656, 45.0157585 ], [ 7.8198567, 45.0155158 ], [ 7.820108, 45.0157035 ], [ 7.8196656, 45.0157585 ] ] ] } },
{ "type": "Feature", "properties": { }, "geometry": { "type": "Polygon", "coordinates": [ [ [ 7.8194498, 45.0158588 ], [ 7.8195789, 45.0158436 ], [ 7.8197028, 45.0162036 ], [ 7.8199618, 45.0164314 ], [ 7.8197862, 45.0164738 ], [ 7.8194498, 45.0158588 ] ] ] } },
{ "type": "Feature", "properties": { }, "geometry": { "type": "Polygon", "coordinates": [ [ [ 7.701322, 45.0710144 ], [ 7.7016196, 45.0709145 ], [ 7.7026151, 45.0713395 ], [ 7.7024407, 45.0714236 ], [ 7.701322, 45.0710144 ] ] ] } },
{ "type": "Feature", "properties": { }, "geometry": { "type": "Polygon", "coordinates": [ [ [ 7.6493879, 45.072414 ], [ 7.6506299, 45.0723946 ], [ 7.650652, 45.0724802 ], [ 7.650977, 45.0723562 ], [ 7.6511577, 45.0724504 ], [ 7.6495847, 45.0729809 ], [ 7.6494644, 45.0729209 ], [ 7.6493879, 45.072414 ] ] ] } },
{ "type": "Feature", "properties": { }, "geometry": { "type": "Polygon", "coordinates": [ [ [ 7.6305167, 44.9948749 ], [ 7.6314594, 44.9927038 ], [ 7.6315021, 44.992935 ], [ 7.6310615, 44.9941378 ], [ 7.631874, 44.9941764 ], [ 7.6319627, 44.9935728 ], [ 7.632565, 44.9949028 ], [ 7.6318334, 44.9948872 ], [ 7.6318546, 44.995172 ], [ 7.6327302, 44.9952584 ], [ 7.6324833, 44.995262 ], [ 7.6322975, 44.9954204 ], [ 7.6322542, 44.9960701 ], [ 7.6325418, 44.9963005 ], [ 7.6325444, 44.9967918 ], [ 7.6317681, 44.996754 ], [ 7.6317732, 44.996889 ], [ 7.6326411, 44.996871 ], [ 7.6328803, 44.9970654 ], [ 7.63286, 44.9975225 ], [ 7.6331985, 44.9978357 ], [ 7.6331858, 44.9980355 ], [ 7.6325469, 44.9979977 ], [ 7.6325367, 44.998363 ], [ 7.6323688, 44.9980247 ], [ 7.6319361, 44.9982784 ], [ 7.6321575, 44.9986492 ], [ 7.6328133, 44.9985923 ], [ 7.6322886, 44.9987334 ], [ 7.6316863, 44.9985636 ], [ 7.6305167, 44.9948749 ] ] ] } },
{ "type": "Feature", "properties": { }, "geometry": { "type": "Polygon", "coordinates": [ [ [ 7.7179032, 45.1858893 ], [ 7.7179385, 45.1855525 ], [ 7.7180518, 45.1858843 ], [ 7.7179032, 45.1858893 ] ] ] } },
{ "type": "Feature", "properties": { "name": "Don Rinaldo Trappo" }, "geometry": { "type": "Polygon", "coordinates": [ [ [ 7.7141941, 45.1803835 ], [ 7.7142368, 45.1800034 ], [ 7.7148834, 45.1798674 ], [ 7.7149236, 45.1799751 ], [ 7.7141941, 45.1803835 ] ] ] } },
{ "type": "Feature", "properties": { "name": "Grande Torino" }, "geometry": { "type": "Polygon", "coordinates": [ [ [ 7.7101681, 45.1768908 ], [ 7.7104689, 45.1761223 ], [ 7.7116549, 45.17625 ], [ 7.7116205, 45.1765255 ], [ 7.7113239, 45.1764989 ], [ 7.7112331, 45.1771561 ], [ 7.7101681, 45.1768908 ] ] ] } },
{ "type": "Feature", "properties": { }, "geometry": { "type": "Polygon", "coordinates": [ [ [ 7.6450357, 45.1750956 ], [ 7.6450923, 45.1747363 ], [ 7.6455878, 45.1745617 ], [ 7.6464868, 45.1745866 ], [ 7.6459418, 45.1751555 ], [ 7.6450357, 45.1750956 ] ] ] } },
{ "type": "Feature", "properties": { }, "geometry": { "type": "Polygon", "coordinates": [ [ [ 7.7127535, 45.1805483 ], [ 7.7127615, 45.1803212 ], [ 7.7131121, 45.1802439 ], [ 7.7131032, 45.1805582 ], [ 7.7127535, 45.1805483 ] ] ] } },
{ "type": "Feature", "properties": { "name": "Parco L'Eliana" }, "geometry": { "type": "Polygon", "coordinates": [ [ [ 7.752408, 45.0992257 ], [ 7.7525561, 45.0989397 ], [ 7.7605115, 45.1010146 ], [ 7.761106, 45.1013943 ], [ 7.7614497, 45.1018358 ], [ 7.7618871, 45.1025551 ], [ 7.762007, 45.1030447 ], [ 7.7613258, 45.1031824 ], [ 7.7615066, 45.1029761 ], [ 7.7614418, 45.1028503 ], [ 7.7613438, 45.1027482 ], [ 7.7611322, 45.1028137 ], [ 7.7609164, 45.1026162 ], [ 7.7601332, 45.1013026 ], [ 7.7597775, 45.1011209 ], [ 7.7592802, 45.1009577 ], [ 7.7587913, 45.1011118 ], [ 7.7582215, 45.1011084 ], [ 7.7571727, 45.1003364 ], [ 7.7551321, 45.0999349 ], [ 7.7532717, 45.0998366 ], [ 7.7528502, 45.0999531 ], [ 7.752408, 45.0992257 ] ] ] } },
{ "type": "Feature", "properties": { }, "geometry": { "type": "Polygon", "coordinates": [ [ [ 7.7148859, 45.1841402 ], [ 7.7150673, 45.1841365 ], [ 7.7151001, 45.1842379 ], [ 7.7149229, 45.1842651 ], [ 7.7148859, 45.1841402 ] ] ] } },
{ "type": "Feature", "properties": { }, "geometry": { "type": "Polygon", "coordinates": [ [ [ 7.7185086, 45.1846007 ], [ 7.7185928, 45.1845917 ], [ 7.7186796, 45.18485 ], [ 7.718574, 45.1848597 ], [ 7.7185086, 45.1846007 ] ] ] } },
{ "type": "Feature", "properties": { "name": "Parco San Valentino" }, "geometry": { "type": "Polygon", "coordinates": [ [ [ 7.7155243, 45.1815442 ], [ 7.7162726, 45.181349 ], [ 7.7160224, 45.180567 ], [ 7.7166958, 45.1803721 ], [ 7.7168283, 45.1813029 ], [ 7.7164734, 45.1813259 ], [ 7.7165295, 45.1816847 ], [ 7.7162587, 45.1817111 ], [ 7.7162626, 45.1814603 ], [ 7.7155243, 45.1815442 ] ] ] } },
{ "type": "Feature", "properties": { }, "geometry": { "type": "Polygon", "coordinates": [ [ [ 7.7151712, 45.1838557 ], [ 7.7151996, 45.1837664 ], [ 7.7152218, 45.1838489 ], [ 7.7151712, 45.1838557 ] ] ] } },
{ "type": "Feature", "properties": { }, "geometry": { "type": "Polygon", "coordinates": [ [ [ 7.7022327, 45.0691011 ], [ 7.7024198, 45.0689893 ], [ 7.702747, 45.0692436 ], [ 7.7028455, 45.0691776 ], [ 7.702997, 45.069288 ], [ 7.7028918, 45.069366 ], [ 7.7031839, 45.0695963 ], [ 7.7029441, 45.0696023 ], [ 7.7022327, 45.0691011 ] ] ] } },
{ "type": "Feature", "properties": { }, "geometry": { "type": "Polygon", "coordinates": [ [ [ 7.7006881, 45.0686104 ], [ 7.7008169, 45.0685308 ], [ 7.7009895, 45.0686549 ], [ 7.700841, 45.0687316 ], [ 7.7006881, 45.0686104 ] ] ] } },
{ "type": "Feature", "properties": { }, "geometry": { "type": "Polygon", "coordinates": [ [ [ 7.7046389, 45.0693095 ], [ 7.7047827, 45.0689729 ], [ 7.7053168, 45.0691386 ], [ 7.7047224, 45.0693203 ], [ 7.7046389, 45.0693095 ] ] ] } },
{ "type": "Feature", "properties": { }, "geometry": { "type": "Polygon", "coordinates": [ [ [ 7.7031131, 45.0683542 ], [ 7.7035176, 45.0681212 ], [ 7.7036509, 45.0682301 ], [ 7.7032762, 45.0684796 ], [ 7.7031131, 45.0683542 ] ] ] } },
{ "type": "Feature", "properties": { }, "geometry": { "type": "Polygon", "coordinates": [ [ [ 7.7006314, 45.0670006 ], [ 7.7011353, 45.0666933 ], [ 7.701694, 45.0669294 ], [ 7.7014177, 45.067392 ], [ 7.7012603, 45.0672755 ], [ 7.7011079, 45.0673841 ], [ 7.7006314, 45.0670006 ] ] ] } },
{ "type": "Feature", "properties": { }, "geometry": { "type": "Polygon", "coordinates": [ [ [ 7.7026708, 45.0676677 ], [ 7.7028765, 45.0673791 ], [ 7.7031383, 45.067468 ], [ 7.7029388, 45.067752 ], [ 7.7026708, 45.0676677 ] ] ] } },
{ "type": "Feature", "properties": { }, "geometry": { "type": "Polygon", "coordinates": [ [ [ 7.7024493, 45.0682078 ], [ 7.7029966, 45.0678571 ], [ 7.70306, 45.0679042 ], [ 7.7025116, 45.0682634 ], [ 7.7024493, 45.0682078 ] ] ] } },
{ "type": "Feature", "properties": { }, "geometry": { "type": "Polygon", "coordinates": [ [ [ 7.6986143, 45.0710758 ], [ 7.6988392, 45.0709412 ], [ 7.6990452, 45.0710859 ], [ 7.6988966, 45.0711822 ], [ 7.6989325, 45.0713354 ], [ 7.6986143, 45.0710758 ] ] ] } },
{ "type": "Feature", "properties": { }, "geometry": { "type": "Polygon", "coordinates": [ [ [ 7.7090202, 45.0692034 ], [ 7.7090476, 45.0691109 ], [ 7.7093765, 45.069212 ], [ 7.7093552, 45.0692657 ], [ 7.7090202, 45.0692034 ] ] ] } },
{ "type": "Feature", "properties": { }, "geometry": { "type": "Polygon", "coordinates": [ [ [ 7.7126963, 45.0713883 ], [ 7.7129006, 45.0709988 ], [ 7.7136608, 45.0711962 ], [ 7.7135075, 45.0714737 ], [ 7.7134097, 45.0714473 ], [ 7.7134618, 45.0712597 ], [ 7.7131359, 45.07118 ], [ 7.7129681, 45.071464 ], [ 7.7126963, 45.0713883 ] ] ] } },
{ "type": "Feature", "properties": { }, "geometry": { "type": "Polygon", "coordinates": [ [ [ 7.6708915, 45.1009535 ], [ 7.6713265, 45.1003363 ], [ 7.6711786, 45.1002812 ], [ 7.6712965, 45.1001091 ], [ 7.671692, 45.1002451 ], [ 7.6710991, 45.1010591 ], [ 7.6708915, 45.1009535 ] ] ] } },
{ "type": "Feature", "properties": { }, "geometry": { "type": "Polygon", "coordinates": [ [ [ 7.6689103, 45.1004608 ], [ 7.6691151, 45.1001552 ], [ 7.6695674, 45.1002866 ], [ 7.6693969, 45.1005933 ], [ 7.6689103, 45.1004608 ] ] ] } },
{ "type": "Feature", "properties": { }, "geometry": { "type": "Polygon", "coordinates": [ [ [ 7.7018137, 45.0943139 ], [ 7.7022607, 45.0937906 ], [ 7.7023561, 45.0938315 ], [ 7.7019039, 45.0943532 ], [ 7.7018137, 45.0943139 ] ] ] } },
{ "type": "Feature", "properties": { "name": "Parco Lungo Po Machiavelli" }, "geometry": { "type": "Polygon", "coordinates": [ [ [ 7.696901, 45.0640673 ], [ 7.6990895, 45.0653969 ], [ 7.7014346, 45.0665205 ], [ 7.7036555, 45.0673465 ], [ 7.7078078, 45.0685998 ], [ 7.7077419, 45.0687056 ], [ 7.7074398, 45.0687141 ], [ 7.7042605, 45.0677885 ], [ 7.7011479, 45.0665682 ], [ 7.6980633, 45.0649204 ], [ 7.696901, 45.0640673 ] ] ] } },
{ "type": "Feature", "properties": { "name": "Parco Dora (area Valdocco nord A)" }, "geometry": { "type": "Polygon", "coordinates": [ [ [ 7.6701213, 45.0895224 ], [ 7.670283, 45.0894059 ], [ 7.6702863, 45.089181 ], [ 7.6707664, 45.0888983 ], [ 7.6708556, 45.0890657 ], [ 7.6736729, 45.0882849 ], [ 7.6745328, 45.0878249 ], [ 7.6746871, 45.088106 ], [ 7.6749881, 45.0880431 ], [ 7.6748099, 45.087616 ], [ 7.6750594, 45.0875196 ], [ 7.6752468, 45.0881238 ], [ 7.6739684, 45.0887761 ], [ 7.6704241, 45.0897518 ], [ 7.6701538, 45.08978 ], [ 7.6701213, 45.0895224 ] ] ] } },
{ "type": "Feature", "properties": { "name": "Giardino Centro Giovani Via Ada Negri" }, "geometry": { "type": "Polygon", "coordinates": [ [ [ 7.6433753, 45.0517354 ], [ 7.6438329, 45.0516051 ], [ 7.6437423, 45.0513727 ], [ 7.6438485, 45.0512642 ], [ 7.6443552, 45.0511615 ], [ 7.6446498, 45.0519903 ], [ 7.6435609, 45.0522065 ], [ 7.6433753, 45.0517354 ] ] ] } },
{ "type": "Feature", "properties": { }, "geometry": { "type": "Polygon", "coordinates": [ [ [ 7.6464168, 45.0521617 ], [ 7.6468846, 45.052034 ], [ 7.6468942, 45.0520632 ], [ 7.6464168, 45.0521617 ] ] ] } },
{ "type": "Feature", "properties": { }, "geometry": { "type": "Polygon", "coordinates": [ [ [ 7.6464984, 45.0528412 ], [ 7.6468942, 45.0527169 ], [ 7.6469074, 45.0527569 ], [ 7.6464984, 45.0528412 ] ] ] } },
{ "type": "Feature", "properties": { }, "geometry": { "type": "Polygon", "coordinates": [ [ [ 7.6922022, 45.080007 ], [ 7.6922848, 45.079823 ], [ 7.692563, 45.0799543 ], [ 7.6926054, 45.0800957 ], [ 7.6922022, 45.080007 ] ] ] } },
{ "type": "Feature", "properties": { }, "geometry": { "type": "Polygon", "coordinates": [ [ [ 7.692419, 45.0805617 ], [ 7.6926241, 45.0803211 ], [ 7.692569, 45.0808539 ], [ 7.692419, 45.0805617 ] ] ] } },
{ "type": "Feature", "properties": { }, "geometry": { "type": "Polygon", "coordinates": [ [ [ 7.6914424, 45.07952 ], [ 7.6910789, 45.0792686 ], [ 7.6917064, 45.079559 ], [ 7.6916373, 45.0797683 ], [ 7.6918394, 45.079608 ], [ 7.6917195, 45.0799029 ], [ 7.6914424, 45.07952 ] ] ] } },
{ "type": "Feature", "properties": { }, "geometry": { "type": "Polygon", "coordinates": [ [ [ 7.6910552, 45.0793407 ], [ 7.6911904, 45.0793901 ], [ 7.6912218, 45.0794566 ], [ 7.691124, 45.0794626 ], [ 7.6910552, 45.0793407 ] ] ] } },
{ "type": "Feature", "properties": { }, "geometry": { "type": "Polygon", "coordinates": [ [ [ 7.691275, 45.07957 ], [ 7.6912641, 45.0794856 ], [ 7.6913329, 45.0795547 ], [ 7.691275, 45.07957 ] ] ] } },
{ "type": "Feature", "properties": { }, "geometry": { "type": "Polygon", "coordinates": [ [ [ 7.6912303, 45.0800347 ], [ 7.691316, 45.0798702 ], [ 7.6914875, 45.0796928 ], [ 7.6915744, 45.079854 ], [ 7.6912303, 45.0800347 ] ] ] } },
{ "type": "Feature", "properties": { }, "geometry": { "type": "Polygon", "coordinates": [ [ [ 7.6913462, 45.0800936 ], [ 7.6913438, 45.0800023 ], [ 7.6914899, 45.0799751 ], [ 7.6913462, 45.0800936 ] ] ] } },
{ "type": "Feature", "properties": { }, "geometry": { "type": "Polygon", "coordinates": [ [ [ 7.6913365, 45.08012 ], [ 7.6914573, 45.080039 ], [ 7.6915599, 45.0800501 ], [ 7.6914573, 45.0801115 ], [ 7.6913365, 45.08012 ] ] ] } },
{ "type": "Feature", "properties": { }, "geometry": { "type": "Polygon", "coordinates": [ [ [ 7.6914187, 45.0803545 ], [ 7.6915044, 45.0802701 ], [ 7.6915032, 45.0803357 ], [ 7.6914187, 45.0803545 ] ] ] } },
{ "type": "Feature", "properties": { }, "geometry": { "type": "Polygon", "coordinates": [ [ [ 7.6909788, 45.0802235 ], [ 7.6911965, 45.0800697 ], [ 7.691031, 45.0802326 ], [ 7.6913172, 45.0801294 ], [ 7.6911692, 45.0803184 ], [ 7.6909788, 45.0802235 ] ] ] } },
{ "type": "Feature", "properties": { }, "geometry": { "type": "Polygon", "coordinates": [ [ [ 7.6913031, 45.0803878 ], [ 7.6914395, 45.0803878 ], [ 7.691448, 45.0804245 ], [ 7.6914335, 45.0804424 ], [ 7.6913031, 45.0803878 ] ] ] } },
{ "type": "Feature", "properties": { }, "geometry": { "type": "Polygon", "coordinates": [ [ [ 7.6915213, 45.0804193 ], [ 7.6915201, 45.080363 ], [ 7.6915527, 45.0803613 ], [ 7.6915213, 45.0804193 ] ] ] } },
{ "type": "Feature", "properties": { }, "geometry": { "type": "Polygon", "coordinates": [ [ [ 7.6439963, 44.9951832 ], [ 7.6442541, 44.995114 ], [ 7.6443312, 44.9952766 ], [ 7.6440617, 44.9953435 ], [ 7.6439963, 44.9951832 ] ] ] } },
{ "type": "Feature", "properties": { }, "geometry": { "type": "Polygon", "coordinates": [ [ [ 7.6539466, 44.9908045 ], [ 7.6548071, 44.9906926 ], [ 7.6546841, 44.990191 ], [ 7.6554492, 44.9900767 ], [ 7.6555484, 44.9908376 ], [ 7.6545797, 44.9910285 ], [ 7.6540676, 44.9909836 ], [ 7.6539466, 44.9908045 ] ] ] } },
{ "type": "Feature", "properties": { }, "geometry": { "type": "Polygon", "coordinates": [ [ [ 7.6536641, 44.989885 ], [ 7.6547225, 44.9896046 ], [ 7.6553131, 44.9896762 ], [ 7.6554094, 44.9899517 ], [ 7.655217, 44.9899654 ], [ 7.6551184, 44.9898103 ], [ 7.6539577, 44.9899659 ], [ 7.6539568, 44.9901558 ], [ 7.6536806, 44.9901809 ], [ 7.6536641, 44.989885 ] ] ] } },
{ "type": "Feature", "properties": { }, "geometry": { "type": "Polygon", "coordinates": [ [ [ 7.6584649, 45.0032546 ], [ 7.6590925, 45.003086 ], [ 7.6593029, 45.0036215 ], [ 7.6586625, 45.0037475 ], [ 7.6584649, 45.0032546 ] ] ] } },
{ "type": "Feature", "properties": { }, "geometry": { "type": "Polygon", "coordinates": [ [ [ 7.5916623, 45.0211199 ], [ 7.5925476, 45.0205724 ], [ 7.5928154, 45.0209718 ], [ 7.5918442, 45.0212463 ], [ 7.5920323, 45.0215405 ], [ 7.5919336, 45.0215732 ], [ 7.5916623, 45.0211199 ] ] ] } },
{ "type": "Feature", "properties": { }, "geometry": { "type": "Polygon", "coordinates": [ [ [ 7.5857232, 45.0581662 ], [ 7.5862203, 45.0580593 ], [ 7.5861003, 45.0578455 ], [ 7.5862612, 45.0578218 ], [ 7.586338, 45.0581305 ], [ 7.5870008, 45.0582493 ], [ 7.5870657, 45.0585275 ], [ 7.5862059, 45.058368 ], [ 7.5860426, 45.0581645 ], [ 7.5858577, 45.0581916 ], [ 7.5857544, 45.058407 ], [ 7.5857232, 45.0581662 ] ] ] } },
{ "type": "Feature", "properties": { }, "geometry": { "type": "Polygon", "coordinates": [ [ [ 7.6400571, 44.9927598 ], [ 7.6400657, 44.9920219 ], [ 7.6408655, 44.9921998 ], [ 7.6408055, 44.9923183 ], [ 7.6405088, 44.9922516 ], [ 7.640284, 44.9927666 ], [ 7.6400571, 44.9927598 ] ] ] } },
{ "type": "Feature", "properties": { }, "geometry": { "type": "Polygon", "coordinates": [ [ [ 7.6400386, 44.9915075 ], [ 7.6400413, 44.991258 ], [ 7.6403886, 44.9912271 ], [ 7.6403558, 44.9910337 ], [ 7.6405992, 44.9912251 ], [ 7.6402437, 44.9919272 ], [ 7.6402574, 44.9917222 ], [ 7.6400386, 44.9915075 ] ] ] } },
{ "type": "Feature", "properties": { }, "geometry": { "type": "Polygon", "coordinates": [ [ [ 7.5963619, 45.0008566 ], [ 7.5981378, 45.0002275 ], [ 7.5991233, 45.0015659 ], [ 7.5986861, 45.0017404 ], [ 7.5981179, 45.0011707 ], [ 7.5972484, 45.0014531 ], [ 7.5963619, 45.0008566 ] ] ] } },
{ "type": "Feature", "properties": { }, "geometry": { "type": "Polygon", "coordinates": [ [ [ 7.6452506, 45.0806124 ], [ 7.6462958, 45.0805628 ], [ 7.6463924, 45.0807011 ], [ 7.6452641, 45.0807547 ], [ 7.6452506, 45.0806124 ] ] ] } },
{ "type": "Feature", "properties": { }, "geometry": { "type": "Polygon", "coordinates": [ [ [ 7.629682, 45.0842831 ], [ 7.6297411, 45.0841557 ], [ 7.630261, 45.084428 ], [ 7.6304515, 45.085145 ], [ 7.6302911, 45.0851655 ], [ 7.6301416, 45.0849202 ], [ 7.6298658, 45.0849495 ], [ 7.6298842, 45.084319 ], [ 7.629682, 45.0842831 ] ] ] } },
{ "type": "Feature", "properties": { }, "geometry": { "type": "Polygon", "coordinates": [ [ [ 7.6301302, 45.0838316 ], [ 7.6304785, 45.0838207 ], [ 7.6304043, 45.083994 ], [ 7.6310851, 45.0848632 ], [ 7.6337457, 45.0847138 ], [ 7.6337466, 45.0848164 ], [ 7.6354339, 45.0847898 ], [ 7.6366751, 45.0845941 ], [ 7.6374195, 45.0843287 ], [ 7.6374723, 45.0848693 ], [ 7.6355457, 45.0851194 ], [ 7.6323991, 45.0850273 ], [ 7.6311852, 45.0851705 ], [ 7.6308658, 45.0850301 ], [ 7.6301302, 45.0838316 ] ] ] } },
{ "type": "Feature", "properties": { }, "geometry": { "type": "Polygon", "coordinates": [ [ [ 7.6286402, 45.0824066 ], [ 7.6290298, 45.0823763 ], [ 7.6298044, 45.0836471 ], [ 7.6294172, 45.0836609 ], [ 7.6286402, 45.0824066 ] ] ] } },
{ "type": "Feature", "properties": { "name": "Collina del Metano" }, "geometry": { "type": "Polygon", "coordinates": [ [ [ 7.719024, 45.0946438 ], [ 7.7192398, 45.0942608 ], [ 7.7200114, 45.0944122 ], [ 7.7195892, 45.0947733 ], [ 7.719024, 45.0946438 ] ] ] } },
{ "type": "Feature", "properties": { }, "geometry": { "type": "Polygon", "coordinates": [ [ [ 7.645805, 45.1821085 ], [ 7.6460177, 45.181372 ], [ 7.6469364, 45.1814309 ], [ 7.6461889, 45.1819461 ], [ 7.645805, 45.1821085 ] ] ] } },
{ "type": "Feature", "properties": { }, "geometry": { "type": "Polygon", "coordinates": [ [ [ 7.642547, 45.000762 ], [ 7.6432174, 45.0006418 ], [ 7.6433091, 45.001155 ], [ 7.6426375, 45.0011522 ], [ 7.642547, 45.000762 ] ] ] } },
{ "type": "Feature", "properties": { }, "geometry": { "type": "Polygon", "coordinates": [ [ [ 7.6534715, 45.1513417 ], [ 7.653438, 45.150919 ], [ 7.6546611, 45.1512424 ], [ 7.6546571, 45.1513455 ], [ 7.6536043, 45.1511904 ], [ 7.6534715, 45.1513417 ] ] ] } },
{ "type": "Feature", "properties": { "name": "Parco Villa Rey" }, "geometry": { "type": "Polygon", "coordinates": [ [ [ 7.7199903, 45.0647534 ], [ 7.7204512, 45.063601 ], [ 7.7223627, 45.0632819 ], [ 7.7225434, 45.0637242 ], [ 7.7216462, 45.0640602 ], [ 7.7216077, 45.0645643 ], [ 7.7202184, 45.0649308 ], [ 7.7199903, 45.0647534 ] ] ] } },
{ "type": "Feature", "properties": { "name": "area pubblica" }, "geometry": { "type": "Polygon", "coordinates": [ [ [ 7.7218306, 45.065907 ], [ 7.7219177, 45.0654366 ], [ 7.722268, 45.0655853 ], [ 7.7224736, 45.0659838 ], [ 7.7223837, 45.0661834 ], [ 7.7218306, 45.065907 ] ] ] } },
{ "type": "Feature", "properties": { "name": "Giardino Tina Anselmi" }, "geometry": { "type": "Polygon", "coordinates": [ [ [ 7.635627, 45.0398212 ], [ 7.6369144, 45.0393024 ], [ 7.6372582, 45.0397724 ], [ 7.6360578, 45.0401948 ], [ 7.635627, 45.0398212 ] ] ] } },
{ "type": "Feature", "properties": { }, "geometry": { "type": "Polygon", "coordinates": [ [ [ 7.7940641, 45.0159295 ], [ 7.794399, 45.0159481 ], [ 7.7945112, 45.0158973 ], [ 7.7944341, 45.0158142 ], [ 7.7944709, 45.0157715 ], [ 7.7945197, 45.0157579 ], [ 7.7944746, 45.015841 ], [ 7.7947005, 45.015873 ], [ 7.794791, 45.016108 ], [ 7.7940775, 45.0161053 ], [ 7.7940641, 45.0159295 ] ] ] } },
{ "type": "Feature", "properties": { }, "geometry": { "type": "Polygon", "coordinates": [ [ [ 7.7939028, 45.0158049 ], [ 7.7940282, 45.0157102 ], [ 7.7945681, 45.01571 ], [ 7.7943148, 45.0158545 ], [ 7.7939028, 45.0158049 ] ] ] } },
{ "type": "Feature", "properties": { }, "geometry": { "type": "Polygon", "coordinates": [ [ [ 7.7919157, 45.0153767 ], [ 7.792136, 45.0153795 ], [ 7.7919792, 45.0158089 ], [ 7.7919534, 45.0157892 ], [ 7.7919157, 45.0153767 ] ] ] } },
{ "type": "Feature", "properties": { }, "geometry": { "type": "Polygon", "coordinates": [ [ [ 7.7945452, 45.0154787 ], [ 7.7947817, 45.0153503 ], [ 7.7948847, 45.0153161 ], [ 7.7948645, 45.0155783 ], [ 7.7945452, 45.0154787 ] ] ] } },
{ "type": "Feature", "properties": { }, "geometry": { "type": "Polygon", "coordinates": [ [ [ 7.7948665, 45.015516 ], [ 7.7948847, 45.0153161 ], [ 7.7952153, 45.0153137 ], [ 7.7950571, 45.0155189 ], [ 7.7948665, 45.015516 ] ] ] } },
{ "type": "Feature", "properties": { }, "geometry": { "type": "Polygon", "coordinates": [ [ [ 7.7952969, 45.0155 ], [ 7.7953021, 45.0153166 ], [ 7.7955387, 45.0153486 ], [ 7.7954753, 45.0155021 ], [ 7.7952969, 45.0155 ] ] ] } },
{ "type": "Feature", "properties": { }, "geometry": { "type": "Polygon", "coordinates": [ [ [ 7.7952299, 45.0156509 ], [ 7.795335, 45.0155619 ], [ 7.7957417, 45.0157071 ], [ 7.7958423, 45.0154813 ], [ 7.7956892, 45.0155361 ], [ 7.7957127, 45.0153313 ], [ 7.7959547, 45.015452 ], [ 7.79593, 45.0156707 ], [ 7.7957811, 45.0157311 ], [ 7.7954036, 45.0157798 ], [ 7.7952299, 45.0156509 ] ] ] } },
{ "type": "Feature", "properties": { }, "geometry": { "type": "Polygon", "coordinates": [ [ [ 7.647237, 45.061398 ], [ 7.6474308, 45.0614308 ], [ 7.6472444, 45.0615415 ], [ 7.647237, 45.061398 ] ] ] } },
{ "type": "Feature", "properties": { }, "geometry": { "type": "Polygon", "coordinates": [ [ [ 7.7911846, 45.0136936 ], [ 7.7920371, 45.0135195 ], [ 7.7920299, 45.01326 ], [ 7.7921434, 45.0132993 ], [ 7.7920975, 45.0136015 ], [ 7.7911846, 45.0136936 ] ] ] } },
{ "type": "Feature", "properties": { }, "geometry": { "type": "Polygon", "coordinates": [ [ [ 7.7919414, 45.0136774 ], [ 7.7920902, 45.013709 ], [ 7.7920915, 45.0138042 ], [ 7.7919805, 45.0137581 ], [ 7.7919414, 45.0136774 ] ] ] } },
{ "type": "Feature", "properties": { }, "geometry": { "type": "Polygon", "coordinates": [ [ [ 7.7904703, 45.014097 ], [ 7.790477, 45.0139756 ], [ 7.7909811, 45.0141031 ], [ 7.7904703, 45.014097 ] ] ] } },
{ "type": "Feature", "properties": { }, "geometry": { "type": "Polygon", "coordinates": [ [ [ 7.7903634, 45.014601 ], [ 7.7903686, 45.0143009 ], [ 7.7905803, 45.0145344 ], [ 7.7903634, 45.014601 ] ] ] } },
{ "type": "Feature", "properties": { }, "geometry": { "type": "Polygon", "coordinates": [ [ [ 7.7903761, 45.0146323 ], [ 7.7906045, 45.0145714 ], [ 7.7907134, 45.0146264 ], [ 7.7903761, 45.0146323 ] ] ] } },
{ "type": "Feature", "properties": { }, "geometry": { "type": "Polygon", "coordinates": [ [ [ 7.7907653, 45.0146337 ], [ 7.7907355, 45.0145384 ], [ 7.7908625, 45.0146273 ], [ 7.7907653, 45.0146337 ] ] ] } },
{ "type": "Feature", "properties": { }, "geometry": { "type": "Polygon", "coordinates": [ [ [ 7.790506, 45.0143239 ], [ 7.7907757, 45.0143097 ], [ 7.7908853, 45.0144417 ], [ 7.7907484, 45.0145017 ], [ 7.790506, 45.0143239 ] ] ] } },
{ "type": "Feature", "properties": { }, "geometry": { "type": "Polygon", "coordinates": [ [ [ 7.7896613, 45.0143992 ], [ 7.7896667, 45.0143022 ], [ 7.7902573, 45.0143084 ], [ 7.7902434, 45.0146579 ], [ 7.7900323, 45.0146568 ], [ 7.7900285, 45.0145093 ], [ 7.7896613, 45.0143992 ] ] ] } },
{ "type": "Feature", "properties": { }, "geometry": { "type": "Polygon", "coordinates": [ [ [ 7.7899822, 45.0141976 ], [ 7.7899789, 45.0141013 ], [ 7.7900533, 45.0141475 ], [ 7.7899822, 45.0141976 ] ] ] } },
{ "type": "Feature", "properties": { }, "geometry": { "type": "Polygon", "coordinates": [ [ [ 7.7899924, 45.0139612 ], [ 7.790107, 45.0136285 ], [ 7.7907084, 45.0131983 ], [ 7.7910344, 45.0132905 ], [ 7.7918411, 45.0131573 ], [ 7.7919618, 45.0133178 ], [ 7.7914049, 45.013358 ], [ 7.7914716, 45.013538 ], [ 7.7909789, 45.0136866 ], [ 7.7911358, 45.0138701 ], [ 7.7902995, 45.0138592 ], [ 7.7902594, 45.0141083 ], [ 7.7899924, 45.0139612 ] ] ] } },
{ "type": "Feature", "properties": { }, "geometry": { "type": "Polygon", "coordinates": [ [ [ 7.6457782, 45.0509047 ], [ 7.6463914, 45.0507104 ], [ 7.6466394, 45.0510936 ], [ 7.6480331, 45.0507784 ], [ 7.6480866, 45.0509191 ], [ 7.6460356, 45.0513438 ], [ 7.6457782, 45.0509047 ] ] ] } },
{ "type": "Feature", "properties": { }, "geometry": { "type": "Polygon", "coordinates": [ [ [ 7.6466559, 45.0504726 ], [ 7.6471394, 45.0503159 ], [ 7.6472446, 45.0504358 ], [ 7.6474126, 45.050385 ], [ 7.6475295, 45.0506083 ], [ 7.6468814, 45.0508245 ], [ 7.6466559, 45.0504726 ] ] ] } },
{ "type": "Feature", "properties": { "name": "Parco Lungo Po" }, "geometry": { "type": "Polygon", "coordinates": [ [ [ 7.7197504, 45.0708872 ], [ 7.7198577, 45.0706352 ], [ 7.7226848, 45.0711391 ], [ 7.724396, 45.0716506 ], [ 7.72681, 45.0736149 ], [ 7.72762, 45.0749881 ], [ 7.7275449, 45.0752457 ], [ 7.7272552, 45.075187 ], [ 7.727046, 45.0746869 ], [ 7.7252543, 45.0727738 ], [ 7.7242271, 45.0720408 ], [ 7.7228814, 45.071563 ], [ 7.7197504, 45.0708872 ] ] ] } },
{ "type": "Feature", "properties": { "name": "Giardino Cocconato" }, "geometry": { "type": "Polygon", "coordinates": [ [ [ 7.7141473, 45.0675145 ], [ 7.7141983, 45.0673846 ], [ 7.7149536, 45.0676467 ], [ 7.7141473, 45.0675145 ] ] ] } },
{ "type": "Feature", "properties": { "name": "Giardino di Via Cigliano" }, "geometry": { "type": "Polygon", "coordinates": [ [ [ 7.7126401, 45.0724144 ], [ 7.7128025, 45.0720003 ], [ 7.7134205, 45.0721022 ], [ 7.713222, 45.0725068 ], [ 7.7126401, 45.0724144 ] ] ] } },
{ "type": "Feature", "properties": { "name": "Parco di Corso Chieti" }, "geometry": { "type": "Polygon", "coordinates": [ [ [ 7.7165905, 45.0719055 ], [ 7.7187739, 45.0712194 ], [ 7.7189225, 45.0714843 ], [ 7.716762, 45.0721032 ], [ 7.7165905, 45.0719055 ] ] ] } },
{ "type": "Feature", "properties": { "name": "Giardino Schiapparelli" }, "geometry": { "type": "Polygon", "coordinates": [ [ [ 7.717354, 45.0727903 ], [ 7.7174668, 45.0724495 ], [ 7.7180262, 45.0725546 ], [ 7.7179137, 45.0728918 ], [ 7.717354, 45.0727903 ] ] ] } },
{ "type": "Feature", "properties": { "name": "GIardino Palazzo Corso Chieti" }, "geometry": { "type": "Polygon", "coordinates": [ [ [ 7.7177058, 45.0720251 ], [ 7.7187328, 45.0717187 ], [ 7.7188732, 45.0718809 ], [ 7.7187456, 45.07239 ], [ 7.7178142, 45.0722458 ], [ 7.7177058, 45.0720251 ] ] ] } },
{ "type": "Feature", "properties": { "name": "GIardino di Via Gassino" }, "geometry": { "type": "Polygon", "coordinates": [ [ [ 7.7159107, 45.0676412 ], [ 7.7160866, 45.067415 ], [ 7.7162535, 45.0676189 ], [ 7.7159107, 45.0676412 ] ] ] } },
{ "type": "Feature", "properties": { "name": "Giardino di Via Albugnano" }, "geometry": { "type": "Polygon", "coordinates": [ [ [ 7.7157407, 45.067096 ], [ 7.7158811, 45.0669249 ], [ 7.7160976, 45.0669556 ], [ 7.7157889, 45.0673194 ], [ 7.7157407, 45.067096 ] ] ] } },
{ "type": "Feature", "properties": { "name": "GIardino Residenza Corso Chieti" }, "geometry": { "type": "Polygon", "coordinates": [ [ [ 7.7172698, 45.071424 ], [ 7.7174898, 45.0708748 ], [ 7.7184419, 45.0710141 ], [ 7.7184533, 45.0711025 ], [ 7.7172698, 45.071424 ] ] ] } },
{ "type": "Feature", "properties": { }, "geometry": { "type": "Polygon", "coordinates": [ [ [ 7.6409819, 45.0974933 ], [ 7.6412528, 45.0973267 ], [ 7.6426824, 45.0973077 ], [ 7.642661, 45.0966602 ], [ 7.6431625, 45.0968192 ], [ 7.6438438, 45.0976656 ], [ 7.6426636, 45.097694 ], [ 7.642669, 45.0979799 ], [ 7.6429372, 45.097978 ], [ 7.6429426, 45.0982658 ], [ 7.6442381, 45.0982601 ], [ 7.6443293, 45.0983775 ], [ 7.643235, 45.0987581 ], [ 7.643133, 45.0985498 ], [ 7.642846, 45.0985043 ], [ 7.6409819, 45.0974933 ] ] ] } },
{ "type": "Feature", "properties": { }, "geometry": { "type": "Polygon", "coordinates": [ [ [ 7.6397159, 45.0968704 ], [ 7.6405259, 45.0967757 ], [ 7.6405608, 45.0972509 ], [ 7.6405045, 45.0972528 ], [ 7.6397159, 45.0968704 ] ] ] } },
{ "type": "Feature", "properties": { }, "geometry": { "type": "Polygon", "coordinates": [ [ [ 7.6466615, 45.0924336 ], [ 7.6474846, 45.0921581 ], [ 7.6467883, 45.0911158 ], [ 7.6480026, 45.0907212 ], [ 7.6481681, 45.090873 ], [ 7.6481736, 45.0917569 ], [ 7.6483556, 45.0924539 ], [ 7.6487538, 45.0932693 ], [ 7.6491526, 45.0935876 ], [ 7.6489237, 45.0936881 ], [ 7.648736, 45.0935649 ], [ 7.6479928, 45.0925811 ], [ 7.6469261, 45.0928376 ], [ 7.6466615, 45.0924336 ] ] ] } },
{ "type": "Feature", "properties": { }, "geometry": { "type": "Polygon", "coordinates": [ [ [ 7.6126939, 45.0796201 ], [ 7.6122875, 45.0795585 ], [ 7.6126946, 45.0795606 ], [ 7.6126939, 45.0796201 ] ] ] } },
{ "type": "Feature", "properties": { }, "geometry": { "type": "Polygon", "coordinates": [ [ [ 7.6128253, 45.0796209 ], [ 7.6127427, 45.0795608 ], [ 7.612826, 45.0795612 ], [ 7.6128253, 45.0796209 ] ] ] } },
{ "type": "Feature", "properties": { }, "geometry": { "type": "Polygon", "coordinates": [ [ [ 7.6128656, 45.0796211 ], [ 7.6131231, 45.0795627 ], [ 7.613218, 45.0796547 ], [ 7.6128656, 45.0796211 ] ] ] } },
{ "type": "Feature", "properties": { }, "geometry": { "type": "Polygon", "coordinates": [ [ [ 7.5188018, 45.0638433 ], [ 7.5194632, 45.0637359 ], [ 7.5196332, 45.0639297 ], [ 7.518992, 45.0641036 ], [ 7.5188018, 45.0638433 ] ] ] } },
{ "type": "Feature", "properties": { }, "geometry": { "type": "Polygon", "coordinates": [ [ [ 7.5353788, 45.0969091 ], [ 7.5355445, 45.0968984 ], [ 7.5355597, 45.0971897 ], [ 7.5353991, 45.0971976 ], [ 7.5353788, 45.0969091 ] ] ] } },
{ "type": "Feature", "properties": { }, "geometry": { "type": "Polygon", "coordinates": [ [ [ 7.6840538, 45.0977721 ], [ 7.6847446, 45.0977192 ], [ 7.6852507, 45.0982792 ], [ 7.6848585, 45.0984013 ], [ 7.6848317, 45.0981438 ], [ 7.6846233, 45.0981588 ], [ 7.6846607, 45.0984236 ], [ 7.6841933, 45.0984581 ], [ 7.6840538, 45.0977721 ] ] ] } },
{ "type": "Feature", "properties": { }, "geometry": { "type": "Polygon", "coordinates": [ [ [ 7.5274701, 45.097131 ], [ 7.5275576, 45.0961668 ], [ 7.5281728, 45.0961479 ], [ 7.5280871, 45.0969722 ], [ 7.5285424, 45.0969507 ], [ 7.5285881, 45.0972371 ], [ 7.5277521, 45.097275 ], [ 7.5277576, 45.0971326 ], [ 7.5274701, 45.097131 ] ] ] } },
{ "type": "Feature", "properties": { "name": "Parco di Via Bocaccio" }, "geometry": { "type": "Polygon", "coordinates": [ [ [ 7.717055, 45.0677852 ], [ 7.7170613, 45.0677016 ], [ 7.7175763, 45.0676864 ], [ 7.7175334, 45.0678569 ], [ 7.717055, 45.0677852 ] ] ] } },
{ "type": "Feature", "properties": { "name": "GIardino di VIa Morazzone 13" }, "geometry": { "type": "Polygon", "coordinates": [ [ [ 7.715218, 45.0674629 ], [ 7.7154487, 45.0670491 ], [ 7.7155754, 45.067075 ], [ 7.7152984, 45.0674937 ], [ 7.715218, 45.0674629 ] ] ] } },
{ "type": "Feature", "properties": { "name": "GIardino di Via Montemagno" }, "geometry": { "type": "Polygon", "coordinates": [ [ [ 7.7142557, 45.0669514 ], [ 7.7143523, 45.0665801 ], [ 7.714996, 45.0667127 ], [ 7.7146131, 45.0670627 ], [ 7.7142557, 45.0669514 ] ] ] } },
{ "type": "Feature", "properties": { "name": "Parco di Sassi-Colletta" }, "geometry": { "type": "Polygon", "coordinates": [ [ [ 7.7221223, 45.0771284 ], [ 7.7221747, 45.0770381 ], [ 7.7251371, 45.0775906 ], [ 7.7273878, 45.0756217 ], [ 7.7272912, 45.0762203 ], [ 7.7268732, 45.0768443 ], [ 7.7253469, 45.0783956 ], [ 7.72415, 45.0776739 ], [ 7.7221223, 45.0771284 ] ] ] } },
{ "type": "Feature", "properties": { "name": "Giardino Cadore" }, "geometry": { "type": "Polygon", "coordinates": [ [ [ 7.7218876, 45.0758421 ], [ 7.7220325, 45.0754046 ], [ 7.7225729, 45.0755141 ], [ 7.7222618, 45.0759465 ], [ 7.7218876, 45.0758421 ] ] ] } },
{ "type": "Feature", "properties": { "name": "Parco Lungo Dora" }, "geometry": { "type": "Polygon", "coordinates": [ [ [ 7.7181502, 45.0758498 ], [ 7.718225, 45.0758147 ], [ 7.7220043, 45.0770315 ], [ 7.721944, 45.0771391 ], [ 7.7211899, 45.0769481 ], [ 7.7181502, 45.0758498 ] ] ] } },
{ "type": "Feature", "properties": { "name": "Giardino Pubblico" }, "geometry": { "type": "Polygon", "coordinates": [ [ [ 7.719045, 45.0759108 ], [ 7.7193113, 45.0752472 ], [ 7.7196493, 45.0753571 ], [ 7.7193435, 45.0760314 ], [ 7.719045, 45.0759108 ] ] ] } },
{ "type": "Feature", "properties": { "name": "Giardino Pubblico" }, "geometry": { "type": "Polygon", "coordinates": [ [ [ 7.7197619, 45.0758268 ], [ 7.7198907, 45.0754177 ], [ 7.7202179, 45.0755086 ], [ 7.720057, 45.0758799 ], [ 7.7197619, 45.0758268 ] ] ] } },
{ "type": "Feature", "properties": { "name": "Giardino Pubblico" }, "geometry": { "type": "Polygon", "coordinates": [ [ [ 7.7202233, 45.0763231 ], [ 7.7204486, 45.0755995 ], [ 7.7208187, 45.0757094 ], [ 7.7205344, 45.0764026 ], [ 7.7202233, 45.0763231 ] ] ] } },
{ "type": "Feature", "properties": { "name": "Giardino Pubblico" }, "geometry": { "type": "Polygon", "coordinates": [ [ [ 7.7209314, 45.0762056 ], [ 7.721044, 45.0757965 ], [ 7.7213927, 45.0758874 ], [ 7.7212211, 45.0762511 ], [ 7.7209314, 45.0762056 ] ] ] } },
{ "type": "Feature", "properties": { "name": "GIardino Pubblico" }, "geometry": { "type": "Polygon", "coordinates": [ [ [ 7.7214142, 45.0766223 ], [ 7.7216341, 45.0759746 ], [ 7.7219213, 45.0760295 ], [ 7.7218284, 45.0762941 ], [ 7.7221384, 45.0763988 ], [ 7.7214142, 45.0766223 ] ] ] } },
{ "type": "Feature", "properties": { "name": "Parco di Corso Brianza" }, "geometry": { "type": "Polygon", "coordinates": [ [ [ 7.7185741, 45.0735059 ], [ 7.7192875, 45.0716288 ], [ 7.7196232, 45.0716887 ], [ 7.7189191, 45.0735658 ], [ 7.7185741, 45.0735059 ] ] ] } },
{ "type": "Feature", "properties": { "name": "Parco di Via Gassino" }, "geometry": { "type": "Polygon", "coordinates": [ [ [ 7.7169382, 45.0667016 ], [ 7.7171582, 45.0664288 ], [ 7.7170294, 45.066372 ], [ 7.7171367, 45.0662204 ], [ 7.7174478, 45.0663038 ], [ 7.7174425, 45.0666031 ], [ 7.7169382, 45.0667016 ] ] ] } },
{ "type": "Feature", "properties": { "name": "GIardino di Via Cocconato" }, "geometry": { "type": "Polygon", "coordinates": [ [ [ 7.714374, 45.0672949 ], [ 7.7144277, 45.06723 ], [ 7.7151183, 45.0674733 ], [ 7.7150694, 45.0675392 ], [ 7.714374, 45.0672949 ] ] ] } },
{ "type": "Feature", "properties": { "name": "Parco Suor Giovanna Francesca Michelotti" }, "geometry": { "type": "Polygon", "coordinates": [ [ [ 7.7242426, 45.0814921 ], [ 7.7262703, 45.0786928 ], [ 7.7284858, 45.076598 ], [ 7.7285744, 45.0755015 ], [ 7.7292008, 45.0756067 ], [ 7.7292914, 45.0758948 ], [ 7.7292181, 45.0789959 ], [ 7.728915, 45.0790054 ], [ 7.7288023, 45.0792307 ], [ 7.7281318, 45.078958 ], [ 7.728282, 45.0787762 ], [ 7.7276436, 45.0784769 ], [ 7.727416, 45.0788675 ], [ 7.7287862, 45.079511 ], [ 7.7287755, 45.0797307 ], [ 7.7291135, 45.0797345 ], [ 7.7290974, 45.0810262 ], [ 7.7249936, 45.0817535 ], [ 7.7242426, 45.0814921 ] ] ] } },
{ "type": "Feature", "properties": { "name": "Parco Meisino" }, "geometry": { "type": "Polygon", "coordinates": [ [ [ 7.7273217, 45.0888968 ], [ 7.7274281, 45.0883198 ], [ 7.7277402, 45.0877322 ], [ 7.728195, 45.087971 ], [ 7.7285985, 45.0877909 ], [ 7.7301005, 45.0884272 ], [ 7.731242, 45.0879716 ], [ 7.7322034, 45.0888817 ], [ 7.7324179, 45.0886999 ], [ 7.7335337, 45.0885484 ], [ 7.73392, 45.0882302 ], [ 7.7344993, 45.0884575 ], [ 7.7347997, 45.0883211 ], [ 7.7372888, 45.0887605 ], [ 7.7375463, 45.088715 ], [ 7.7378038, 45.0888817 ], [ 7.7380613, 45.0888211 ], [ 7.7385334, 45.089018 ], [ 7.738233, 45.089427 ], [ 7.7388552, 45.0898815 ], [ 7.7392415, 45.0900481 ], [ 7.7397565, 45.0898361 ], [ 7.7431468, 45.0912146 ], [ 7.7426935, 45.091512 ], [ 7.7401635, 45.0903618 ], [ 7.7376751, 45.0902602 ], [ 7.7358512, 45.0905102 ], [ 7.7326272, 45.091616 ], [ 7.7293372, 45.0925057 ], [ 7.7274951, 45.0897589 ], [ 7.7273217, 45.0888968 ] ] ] } },
{ "type": "Feature", "properties": { "name": "Giardino di Via Vignale" }, "geometry": { "type": "Polygon", "coordinates": [ [ [ 7.7144686, 45.0661986 ], [ 7.714537, 45.066013 ], [ 7.7154462, 45.0661797 ], [ 7.7151596, 45.0661972 ], [ 7.7153843, 45.0662872 ], [ 7.7153404, 45.0663607 ], [ 7.7148415, 45.0661863 ], [ 7.7144686, 45.0661986 ] ] ] } },
{ "type": "Feature", "properties": { "name": "Giardino interno Corso Quintino Sella" }, "geometry": { "type": "Polygon", "coordinates": [ [ [ 7.7145169, 45.0655924 ], [ 7.7147529, 45.0654409 ], [ 7.7154717, 45.065752 ], [ 7.71471, 45.0656909 ], [ 7.7145169, 45.0655924 ] ] ] } },
{ "type": "Feature", "properties": { "name": "Giardino di Via Morazzone 16" }, "geometry": { "type": "Polygon", "coordinates": [ [ [ 7.7147972, 45.0672585 ], [ 7.7148911, 45.0670104 ], [ 7.7149407, 45.0670227 ], [ 7.7147972, 45.0672585 ] ] ] } },
{ "type": "Feature", "properties": { "name": "GIardino Rotonda Gino Bartali" }, "geometry": { "type": "Polygon", "coordinates": [ [ [ 7.7208612, 45.067373 ], [ 7.7209678, 45.0671291 ], [ 7.721228, 45.0671463 ], [ 7.7210777, 45.0675162 ], [ 7.7208612, 45.067373 ] ] ] } },
{ "type": "Feature", "properties": { "name": "GIardino VIa Gassino" }, "geometry": { "type": "Polygon", "coordinates": [ [ [ 7.7152746, 45.0678634 ], [ 7.7154758, 45.0675986 ], [ 7.7155784, 45.067638 ], [ 7.7153792, 45.0679012 ], [ 7.7152746, 45.0678634 ] ] ] } },
{ "type": "Feature", "properties": { "name": "Parco Michelotti Interno" }, "geometry": { "type": "Polygon", "coordinates": [ [ [ 7.7247468, 45.0706342 ], [ 7.7249967, 45.0704242 ], [ 7.7258396, 45.0709317 ], [ 7.726222, 45.0710254 ], [ 7.725733, 45.0712757 ], [ 7.7247468, 45.0706342 ] ] ] } },
{ "type": "Feature", "properties": { "name": "Parco Michelotti uscita Corso Casale" }, "geometry": { "type": "Polygon", "coordinates": [ [ [ 7.7261952, 45.0707602 ], [ 7.7263172, 45.0705809 ], [ 7.7264285, 45.0707336 ], [ 7.7267344, 45.0704598 ], [ 7.7268819, 45.0706049 ], [ 7.7267424, 45.0706882 ], [ 7.7269141, 45.0708663 ], [ 7.7265117, 45.0710519 ], [ 7.7261952, 45.0707602 ] ] ] } },
{ "type": "Feature", "properties": { "name": "Giardino Via Lomellina" }, "geometry": { "type": "Polygon", "coordinates": [ [ [ 7.7176551, 45.0669526 ], [ 7.7192215, 45.0669299 ], [ 7.719082, 45.0673466 ], [ 7.7189211, 45.0674414 ], [ 7.7176712, 45.0675853 ], [ 7.7176551, 45.0669526 ] ] ] } },
{ "type": "Feature", "properties": { "name": "Parco Corso Casale Lato Ovest" }, "geometry": { "type": "Polygon", "coordinates": [ [ [ 7.7200757, 45.0690999 ], [ 7.7203198, 45.0684918 ], [ 7.7203439, 45.0684994 ], [ 7.7204137, 45.0685619 ], [ 7.7202045, 45.0691264 ], [ 7.7200757, 45.0690999 ] ] ] } },
{ "type": "Feature", "properties": { "name": "Parco Corso Casale Lato Est" }, "geometry": { "type": "Polygon", "coordinates": [ [ [ 7.7205344, 45.0691756 ], [ 7.7207543, 45.0686206 ], [ 7.7208493, 45.0686339 ], [ 7.7206336, 45.0691965 ], [ 7.7205344, 45.0691756 ] ] ] } },
{ "type": "Feature", "properties": { "name": "Parco di Corso Brianza" }, "geometry": { "type": "Polygon", "coordinates": [ [ [ 7.7175923, 45.0750698 ], [ 7.7179653, 45.0749951 ], [ 7.7183081, 45.0742124 ], [ 7.7186515, 45.074263 ], [ 7.7181713, 45.0754057 ], [ 7.7178468, 45.0753584 ], [ 7.7175923, 45.0750698 ] ] ] } },
{ "type": "Feature", "properties": { "name": "Giardino Interno Via Cigliano" }, "geometry": { "type": "Polygon", "coordinates": [ [ [ 7.7116167, 45.0723863 ], [ 7.711724, 45.0720264 ], [ 7.7123757, 45.0720518 ], [ 7.7122337, 45.072481 ], [ 7.7116167, 45.0723863 ] ] ] } },
{ "type": "Feature", "properties": { "name": "Parco Fermata Chieti" }, "geometry": { "type": "Polygon", "coordinates": [ [ [ 7.7135773, 45.0733075 ], [ 7.7137121, 45.0731066 ], [ 7.715746, 45.0734528 ], [ 7.7144049, 45.0732749 ], [ 7.7135773, 45.0733075 ] ] ] } },
{ "type": "Feature", "properties": { "name": "Parco Toselli" }, "geometry": { "type": "Polygon", "coordinates": [ [ [ 7.7140388, 45.0649916 ], [ 7.7141112, 45.0648646 ], [ 7.7145672, 45.0649821 ], [ 7.7144653, 45.065217 ], [ 7.7140388, 45.0649916 ] ] ] } },
{ "type": "Feature", "properties": { }, "geometry": { "type": "Polygon", "coordinates": [ [ [ 7.7764658, 45.0442923 ], [ 7.7766097, 45.0442587 ], [ 7.7766565, 45.0443589 ], [ 7.7765127, 45.0443925 ], [ 7.7764658, 45.0442923 ] ] ] } },
{ "type": "Feature", "properties": { }, "geometry": { "type": "Polygon", "coordinates": [ [ [ 7.6682469, 45.0846008 ], [ 7.6688749, 45.0838692 ], [ 7.6695044, 45.0846993 ], [ 7.6686085, 45.0849739 ], [ 7.6684556, 45.0849341 ], [ 7.6682469, 45.0846008 ] ] ] } },
{ "type": "Feature", "properties": { }, "geometry": { "type": "Polygon", "coordinates": [ [ [ 7.6100118, 45.0863438 ], [ 7.6106048, 45.0858327 ], [ 7.6108397, 45.0861043 ], [ 7.610127, 45.08646 ], [ 7.6100118, 45.0863438 ] ] ] } },
{ "type": "Feature", "properties": { }, "geometry": { "type": "Polygon", "coordinates": [ [ [ 7.6096907, 45.0864921 ], [ 7.6100118, 45.0863438 ], [ 7.610127, 45.08646 ], [ 7.6097886, 45.0865944 ], [ 7.6096907, 45.0864921 ] ] ] } },
{ "type": "Feature", "properties": { }, "geometry": { "type": "Polygon", "coordinates": [ [ [ 7.6325376, 45.083133 ], [ 7.6329707, 45.0830996 ], [ 7.6330478, 45.0835776 ], [ 7.6325998, 45.0835974 ], [ 7.6325376, 45.083133 ] ] ] } },
{ "type": "Feature", "properties": { }, "geometry": { "type": "Polygon", "coordinates": [ [ [ 7.5604908, 45.0754631 ], [ 7.5605329, 45.07494 ], [ 7.5613497, 45.07497 ], [ 7.5613101, 45.0754912 ], [ 7.5604908, 45.0754631 ] ] ] } },
{ "type": "Feature", "properties": { }, "geometry": { "type": "Polygon", "coordinates": [ [ [ 7.5571398, 45.0743151 ], [ 7.5574343, 45.0743206 ], [ 7.5577863, 45.0763232 ], [ 7.557255, 45.0763277 ], [ 7.5571398, 45.0743151 ] ] ] } },
{ "type": "Feature", "properties": { }, "geometry": { "type": "Polygon", "coordinates": [ [ [ 7.5796535, 45.0744978 ], [ 7.5801013, 45.0743933 ], [ 7.5802104, 45.0746243 ], [ 7.5798132, 45.0749982 ], [ 7.5796535, 45.0744978 ] ] ] } },
{ "type": "Feature", "properties": { }, "geometry": { "type": "Polygon", "coordinates": [ [ [ 7.5775269, 45.0773087 ], [ 7.5778699, 45.07699 ], [ 7.5779961, 45.077065 ], [ 7.5775269, 45.0773087 ] ] ] } },
{ "type": "Feature", "properties": { }, "geometry": { "type": "Polygon", "coordinates": [ [ [ 7.6063633, 45.062555 ], [ 7.6067564, 45.0625335 ], [ 7.6067945, 45.0628951 ], [ 7.6063918, 45.062979 ], [ 7.6063633, 45.062555 ] ] ] } },
{ "type": "Feature", "properties": { }, "geometry": { "type": "Polygon", "coordinates": [ [ [ 7.5967302, 45.0695866 ], [ 7.5967972, 45.069424 ], [ 7.5973568, 45.0691791 ], [ 7.5974898, 45.0701275 ], [ 7.5970081, 45.0701673 ], [ 7.5971277, 45.0708218 ], [ 7.5969894, 45.0708244 ], [ 7.5967302, 45.0695866 ] ] ] } },
{ "type": "Feature", "properties": { }, "geometry": { "type": "Polygon", "coordinates": [ [ [ 7.5695027, 45.0906836 ], [ 7.570278, 45.0904346 ], [ 7.5705992, 45.09098 ], [ 7.5715821, 45.090693 ], [ 7.5713826, 45.090333 ], [ 7.5711165, 45.0904205 ], [ 7.5711941, 45.0901074 ], [ 7.5719812, 45.0898674 ], [ 7.5724618, 45.090706 ], [ 7.5719717, 45.0908393 ], [ 7.5719628, 45.0910154 ], [ 7.5728304, 45.0913455 ], [ 7.5732852, 45.092231 ], [ 7.5730377, 45.0921188 ], [ 7.5725449, 45.0913822 ], [ 7.5716544, 45.0910665 ], [ 7.5696274, 45.0911634 ], [ 7.5695027, 45.0906836 ] ] ] } },
{ "type": "Feature", "properties": { }, "geometry": { "type": "Polygon", "coordinates": [ [ [ 7.5902386, 45.0707564 ], [ 7.5902459, 45.0706197 ], [ 7.5929722, 45.0706707 ], [ 7.5930013, 45.0707568 ], [ 7.5903996, 45.0718752 ], [ 7.5903976, 45.0711982 ], [ 7.5914354, 45.07123 ], [ 7.5921266, 45.071043 ], [ 7.5922057, 45.070907 ], [ 7.5920716, 45.0708025 ], [ 7.5902386, 45.0707564 ] ] ] } },
{ "type": "Feature", "properties": { }, "geometry": { "type": "Polygon", "coordinates": [ [ [ 7.6546696, 45.0840667 ], [ 7.6553109, 45.0839535 ], [ 7.6554638, 45.0845757 ], [ 7.6546696, 45.0840667 ] ] ] } },
{ "type": "Feature", "properties": { }, "geometry": { "type": "Polygon", "coordinates": [ [ [ 7.6560973, 45.0841752 ], [ 7.6563145, 45.0839855 ], [ 7.6564255, 45.0841424 ], [ 7.6560973, 45.0841752 ] ] ] } },
{ "type": "Feature", "properties": { "name": "Parco Pubblico" }, "geometry": { "type": "Polygon", "coordinates": [ [ [ 7.5417108, 45.0107269 ], [ 7.5420965, 45.0108647 ], [ 7.5419106, 45.0110654 ], [ 7.5417192, 45.0109466 ], [ 7.5417108, 45.0107269 ] ] ] } },
{ "type": "Feature", "properties": { "name": "Parco Quartiere Arpini" }, "geometry": { "type": "Polygon", "coordinates": [ [ [ 7.5436981, 45.0107578 ], [ 7.5457205, 45.010517 ], [ 7.5456145, 45.0102088 ], [ 7.5461496, 45.0100856 ], [ 7.5462838, 45.0104497 ], [ 7.5459223, 45.011059 ], [ 7.545054, 45.0113011 ], [ 7.5436981, 45.0107578 ] ] ] } },
{ "type": "Feature", "properties": { "name": "Area Giochi" }, "geometry": { "type": "Polygon", "coordinates": [ [ [ 7.5449574, 45.0087942 ], [ 7.5451384, 45.0087506 ], [ 7.5451908, 45.0088454 ], [ 7.5450151, 45.0088919 ], [ 7.5449574, 45.0087942 ] ] ] } },
{ "type": "Feature", "properties": { "name": "Il buco" }, "geometry": { "type": "Polygon", "coordinates": [ [ [ 7.5353922, 44.9989252 ], [ 7.5361605, 44.9988217 ], [ 7.5363638, 44.9993622 ], [ 7.5355548, 44.9993708 ], [ 7.5353922, 44.9989252 ] ] ] } },
{ "type": "Feature", "properties": { "name": "Parco Orca Gialla" }, "geometry": { "type": "Polygon", "coordinates": [ [ [ 7.5285784, 45.0024179 ], [ 7.5296029, 45.0021908 ], [ 7.5288386, 45.0009691 ], [ 7.5294241, 45.0007851 ], [ 7.5305136, 45.0025415 ], [ 7.529481, 45.0027686 ], [ 7.5286963, 45.0026134 ], [ 7.5285784, 45.0024179 ] ] ] } },
{ "type": "Feature", "properties": { "name": "Giardino Consolata" }, "geometry": { "type": "Polygon", "coordinates": [ [ [ 7.5776649, 45.0222767 ], [ 7.5780223, 45.0222742 ], [ 7.5781427, 45.0221591 ], [ 7.5781462, 45.0222792 ], [ 7.5783302, 45.0222792 ], [ 7.5783232, 45.0224368 ], [ 7.577672, 45.0225193 ], [ 7.5776649, 45.0222767 ] ] ] } },
{ "type": "Feature", "properties": { "name": "Giardino pubblico" }, "geometry": { "type": "Polygon", "coordinates": [ [ [ 7.541226, 45.010128 ], [ 7.5414944, 45.0100634 ], [ 7.541487, 45.0102649 ], [ 7.5412617, 45.0102858 ], [ 7.541226, 45.010128 ] ] ] } },
{ "type": "Feature", "properties": { "name": "Giardino pubblico" }, "geometry": { "type": "Polygon", "coordinates": [ [ [ 7.5415005, 45.0102744 ], [ 7.5415085, 45.0101 ], [ 7.542112, 45.0102991 ], [ 7.5419873, 45.0104688 ], [ 7.5415005, 45.0102744 ] ] ] } },
{ "type": "Feature", "properties": { "name": "Giardino pubblico" }, "geometry": { "type": "Polygon", "coordinates": [ [ [ 7.5409238, 45.0100924 ], [ 7.5411866, 45.0100507 ], [ 7.5412188, 45.0101398 ], [ 7.5410311, 45.0102365 ], [ 7.5409238, 45.0100924 ] ] ] } },
{ "type": "Feature", "properties": { "name": "Giardino" }, "geometry": { "type": "Polygon", "coordinates": [ [ [ 7.5412349, 45.0101246 ], [ 7.5414227, 45.0100146 ], [ 7.5414441, 45.0100734 ], [ 7.5412349, 45.0101246 ] ] ] } },
{ "type": "Feature", "properties": { "name": "Giardino pubblico" }, "geometry": { "type": "Polygon", "coordinates": [ [ [ 7.5409253, 45.0102772 ], [ 7.541226, 45.010128 ], [ 7.5412568, 45.0104471 ], [ 7.5411104, 45.0104984 ], [ 7.5409253, 45.0102772 ] ] ] } },
{ "type": "Feature", "properties": { "name": "Giardino" }, "geometry": { "type": "Polygon", "coordinates": [ [ [ 7.5414448, 45.0099287 ], [ 7.5416004, 45.0099091 ], [ 7.54189, 45.0100202 ], [ 7.5416712, 45.0101607 ], [ 7.5414448, 45.0099287 ] ] ] } },
{ "type": "Feature", "properties": { }, "geometry": { "type": "Polygon", "coordinates": [ [ [ 7.8171892, 45.0151222 ], [ 7.8176181, 45.0148488 ], [ 7.817799, 45.0150277 ], [ 7.8180416, 45.0148192 ], [ 7.8180193, 45.0150737 ], [ 7.8175857, 45.0152535 ], [ 7.8178431, 45.0154491 ], [ 7.8184599, 45.0150499 ], [ 7.8185316, 45.0152162 ], [ 7.8175417, 45.0158578 ], [ 7.8171892, 45.0151222 ] ] ] } },
{ "type": "Feature", "properties": { }, "geometry": { "type": "Polygon", "coordinates": [ [ [ 7.8178532, 45.014795 ], [ 7.8179822, 45.0147686 ], [ 7.8180046, 45.0147958 ], [ 7.8179161, 45.0148478 ], [ 7.8178532, 45.014795 ] ] ] } },
{ "type": "Feature", "properties": { }, "geometry": { "type": "Polygon", "coordinates": [ [ [ 7.8175374, 45.0125183 ], [ 7.8180996, 45.012305 ], [ 7.8183618, 45.0128295 ], [ 7.8177849, 45.0129501 ], [ 7.8175374, 45.0125183 ] ] ] } },
{ "type": "Feature", "properties": { }, "geometry": { "type": "Polygon", "coordinates": [ [ [ 7.8170879, 45.0117613 ], [ 7.8174044, 45.0116282 ], [ 7.8178914, 45.0122154 ], [ 7.8174532, 45.012385 ], [ 7.8170879, 45.0117613 ] ] ] } },
{ "type": "Feature", "properties": { }, "geometry": { "type": "Polygon", "coordinates": [ [ [ 7.6391595, 45.0041477 ], [ 7.6393385, 45.0038906 ], [ 7.6391633, 45.0033725 ], [ 7.6395626, 45.0031954 ], [ 7.6396511, 45.0034285 ], [ 7.6402181, 45.0032553 ], [ 7.6404308, 45.0039758 ], [ 7.6408583, 45.0038428 ], [ 7.64092, 45.0039768 ], [ 7.6405498, 45.0041119 ], [ 7.6408113, 45.0044204 ], [ 7.6407217, 45.0044702 ], [ 7.6405543, 45.0042931 ], [ 7.6401336, 45.0045856 ], [ 7.6399243, 45.0040611 ], [ 7.6401013, 45.0040211 ], [ 7.6399488, 45.003595 ], [ 7.6394044, 45.0036256 ], [ 7.6394797, 45.0041783 ], [ 7.6391595, 45.0041477 ] ] ] } },
{ "type": "Feature", "properties": { }, "geometry": { "type": "Polygon", "coordinates": [ [ [ 7.6441964, 45.0035582 ], [ 7.6445706, 45.0031182 ], [ 7.6448633, 45.0031318 ], [ 7.6448705, 45.0033606 ], [ 7.6445686, 45.0037943 ], [ 7.6441964, 45.0035582 ] ] ] } },
{ "type": "Feature", "properties": { }, "geometry": { "type": "Polygon", "coordinates": [ [ [ 7.6453699, 45.002719 ], [ 7.6457341, 45.0026463 ], [ 7.6458498, 45.0031 ], [ 7.6455188, 45.0030974 ], [ 7.6453699, 45.002719 ] ] ] } },
{ "type": "Feature", "properties": { }, "geometry": { "type": "Polygon", "coordinates": [ [ [ 7.6458849, 45.0026439 ], [ 7.6463722, 45.0025868 ], [ 7.6463828, 45.0028298 ], [ 7.6459375, 45.0028571 ], [ 7.6458849, 45.0026439 ] ] ] } },
{ "type": "Feature", "properties": { }, "geometry": { "type": "Polygon", "coordinates": [ [ [ 7.6550824, 44.9943934 ], [ 7.6552752, 44.9943984 ], [ 7.6553524, 44.9951472 ], [ 7.6562219, 44.9952811 ], [ 7.6561062, 44.9955761 ], [ 7.6552121, 44.9953059 ], [ 7.6550824, 44.9943934 ] ] ] } },
{ "type": "Feature", "properties": { }, "geometry": { "type": "Polygon", "coordinates": [ [ [ 7.5210843, 45.0326692 ], [ 7.5212738, 45.0325988 ], [ 7.5212691, 45.0327947 ], [ 7.5212004, 45.0328181 ], [ 7.5210843, 45.0326692 ] ] ] } },
{ "type": "Feature", "properties": { }, "geometry": { "type": "Polygon", "coordinates": [ [ [ 7.5208735, 45.032778 ], [ 7.5210228, 45.0327077 ], [ 7.5210986, 45.0328198 ], [ 7.5209493, 45.0328818 ], [ 7.5208735, 45.032778 ] ] ] } },
{ "type": "Feature", "properties": { }, "geometry": { "type": "Polygon", "coordinates": [ [ [ 7.8117532, 45.0085252 ], [ 7.811754, 45.0084597 ], [ 7.8117999, 45.0084927 ], [ 7.8117532, 45.0085252 ] ] ] } },
{ "type": "Feature", "properties": { }, "geometry": { "type": "Polygon", "coordinates": [ [ [ 7.6632545, 45.0090183 ], [ 7.6632674, 45.0084146 ], [ 7.6639237, 45.0084333 ], [ 7.6638768, 45.0090418 ], [ 7.6632545, 45.0090183 ] ] ] } },
{ "type": "Feature", "properties": { }, "geometry": { "type": "Polygon", "coordinates": [ [ [ 7.7726481, 45.0432906 ], [ 7.7725732, 45.0431323 ], [ 7.7727415, 45.0432819 ], [ 7.7726481, 45.0432906 ] ] ] } },
{ "type": "Feature", "properties": { "name": "Giardino Peppino Impastato" }, "geometry": { "type": "Polygon", "coordinates": [ [ [ 7.5985381, 45.0742698 ], [ 7.5994699, 45.074305 ], [ 7.5994804, 45.0746386 ], [ 7.5985906, 45.0746377 ], [ 7.5985381, 45.0742698 ] ] ] } },
{ "type": "Feature", "properties": { }, "geometry": { "type": "Polygon", "coordinates": [ [ [ 7.6603084, 45.0139776 ], [ 7.6604222, 45.0138147 ], [ 7.6616881, 45.014352 ], [ 7.6620506, 45.0143947 ], [ 7.6613578, 45.0152654 ], [ 7.6608397, 45.0153634 ], [ 7.6603084, 45.0139776 ] ] ] } },
{ "type": "Feature", "properties": { }, "geometry": { "type": "Polygon", "coordinates": [ [ [ 7.6543942, 44.9913634 ], [ 7.6551157, 44.9914269 ], [ 7.6550765, 44.9915218 ], [ 7.6548649, 44.991483 ], [ 7.6546383, 44.9921013 ], [ 7.6551238, 44.9922085 ], [ 7.6550732, 44.992276 ], [ 7.6545002, 44.9922721 ], [ 7.6543942, 44.9913634 ] ] ] } },
{ "type": "Feature", "properties": { }, "geometry": { "type": "Polygon", "coordinates": [ [ [ 7.657317, 44.9902005 ], [ 7.6578286, 44.9901166 ], [ 7.6578808, 44.9903595 ], [ 7.6573693, 44.9904221 ], [ 7.657317, 44.9902005 ] ] ] } },
{ "type": "Feature", "properties": { }, "geometry": { "type": "Polygon", "coordinates": [ [ [ 7.6583144, 44.9917691 ], [ 7.6583334, 44.9913962 ], [ 7.6587039, 44.9914063 ], [ 7.6586801, 44.9917758 ], [ 7.6583144, 44.9917691 ] ] ] } },
{ "type": "Feature", "properties": { }, "geometry": { "type": "Polygon", "coordinates": [ [ [ 7.6609181, 44.9977534 ], [ 7.6613809, 44.9977162 ], [ 7.6613599, 44.9973146 ], [ 7.6616649, 44.9974038 ], [ 7.6616789, 44.9977162 ], [ 7.6609251, 44.9978402 ], [ 7.6609181, 44.9977534 ] ] ] } },
{ "type": "Feature", "properties": { }, "geometry": { "type": "Polygon", "coordinates": [ [ [ 7.6875687, 45.1065372 ], [ 7.6889646, 45.1060133 ], [ 7.689109, 45.1065561 ], [ 7.6876523, 45.1068104 ], [ 7.6875687, 45.1065372 ] ] ] } },
{ "type": "Feature", "properties": { }, "geometry": { "type": "Polygon", "coordinates": [ [ [ 7.6833079, 45.0998775 ], [ 7.6834679, 45.099864 ], [ 7.6834407, 45.0997032 ], [ 7.6843451, 45.0996313 ], [ 7.6844346, 45.1004953 ], [ 7.683432, 45.1005768 ], [ 7.6833079, 45.0998775 ] ] ] } },
{ "type": "Feature", "properties": { }, "geometry": { "type": "Polygon", "coordinates": [ [ [ 7.6350138, 45.0337974 ], [ 7.6365488, 45.033315 ], [ 7.6368458, 45.0337502 ], [ 7.6353533, 45.0342622 ], [ 7.6350138, 45.0337974 ] ] ] } },
{ "type": "Feature", "properties": { }, "geometry": { "type": "Polygon", "coordinates": [ [ [ 7.6343631, 45.0340199 ], [ 7.6350138, 45.0337974 ], [ 7.6356286, 45.0347235 ], [ 7.6349416, 45.0349569 ], [ 7.6343631, 45.0340199 ] ] ] } },
{ "type": "Feature", "properties": { }, "geometry": { "type": "Polygon", "coordinates": [ [ [ 7.6341147, 45.0327793 ], [ 7.6347359, 45.0325704 ], [ 7.6348038, 45.0326652 ], [ 7.6343718, 45.0328005 ], [ 7.6345897, 45.0331621 ], [ 7.6348134, 45.0330842 ], [ 7.6348295, 45.0337666 ], [ 7.6341298, 45.0338907 ], [ 7.6341147, 45.0327793 ] ] ] } },
{ "type": "Feature", "properties": { }, "geometry": { "type": "Polygon", "coordinates": [ [ [ 7.6298226, 45.0342215 ], [ 7.6306047, 45.0339437 ], [ 7.6309302, 45.0344375 ], [ 7.6301084, 45.0346395 ], [ 7.6298226, 45.0342215 ] ] ] } },
{ "type": "Feature", "properties": { }, "geometry": { "type": "Polygon", "coordinates": [ [ [ 7.6996508, 45.1115637 ], [ 7.6998496, 45.1115043 ], [ 7.7003971, 45.1121715 ], [ 7.7010842, 45.1118956 ], [ 7.7011649, 45.1121155 ], [ 7.7016249, 45.1117828 ], [ 7.7016692, 45.1115074 ], [ 7.7017948, 45.1114903 ], [ 7.7017156, 45.1111872 ], [ 7.7020794, 45.111111 ], [ 7.7022407, 45.1107844 ], [ 7.702203, 45.1105655 ], [ 7.7026325, 45.1099789 ], [ 7.7029142, 45.1101635 ], [ 7.7027195, 45.1104148 ], [ 7.70247, 45.1104697 ], [ 7.7025961, 45.110818 ], [ 7.702926, 45.1107461 ], [ 7.7028616, 45.1106136 ], [ 7.7033659, 45.1104867 ], [ 7.7031862, 45.1101801 ], [ 7.7033391, 45.1100457 ], [ 7.7030172, 45.1101214 ], [ 7.7028537, 45.1098804 ], [ 7.7033804, 45.1097213 ], [ 7.7038908, 45.1097432 ], [ 7.7045515, 45.1094597 ], [ 7.7046309, 45.1096244 ], [ 7.7041412, 45.1098862 ], [ 7.7042691, 45.1100812 ], [ 7.7040664, 45.1101784 ], [ 7.7040531, 45.1105702 ], [ 7.7042275, 45.1106991 ], [ 7.7044847, 45.1106534 ], [ 7.7052367, 45.1103362 ], [ 7.7054227, 45.1105508 ], [ 7.7025408, 45.1120249 ], [ 7.7000555, 45.1129815 ], [ 7.6996508, 45.1115637 ] ] ] } },
{ "type": "Feature", "properties": { }, "geometry": { "type": "Polygon", "coordinates": [ [ [ 7.7752105, 45.0311076 ], [ 7.7757205, 45.0303282 ], [ 7.7768865, 45.0306252 ], [ 7.7758724, 45.0315071 ], [ 7.7752105, 45.0311076 ] ] ] } },
{ "type": "Feature", "properties": { }, "geometry": { "type": "Polygon", "coordinates": [ [ [ 7.715594, 45.0937565 ], [ 7.716037, 45.093786 ], [ 7.7173231, 45.0947584 ], [ 7.7171037, 45.094905 ], [ 7.715594, 45.0937565 ] ] ] } },
{ "type": "Feature", "properties": { "name": "Giardino Buscalioni" }, "geometry": { "type": "Polygon", "coordinates": [ [ [ 7.699125, 45.0787817 ], [ 7.6992384, 45.0786588 ], [ 7.6995958, 45.0787981 ], [ 7.700404, 45.0779577 ], [ 7.7008345, 45.0782254 ], [ 7.7005833, 45.0785263 ], [ 7.7009215, 45.0786748 ], [ 7.7008311, 45.0787856 ], [ 7.7009554, 45.0788394 ], [ 7.7004711, 45.0793657 ], [ 7.699125, 45.0787817 ] ] ] } },
{ "type": "Feature", "properties": { }, "geometry": { "type": "Polygon", "coordinates": [ [ [ 7.6551279, 45.0921364 ], [ 7.655198, 45.0915927 ], [ 7.6555305, 45.0916108 ], [ 7.6554913, 45.0919554 ], [ 7.6558251, 45.0919742 ], [ 7.6558469, 45.0926427 ], [ 7.6554871, 45.0926568 ], [ 7.6551279, 45.0921364 ] ] ] } },
{ "type": "Feature", "properties": { }, "geometry": { "type": "Polygon", "coordinates": [ [ [ 7.8138265, 44.9940167 ], [ 7.8140415, 44.993846 ], [ 7.8142689, 44.994021 ], [ 7.8140671, 44.9941598 ], [ 7.8138265, 44.9940167 ] ] ] } },
{ "type": "Feature", "properties": { }, "geometry": { "type": "Polygon", "coordinates": [ [ [ 7.7734244, 45.0286881 ], [ 7.7735149, 45.0284678 ], [ 7.7740122, 45.028517 ], [ 7.7739137, 45.0287355 ], [ 7.7734244, 45.0286881 ] ] ] } },
{ "type": "Feature", "properties": { }, "geometry": { "type": "Polygon", "coordinates": [ [ [ 7.6537459, 45.0604577 ], [ 7.6542457, 45.0602811 ], [ 7.6545371, 45.0607051 ], [ 7.6540436, 45.0608715 ], [ 7.6537459, 45.0604577 ] ] ] } },
{ "type": "Feature", "properties": { }, "geometry": { "type": "Polygon", "coordinates": [ [ [ 7.6982123, 45.0656268 ], [ 7.6984238, 45.0654308 ], [ 7.6984933, 45.0654767 ], [ 7.6983019, 45.0656671 ], [ 7.6982123, 45.0656268 ] ] ] } },
{ "type": "Feature", "properties": { }, "geometry": { "type": "Polygon", "coordinates": [ [ [ 7.6973934, 45.0658189 ], [ 7.6975193, 45.0657358 ], [ 7.6976741, 45.0658505 ], [ 7.697558, 45.065918 ], [ 7.6973934, 45.0658189 ] ] ] } },
{ "type": "Feature", "properties": { }, "geometry": { "type": "Polygon", "coordinates": [ [ [ 7.6253449, 45.0582878 ], [ 7.6253773, 45.0578936 ], [ 7.6273276, 45.0574885 ], [ 7.6271285, 45.0578751 ], [ 7.6272774, 45.0579375 ], [ 7.6271739, 45.0582639 ], [ 7.6253449, 45.0582878 ] ] ] } },
{ "type": "Feature", "properties": { }, "geometry": { "type": "Polygon", "coordinates": [ [ [ 7.8001831, 44.9908567 ], [ 7.8003117, 44.9907529 ], [ 7.8004882, 44.9908491 ], [ 7.8003513, 44.9909673 ], [ 7.8001831, 44.9908567 ] ] ] } },
{ "type": "Feature", "properties": { }, "geometry": { "type": "Polygon", "coordinates": [ [ [ 7.7520417, 45.1007914 ], [ 7.7521958, 45.1001809 ], [ 7.7532596, 45.0998866 ], [ 7.7534252, 45.0999363 ], [ 7.7534957, 45.1001073 ], [ 7.7532587, 45.1009524 ], [ 7.7520417, 45.1007914 ] ] ] } },
{ "type": "Feature", "properties": { }, "geometry": { "type": "Polygon", "coordinates": [ [ [ 7.6564582, 45.0224157 ], [ 7.6565655, 45.0220242 ], [ 7.656705, 45.0220365 ], [ 7.6566031, 45.0224299 ], [ 7.6564582, 45.0224157 ] ] ] } },
{ "type": "Feature", "properties": { }, "geometry": { "type": "Polygon", "coordinates": [ [ [ 7.6203043, 45.0465894 ], [ 7.6266122, 45.0444777 ], [ 7.6268249, 45.0444879 ], [ 7.6268667, 45.0449358 ], [ 7.6203349, 45.0468481 ], [ 7.6203043, 45.0465894 ] ] ] } },
{ "type": "Feature", "properties": { }, "geometry": { "type": "Polygon", "coordinates": [ [ [ 7.608475, 45.0588594 ], [ 7.608746, 45.0588031 ], [ 7.6088488, 45.0590523 ], [ 7.6085719, 45.05911 ], [ 7.608475, 45.0588594 ] ] ] } },
{ "type": "Feature", "properties": { "name": "Giardini Aurelio Ceresa" }, "geometry": { "type": "Polygon", "coordinates": [ [ [ 7.620879, 45.0561278 ], [ 7.6216342, 45.055969 ], [ 7.6219619, 45.0567504 ], [ 7.6212761, 45.0569853 ], [ 7.620879, 45.0561278 ] ] ] } },
{ "type": "Feature", "properties": { }, "geometry": { "type": "Polygon", "coordinates": [ [ [ 7.5818384, 45.0573231 ], [ 7.5824499, 45.0571886 ], [ 7.5825519, 45.0574349 ], [ 7.5820181, 45.0576206 ], [ 7.5818384, 45.0573231 ] ] ] } },
{ "type": "Feature", "properties": { }, "geometry": { "type": "Polygon", "coordinates": [ [ [ 7.5804959, 45.0598013 ], [ 7.5826056, 45.0587409 ], [ 7.5830377, 45.0591489 ], [ 7.5831859, 45.0613409 ], [ 7.5824319, 45.061724 ], [ 7.581894, 45.0616368 ], [ 7.581162, 45.0605156 ], [ 7.5809633, 45.0605737 ], [ 7.5807649, 45.0602716 ], [ 7.5808985, 45.0601986 ], [ 7.5804959, 45.0598013 ] ] ] } },
{ "type": "Feature", "properties": { }, "geometry": { "type": "Polygon", "coordinates": [ [ [ 7.620512, 45.0458252 ], [ 7.62098, 45.0456745 ], [ 7.6211292, 45.0459058 ], [ 7.6206612, 45.0460565 ], [ 7.620512, 45.0458252 ] ] ] } },
{ "type": "Feature", "properties": { }, "geometry": { "type": "Polygon", "coordinates": [ [ [ 7.6544155, 45.0910987 ], [ 7.6545945, 45.0909791 ], [ 7.6550244, 45.0912295 ], [ 7.6545525, 45.0913151 ], [ 7.6544155, 45.0910987 ] ] ] } },
{ "type": "Feature", "properties": { }, "geometry": { "type": "Polygon", "coordinates": [ [ [ 7.6270619, 45.0767645 ], [ 7.6270874, 45.0764918 ], [ 7.6280784, 45.0765212 ], [ 7.6281642, 45.0767626 ], [ 7.6270619, 45.0767645 ] ] ] } },
{ "type": "Feature", "properties": { }, "geometry": { "type": "Polygon", "coordinates": [ [ [ 7.6174283, 45.064634 ], [ 7.6178796, 45.0646148 ], [ 7.6178922, 45.0648208 ], [ 7.6174374, 45.0648356 ], [ 7.6174283, 45.064634 ] ] ] } },
{ "type": "Feature", "properties": { "name": "Giardino area ex Paracchi" }, "geometry": { "type": "MultiPolygon", "coordinates": [ [ [ [ 7.6542299, 45.090781 ], [ 7.6552489, 45.0901755 ], [ 7.6556252, 45.0897283 ], [ 7.6557823, 45.0891395 ], [ 7.6563921, 45.0892595 ], [ 7.6563766, 45.0893484 ], [ 7.6559985, 45.0893154 ], [ 7.6558438, 45.0901526 ], [ 7.6554824, 45.090556 ], [ 7.6553175, 45.0906707 ], [ 7.6551348, 45.0905338 ], [ 7.6543985, 45.0910196 ], [ 7.6542299, 45.090781 ] ] ], [ [ [ 7.6558375, 45.0888072 ], [ 7.6560034, 45.0879809 ], [ 7.6565145, 45.0874577 ], [ 7.6560889, 45.0880701 ], [ 7.6562485, 45.0880843 ], [ 7.6562043, 45.0883002 ], [ 7.6565731, 45.0883361 ], [ 7.656557, 45.0884251 ], [ 7.6561774, 45.0883901 ], [ 7.6561479, 45.0887859 ], [ 7.6558375, 45.0888072 ] ] ] ] } },
{ "type": "Feature", "properties": { }, "geometry": { "type": "Polygon", "coordinates": [ [ [ 7.6558375, 45.0888072 ], [ 7.6560034, 45.0879809 ], [ 7.6565145, 45.0874577 ], [ 7.6560889, 45.0880701 ], [ 7.6562485, 45.0880843 ], [ 7.6562043, 45.0883002 ], [ 7.6565731, 45.0883361 ], [ 7.656557, 45.0884251 ], [ 7.6561774, 45.0883901 ], [ 7.6561479, 45.0887859 ], [ 7.6558375, 45.0888072 ] ] ] } },
{ "type": "Feature", "properties": { }, "geometry": { "type": "Polygon", "coordinates": [ [ [ 7.6555047, 45.0862672 ], [ 7.6558346, 45.0861574 ], [ 7.6559338, 45.0865967 ], [ 7.6555047, 45.0862672 ] ] ] } },
{ "type": "Feature", "properties": { }, "geometry": { "type": "Polygon", "coordinates": [ [ [ 7.6341195, 45.1117469 ], [ 7.6342279, 45.1117496 ], [ 7.634229, 45.1118724 ], [ 7.6341195, 45.1118738 ], [ 7.6341195, 45.1117469 ] ] ] } },
{ "type": "Feature", "properties": { }, "geometry": { "type": "Polygon", "coordinates": [ [ [ 7.6335468, 45.1116475 ], [ 7.6337881, 45.1116458 ], [ 7.6337911, 45.1118616 ], [ 7.6335498, 45.1118632 ], [ 7.6335468, 45.1116475 ] ] ] } },
{ "type": "Feature", "properties": { }, "geometry": { "type": "Polygon", "coordinates": [ [ [ 7.6335235, 45.111281 ], [ 7.6337808, 45.1112783 ], [ 7.6337877, 45.1116074 ], [ 7.6335304, 45.1116101 ], [ 7.6335235, 45.111281 ] ] ] } },
{ "type": "Feature", "properties": { }, "geometry": { "type": "Polygon", "coordinates": [ [ [ 7.6338866, 45.1116394 ], [ 7.6339929, 45.1116393 ], [ 7.6340359, 45.1118565 ], [ 7.6338866, 45.1118565 ], [ 7.6338866, 45.1116394 ] ] ] } },
{ "type": "Feature", "properties": { }, "geometry": { "type": "Polygon", "coordinates": [ [ [ 7.6338826, 45.1112826 ], [ 7.6340413, 45.1112816 ], [ 7.6339893, 45.1116041 ], [ 7.6338864, 45.1116047 ], [ 7.6338826, 45.1112826 ] ] ] } },
{ "type": "Feature", "properties": { }, "geometry": { "type": "Polygon", "coordinates": [ [ [ 7.6341222, 45.111393 ], [ 7.6342285, 45.1113917 ], [ 7.6342296, 45.1115236 ], [ 7.6341276, 45.1115236 ], [ 7.6341222, 45.111393 ] ] ] } },
{ "type": "Feature", "properties": { }, "geometry": { "type": "Polygon", "coordinates": [ [ [ 7.6341258, 45.1112613 ], [ 7.6344946, 45.1112552 ], [ 7.6344982, 45.111363 ], [ 7.6341294, 45.111369 ], [ 7.6341258, 45.1112613 ] ] ] } },
{ "type": "Feature", "properties": { }, "geometry": { "type": "Polygon", "coordinates": [ [ [ 7.6345433, 45.1111677 ], [ 7.6352192, 45.111145 ], [ 7.6352487, 45.111923 ], [ 7.6345594, 45.111923 ], [ 7.6345648, 45.1117432 ], [ 7.6346962, 45.111745 ], [ 7.6345487, 45.1116542 ], [ 7.6345433, 45.1111677 ] ] ] } },
{ "type": "Feature", "properties": { }, "geometry": { "type": "Polygon", "coordinates": [ [ [ 7.6334505, 45.1121596 ], [ 7.6335512, 45.1121608 ], [ 7.6335593, 45.1125811 ], [ 7.6338398, 45.1126012 ], [ 7.6334902, 45.1126227 ], [ 7.6334505, 45.1121596 ] ] ] } },
{ "type": "Feature", "properties": { }, "geometry": { "type": "Polygon", "coordinates": [ [ [ 7.6339638, 45.1120302 ], [ 7.6340556, 45.1120278 ], [ 7.634082, 45.1125844 ], [ 7.63399, 45.1125902 ], [ 7.6339638, 45.1120302 ] ] ] } },
{ "type": "Feature", "properties": { }, "geometry": { "type": "Polygon", "coordinates": [ [ [ 7.6341369, 45.1120278 ], [ 7.6344769, 45.1120737 ], [ 7.6344875, 45.1124972 ], [ 7.6352818, 45.1124862 ], [ 7.6341512, 45.1125801 ], [ 7.6341369, 45.1120278 ] ] ] } },
{ "type": "Feature", "properties": { }, "geometry": { "type": "Polygon", "coordinates": [ [ [ 7.6512079, 45.0011944 ], [ 7.651333, 45.0005648 ], [ 7.6515172, 45.0005554 ], [ 7.6514026, 45.0011991 ], [ 7.6512079, 45.0011944 ] ] ] } },
{ "type": "Feature", "properties": { "name": "Villa Rodrigo" }, "geometry": { "type": "Polygon", "coordinates": [ [ [ 7.7762382, 45.1923259 ], [ 7.7792891, 45.1917874 ], [ 7.7795949, 45.1926947 ], [ 7.7806793, 45.1925041 ], [ 7.7810185, 45.1935244 ], [ 7.7805933, 45.1937066 ], [ 7.7774897, 45.1941538 ], [ 7.7762382, 45.1923259 ] ] ] } },
{ "type": "Feature", "properties": { }, "geometry": { "type": "Polygon", "coordinates": [ [ [ 7.6477177, 45.0988549 ], [ 7.6483726, 45.0986091 ], [ 7.648547, 45.0987946 ], [ 7.6485041, 45.0992756 ], [ 7.6480764, 45.0993204 ], [ 7.6477177, 45.0988549 ] ] ] } },
{ "type": "Feature", "properties": { "name": "Giardino Nella Colombo" }, "geometry": { "type": "Polygon", "coordinates": [ [ [ 7.6839226, 45.1014746 ], [ 7.6840393, 45.1007731 ], [ 7.6846133, 45.1008441 ], [ 7.6844122, 45.1015257 ], [ 7.6839226, 45.1014746 ] ] ] } },
{ "type": "Feature", "properties": { }, "geometry": { "type": "Polygon", "coordinates": [ [ [ 7.6341729, 45.076873 ], [ 7.6350001, 45.0766532 ], [ 7.6351932, 45.0772556 ], [ 7.6342979, 45.077396 ], [ 7.6341729, 45.076873 ] ], [ [ 7.6344237, 45.0770737 ], [ 7.6344687, 45.0772339 ], [ 7.6349728, 45.0771634 ], [ 7.6349278, 45.0770032 ], [ 7.6344237, 45.0770737 ] ] ] } },
{ "type": "Feature", "properties": { "name": "Scuola dell'infanzia municipale \"Casa del sole\"" }, "geometry": { "type": "Polygon", "coordinates": [ [ [ 7.6341729, 45.076873 ], [ 7.6350001, 45.0766532 ], [ 7.6351932, 45.0772556 ], [ 7.6342979, 45.077396 ], [ 7.6341729, 45.076873 ] ] ] } },
{ "type": "Feature", "properties": { }, "geometry": { "type": "Polygon", "coordinates": [ [ [ 7.7206538, 45.0888449 ], [ 7.7206871, 45.08733 ], [ 7.7211592, 45.0859362 ], [ 7.7243349, 45.0815425 ], [ 7.7250441, 45.0818016 ], [ 7.7245116, 45.0832231 ], [ 7.7229985, 45.0855869 ], [ 7.7227678, 45.086432 ], [ 7.7229997, 45.087584 ], [ 7.7243283, 45.0887733 ], [ 7.7248432, 45.0893396 ], [ 7.7248323, 45.0894964 ], [ 7.7219981, 45.0913558 ], [ 7.721924, 45.0915536 ], [ 7.7212558, 45.0906619 ], [ 7.7206538, 45.0888449 ] ] ] } },
{ "type": "Feature", "properties": { "name": "Quadrato" }, "geometry": { "type": "Polygon", "coordinates": [ [ [ 7.6342701, 45.0804508 ], [ 7.6343785, 45.0804431 ], [ 7.6344474, 45.0805629 ], [ 7.6342878, 45.0805771 ], [ 7.6342701, 45.0804508 ] ] ] } },
{ "type": "Feature", "properties": { }, "geometry": { "type": "Polygon", "coordinates": [ [ [ 7.6239404, 45.0409449 ], [ 7.6242768, 45.040921 ], [ 7.6247719, 45.0413342 ], [ 7.6251548, 45.0412507 ], [ 7.6245553, 45.0415593 ], [ 7.6239404, 45.0409449 ] ] ] } },
{ "type": "Feature", "properties": { }, "geometry": { "type": "Polygon", "coordinates": [ [ [ 7.6327337, 45.0800589 ], [ 7.6328806, 45.0800552 ], [ 7.6329951, 45.080809 ], [ 7.6328348, 45.0808228 ], [ 7.6327337, 45.0800589 ] ] ] } },
{ "type": "Feature", "properties": { }, "geometry": { "type": "Polygon", "coordinates": [ [ [ 7.635224, 45.0830029 ], [ 7.6354732, 45.0829879 ], [ 7.6353282, 45.0830833 ], [ 7.6354328, 45.0831704 ], [ 7.6356259, 45.0831022 ], [ 7.6355343, 45.0829831 ], [ 7.6362089, 45.0829404 ], [ 7.6363611, 45.0832042 ], [ 7.6361481, 45.0832123 ], [ 7.6361663, 45.0834501 ], [ 7.6353341, 45.083476 ], [ 7.635224, 45.0830029 ] ] ] } },
{ "type": "Feature", "properties": { }, "geometry": { "type": "Polygon", "coordinates": [ [ [ 7.6304288, 45.0822885 ], [ 7.6308039, 45.0822648 ], [ 7.6307178, 45.0821952 ], [ 7.6310801, 45.0821653 ], [ 7.6308393, 45.0822234 ], [ 7.6309168, 45.0827193 ], [ 7.6306362, 45.0827089 ], [ 7.6307356, 45.0827763 ], [ 7.6304984, 45.0827942 ], [ 7.6304288, 45.0822885 ] ] ] } },
{ "type": "Feature", "properties": { }, "geometry": { "type": "Polygon", "coordinates": [ [ [ 7.6377371, 45.0848266 ], [ 7.6378068, 45.0847442 ], [ 7.637835, 45.0848124 ], [ 7.6377371, 45.0848266 ] ] ] } },
{ "type": "Feature", "properties": { }, "geometry": { "type": "Polygon", "coordinates": [ [ [ 7.7209318, 45.1840465 ], [ 7.7212751, 45.1838045 ], [ 7.7211852, 45.1832506 ], [ 7.7213569, 45.183244 ], [ 7.7214816, 45.1843168 ], [ 7.7218974, 45.1843811 ], [ 7.7214172, 45.1843868 ], [ 7.7212067, 45.1842157 ], [ 7.7212697, 45.184159 ], [ 7.7209318, 45.1840465 ] ] ] } },
{ "type": "Feature", "properties": { }, "geometry": { "type": "Polygon", "coordinates": [ [ [ 7.6377369, 45.0845643 ], [ 7.6378751, 45.0842859 ], [ 7.6396561, 45.0839743 ], [ 7.6398291, 45.0842376 ], [ 7.6418341, 45.0841448 ], [ 7.6419802, 45.084284 ], [ 7.6427634, 45.0842939 ], [ 7.6428787, 45.0843891 ], [ 7.6450527, 45.084498 ], [ 7.6450382, 45.0847271 ], [ 7.6457002, 45.084743 ], [ 7.6464206, 45.08498 ], [ 7.6463901, 45.0850617 ], [ 7.6431411, 45.0847878 ], [ 7.64102, 45.0844999 ], [ 7.6396521, 45.0845415 ], [ 7.638071, 45.0847755 ], [ 7.6380187, 45.0846031 ], [ 7.6377369, 45.0845643 ] ] ] } },
{ "type": "Feature", "properties": { }, "geometry": { "type": "Polygon", "coordinates": [ [ [ 7.6300463, 45.0819594 ], [ 7.6300462, 45.0814874 ], [ 7.6301217, 45.0819528 ], [ 7.6300463, 45.0819594 ] ] ] } },
{ "type": "Feature", "properties": { }, "geometry": { "type": "Polygon", "coordinates": [ [ [ 7.7107729, 45.1782433 ], [ 7.71097, 45.1780967 ], [ 7.7110922, 45.1778123 ], [ 7.7109432, 45.1783397 ], [ 7.7107729, 45.1782433 ] ] ] } },
{ "type": "Feature", "properties": { }, "geometry": { "type": "Polygon", "coordinates": [ [ [ 7.7105892, 45.1780523 ], [ 7.7106555, 45.1777678 ], [ 7.7106938, 45.1777507 ], [ 7.7106428, 45.178041 ], [ 7.7107447, 45.1782225 ], [ 7.7105892, 45.1780523 ] ] ] } },
{ "type": "Feature", "properties": { }, "geometry": { "type": "Polygon", "coordinates": [ [ [ 7.7102579, 45.1780939 ], [ 7.7105731, 45.1780986 ], [ 7.7107233, 45.1782433 ], [ 7.7104926, 45.1783312 ], [ 7.7102579, 45.1780939 ] ] ] } },
{ "type": "Feature", "properties": { }, "geometry": { "type": "Polygon", "coordinates": [ [ [ 7.7103008, 45.1782981 ], [ 7.7102002, 45.1780778 ], [ 7.710384, 45.1782537 ], [ 7.7103008, 45.1782981 ] ] ] } },
{ "type": "Feature", "properties": { }, "geometry": { "type": "Polygon", "coordinates": [ [ [ 7.7100594, 45.1784531 ], [ 7.710097, 45.1782026 ], [ 7.7101319, 45.1781941 ], [ 7.7102874, 45.1783539 ], [ 7.7100594, 45.1784531 ] ] ] } },
{ "type": "Feature", "properties": { }, "geometry": { "type": "Polygon", "coordinates": [ [ [ 7.7101305, 45.1785864 ], [ 7.710337, 45.1784125 ], [ 7.7105637, 45.178612 ], [ 7.7105597, 45.1786309 ], [ 7.7101305, 45.1785864 ] ] ] } },
{ "type": "Feature", "properties": { }, "geometry": { "type": "Polygon", "coordinates": [ [ [ 7.6288655, 45.0818487 ], [ 7.6298305, 45.0818531 ], [ 7.6298766, 45.082128 ], [ 7.6290826, 45.0821905 ], [ 7.6288655, 45.0818487 ] ] ] } },
{ "type": "Feature", "properties": { }, "geometry": { "type": "Polygon", "coordinates": [ [ [ 7.716026, 45.1818686 ], [ 7.7162285, 45.1818393 ], [ 7.7162647, 45.1819952 ], [ 7.7160434, 45.1820245 ], [ 7.716026, 45.1818686 ] ] ] } },
{ "type": "Feature", "properties": { }, "geometry": { "type": "Polygon", "coordinates": [ [ [ 7.7178714, 45.1823563 ], [ 7.71833, 45.1822694 ], [ 7.7182576, 45.1820406 ], [ 7.7183729, 45.1820198 ], [ 7.71855, 45.1827363 ], [ 7.7179706, 45.1827704 ], [ 7.7178714, 45.1823563 ] ] ] } },
{ "type": "Feature", "properties": { }, "geometry": { "type": "Polygon", "coordinates": [ [ [ 7.64699, 45.0847658 ], [ 7.6470436, 45.0845869 ], [ 7.6471831, 45.0845007 ], [ 7.647214, 45.0847895 ], [ 7.64699, 45.0847658 ] ] ] } },
{ "type": "Feature", "properties": { }, "geometry": { "type": "Polygon", "coordinates": [ [ [ 7.6465629, 45.0848037 ], [ 7.6472877, 45.0850086 ], [ 7.647341, 45.0847654 ], [ 7.6477638, 45.0848245 ], [ 7.6478235, 45.084674 ], [ 7.6479697, 45.0852011 ], [ 7.6467351, 45.0849789 ], [ 7.6465629, 45.0848037 ] ] ] } },
{ "type": "Feature", "properties": { }, "geometry": { "type": "Polygon", "coordinates": [ [ [ 7.6462628, 45.084338 ], [ 7.646839, 45.0845057 ], [ 7.6467863, 45.0846853 ], [ 7.646683, 45.0845827 ], [ 7.6465242, 45.0846281 ], [ 7.6466434, 45.0847662 ], [ 7.6464604, 45.0847435 ], [ 7.6462628, 45.084338 ] ] ] } },
{ "type": "Feature", "properties": { }, "geometry": { "type": "Polygon", "coordinates": [ [ [ 7.6457961, 45.0847669 ], [ 7.6465219, 45.0848283 ], [ 7.6467351, 45.0849789 ], [ 7.6477431, 45.0852012 ], [ 7.6465072, 45.0850305 ], [ 7.6457961, 45.0847669 ] ] ] } },
{ "type": "Feature", "properties": { }, "geometry": { "type": "Polygon", "coordinates": [ [ [ 7.6478073, 45.0846162 ], [ 7.6481127, 45.084573 ], [ 7.6478857, 45.0846972 ], [ 7.6481195, 45.0848534 ], [ 7.648093, 45.0850329 ], [ 7.6483485, 45.0849726 ], [ 7.6482935, 45.0847975 ], [ 7.648716, 45.0848713 ], [ 7.6486167, 45.0845555 ], [ 7.6482832, 45.0845489 ], [ 7.6486935, 45.0844908 ], [ 7.6488682, 45.0850638 ], [ 7.6479697, 45.0852011 ], [ 7.6478073, 45.0846162 ] ] ] } },
{ "type": "Feature", "properties": { }, "geometry": { "type": "Polygon", "coordinates": [ [ [ 7.6308254, 45.0770862 ], [ 7.6315683, 45.0771421 ], [ 7.6316005, 45.0773211 ], [ 7.6314114, 45.0773561 ], [ 7.6314226, 45.0775233 ], [ 7.6312787, 45.0773912 ], [ 7.6310816, 45.077511 ], [ 7.6308254, 45.0770862 ] ] ] } },
{ "type": "Feature", "properties": { }, "geometry": { "type": "Polygon", "coordinates": [ [ [ 7.6305325, 45.0773949 ], [ 7.63054, 45.0770345 ], [ 7.6307904, 45.0770354 ], [ 7.6307477, 45.0773781 ], [ 7.6305325, 45.0773949 ] ] ] } },
{ "type": "Feature", "properties": { }, "geometry": { "type": "Polygon", "coordinates": [ [ [ 7.6294322, 45.0780063 ], [ 7.6299553, 45.0778671 ], [ 7.6300009, 45.077995 ], [ 7.6294322, 45.0780063 ] ] ] } },
{ "type": "Feature", "properties": { }, "geometry": { "type": "Polygon", "coordinates": [ [ [ 7.6293478, 45.0774917 ], [ 7.6295544, 45.0774497 ], [ 7.6296685, 45.0776235 ], [ 7.6298836, 45.0776613 ], [ 7.6293925, 45.0777615 ], [ 7.6293478, 45.0774917 ] ] ] } },
{ "type": "Feature", "properties": { }, "geometry": { "type": "Polygon", "coordinates": [ [ [ 7.6288007, 45.0770525 ], [ 7.6290749, 45.0770506 ], [ 7.6291333, 45.077383 ], [ 7.6288511, 45.0774455 ], [ 7.6288007, 45.0770525 ] ] ] } },
{ "type": "Feature", "properties": { }, "geometry": { "type": "Polygon", "coordinates": [ [ [ 7.629032, 45.0776323 ], [ 7.6291676, 45.0775968 ], [ 7.6292385, 45.078013 ], [ 7.6291246, 45.0780178 ], [ 7.629032, 45.0776323 ] ] ] } },
{ "type": "Feature", "properties": { }, "geometry": { "type": "Polygon", "coordinates": [ [ [ 7.625801, 45.0769 ], [ 7.6269168, 45.0769019 ], [ 7.6270253, 45.0770732 ], [ 7.6261208, 45.0770987 ], [ 7.6259049, 45.0770663 ], [ 7.625801, 45.0769 ] ] ] } },
{ "type": "Feature", "properties": { }, "geometry": { "type": "Polygon", "coordinates": [ [ [ 7.6262274, 45.0772656 ], [ 7.626851, 45.0772741 ], [ 7.6272098, 45.077363 ], [ 7.6263616, 45.0775 ], [ 7.6262274, 45.0772656 ] ] ] } },
{ "type": "Feature", "properties": { }, "geometry": { "type": "Polygon", "coordinates": [ [ [ 7.626552, 45.0776784 ], [ 7.6274049, 45.0776766 ], [ 7.6275117, 45.0778477 ], [ 7.6267172, 45.0778713 ], [ 7.626552, 45.0776784 ] ] ] } },
{ "type": "Feature", "properties": { }, "geometry": { "type": "Polygon", "coordinates": [ [ [ 7.6280449, 45.0761168 ], [ 7.628937, 45.0761406 ], [ 7.6290309, 45.076759 ], [ 7.6282892, 45.0767571 ], [ 7.6280449, 45.0761168 ] ] ] } },
{ "type": "Feature", "properties": { }, "geometry": { "type": "Polygon", "coordinates": [ [ [ 7.627506, 45.0760156 ], [ 7.6275409, 45.0755601 ], [ 7.627836, 45.0755699 ], [ 7.6280143, 45.0760378 ], [ 7.627506, 45.0760156 ] ] ] } },
{ "type": "Feature", "properties": { }, "geometry": { "type": "Polygon", "coordinates": [ [ [ 7.6290191, 45.0755344 ], [ 7.6289815, 45.0751935 ], [ 7.6291036, 45.075524 ], [ 7.6290191, 45.0755344 ] ] ] } },
{ "type": "Feature", "properties": { }, "geometry": { "type": "Polygon", "coordinates": [ [ [ 7.7115038, 45.183589 ], [ 7.7116607, 45.1835408 ], [ 7.71176, 45.1837345 ], [ 7.7120081, 45.1837714 ], [ 7.7123111, 45.1837497 ], [ 7.7123272, 45.183589 ], [ 7.7125069, 45.1835644 ], [ 7.7125767, 45.1837837 ], [ 7.7122857, 45.1838726 ], [ 7.7122562, 45.1840011 ], [ 7.7118096, 45.1838518 ], [ 7.7118123, 45.1837601 ], [ 7.7115145, 45.1838366 ], [ 7.7115038, 45.183589 ] ] ] } },
{ "type": "Feature", "properties": { }, "geometry": { "type": "Polygon", "coordinates": [ [ [ 7.7127068, 45.1835398 ], [ 7.7133076, 45.1833092 ], [ 7.7135409, 45.1837383 ], [ 7.7133532, 45.183778 ], [ 7.7133854, 45.1838962 ], [ 7.7131265, 45.1838555 ], [ 7.7130595, 45.1837705 ], [ 7.7132593, 45.1837175 ], [ 7.7132191, 45.1836164 ], [ 7.7127188, 45.1836844 ], [ 7.7127068, 45.1835398 ] ] ] } },
{ "type": "Feature", "properties": { }, "geometry": { "type": "Polygon", "coordinates": [ [ [ 7.7194753, 45.1832657 ], [ 7.7196711, 45.1833905 ], [ 7.719816, 45.1837383 ], [ 7.7199635, 45.184642 ], [ 7.7198401, 45.1847327 ], [ 7.7197355, 45.1836646 ], [ 7.7194753, 45.1832657 ] ] ] } },
{ "type": "Feature", "properties": { }, "geometry": { "type": "Polygon", "coordinates": [ [ [ 7.7174798, 45.1856761 ], [ 7.7178057, 45.1856638 ], [ 7.7178311, 45.1859814 ], [ 7.7177399, 45.1858056 ], [ 7.7174878, 45.1858188 ], [ 7.7174798, 45.1856761 ] ] ] } },
{ "type": "Feature", "properties": { }, "geometry": { "type": "Polygon", "coordinates": [ [ [ 7.7173859, 45.1850466 ], [ 7.7176568, 45.1850314 ], [ 7.7177721, 45.1854152 ], [ 7.7174261, 45.1854435 ], [ 7.7173859, 45.1850466 ] ] ] } },
{ "type": "Feature", "properties": { }, "geometry": { "type": "Polygon", "coordinates": [ [ [ 7.7175285, 45.1863403 ], [ 7.7176268, 45.1862493 ], [ 7.7176278, 45.1863398 ], [ 7.7175285, 45.1863403 ] ] ] } },
{ "type": "Feature", "properties": { }, "geometry": { "type": "Polygon", "coordinates": [ [ [ 7.7176709, 45.1864743 ], [ 7.7177728, 45.1863637 ], [ 7.7177748, 45.1864738 ], [ 7.7176709, 45.1864743 ] ] ] } },
{ "type": "Feature", "properties": { }, "geometry": { "type": "Polygon", "coordinates": [ [ [ 7.7176312, 45.1864754 ], [ 7.7175279, 45.1863696 ], [ 7.7176314, 45.1864009 ], [ 7.7176312, 45.1864754 ] ] ] } },
{ "type": "Feature", "properties": { }, "geometry": { "type": "Polygon", "coordinates": [ [ [ 7.7207869, 45.1856817 ], [ 7.7208352, 45.185056 ], [ 7.7217069, 45.1849464 ], [ 7.7216613, 45.1858708 ], [ 7.7214079, 45.1858613 ], [ 7.7213019, 45.1856761 ], [ 7.7207869, 45.1856817 ] ] ] } },
{ "type": "Feature", "properties": { }, "geometry": { "type": "Polygon", "coordinates": [ [ [ 7.7183542, 45.1860806 ], [ 7.719132, 45.185884 ], [ 7.719124, 45.1861411 ], [ 7.7188209, 45.1862281 ], [ 7.7189845, 45.1865306 ], [ 7.7191481, 45.1865835 ], [ 7.7192795, 45.1869824 ], [ 7.71947, 45.1869521 ], [ 7.7195156, 45.1870561 ], [ 7.7193385, 45.1871052 ], [ 7.7194029, 45.1873132 ], [ 7.719191, 45.1876119 ], [ 7.7190864, 45.1876251 ], [ 7.718963, 45.1873718 ], [ 7.7192581, 45.1872697 ], [ 7.7191669, 45.1871015 ], [ 7.7188611, 45.1871695 ], [ 7.718794, 45.1870221 ], [ 7.7191454, 45.1869389 ], [ 7.7191079, 45.1867574 ], [ 7.7186814, 45.1867593 ], [ 7.7186412, 45.1866799 ], [ 7.7188209, 45.1866213 ], [ 7.7186653, 45.1862848 ], [ 7.7184695, 45.1863188 ], [ 7.7183542, 45.1860806 ] ] ] } },
{ "type": "Feature", "properties": { }, "geometry": { "type": "Polygon", "coordinates": [ [ [ 7.7143899, 45.1883434 ], [ 7.7145199, 45.1882726 ], [ 7.7150416, 45.1888037 ], [ 7.7151543, 45.1887414 ], [ 7.7152415, 45.1889172 ], [ 7.7154668, 45.1889616 ], [ 7.7151436, 45.1889814 ], [ 7.7147023, 45.1886213 ], [ 7.7147855, 45.1885618 ], [ 7.7146688, 45.1885892 ], [ 7.7143899, 45.1883434 ] ] ] } },
{ "type": "Feature", "properties": { }, "geometry": { "type": "Polygon", "coordinates": [ [ [ 7.6256603, 45.0766806 ], [ 7.6258645, 45.0766211 ], [ 7.6259451, 45.0767626 ], [ 7.6257156, 45.0767646 ], [ 7.6256603, 45.0766806 ] ] ] } },
{ "type": "Feature", "properties": { }, "geometry": { "type": "Polygon", "coordinates": [ [ [ 7.6260066, 45.076401 ], [ 7.6267014, 45.0763901 ], [ 7.6266835, 45.0766263 ], [ 7.6261421, 45.0766278 ], [ 7.6260066, 45.076401 ] ] ] } },
{ "type": "Feature", "properties": { }, "geometry": { "type": "Polygon", "coordinates": [ [ [ 7.6256767, 45.0761854 ], [ 7.6259409, 45.0760983 ], [ 7.6262194, 45.0761059 ], [ 7.6262124, 45.0762392 ], [ 7.6257537, 45.076322 ], [ 7.6256767, 45.0761854 ] ] ] } },
{ "type": "Feature", "properties": { }, "geometry": { "type": "Polygon", "coordinates": [ [ [ 7.6253319, 45.0758096 ], [ 7.6256633, 45.0756807 ], [ 7.6262432, 45.0756939 ], [ 7.6262337, 45.0758341 ], [ 7.6254123, 45.0759436 ], [ 7.6253319, 45.0758096 ] ] ] } },
{ "type": "Feature", "properties": { }, "geometry": { "type": "Polygon", "coordinates": [ [ [ 7.6249326, 45.0751317 ], [ 7.626274, 45.0751845 ], [ 7.6262595, 45.0754214 ], [ 7.6249901, 45.0754837 ], [ 7.6249326, 45.0751317 ] ] ] } },
{ "type": "Feature", "properties": { }, "geometry": { "type": "Polygon", "coordinates": [ [ [ 7.6245913, 45.0759208 ], [ 7.624952, 45.0758072 ], [ 7.6255488, 45.0767571 ], [ 7.6251143, 45.0767495 ], [ 7.6245913, 45.0759208 ] ] ] } },
{ "type": "Feature", "properties": { }, "geometry": { "type": "Polygon", "coordinates": [ [ [ 7.6252181, 45.0769227 ], [ 7.6256365, 45.0769237 ], [ 7.6263607, 45.0780867 ], [ 7.6259556, 45.078098 ], [ 7.6252181, 45.0769227 ] ] ] } },
{ "type": "Feature", "properties": { }, "geometry": { "type": "Polygon", "coordinates": [ [ [ 7.6260549, 45.0782761 ], [ 7.6264733, 45.0782628 ], [ 7.6272203, 45.0794674 ], [ 7.6268529, 45.079564 ], [ 7.6260549, 45.0782761 ] ] ] } },
{ "type": "Feature", "properties": { }, "geometry": { "type": "Polygon", "coordinates": [ [ [ 7.6269803, 45.0797657 ], [ 7.6273517, 45.0796691 ], [ 7.6275878, 45.0800379 ], [ 7.6271573, 45.0800507 ], [ 7.6269803, 45.0797657 ] ] ] } },
{ "type": "Feature", "properties": { }, "geometry": { "type": "Polygon", "coordinates": [ [ [ 7.6272588, 45.0802133 ], [ 7.6276759, 45.0802058 ], [ 7.6288949, 45.0821745 ], [ 7.6285047, 45.0822057 ], [ 7.6272588, 45.0802133 ] ] ] } },
{ "type": "Feature", "properties": { }, "geometry": { "type": "Polygon", "coordinates": [ [ [ 7.6351498, 45.0766271 ], [ 7.6354714, 45.0765743 ], [ 7.6355742, 45.0770444 ], [ 7.6357835, 45.0770248 ], [ 7.6358047, 45.0771671 ], [ 7.6353386, 45.0772338 ], [ 7.6353067, 45.0771323 ], [ 7.6354992, 45.0770725 ], [ 7.6354332, 45.0768678 ], [ 7.6352346, 45.0769074 ], [ 7.6351498, 45.0766271 ] ] ] } },
{ "type": "Feature", "properties": { }, "geometry": { "type": "Polygon", "coordinates": [ [ [ 7.6353819, 45.0773572 ], [ 7.6358369, 45.0772931 ], [ 7.6358742, 45.0774851 ], [ 7.6354402, 45.0775566 ], [ 7.6353819, 45.0773572 ] ] ] } },
{ "type": "Feature", "properties": { }, "geometry": { "type": "Polygon", "coordinates": [ [ [ 7.6334511, 45.0779109 ], [ 7.6336054, 45.0778294 ], [ 7.6336168, 45.077906 ], [ 7.6334511, 45.0779109 ] ] ] } },
{ "type": "Feature", "properties": { }, "geometry": { "type": "Polygon", "coordinates": [ [ [ 7.6441278, 45.0813221 ], [ 7.6443549, 45.0813113 ], [ 7.6444627, 45.0813864 ], [ 7.644138, 45.0814564 ], [ 7.6441278, 45.0813221 ] ] ] } },
{ "type": "Feature", "properties": { }, "geometry": { "type": "Polygon", "coordinates": [ [ [ 7.645293, 45.0812841 ], [ 7.6455183, 45.081269 ], [ 7.6455438, 45.0814981 ], [ 7.6453024, 45.0815142 ], [ 7.645293, 45.0812841 ] ] ] } },
{ "type": "Feature", "properties": { }, "geometry": { "type": "Polygon", "coordinates": [ [ [ 7.6452362, 45.0799752 ], [ 7.6458531, 45.0799581 ], [ 7.6459175, 45.0800623 ], [ 7.6452415, 45.0800831 ], [ 7.6452362, 45.0799752 ] ] ] } },
{ "type": "Feature", "properties": { }, "geometry": { "type": "Polygon", "coordinates": [ [ [ 7.6451383, 45.0791397 ], [ 7.645149, 45.0789351 ], [ 7.6452898, 45.0791274 ], [ 7.6451383, 45.0791397 ] ] ] } },
{ "type": "Feature", "properties": { }, "geometry": { "type": "Polygon", "coordinates": [ [ [ 7.6453705, 45.0798616 ], [ 7.6455725, 45.079773 ], [ 7.6455739, 45.0798594 ], [ 7.6453705, 45.0798616 ] ] ] } },
{ "type": "Feature", "properties": { }, "geometry": { "type": "Polygon", "coordinates": [ [ [ 7.6432879, 45.07841 ], [ 7.6436303, 45.0784532 ], [ 7.6434224, 45.0785219 ], [ 7.6434364, 45.0787531 ], [ 7.6436437, 45.0787491 ], [ 7.6436483, 45.0788481 ], [ 7.6434415, 45.0788541 ], [ 7.6434547, 45.0790677 ], [ 7.6436589, 45.0790616 ], [ 7.6436643, 45.0791663 ], [ 7.6434588, 45.0791726 ], [ 7.6434714, 45.0793862 ], [ 7.6436753, 45.0793798 ], [ 7.6436871, 45.0796094 ], [ 7.6433989, 45.0795868 ], [ 7.643578, 45.0796752 ], [ 7.643304, 45.0796797 ], [ 7.6432879, 45.07841 ] ] ] } },
{ "type": "Feature", "properties": { }, "geometry": { "type": "Polygon", "coordinates": [ [ [ 7.6411011, 45.0780246 ], [ 7.6413576, 45.0779652 ], [ 7.6413581, 45.0779884 ], [ 7.6411011, 45.0780246 ] ] ] } },
{ "type": "Feature", "properties": { }, "geometry": { "type": "Polygon", "coordinates": [ [ [ 7.6411085, 45.07812 ], [ 7.6413283, 45.0782197 ], [ 7.6414259, 45.0780974 ], [ 7.6414374, 45.0783041 ], [ 7.6411247, 45.0783123 ], [ 7.6411085, 45.07812 ] ] ] } },
{ "type": "Feature", "properties": { }, "geometry": { "type": "Polygon", "coordinates": [ [ [ 7.6414247, 45.0780754 ], [ 7.6416915, 45.0780714 ], [ 7.6416932, 45.0781198 ], [ 7.6414368, 45.0782931 ], [ 7.6414247, 45.0780754 ] ] ] } },
{ "type": "Feature", "properties": { }, "geometry": { "type": "Polygon", "coordinates": [ [ [ 7.6411247, 45.0783123 ], [ 7.6414781, 45.078303 ], [ 7.6415107, 45.0787918 ], [ 7.641168, 45.0787695 ], [ 7.6413479, 45.0787098 ], [ 7.6413144, 45.0783675 ], [ 7.6411247, 45.0783123 ] ] ] } },
{ "type": "Feature", "properties": { }, "geometry": { "type": "Polygon", "coordinates": [ [ [ 7.6223796, 45.0749344 ], [ 7.6235589, 45.0749389 ], [ 7.6235336, 45.0755836 ], [ 7.6231709, 45.0755746 ], [ 7.6231856, 45.0752545 ], [ 7.6224849, 45.0752672 ], [ 7.6223796, 45.0749344 ] ] ] } },
{ "type": "Feature", "properties": { }, "geometry": { "type": "Polygon", "coordinates": [ [ [ 7.6239864, 45.0764233 ], [ 7.624661, 45.0763136 ], [ 7.6248381, 45.0765952 ], [ 7.624584, 45.0766293 ], [ 7.624484, 45.0764195 ], [ 7.6240638, 45.0766677 ], [ 7.6239864, 45.0764233 ] ] ] } },
{ "type": "Feature", "properties": { }, "geometry": { "type": "Polygon", "coordinates": [ [ [ 7.6244776, 45.0767582 ], [ 7.6248949, 45.076684 ], [ 7.6249426, 45.0767561 ], [ 7.6244776, 45.0767582 ] ] ] } },
{ "type": "Feature", "properties": { }, "geometry": { "type": "Polygon", "coordinates": [ [ [ 7.6399744, 45.0774637 ], [ 7.6401915, 45.0774436 ], [ 7.6402552, 45.0778297 ], [ 7.6400417, 45.0778301 ], [ 7.6399744, 45.0774637 ] ] ] } },
{ "type": "Feature", "properties": { }, "geometry": { "type": "Polygon", "coordinates": [ [ [ 7.6397488, 45.0762697 ], [ 7.6408061, 45.076294 ], [ 7.6406264, 45.0764512 ], [ 7.6406184, 45.0767906 ], [ 7.6410075, 45.0768025 ], [ 7.6410193, 45.076612 ], [ 7.641137, 45.0766168 ], [ 7.6412691, 45.0773027 ], [ 7.6402964, 45.0773913 ], [ 7.6401447, 45.0772391 ], [ 7.6399831, 45.0772542 ], [ 7.6399593, 45.0773776 ], [ 7.6397488, 45.0762697 ] ] ] } },
{ "type": "Feature", "properties": { }, "geometry": { "type": "Polygon", "coordinates": [ [ [ 7.6411782, 45.0768316 ], [ 7.6415591, 45.0767986 ], [ 7.6418047, 45.0767825 ], [ 7.6417457, 45.0770487 ], [ 7.6413066, 45.0770514 ], [ 7.6412691, 45.0773027 ], [ 7.6411782, 45.0768316 ] ] ] } },
{ "type": "Feature", "properties": { }, "geometry": { "type": "Polygon", "coordinates": [ [ [ 7.6411641, 45.0763798 ], [ 7.6414189, 45.0762671 ], [ 7.6418972, 45.0764001 ], [ 7.6417544, 45.0767854 ], [ 7.6415591, 45.0767986 ], [ 7.6413337, 45.0767508 ], [ 7.6414887, 45.0766819 ], [ 7.6414451, 45.0764923 ], [ 7.6411641, 45.0763798 ] ] ] } },
{ "type": "Feature", "properties": { }, "geometry": { "type": "Polygon", "coordinates": [ [ [ 7.641231, 45.0760424 ], [ 7.6412491, 45.0758131 ], [ 7.6415329, 45.0757991 ], [ 7.6415165, 45.0760528 ], [ 7.641231, 45.0760424 ] ] ] } },
{ "type": "Feature", "properties": { }, "geometry": { "type": "Polygon", "coordinates": [ [ [ 7.6274702, 45.0814072 ], [ 7.6276664, 45.0815789 ], [ 7.6279102, 45.0815461 ], [ 7.6275821, 45.0816708 ], [ 7.6274702, 45.0814072 ] ] ] } },
{ "type": "Feature", "properties": { }, "geometry": { "type": "Polygon", "coordinates": [ [ [ 7.6281586, 45.0822774 ], [ 7.6282948, 45.0821679 ], [ 7.6283514, 45.082262 ], [ 7.6281586, 45.0822774 ] ] ] } },
{ "type": "Feature", "properties": { }, "geometry": { "type": "Polygon", "coordinates": [ [ [ 7.6268254, 45.0806996 ], [ 7.627006, 45.08064 ], [ 7.6270966, 45.0807781 ], [ 7.626916, 45.0808368 ], [ 7.6268254, 45.0806996 ] ] ] } },
{ "type": "Feature", "properties": { }, "geometry": { "type": "Polygon", "coordinates": [ [ [ 7.6279962, 45.0830418 ], [ 7.6283974, 45.0829167 ], [ 7.6284736, 45.0830399 ], [ 7.6280713, 45.0831621 ], [ 7.6279962, 45.0830418 ] ] ] } },
{ "type": "Feature", "properties": { }, "geometry": { "type": "Polygon", "coordinates": [ [ [ 7.6278418, 45.0827995 ], [ 7.628031, 45.0827398 ], [ 7.6281571, 45.0829396 ], [ 7.627968, 45.0829983 ], [ 7.6278418, 45.0827995 ] ] ] } },
{ "type": "Feature", "properties": { }, "geometry": { "type": "Polygon", "coordinates": [ [ [ 7.6283815, 45.0836528 ], [ 7.6287201, 45.0835459 ], [ 7.6284536, 45.0834146 ], [ 7.628959, 45.0832566 ], [ 7.6288205, 45.0833368 ], [ 7.6289977, 45.0836185 ], [ 7.6291561, 45.0835689 ], [ 7.629234, 45.0836862 ], [ 7.6283815, 45.0836528 ] ] ] } },
{ "type": "Feature", "properties": { }, "geometry": { "type": "Polygon", "coordinates": [ [ [ 7.628718, 45.08442 ], [ 7.629571, 45.0843982 ], [ 7.6295416, 45.0847309 ], [ 7.6291648, 45.0846126 ], [ 7.629054, 45.0847885 ], [ 7.6292522, 45.0848507 ], [ 7.6292545, 45.0850101 ], [ 7.6290933, 45.0850316 ], [ 7.628718, 45.08442 ] ] ] } },
{ "type": "Feature", "properties": { }, "geometry": { "type": "Polygon", "coordinates": [ [ [ 7.6282732, 45.0849265 ], [ 7.6289062, 45.084722 ], [ 7.6290933, 45.0850316 ], [ 7.6289104, 45.0850646 ], [ 7.6288917, 45.0848435 ], [ 7.628573, 45.0850776 ], [ 7.6284616, 45.0849125 ], [ 7.6282732, 45.0849265 ] ] ] } },
{ "type": "Feature", "properties": { }, "geometry": { "type": "Polygon", "coordinates": [ [ [ 7.6284175, 45.0851534 ], [ 7.6290933, 45.0850316 ], [ 7.6291729, 45.0853037 ], [ 7.6286346, 45.0854969 ], [ 7.6284175, 45.0851534 ] ] ] } },
{ "type": "Feature", "properties": { }, "geometry": { "type": "Polygon", "coordinates": [ [ [ 7.6291791, 45.085153 ], [ 7.6299529, 45.0849904 ], [ 7.6298532, 45.0850212 ], [ 7.6300081, 45.0852807 ], [ 7.6295125, 45.0854461 ], [ 7.6291791, 45.085153 ] ] ] } },
{ "type": "Feature", "properties": { }, "geometry": { "type": "Polygon", "coordinates": [ [ [ 7.6270229, 45.0827517 ], [ 7.6270538, 45.0825083 ], [ 7.6274279, 45.0824827 ], [ 7.6278204, 45.083096 ], [ 7.6277279, 45.0831258 ], [ 7.6273811, 45.0825885 ], [ 7.6271847, 45.0826517 ], [ 7.6272427, 45.0827414 ], [ 7.6270229, 45.0827517 ] ] ] } },
{ "type": "Feature", "properties": { }, "geometry": { "type": "Polygon", "coordinates": [ [ [ 7.6262756, 45.0813647 ], [ 7.6266744, 45.0813346 ], [ 7.6268998, 45.081674 ], [ 7.6266741, 45.0814101 ], [ 7.6264236, 45.0814786 ], [ 7.6262756, 45.0813647 ] ] ] } },
{ "type": "Feature", "properties": { }, "geometry": { "type": "Polygon", "coordinates": [ [ [ 7.7172739, 45.1844321 ], [ 7.7174161, 45.1844931 ], [ 7.7174556, 45.1845848 ], [ 7.717284, 45.1845905 ], [ 7.7172739, 45.1844321 ] ] ] } },
{ "type": "Feature", "properties": { }, "geometry": { "type": "Polygon", "coordinates": [ [ [ 7.6258085, 45.085722 ], [ 7.6261706, 45.0856917 ], [ 7.6267758, 45.0861005 ], [ 7.6260543, 45.0863462 ], [ 7.6258085, 45.085722 ] ] ] } },
{ "type": "Feature", "properties": { }, "geometry": { "type": "Polygon", "coordinates": [ [ [ 7.6251135, 45.084002 ], [ 7.6267737, 45.0839498 ], [ 7.6259382, 45.0840136 ], [ 7.6259409, 45.0842171 ], [ 7.6255106, 45.0842318 ], [ 7.6260388, 45.0843402 ], [ 7.6255049, 45.0844033 ], [ 7.6255229, 45.0845037 ], [ 7.6260486, 45.0844567 ], [ 7.6260891, 45.0845814 ], [ 7.6255684, 45.084661 ], [ 7.6255991, 45.0847609 ], [ 7.6262212, 45.0846622 ], [ 7.6261727, 45.084242 ], [ 7.6266956, 45.0842424 ], [ 7.6266991, 45.0844951 ], [ 7.626476, 45.0843892 ], [ 7.6264431, 45.0848586 ], [ 7.6266926, 45.0847504 ], [ 7.6268167, 45.0850939 ], [ 7.6264477, 45.0849691 ], [ 7.6262906, 45.0849713 ], [ 7.6262935, 45.0850713 ], [ 7.6266704, 45.0851839 ], [ 7.6266736, 45.0852954 ], [ 7.6269888, 45.0852115 ], [ 7.6269906, 45.0853507 ], [ 7.6274475, 45.0852617 ], [ 7.6274462, 45.0851636 ], [ 7.626908, 45.0851213 ], [ 7.6277488, 45.0851146 ], [ 7.6277502, 45.0852496 ], [ 7.6270557, 45.0854303 ], [ 7.6265381, 45.0857456 ], [ 7.6256942, 45.0851905 ], [ 7.6259248, 45.0850532 ], [ 7.6258122, 45.0848818 ], [ 7.6255332, 45.0850371 ], [ 7.6251135, 45.084002 ] ] ] } },
{ "type": "Feature", "properties": { }, "geometry": { "type": "Polygon", "coordinates": [ [ [ 7.626812, 45.0855632 ], [ 7.6275362, 45.085308 ], [ 7.6275654, 45.0858134 ], [ 7.627401, 45.0857074 ], [ 7.6274458, 45.0854144 ], [ 7.6271939, 45.0854346 ], [ 7.6272033, 45.0855719 ], [ 7.6270232, 45.0857028 ], [ 7.626812, 45.0855632 ] ] ] } },
{ "type": "Feature", "properties": { }, "geometry": { "type": "Polygon", "coordinates": [ [ [ 7.6275362, 45.085308 ], [ 7.6277502, 45.0852496 ], [ 7.6275495, 45.0855542 ], [ 7.6275362, 45.085308 ] ] ] } },
{ "type": "Feature", "properties": { }, "geometry": { "type": "Polygon", "coordinates": [ [ [ 7.6275498, 45.0855869 ], [ 7.6276308, 45.0856269 ], [ 7.6276378, 45.0856816 ], [ 7.6275581, 45.0856979 ], [ 7.6275498, 45.0855869 ] ] ] } },
{ "type": "Feature", "properties": { }, "geometry": { "type": "Polygon", "coordinates": [ [ [ 7.6269582, 45.0839447 ], [ 7.6274035, 45.083932 ], [ 7.6275108, 45.0840948 ], [ 7.6271754, 45.0841484 ], [ 7.627124, 45.0839673 ], [ 7.6269582, 45.0839447 ] ] ] } },
{ "type": "Feature", "properties": { }, "geometry": { "type": "Polygon", "coordinates": [ [ [ 7.6248305, 45.0832989 ], [ 7.6256513, 45.0832601 ], [ 7.6256097, 45.0837667 ], [ 7.6250478, 45.0838339 ], [ 7.6248305, 45.0832989 ] ] ] } },
{ "type": "Feature", "properties": { }, "geometry": { "type": "Polygon", "coordinates": [ [ [ 7.6258114, 45.0827827 ], [ 7.6260153, 45.0827691 ], [ 7.626185, 45.083074 ], [ 7.6267899, 45.0829865 ], [ 7.6268489, 45.0830773 ], [ 7.6258269, 45.0831412 ], [ 7.6258114, 45.0827827 ] ] ] } },
{ "type": "Feature", "properties": { }, "geometry": { "type": "Polygon", "coordinates": [ [ [ 7.6246679, 45.0819205 ], [ 7.6247615, 45.0819149 ], [ 7.624736, 45.0817549 ], [ 7.6250894, 45.0817459 ], [ 7.6251524, 45.0821872 ], [ 7.6247396, 45.0822208 ], [ 7.6250505, 45.0821038 ], [ 7.6246884, 45.0821341 ], [ 7.6246679, 45.0819205 ] ] ] } },
{ "type": "Feature", "properties": { }, "geometry": { "type": "Polygon", "coordinates": [ [ [ 7.6241734, 45.0816569 ], [ 7.6243082, 45.0816469 ], [ 7.6243189, 45.0815275 ], [ 7.6243565, 45.0817705 ], [ 7.6241734, 45.0816569 ] ] ] } },
{ "type": "Feature", "properties": { }, "geometry": { "type": "Polygon", "coordinates": [ [ [ 7.6261626, 45.0823293 ], [ 7.6263304, 45.082274 ], [ 7.6264195, 45.0824177 ], [ 7.626231, 45.0824345 ], [ 7.6261626, 45.0823293 ] ] ] } },
{ "type": "Feature", "properties": { }, "geometry": { "type": "Polygon", "coordinates": [ [ [ 7.6253665, 45.081564 ], [ 7.6256752, 45.0815119 ], [ 7.6257799, 45.0816653 ], [ 7.6259157, 45.0816466 ], [ 7.6253931, 45.081738 ], [ 7.6253665, 45.081564 ] ] ] } },
{ "type": "Feature", "properties": { }, "geometry": { "type": "Polygon", "coordinates": [ [ [ 7.6244486, 45.07966 ], [ 7.6244928, 45.0794354 ], [ 7.624643, 45.0796671 ], [ 7.6244486, 45.07966 ] ] ] } },
{ "type": "Feature", "properties": { }, "geometry": { "type": "Polygon", "coordinates": [ [ [ 7.624003, 45.0801335 ], [ 7.6240941, 45.0800856 ], [ 7.6240949, 45.0801316 ], [ 7.624003, 45.0801335 ] ] ] } },
{ "type": "Feature", "properties": { }, "geometry": { "type": "Polygon", "coordinates": [ [ [ 7.6241418, 45.0801297 ], [ 7.6242605, 45.0800828 ], [ 7.6242612, 45.0801269 ], [ 7.6241418, 45.0801297 ] ] ] } },
{ "type": "Feature", "properties": { }, "geometry": { "type": "Polygon", "coordinates": [ [ [ 7.6243088, 45.0801257 ], [ 7.6244247, 45.0800799 ], [ 7.6244244, 45.0801233 ], [ 7.6243088, 45.0801257 ] ] ] } },
{ "type": "Feature", "properties": { }, "geometry": { "type": "Polygon", "coordinates": [ [ [ 7.6246038, 45.0801205 ], [ 7.6244769, 45.0800789 ], [ 7.6246037, 45.0800763 ], [ 7.6246038, 45.0801205 ] ] ] } },
{ "type": "Feature", "properties": { }, "geometry": { "type": "Polygon", "coordinates": [ [ [ 7.6246544, 45.0801198 ], [ 7.6247889, 45.0800369 ], [ 7.6247527, 45.079839 ], [ 7.6249086, 45.080115 ], [ 7.6246544, 45.0801198 ] ] ] } },
{ "type": "Feature", "properties": { }, "geometry": { "type": "Polygon", "coordinates": [ [ [ 7.6246542, 45.079828 ], [ 7.6246876, 45.0797386 ], [ 7.6247299, 45.0798058 ], [ 7.6246542, 45.079828 ] ] ] } },
{ "type": "Feature", "properties": { }, "geometry": { "type": "Polygon", "coordinates": [ [ [ 7.623887, 45.0798504 ], [ 7.6237388, 45.079785 ], [ 7.6238881, 45.079785 ], [ 7.623887, 45.0798504 ] ] ] } },
{ "type": "Feature", "properties": { "name": "Parco Piazza Hermada" }, "geometry": { "type": "Polygon", "coordinates": [ [ [ 7.7117213, 45.0642651 ], [ 7.712061, 45.0638648 ], [ 7.7121737, 45.0639339 ], [ 7.7118468, 45.0643103 ], [ 7.7117213, 45.0642651 ] ] ] } },
{ "type": "Feature", "properties": { }, "geometry": { "type": "Polygon", "coordinates": [ [ [ 7.6230491, 45.0787922 ], [ 7.6232199, 45.0787575 ], [ 7.6233907, 45.0787228 ], [ 7.6232528, 45.0787808 ], [ 7.6233249, 45.0789125 ], [ 7.6231251, 45.0789543 ], [ 7.6230491, 45.0787922 ] ] ] } },
{ "type": "Feature", "properties": { }, "geometry": { "type": "Polygon", "coordinates": [ [ [ 7.5447834, 45.0716412 ], [ 7.5458669, 45.0716211 ], [ 7.5458709, 45.0716807 ], [ 7.5447834, 45.0716412 ] ] ] } },
{ "type": "Feature", "properties": { }, "geometry": { "type": "Polygon", "coordinates": [ [ [ 7.6774027, 45.101057 ], [ 7.6776097, 45.1010475 ], [ 7.6777563, 45.1019625 ], [ 7.6775495, 45.1019796 ], [ 7.6774027, 45.101057 ] ] ] } },
{ "type": "Feature", "properties": { }, "geometry": { "type": "Polygon", "coordinates": [ [ [ 7.6775495, 45.1019796 ], [ 7.6777563, 45.1019625 ], [ 7.6778801, 45.1027087 ], [ 7.6776734, 45.1027258 ], [ 7.6775495, 45.1019796 ] ] ] } },
{ "type": "Feature", "properties": { }, "geometry": { "type": "Polygon", "coordinates": [ [ [ 7.5446125, 45.0721518 ], [ 7.5446799, 45.0720484 ], [ 7.544717, 45.0721273 ], [ 7.5446125, 45.0721518 ] ] ] } },
{ "type": "Feature", "properties": { }, "geometry": { "type": "Polygon", "coordinates": [ [ [ 7.5446824, 45.072198 ], [ 7.5447147, 45.0721454 ], [ 7.5447335, 45.0721863 ], [ 7.5446824, 45.072198 ] ] ] } },
{ "type": "Feature", "properties": { }, "geometry": { "type": "Polygon", "coordinates": [ [ [ 7.5410224, 45.0730915 ], [ 7.5414589, 45.0729153 ], [ 7.5414892, 45.0729767 ], [ 7.5410224, 45.0730915 ] ] ] } },
{ "type": "Feature", "properties": { }, "geometry": { "type": "Polygon", "coordinates": [ [ [ 7.6229444, 45.0785002 ], [ 7.6231542, 45.0784552 ], [ 7.6231416, 45.0786656 ], [ 7.6230208, 45.0786904 ], [ 7.6229444, 45.0785002 ] ] ] } },
{ "type": "Feature", "properties": { }, "geometry": { "type": "Polygon", "coordinates": [ [ [ 7.6229, 45.078509 ], [ 7.6231228, 45.078418 ], [ 7.6230882, 45.0783091 ], [ 7.6232226, 45.0783071 ], [ 7.6232251, 45.0784399 ], [ 7.6229, 45.078509 ] ] ] } },
{ "type": "Feature", "properties": { }, "geometry": { "type": "Polygon", "coordinates": [ [ [ 7.6233411, 45.0779693 ], [ 7.6235486, 45.0779709 ], [ 7.6236655, 45.0781457 ], [ 7.6234592, 45.0781618 ], [ 7.6235223, 45.0780087 ], [ 7.6233411, 45.0779693 ] ] ] } },
{ "type": "Feature", "properties": { }, "geometry": { "type": "Polygon", "coordinates": [ [ [ 7.6205664, 45.0765898 ], [ 7.6208259, 45.0767404 ], [ 7.6210095, 45.0766949 ], [ 7.6207345, 45.0765439 ], [ 7.6206436, 45.0762429 ], [ 7.6209624, 45.07621 ], [ 7.6210677, 45.0767688 ], [ 7.6206516, 45.0767431 ], [ 7.6205664, 45.0765898 ] ] ] } },
{ "type": "Feature", "properties": { }, "geometry": { "type": "Polygon", "coordinates": [ [ [ 7.6215253, 45.0759945 ], [ 7.6217252, 45.0759609 ], [ 7.6218584, 45.0763581 ], [ 7.6216291, 45.0763906 ], [ 7.6215253, 45.0759945 ] ] ] } },
{ "type": "Feature", "properties": { }, "geometry": { "type": "Polygon", "coordinates": [ [ [ 7.6209561, 45.0757012 ], [ 7.6214673, 45.0756169 ], [ 7.6216974, 45.0767685 ], [ 7.6213786, 45.0767692 ], [ 7.6213782, 45.0765945 ], [ 7.6212213, 45.0765947 ], [ 7.6211505, 45.0767685 ], [ 7.6209561, 45.0757012 ] ] ] } },
{ "type": "Feature", "properties": { }, "geometry": { "type": "Polygon", "coordinates": [ [ [ 7.6202952, 45.0750232 ], [ 7.6203976, 45.0749195 ], [ 7.6204509, 45.0750957 ], [ 7.6202952, 45.0750232 ] ] ] } },
{ "type": "Feature", "properties": { }, "geometry": { "type": "Polygon", "coordinates": [ [ [ 7.6202605, 45.0753519 ], [ 7.6204839, 45.0752463 ], [ 7.6205985, 45.0753812 ], [ 7.6203135, 45.0754552 ], [ 7.6202605, 45.0753519 ] ] ] } },
{ "type": "Feature", "properties": { }, "geometry": { "type": "Polygon", "coordinates": [ [ [ 7.6205007, 45.0751921 ], [ 7.620654, 45.0751598 ], [ 7.6207498, 45.0753419 ], [ 7.6205985, 45.0753812 ], [ 7.6205007, 45.0751921 ] ] ] } },
{ "type": "Feature", "properties": { }, "geometry": { "type": "Polygon", "coordinates": [ [ [ 7.7760733, 45.1995914 ], [ 7.7757843, 45.1994851 ], [ 7.7760914, 45.1995451 ], [ 7.7760733, 45.1995914 ] ] ] } },
{ "type": "Feature", "properties": { }, "geometry": { "type": "Polygon", "coordinates": [ [ [ 7.7752492, 45.1994454 ], [ 7.7754658, 45.1994577 ], [ 7.7754557, 45.1995843 ], [ 7.7753974, 45.199495 ], [ 7.7752492, 45.1994454 ] ] ] } },
{ "type": "Feature", "properties": { }, "geometry": { "type": "Polygon", "coordinates": [ [ [ 7.6236097, 45.0840633 ], [ 7.6246451, 45.0840283 ], [ 7.6252901, 45.0856011 ], [ 7.6239919, 45.0860537 ], [ 7.6237278, 45.0857109 ], [ 7.6236097, 45.0840633 ] ] ] } },
{ "type": "Feature", "properties": { }, "geometry": { "type": "Polygon", "coordinates": [ [ [ 7.6232463, 45.084078 ], [ 7.6236097, 45.0840633 ], [ 7.6236417, 45.08451 ], [ 7.6232721, 45.0845207 ], [ 7.6232463, 45.084078 ] ] ] } },
{ "type": "Feature", "properties": { }, "geometry": { "type": "Polygon", "coordinates": [ [ [ 7.6226541, 45.0840936 ], [ 7.6230363, 45.0840832 ], [ 7.623058, 45.084424 ], [ 7.6230184, 45.0842079 ], [ 7.6227354, 45.0841537 ], [ 7.6228565, 45.0844803 ], [ 7.6226806, 45.0844857 ], [ 7.6226541, 45.0840936 ] ] ] } },
{ "type": "Feature", "properties": { }, "geometry": { "type": "Polygon", "coordinates": [ [ [ 7.6226902, 45.0846143 ], [ 7.6230723, 45.0846919 ], [ 7.622866, 45.0847346 ], [ 7.6228764, 45.0849053 ], [ 7.6230882, 45.08496 ], [ 7.6227131, 45.0849703 ], [ 7.6226902, 45.0846143 ] ] ] } },
{ "type": "Feature", "properties": { }, "geometry": { "type": "Polygon", "coordinates": [ [ [ 7.6227322, 45.0852582 ], [ 7.623107, 45.0852466 ], [ 7.6229453, 45.085292 ], [ 7.622954, 45.0854563 ], [ 7.6231248, 45.0855329 ], [ 7.6227453, 45.0854543 ], [ 7.6227322, 45.0852582 ] ] ] } },
{ "type": "Feature", "properties": { }, "geometry": { "type": "Polygon", "coordinates": [ [ [ 7.6217997, 45.0846477 ], [ 7.6221216, 45.084571 ], [ 7.6218668, 45.084519 ], [ 7.6218557, 45.0843374 ], [ 7.6220942, 45.0844419 ], [ 7.6220283, 45.0842401 ], [ 7.6218507, 45.0842197 ], [ 7.6225803, 45.0841999 ], [ 7.6226044, 45.0850417 ], [ 7.6225025, 45.0848967 ], [ 7.6222906, 45.0849014 ], [ 7.6222947, 45.0849943 ], [ 7.6223943, 45.0849921 ], [ 7.6223692, 45.085216 ], [ 7.6224875, 45.0852529 ], [ 7.6226374, 45.0852496 ], [ 7.6224942, 45.0850897 ], [ 7.6226621, 45.0850871 ], [ 7.6227453, 45.0854543 ], [ 7.6218453, 45.0853683 ], [ 7.6217997, 45.0846477 ] ] ] } },
{ "type": "Feature", "properties": { }, "geometry": { "type": "Polygon", "coordinates": [ [ [ 7.6201868, 45.0850849 ], [ 7.6207905, 45.0841532 ], [ 7.621162, 45.0841414 ], [ 7.6211681, 45.0842318 ], [ 7.620834, 45.0842609 ], [ 7.6210036, 45.0843071 ], [ 7.6209045, 45.084897 ], [ 7.6207537, 45.0848952 ], [ 7.6207489, 45.0847631 ], [ 7.6204231, 45.0848885 ], [ 7.6208764, 45.0849415 ], [ 7.6204794, 45.0850963 ], [ 7.62093, 45.085152 ], [ 7.6209425, 45.0853696 ], [ 7.6201868, 45.0850849 ] ] ] } },
{ "type": "Feature", "properties": { "name": "Associazione Alta Parella" }, "geometry": { "type": "Polygon", "coordinates": [ [ [ 7.6233016, 45.0856324 ], [ 7.62317, 45.0855284 ], [ 7.6233321, 45.0855642 ], [ 7.6233016, 45.0856324 ] ] ] } },
{ "type": "Feature", "properties": { }, "geometry": { "type": "Polygon", "coordinates": [ [ [ 7.7756758, 45.1992345 ], [ 7.7757579, 45.1987116 ], [ 7.7761077, 45.198748 ], [ 7.7759461, 45.19927 ], [ 7.7756758, 45.1992345 ] ] ] } },
{ "type": "Feature", "properties": { }, "geometry": { "type": "Polygon", "coordinates": [ [ [ 7.7764178, 45.1993372 ], [ 7.7764085, 45.1988498 ], [ 7.7765927, 45.1989469 ], [ 7.7766285, 45.1993792 ], [ 7.7764178, 45.1993372 ] ] ] } },
{ "type": "Feature", "properties": { }, "geometry": { "type": "Polygon", "coordinates": [ [ [ 7.7774182, 45.1992989 ], [ 7.7775414, 45.199073 ], [ 7.7780913, 45.1991925 ], [ 7.7780277, 45.1994931 ], [ 7.7774182, 45.1992989 ] ] ] } },
{ "type": "Feature", "properties": { }, "geometry": { "type": "Polygon", "coordinates": [ [ [ 7.7780529, 45.1996453 ], [ 7.7781377, 45.1991999 ], [ 7.7784676, 45.1992569 ], [ 7.778465, 45.1997667 ], [ 7.7780529, 45.1996453 ] ] ] } },
{ "type": "Feature", "properties": { }, "geometry": { "type": "Polygon", "coordinates": [ [ [ 7.7785114, 45.1992588 ], [ 7.778991, 45.1993521 ], [ 7.7788917, 45.1994026 ], [ 7.7789407, 45.1996859 ], [ 7.7786439, 45.1996873 ], [ 7.7785114, 45.1992588 ] ] ] } },
{ "type": "Feature", "properties": { }, "geometry": { "type": "Polygon", "coordinates": [ [ [ 7.7790215, 45.1993652 ], [ 7.7792865, 45.1994567 ], [ 7.7794071, 45.1997536 ], [ 7.7792693, 45.1997485 ], [ 7.7790215, 45.1993652 ] ] ] } },
{ "type": "Feature", "properties": { }, "geometry": { "type": "Polygon", "coordinates": [ [ [ 7.7790222, 45.1997602 ], [ 7.7792574, 45.1997606 ], [ 7.7792554, 45.1998951 ], [ 7.7790811, 45.1999133 ], [ 7.7790222, 45.1997602 ] ] ] } },
{ "type": "Feature", "properties": { }, "geometry": { "type": "Polygon", "coordinates": [ [ [ 7.622049, 45.0834293 ], [ 7.6229006, 45.0834928 ], [ 7.6229301, 45.0838971 ], [ 7.622076, 45.0839244 ], [ 7.622049, 45.0834293 ] ] ] } },
{ "type": "Feature", "properties": { "name": "Parco della Rimembranza" }, "geometry": { "type": "Polygon", "coordinates": [ [ [ 7.7813695, 45.1997639 ], [ 7.7820108, 45.1998199 ], [ 7.7829463, 45.1995379 ], [ 7.7817564, 45.2002158 ], [ 7.7813695, 45.1997639 ] ] ] } },
{ "type": "Feature", "properties": { }, "geometry": { "type": "Polygon", "coordinates": [ [ [ 7.7811257, 45.1999002 ], [ 7.7812131, 45.1998871 ], [ 7.7813006, 45.2000384 ], [ 7.7812105, 45.2000608 ], [ 7.7811257, 45.1999002 ] ] ] } },
{ "type": "Feature", "properties": { }, "geometry": { "type": "Polygon", "coordinates": [ [ [ 7.780805, 45.1999142 ], [ 7.7809998, 45.1999077 ], [ 7.7810276, 45.2001663 ], [ 7.7809137, 45.2001915 ], [ 7.780805, 45.1999142 ] ] ] } },
{ "type": "Feature", "properties": { }, "geometry": { "type": "Polygon", "coordinates": [ [ [ 7.6233799, 45.0813563 ], [ 7.623295, 45.0810053 ], [ 7.6235847, 45.0813197 ], [ 7.6233799, 45.0813563 ] ] ] } },
{ "type": "Feature", "properties": { }, "geometry": { "type": "Polygon", "coordinates": [ [ [ 7.6217917, 45.0816549 ], [ 7.6228061, 45.081654 ], [ 7.6227559, 45.0814689 ], [ 7.6229262, 45.0814394 ], [ 7.6231589, 45.0817667 ], [ 7.62301, 45.0818794 ], [ 7.6229259, 45.0818643 ], [ 7.6229818, 45.0816966 ], [ 7.6220632, 45.0818765 ], [ 7.6220404, 45.081671 ], [ 7.6218473, 45.0816834 ], [ 7.6218828, 45.0820828 ], [ 7.6217917, 45.0816549 ] ] ] } },
{ "type": "Feature", "properties": { }, "geometry": { "type": "Polygon", "coordinates": [ [ [ 7.6199222, 45.0833986 ], [ 7.6209562, 45.0833304 ], [ 7.6209831, 45.0836107 ], [ 7.619937, 45.083641 ], [ 7.6199222, 45.0833986 ] ] ] } },
{ "type": "Feature", "properties": { }, "geometry": { "type": "Polygon", "coordinates": [ [ [ 7.6187464, 45.0831834 ], [ 7.6192172, 45.0831569 ], [ 7.6192493, 45.0838112 ], [ 7.6187719, 45.0838197 ], [ 7.6187464, 45.0831834 ] ] ] } },
{ "type": "Feature", "properties": { }, "geometry": { "type": "Polygon", "coordinates": [ [ [ 7.6182827, 45.0839434 ], [ 7.6185855, 45.0839367 ], [ 7.6185701, 45.0836431 ], [ 7.6187357, 45.0836389 ], [ 7.6187303, 45.0835049 ], [ 7.6185654, 45.0835087 ], [ 7.6185502, 45.0831887 ], [ 7.6187464, 45.0831834 ], [ 7.6187719, 45.0838197 ], [ 7.6192493, 45.0838112 ], [ 7.6192172, 45.0831569 ], [ 7.6194234, 45.0831389 ], [ 7.6194545, 45.0836867 ], [ 7.619736, 45.0836783 ], [ 7.6192976, 45.083752 ], [ 7.6193054, 45.0839498 ], [ 7.6197509, 45.0839897 ], [ 7.6192901, 45.0840922 ], [ 7.6192762, 45.0838837 ], [ 7.6188148, 45.083896 ], [ 7.6188281, 45.0840881 ], [ 7.6192476, 45.084105 ], [ 7.6183944, 45.0843605 ], [ 7.6183002, 45.0842435 ], [ 7.6187636, 45.0842287 ], [ 7.6187511, 45.0840389 ], [ 7.6182891, 45.0840541 ], [ 7.6182827, 45.0839434 ] ] ] } },
{ "type": "Feature", "properties": { }, "geometry": { "type": "Polygon", "coordinates": [ [ [ 7.6203179, 45.0830662 ], [ 7.6209254, 45.083016 ], [ 7.6209343, 45.0831071 ], [ 7.6204095, 45.0831224 ], [ 7.6204208, 45.0833079 ], [ 7.6209562, 45.0833304 ], [ 7.620338, 45.0833475 ], [ 7.6203179, 45.0830662 ] ] ] } },
{ "type": "Feature", "properties": { }, "geometry": { "type": "Polygon", "coordinates": [ [ [ 7.619947, 45.0838162 ], [ 7.6204434, 45.0838637 ], [ 7.6205123, 45.0837516 ], [ 7.6205177, 45.0838601 ], [ 7.6209496, 45.0838493 ], [ 7.6209942, 45.083732 ], [ 7.6210072, 45.0838749 ], [ 7.6199544, 45.0839525 ], [ 7.619947, 45.0838162 ] ] ] } },
{ "type": "Feature", "properties": { }, "geometry": { "type": "Polygon", "coordinates": [ [ [ 7.7800181, 45.1989965 ], [ 7.7803829, 45.1990646 ], [ 7.7804634, 45.1992857 ], [ 7.7801576, 45.1992252 ], [ 7.7800181, 45.1989965 ] ] ] } },
{ "type": "Feature", "properties": { }, "geometry": { "type": "Polygon", "coordinates": [ [ [ 7.617065, 45.0835236 ], [ 7.6175756, 45.0835081 ], [ 7.6176266, 45.0843044 ], [ 7.6171156, 45.0843167 ], [ 7.617065, 45.0835236 ] ] ] } },
{ "type": "Feature", "properties": { }, "geometry": { "type": "Polygon", "coordinates": [ [ [ 7.6165591, 45.0832533 ], [ 7.6180423, 45.083205 ], [ 7.6180505, 45.0833686 ], [ 7.6180222, 45.0832274 ], [ 7.6175237, 45.0832416 ], [ 7.6165882, 45.0832721 ], [ 7.6165703, 45.0834131 ], [ 7.6165591, 45.0832533 ] ] ] } },
{ "type": "Feature", "properties": { }, "geometry": { "type": "Polygon", "coordinates": [ [ [ 7.6165731, 45.0834519 ], [ 7.6180523, 45.0834046 ], [ 7.6177686, 45.0834756 ], [ 7.6177833, 45.08379 ], [ 7.6180732, 45.0838196 ], [ 7.6175957, 45.0838319 ], [ 7.6175756, 45.0835081 ], [ 7.6165792, 45.0835384 ], [ 7.6165731, 45.0834519 ] ] ] } },
{ "type": "Feature", "properties": { }, "geometry": { "type": "Polygon", "coordinates": [ [ [ 7.6166307, 45.0844462 ], [ 7.6169425, 45.0844367 ], [ 7.6169075, 45.0838857 ], [ 7.6170875, 45.0838811 ], [ 7.6171156, 45.0843167 ], [ 7.6180987, 45.0841823 ], [ 7.6176559, 45.0842874 ], [ 7.617665, 45.0844444 ], [ 7.6181134, 45.0844465 ], [ 7.6176434, 45.0845923 ], [ 7.6176318, 45.0843951 ], [ 7.6171597, 45.0844074 ], [ 7.6171701, 45.0845988 ], [ 7.6176031, 45.0846045 ], [ 7.6166543, 45.0848991 ], [ 7.6166385, 45.0845967 ], [ 7.6166739, 45.0847522 ], [ 7.6171058, 45.0847397 ], [ 7.6170953, 45.0845409 ], [ 7.6166362, 45.0845523 ], [ 7.6166307, 45.0844462 ] ] ] } },
{ "type": "Feature", "properties": { }, "geometry": { "type": "Polygon", "coordinates": [ [ [ 7.6154189, 45.083934 ], [ 7.6159192, 45.0839202 ], [ 7.6159715, 45.0848008 ], [ 7.6154726, 45.0848169 ], [ 7.6154189, 45.083934 ] ] ] } },
{ "type": "Feature", "properties": { }, "geometry": { "type": "Polygon", "coordinates": [ [ [ 7.6149415, 45.0841759 ], [ 7.6154324, 45.0841626 ], [ 7.6154726, 45.0848169 ], [ 7.6164529, 45.0846821 ], [ 7.6164595, 45.0847945 ], [ 7.6160197, 45.0848057 ], [ 7.6160306, 45.0849668 ], [ 7.6164357, 45.0849671 ], [ 7.6155386, 45.0852466 ], [ 7.6155419, 45.0850835 ], [ 7.6159554, 45.0850701 ], [ 7.6159444, 45.0849084 ], [ 7.6155309, 45.0849218 ], [ 7.61554, 45.0850558 ], [ 7.6154491, 45.0849678 ], [ 7.6150451, 45.0850484 ], [ 7.6150561, 45.0852101 ], [ 7.6154696, 45.0851967 ], [ 7.6152017, 45.0853515 ], [ 7.6150146, 45.0852521 ], [ 7.6149698, 45.0845919 ], [ 7.6150329, 45.0848833 ], [ 7.6152604, 45.0848747 ], [ 7.6152855, 45.0845247 ], [ 7.6152124, 45.0842065 ], [ 7.6149848, 45.084214 ], [ 7.614964, 45.0845075 ], [ 7.6149415, 45.0841759 ] ] ] } },
{ "type": "Feature", "properties": { }, "geometry": { "type": "Polygon", "coordinates": [ [ [ 7.6159192, 45.0839202 ], [ 7.6161624, 45.0839124 ], [ 7.616183, 45.0842803 ], [ 7.6164342, 45.0843099 ], [ 7.615942, 45.0843226 ], [ 7.6159192, 45.0839202 ] ] ] } },
{ "type": "Feature", "properties": { }, "geometry": { "type": "Polygon", "coordinates": [ [ [ 7.6161505, 45.0823549 ], [ 7.6163289, 45.0823701 ], [ 7.6163396, 45.0825756 ], [ 7.6161613, 45.0825519 ], [ 7.6161505, 45.0823549 ] ] ] } },
{ "type": "Feature", "properties": { }, "geometry": { "type": "Polygon", "coordinates": [ [ [ 7.6148941, 45.0835529 ], [ 7.6151219, 45.0835464 ], [ 7.6149456, 45.0836302 ], [ 7.6149552, 45.0837848 ], [ 7.6153621, 45.0837723 ], [ 7.6152466, 45.0829328 ], [ 7.615107, 45.0829387 ], [ 7.6150925, 45.0827311 ], [ 7.6153311, 45.0827214 ], [ 7.6153834, 45.0834884 ], [ 7.6158984, 45.0834713 ], [ 7.6158515, 45.0827043 ], [ 7.6160751, 45.0826957 ], [ 7.615995, 45.0834744 ], [ 7.6163737, 45.0834639 ], [ 7.6163807, 45.0835852 ], [ 7.6159368, 45.0835979 ], [ 7.6159463, 45.0837531 ], [ 7.6163556, 45.083768 ], [ 7.6158972, 45.0837817 ], [ 7.6158421, 45.0835996 ], [ 7.6154345, 45.0836127 ], [ 7.6154446, 45.0837698 ], [ 7.6158527, 45.0837831 ], [ 7.6149127, 45.0838113 ], [ 7.6148941, 45.0835529 ] ] ] } },
{ "type": "Feature", "properties": { }, "geometry": { "type": "Polygon", "coordinates": [ [ [ 7.6148356, 45.0827398 ], [ 7.6149104, 45.0830752 ], [ 7.6150064, 45.0830718 ], [ 7.6149133, 45.0831181 ], [ 7.6149379, 45.0834617 ], [ 7.6148356, 45.0827398 ] ] ] } },
{ "type": "Feature", "properties": { }, "geometry": { "type": "Polygon", "coordinates": [ [ [ 7.7730934, 45.1988458 ], [ 7.7732389, 45.1987608 ], [ 7.7732543, 45.1989162 ], [ 7.7732127, 45.1989157 ], [ 7.7730934, 45.1988458 ] ] ] } },
{ "type": "Feature", "properties": { }, "geometry": { "type": "Polygon", "coordinates": [ [ [ 7.6161645, 45.0853763 ], [ 7.6166835, 45.0852077 ], [ 7.616825, 45.0856009 ], [ 7.6166392, 45.0858611 ], [ 7.6162744, 45.0858715 ], [ 7.6161645, 45.0853763 ] ] ] } },
{ "type": "Feature", "properties": { }, "geometry": { "type": "Polygon", "coordinates": [ [ [ 7.6167559, 45.0857011 ], [ 7.6171327, 45.0856017 ], [ 7.617107, 45.0854137 ], [ 7.6172474, 45.0853027 ], [ 7.6171357, 45.0851403 ], [ 7.6168433, 45.085216 ], [ 7.61689, 45.0853325 ], [ 7.6171935, 45.0853095 ], [ 7.61689, 45.0853867 ], [ 7.6167586, 45.0851822 ], [ 7.6192356, 45.0844886 ], [ 7.6192745, 45.085079 ], [ 7.6186663, 45.0850856 ], [ 7.6183793, 45.0853372 ], [ 7.6178985, 45.0853372 ], [ 7.6175686, 45.0856367 ], [ 7.6175404, 45.0858403 ], [ 7.6168055, 45.0858573 ], [ 7.6167559, 45.0857011 ] ] ] } },
{ "type": "Feature", "properties": { }, "geometry": { "type": "Polygon", "coordinates": [ [ [ 7.6176392, 45.0856627 ], [ 7.6180541, 45.0855609 ], [ 7.6180541, 45.0854127 ], [ 7.6182184, 45.0853379 ], [ 7.6192933, 45.0853256 ], [ 7.6192513, 45.0857915 ], [ 7.6176875, 45.085836 ], [ 7.6176392, 45.0856627 ] ] ] } },
{ "type": "Feature", "properties": { }, "geometry": { "type": "Polygon", "coordinates": [ [ [ 7.6179155, 45.0873927 ], [ 7.6183473, 45.0872828 ], [ 7.6183366, 45.0870764 ], [ 7.6182055, 45.087021 ], [ 7.6182333, 45.0867753 ], [ 7.6182485, 45.0870068 ], [ 7.6184318, 45.0870011 ], [ 7.618417, 45.0867677 ], [ 7.6185444, 45.0867649 ], [ 7.6185579, 45.0869982 ], [ 7.6187412, 45.0869925 ], [ 7.6187268, 45.0867611 ], [ 7.6188442, 45.0870187 ], [ 7.618867, 45.0867583 ], [ 7.6188812, 45.0869892 ], [ 7.6190645, 45.0869835 ], [ 7.61905, 45.0867476 ], [ 7.6192926, 45.0867419 ], [ 7.6192297, 45.0870709 ], [ 7.6194375, 45.0870643 ], [ 7.6193731, 45.08674 ], [ 7.6198386, 45.086767 ], [ 7.6197816, 45.0864458 ], [ 7.6195402, 45.0863435 ], [ 7.6195349, 45.086181 ], [ 7.6196159, 45.0861528 ], [ 7.6196989, 45.086378 ], [ 7.6198364, 45.0863749 ], [ 7.6198281, 45.0861895 ], [ 7.6195301, 45.0861317 ], [ 7.6196412, 45.0859865 ], [ 7.6199215, 45.0860579 ], [ 7.6199132, 45.0858608 ], [ 7.6195263, 45.0858552 ], [ 7.6195663, 45.0860681 ], [ 7.6194598, 45.0861065 ], [ 7.6194074, 45.0858853 ], [ 7.6194745, 45.0858422 ], [ 7.6203087, 45.0858194 ], [ 7.620318, 45.0860491 ], [ 7.6199942, 45.0861232 ], [ 7.6199572, 45.0863236 ], [ 7.6204857, 45.0864498 ], [ 7.6197999, 45.0870768 ], [ 7.6193036, 45.0870967 ], [ 7.6181015, 45.0876753 ], [ 7.6179329, 45.0875915 ], [ 7.6179155, 45.0873927 ] ] ] } },
{ "type": "Feature", "properties": { }, "geometry": { "type": "Polygon", "coordinates": [ [ [ 7.7721331, 45.2000432 ], [ 7.7721646, 45.1998403 ], [ 7.7725295, 45.1998864 ], [ 7.7725166, 45.1999673 ], [ 7.7721331, 45.2000432 ] ] ] } },
{ "type": "Feature", "properties": { }, "geometry": { "type": "Polygon", "coordinates": [ [ [ 7.6181443, 45.085914 ], [ 7.6186701, 45.0858676 ], [ 7.6187928, 45.0861029 ], [ 7.6188207, 45.085864 ], [ 7.6192552, 45.0858493 ], [ 7.6193303, 45.0860779 ], [ 7.6192371, 45.0863705 ], [ 7.6197219, 45.0864697 ], [ 7.6197286, 45.08666 ], [ 7.619046, 45.0867022 ], [ 7.6190314, 45.0864658 ], [ 7.6188481, 45.0864715 ], [ 7.6188623, 45.0867034 ], [ 7.6187255, 45.0867071 ], [ 7.6187115, 45.0864768 ], [ 7.6185282, 45.0864825 ], [ 7.6185418, 45.0867138 ], [ 7.6182347, 45.0867223 ], [ 7.6182825, 45.0862019 ], [ 7.6181551, 45.086128 ], [ 7.6181443, 45.085914 ] ] ] } },
{ "type": "Feature", "properties": { }, "geometry": { "type": "Polygon", "coordinates": [ [ [ 7.6171948, 45.0859436 ], [ 7.6172456, 45.0861295 ], [ 7.6174289, 45.0861239 ], [ 7.6174155, 45.0859024 ], [ 7.6175536, 45.0858991 ], [ 7.6175674, 45.086122 ], [ 7.6177507, 45.0861163 ], [ 7.6177366, 45.0858944 ], [ 7.6178553, 45.0858911 ], [ 7.6178689, 45.0861116 ], [ 7.6180522, 45.086106 ], [ 7.6180391, 45.0858859 ], [ 7.618084, 45.0861302 ], [ 7.6179713, 45.0862125 ], [ 7.6179834, 45.0864246 ], [ 7.6181135, 45.0866936 ], [ 7.6172351, 45.086704 ], [ 7.617333, 45.0862324 ], [ 7.6172069, 45.0861567 ], [ 7.6171948, 45.0859436 ] ] ] } },
{ "type": "Feature", "properties": { }, "geometry": { "type": "Polygon", "coordinates": [ [ [ 7.6162024, 45.0859588 ], [ 7.6171207, 45.0859451 ], [ 7.6170242, 45.0864464 ], [ 7.6171549, 45.086516 ], [ 7.617167, 45.0867044 ], [ 7.616244, 45.0867575 ], [ 7.6162158, 45.0862518 ], [ 7.6164218, 45.0864693 ], [ 7.6165959, 45.0864651 ], [ 7.6165856, 45.0862541 ], [ 7.6162152, 45.0861756 ], [ 7.6162024, 45.0859588 ] ] ] } },
{ "type": "Feature", "properties": { }, "geometry": { "type": "Polygon", "coordinates": [ [ [ 7.7161869, 45.1889276 ], [ 7.7161896, 45.1887404 ], [ 7.716946, 45.1887612 ], [ 7.7169326, 45.1889635 ], [ 7.7161869, 45.1889276 ] ], [ [ 7.7166133, 45.1887994 ], [ 7.7164841, 45.1888658 ], [ 7.7166136, 45.1888655 ], [ 7.7166133, 45.1887994 ] ] ] } },
{ "type": "Feature", "properties": { }, "geometry": { "type": "Polygon", "coordinates": [ [ [ 7.7164841, 45.1888658 ], [ 7.7166133, 45.1887994 ], [ 7.7166136, 45.1888655 ], [ 7.7164841, 45.1888658 ] ] ] } },
{ "type": "Feature", "properties": { }, "geometry": { "type": "Polygon", "coordinates": [ [ [ 7.6148205, 45.0881383 ], [ 7.6161432, 45.0880905 ], [ 7.6161572, 45.0882915 ], [ 7.615433, 45.0883256 ], [ 7.6148205, 45.0881383 ] ] ] } },
{ "type": "Feature", "properties": { }, "geometry": { "type": "Polygon", "coordinates": [ [ [ 7.6162511, 45.0868613 ], [ 7.6163408, 45.0870658 ], [ 7.6165241, 45.0870601 ], [ 7.6165092, 45.0868296 ], [ 7.6171771, 45.0868533 ], [ 7.6170806, 45.0873011 ], [ 7.6172093, 45.0873627 ], [ 7.6172241, 45.0875719 ], [ 7.6171749, 45.087388 ], [ 7.6169916, 45.0873936 ], [ 7.6170055, 45.087624 ], [ 7.6168754, 45.0876278 ], [ 7.6168606, 45.0873974 ], [ 7.6166772, 45.087403 ], [ 7.6166903, 45.0876335 ], [ 7.6165669, 45.0876382 ], [ 7.6165523, 45.0874082 ], [ 7.616369, 45.0874139 ], [ 7.6163832, 45.0876425 ], [ 7.6163014, 45.0876273 ], [ 7.6162672, 45.087125 ], [ 7.6164067, 45.087161 ], [ 7.6163627, 45.0872995 ], [ 7.6166672, 45.0873383 ], [ 7.6166611, 45.0872398 ], [ 7.6165683, 45.0870777 ], [ 7.6162638, 45.0870729 ], [ 7.6162511, 45.0868613 ] ] ] } },
{ "type": "Feature", "properties": { }, "geometry": { "type": "Polygon", "coordinates": [ [ [ 7.6172415, 45.0868514 ], [ 7.6181172, 45.0868069 ], [ 7.618128, 45.0870218 ], [ 7.6180073, 45.0870871 ], [ 7.618018, 45.087285 ], [ 7.6178477, 45.0873674 ], [ 7.6178597, 45.0875568 ], [ 7.6178121, 45.0875994 ], [ 7.6178176, 45.0873697 ], [ 7.6176343, 45.0873753 ], [ 7.6176482, 45.0876057 ], [ 7.6175267, 45.0876089 ], [ 7.6175127, 45.0873791 ], [ 7.6173294, 45.0873848 ], [ 7.6172938, 45.08757 ], [ 7.6172804, 45.0873608 ], [ 7.6174091, 45.0872926 ], [ 7.6172415, 45.0868514 ] ] ] } },
{ "type": "Feature", "properties": { }, "geometry": { "type": "Polygon", "coordinates": [ [ [ 7.6163111, 45.0877239 ], [ 7.6168603, 45.0876846 ], [ 7.6168748, 45.087924 ], [ 7.6170581, 45.0879183 ], [ 7.6170428, 45.0876792 ], [ 7.6179547, 45.087665 ], [ 7.6165825, 45.0883673 ], [ 7.6163573, 45.0883691 ], [ 7.6163352, 45.0880231 ], [ 7.6166973, 45.0879777 ], [ 7.6163305, 45.0879767 ], [ 7.6163111, 45.0877239 ] ] ] } },
{ "type": "Feature", "properties": { }, "geometry": { "type": "Polygon", "coordinates": [ [ [ 7.6146207, 45.0859313 ], [ 7.6146271, 45.085582 ], [ 7.6148984, 45.0857258 ], [ 7.6159766, 45.0854133 ], [ 7.6160048, 45.0858962 ], [ 7.6146207, 45.0859313 ] ] ] } },
{ "type": "Feature", "properties": { }, "geometry": { "type": "Polygon", "coordinates": [ [ [ 7.7761835, 45.1970047 ], [ 7.7762776, 45.1969734 ], [ 7.776278, 45.1970041 ], [ 7.7761835, 45.1970047 ] ] ] } },
{ "type": "Feature", "properties": { }, "geometry": { "type": "Polygon", "coordinates": [ [ [ 7.7760128, 45.1969711 ], [ 7.7763484, 45.1969573 ], [ 7.7763535, 45.1970193 ], [ 7.7760239, 45.1971043 ], [ 7.7760128, 45.1969711 ] ], [ [ 7.7762776, 45.1969734 ], [ 7.7761835, 45.1970047 ], [ 7.776278, 45.1970041 ], [ 7.7762776, 45.1969734 ] ] ] } },
{ "type": "Feature", "properties": { }, "geometry": { "type": "Polygon", "coordinates": [ [ [ 7.7766625, 45.1969425 ], [ 7.7769293, 45.1969336 ], [ 7.7769333, 45.1969938 ], [ 7.7766764, 45.1971506 ], [ 7.7766625, 45.1969425 ] ] ] } },
{ "type": "Feature", "properties": { }, "geometry": { "type": "Polygon", "coordinates": [ [ [ 7.7769899, 45.1969326 ], [ 7.7776283, 45.1969052 ], [ 7.7777074, 45.1970961 ], [ 7.7775492, 45.1969988 ], [ 7.7770248, 45.1970772 ], [ 7.7769899, 45.1969326 ] ] ] } },
{ "type": "Feature", "properties": { }, "geometry": { "type": "Polygon", "coordinates": [ [ [ 7.7781178, 45.1959034 ], [ 7.778378, 45.1957957 ], [ 7.7786247, 45.1960943 ], [ 7.7782331, 45.1960981 ], [ 7.7781178, 45.1959034 ] ] ] } },
{ "type": "Feature", "properties": { }, "geometry": { "type": "Polygon", "coordinates": [ [ [ 7.7781956, 45.1968428 ], [ 7.7785188, 45.1968362 ], [ 7.7785858, 45.1969515 ], [ 7.7782975, 45.1970309 ], [ 7.7781956, 45.1968428 ] ] ] } },
{ "type": "Feature", "properties": { }, "geometry": { "type": "Polygon", "coordinates": [ [ [ 7.7791357, 45.1973541 ], [ 7.7794227, 45.1972643 ], [ 7.7794978, 45.1973824 ], [ 7.7792014, 45.1974628 ], [ 7.7791357, 45.1973541 ] ] ] } },
{ "type": "Feature", "properties": { }, "geometry": { "type": "Polygon", "coordinates": [ [ [ 7.7783994, 45.1972851 ], [ 7.7786368, 45.1972397 ], [ 7.7786301, 45.1975743 ], [ 7.7785577, 45.1975894 ], [ 7.7783994, 45.1972851 ] ] ] } },
{ "type": "Feature", "properties": { }, "geometry": { "type": "Polygon", "coordinates": [ [ [ 7.7787608, 45.1977202 ], [ 7.778897, 45.1976452 ], [ 7.77896, 45.1977567 ], [ 7.7788313, 45.1977842 ], [ 7.7787608, 45.1977202 ] ] ] } },
{ "type": "Feature", "properties": { }, "geometry": { "type": "Polygon", "coordinates": [ [ [ 7.7793798, 45.1976556 ], [ 7.7796359, 45.1975809 ], [ 7.7797365, 45.1977293 ], [ 7.7794643, 45.1977765 ], [ 7.7793798, 45.1976556 ] ] ] } },
{ "type": "Feature", "properties": { }, "geometry": { "type": "Polygon", "coordinates": [ [ [ 7.7757404, 45.1983876 ], [ 7.7761043, 45.1983266 ], [ 7.7760892, 45.1986316 ], [ 7.7758879, 45.1983912 ], [ 7.7757404, 45.1983876 ] ] ] } },
{ "type": "Feature", "properties": { }, "geometry": { "type": "Polygon", "coordinates": [ [ [ 7.7761661, 45.1984664 ], [ 7.7761696, 45.1983596 ], [ 7.7764062, 45.1983634 ], [ 7.7764015, 45.1985084 ], [ 7.7761661, 45.1984664 ] ] ] } },
{ "type": "Feature", "properties": { }, "geometry": { "type": "Polygon", "coordinates": [ [ [ 7.7771589, 45.1982386 ], [ 7.7772662, 45.1982415 ], [ 7.7773011, 45.1983898 ], [ 7.7771629, 45.1983908 ], [ 7.7771589, 45.1982386 ] ] ] } },
{ "type": "Feature", "properties": { }, "geometry": { "type": "Polygon", "coordinates": [ [ [ 7.7767754, 45.1985873 ], [ 7.7767807, 45.1984097 ], [ 7.7771267, 45.1983454 ], [ 7.7771281, 45.1985883 ], [ 7.7767754, 45.1985873 ] ] ] } },
{ "type": "Feature", "properties": { }, "geometry": { "type": "Polygon", "coordinates": [ [ [ 7.7773789, 45.1983946 ], [ 7.7773829, 45.1981158 ], [ 7.7775908, 45.198129 ], [ 7.7775358, 45.1984012 ], [ 7.7773789, 45.1983946 ] ] ] } },
{ "type": "Feature", "properties": { }, "geometry": { "type": "Polygon", "coordinates": [ [ [ 7.7767673, 45.1986771 ], [ 7.7773654, 45.1986119 ], [ 7.7773587, 45.1987055 ], [ 7.7777812, 45.1987338 ], [ 7.7773735, 45.1988368 ], [ 7.7773333, 45.1987026 ], [ 7.7767673, 45.1986771 ] ] ] } },
{ "type": "Feature", "properties": { }, "geometry": { "type": "Polygon", "coordinates": [ [ [ 7.7781138, 45.1988349 ], [ 7.7784035, 45.198782 ], [ 7.7784142, 45.1988671 ], [ 7.7781138, 45.1988349 ] ] ] } },
{ "type": "Feature", "properties": { }, "geometry": { "type": "Polygon", "coordinates": [ [ [ 7.776802, 45.1962153 ], [ 7.7768545, 45.1963125 ], [ 7.7771389, 45.1963057 ], [ 7.7771471, 45.1964766 ], [ 7.7768149, 45.1964845 ], [ 7.776802, 45.1962153 ] ] ] } },
{ "type": "Feature", "properties": { }, "geometry": { "type": "Polygon", "coordinates": [ [ [ 7.7763131, 45.1962292 ], [ 7.7764715, 45.1962242 ], [ 7.7765561, 45.1963769 ], [ 7.7763346, 45.1964541 ], [ 7.7763131, 45.1962292 ] ] ] } },
{ "type": "Feature", "properties": { }, "geometry": { "type": "Polygon", "coordinates": [ [ [ 7.7749723, 45.1962972 ], [ 7.7753938, 45.1962787 ], [ 7.7754057, 45.196413 ], [ 7.7749794, 45.1963995 ], [ 7.7749723, 45.1962972 ] ] ] } },
{ "type": "Feature", "properties": { }, "geometry": { "type": "Polygon", "coordinates": [ [ [ 7.7766275, 45.1967486 ], [ 7.7767275, 45.1965808 ], [ 7.7769038, 45.19659 ], [ 7.7767811, 45.1967436 ], [ 7.7766275, 45.1967486 ] ] ] } },
{ "type": "Feature", "properties": { }, "geometry": { "type": "Polygon", "coordinates": [ [ [ 7.7769848, 45.1968539 ], [ 7.776786, 45.1967775 ], [ 7.7769873, 45.1967809 ], [ 7.7769848, 45.1968539 ] ] ] } },
{ "type": "Feature", "properties": { }, "geometry": { "type": "Polygon", "coordinates": [ [ [ 7.7762828, 45.1965862 ], [ 7.7763757, 45.1966186 ], [ 7.7763745, 45.1967591 ], [ 7.7762988, 45.1967578 ], [ 7.7762828, 45.1965862 ] ] ] } },
{ "type": "Feature", "properties": { }, "geometry": { "type": "Polygon", "coordinates": [ [ [ 7.7761172, 45.1966846 ], [ 7.7762453, 45.1965987 ], [ 7.7762536, 45.1966774 ], [ 7.7761172, 45.1966846 ] ] ] } },
{ "type": "Feature", "properties": { }, "geometry": { "type": "Polygon", "coordinates": [ [ [ 7.7756308, 45.1966231 ], [ 7.7757903, 45.196616 ], [ 7.7757537, 45.1967639 ], [ 7.7756439, 45.1967687 ], [ 7.7756308, 45.1966231 ] ] ] } },
{ "type": "Feature", "properties": { }, "geometry": { "type": "Polygon", "coordinates": [ [ [ 7.7754308, 45.196689 ], [ 7.7754903, 45.1966278 ], [ 7.7754903, 45.1966865 ], [ 7.7754308, 45.196689 ] ] ] } },
{ "type": "Feature", "properties": { }, "geometry": { "type": "Polygon", "coordinates": [ [ [ 7.7750169, 45.196738 ], [ 7.7751265, 45.1966426 ], [ 7.7751596, 45.196787 ], [ 7.7750169, 45.196738 ] ] ] } },
{ "type": "Feature", "properties": { }, "geometry": { "type": "Polygon", "coordinates": [ [ [ 7.776711, 45.195843 ], [ 7.7771415, 45.1958288 ], [ 7.7771911, 45.1959658 ], [ 7.7768934, 45.1958656 ], [ 7.7770047, 45.195997 ], [ 7.7769537, 45.1961076 ], [ 7.7769376, 45.196015 ], [ 7.7767298, 45.1960216 ], [ 7.776711, 45.195843 ] ] ] } },
{ "type": "Feature", "properties": { }, "geometry": { "type": "Polygon", "coordinates": [ [ [ 7.775978, 45.1958631 ], [ 7.7761084, 45.1958588 ], [ 7.7761558, 45.1959977 ], [ 7.7760489, 45.1960012 ], [ 7.775978, 45.1958631 ] ] ] } },
{ "type": "Feature", "properties": { }, "geometry": { "type": "Polygon", "coordinates": [ [ [ 7.7758554, 45.1959299 ], [ 7.7759412, 45.1958694 ], [ 7.7759439, 45.1959242 ], [ 7.7758554, 45.1959299 ] ] ] } },
{ "type": "Feature", "properties": { }, "geometry": { "type": "Polygon", "coordinates": [ [ [ 7.7757172, 45.1959762 ], [ 7.7757736, 45.1958864 ], [ 7.775795, 45.1959734 ], [ 7.7757172, 45.1959762 ] ] ] } },
{ "type": "Feature", "properties": { }, "geometry": { "type": "Polygon", "coordinates": [ [ [ 7.775563, 45.1959053 ], [ 7.7756757, 45.1959025 ], [ 7.7756904, 45.1960669 ], [ 7.7755724, 45.1960745 ], [ 7.775563, 45.1959053 ] ] ] } },
{ "type": "Feature", "properties": { }, "geometry": { "type": "Polygon", "coordinates": [ [ [ 7.7749331, 45.195912 ], [ 7.7751489, 45.1959034 ], [ 7.7751562, 45.1959937 ], [ 7.7749404, 45.1960023 ], [ 7.7749331, 45.195912 ] ] ] } },
{ "type": "Feature", "properties": { }, "geometry": { "type": "Polygon", "coordinates": [ [ [ 7.7765621, 45.1952967 ], [ 7.7765501, 45.1950746 ], [ 7.7766305, 45.1952825 ], [ 7.7765621, 45.1952967 ] ] ] } },
{ "type": "Feature", "properties": { }, "geometry": { "type": "Polygon", "coordinates": [ [ [ 7.7764334, 45.195309 ], [ 7.7764454, 45.1951105 ], [ 7.7764978, 45.1953005 ], [ 7.7764334, 45.195309 ] ] ] } },
{ "type": "Feature", "properties": { }, "geometry": { "type": "Polygon", "coordinates": [ [ [ 7.7762014, 45.1951729 ], [ 7.776361, 45.1951313 ], [ 7.7763824, 45.1952967 ], [ 7.7762282, 45.1953421 ], [ 7.7762014, 45.1951729 ] ] ] } },
{ "type": "Feature", "properties": { }, "geometry": { "type": "Polygon", "coordinates": [ [ [ 7.7758688, 45.195257 ], [ 7.7760284, 45.195206 ], [ 7.7760337, 45.1953137 ], [ 7.7758996, 45.1953459 ], [ 7.7758688, 45.195257 ] ] ] } },
{ "type": "Feature", "properties": { }, "geometry": { "type": "Polygon", "coordinates": [ [ [ 7.7752894, 45.195395 ], [ 7.775736, 45.1952759 ], [ 7.7757575, 45.1955283 ], [ 7.7756073, 45.1954366 ], [ 7.7752894, 45.195395 ] ] ] } },
{ "type": "Feature", "properties": { }, "geometry": { "type": "Polygon", "coordinates": [ [ [ 7.7764267, 45.1956407 ], [ 7.7761316, 45.1955349 ], [ 7.7764226, 45.1955216 ], [ 7.7764267, 45.1956407 ] ] ] } },
{ "type": "Feature", "properties": { }, "geometry": { "type": "Polygon", "coordinates": [ [ [ 7.7765085, 45.1955689 ], [ 7.7766868, 45.1955169 ], [ 7.7767298, 45.1956275 ], [ 7.7765568, 45.1956398 ], [ 7.7765085, 45.1955689 ] ] ] } },
{ "type": "Feature", "properties": { }, "geometry": { "type": "Polygon", "coordinates": [ [ [ 7.7767418, 45.1955046 ], [ 7.7769604, 45.1954886 ], [ 7.7769041, 45.1953014 ], [ 7.7770945, 45.1952627 ], [ 7.7770436, 45.1956303 ], [ 7.7767847, 45.1956426 ], [ 7.7767418, 45.1955046 ] ] ] } },
{ "type": "Feature", "properties": { }, "geometry": { "type": "Polygon", "coordinates": [ [ [ 7.7757052, 45.1939188 ], [ 7.7761357, 45.1938016 ], [ 7.7760391, 45.1938904 ], [ 7.7761048, 45.1940152 ], [ 7.776487, 45.1939887 ], [ 7.7759157, 45.1941201 ], [ 7.7757052, 45.1939188 ] ] ] } },
{ "type": "Feature", "properties": { }, "geometry": { "type": "Polygon", "coordinates": [ [ [ 7.775398, 45.1944093 ], [ 7.7755456, 45.1943715 ], [ 7.7755871, 45.1944556 ], [ 7.775453, 45.1944934 ], [ 7.775398, 45.1944093 ] ] ] } },
{ "type": "Feature", "properties": { }, "geometry": { "type": "Polygon", "coordinates": [ [ [ 7.7752478, 45.1944433 ], [ 7.7753712, 45.194415 ], [ 7.7754061, 45.194501 ], [ 7.7752934, 45.1945274 ], [ 7.7752478, 45.1944433 ] ] ] } },
{ "type": "Feature", "properties": { }, "geometry": { "type": "Polygon", "coordinates": [ [ [ 7.7764304, 45.1943427 ], [ 7.7766031, 45.1942958 ], [ 7.7765753, 45.1944734 ], [ 7.7768363, 45.1943825 ], [ 7.7769008, 45.1945448 ], [ 7.7766279, 45.194521 ], [ 7.7767559, 45.1947846 ], [ 7.7764304, 45.1943427 ] ] ] } },
{ "type": "Feature", "properties": { }, "geometry": { "type": "Polygon", "coordinates": [ [ [ 7.7758172, 45.1944979 ], [ 7.7759204, 45.1944727 ], [ 7.7760196, 45.1946741 ], [ 7.7758807, 45.1947091 ], [ 7.7758172, 45.1944979 ] ] ] } },
{ "type": "Feature", "properties": { }, "geometry": { "type": "Polygon", "coordinates": [ [ [ 7.7750035, 45.1946951 ], [ 7.7752992, 45.1946252 ], [ 7.7754203, 45.1948448 ], [ 7.7752039, 45.1947245 ], [ 7.7750035, 45.1946951 ] ] ] } },
{ "type": "Feature", "properties": { }, "geometry": { "type": "Polygon", "coordinates": [ [ [ 7.7758192, 45.1948601 ], [ 7.776361, 45.1947315 ], [ 7.7764007, 45.195035 ], [ 7.7761705, 45.1950965 ], [ 7.7760911, 45.1949133 ], [ 7.7758708, 45.1949594 ], [ 7.7758192, 45.1948601 ] ] ] } },
{ "type": "Feature", "properties": { }, "geometry": { "type": "Polygon", "coordinates": [ [ [ 7.7753905, 45.1949762 ], [ 7.7754857, 45.1949511 ], [ 7.7755592, 45.1951063 ], [ 7.7754679, 45.1951329 ], [ 7.7753905, 45.1949762 ] ] ] } },
{ "type": "Feature", "properties": { }, "geometry": { "type": "Polygon", "coordinates": [ [ [ 7.7749836, 45.1951371 ], [ 7.775319, 45.1949888 ], [ 7.7754163, 45.1951608 ], [ 7.7749836, 45.1951371 ] ] ] } },
{ "type": "Feature", "properties": { }, "geometry": { "type": "Polygon", "coordinates": [ [ [ 7.7759719, 45.1930059 ], [ 7.7761633, 45.1929602 ], [ 7.7762672, 45.1931762 ], [ 7.7760355, 45.1932316 ], [ 7.7759719, 45.1930059 ] ] ] } },
{ "type": "Feature", "properties": { }, "geometry": { "type": "Polygon", "coordinates": [ [ [ 7.7753971, 45.1930783 ], [ 7.7756683, 45.193008 ], [ 7.7757841, 45.1933001 ], [ 7.7755452, 45.1933621 ], [ 7.7753971, 45.1930783 ] ] ] } },
{ "type": "Feature", "properties": { }, "geometry": { "type": "Polygon", "coordinates": [ [ [ 7.7747858, 45.1932312 ], [ 7.7749441, 45.1931868 ], [ 7.7749816, 45.1933144 ], [ 7.7748227, 45.1933532 ], [ 7.7747858, 45.1932312 ] ] ] } },
{ "type": "Feature", "properties": { }, "geometry": { "type": "Polygon", "coordinates": [ [ [ 7.7750024, 45.1931731 ], [ 7.775095, 45.1931504 ], [ 7.7751888, 45.1933697 ], [ 7.7751097, 45.1933886 ], [ 7.7750024, 45.1931731 ] ] ] } },
{ "type": "Feature", "properties": { }, "geometry": { "type": "Polygon", "coordinates": [ [ [ 7.774242, 45.1968024 ], [ 7.7745659, 45.1967894 ], [ 7.7745659, 45.1970186 ], [ 7.7742629, 45.1970168 ], [ 7.774242, 45.1968024 ] ] ] } },
{ "type": "Feature", "properties": { }, "geometry": { "type": "Polygon", "coordinates": [ [ [ 7.7735892, 45.1978865 ], [ 7.7739513, 45.1978691 ], [ 7.7739599, 45.197975 ], [ 7.7738799, 45.1980496 ], [ 7.7735892, 45.1978865 ] ] ] } },
{ "type": "Feature", "properties": { }, "geometry": { "type": "Polygon", "coordinates": [ [ [ 7.7741866, 45.1982154 ], [ 7.7743442, 45.1982076 ], [ 7.7743627, 45.1983438 ], [ 7.7742383, 45.1982866 ], [ 7.7741866, 45.1982154 ] ] ] } },
{ "type": "Feature", "properties": { }, "geometry": { "type": "Polygon", "coordinates": [ [ [ 7.7743578, 45.1977528 ], [ 7.7746632, 45.1977459 ], [ 7.7746657, 45.1980097 ], [ 7.7743775, 45.1980323 ], [ 7.7743578, 45.1977528 ] ] ] } },
{ "type": "Feature", "properties": { }, "geometry": { "type": "Polygon", "coordinates": [ [ [ 7.7734931, 45.1975358 ], [ 7.7736434, 45.1975272 ], [ 7.7736631, 45.1976903 ], [ 7.7735153, 45.1977025 ], [ 7.7734931, 45.1975358 ] ] ] } },
{ "type": "Feature", "properties": { }, "geometry": { "type": "Polygon", "coordinates": [ [ [ 7.7729512, 45.1974178 ], [ 7.7730744, 45.1974126 ], [ 7.7730892, 45.1975497 ], [ 7.7733897, 45.1975376 ], [ 7.773338, 45.1976816 ], [ 7.772998, 45.1978726 ], [ 7.7729512, 45.1974178 ] ] ] } },
{ "type": "Feature", "properties": { }, "geometry": { "type": "Polygon", "coordinates": [ [ [ 7.7724341, 45.1974871 ], [ 7.7727274, 45.1974716 ], [ 7.7727072, 45.1972811 ], [ 7.7728508, 45.1972735 ], [ 7.772899, 45.1977266 ], [ 7.7724558, 45.1976913 ], [ 7.7724341, 45.1974871 ] ] ] } },
{ "type": "Feature", "properties": { }, "geometry": { "type": "Polygon", "coordinates": [ [ [ 7.7741507, 45.1958176 ], [ 7.7743345, 45.1957911 ], [ 7.7743854, 45.1959664 ], [ 7.7742016, 45.1959929 ], [ 7.7741507, 45.1958176 ] ] ] } },
{ "type": "Feature", "properties": { }, "geometry": { "type": "Polygon", "coordinates": [ [ [ 7.7737296, 45.1958668 ], [ 7.7740411, 45.1958168 ], [ 7.7739304, 45.1958969 ], [ 7.7741193, 45.1962506 ], [ 7.7738994, 45.1962621 ], [ 7.7737296, 45.1958668 ] ] ] } },
{ "type": "Feature", "properties": { }, "geometry": { "type": "Polygon", "coordinates": [ [ [ 7.7743541, 45.1963301 ], [ 7.774644, 45.1963193 ], [ 7.7746641, 45.1965852 ], [ 7.7743741, 45.196596 ], [ 7.7743541, 45.1963301 ] ] ] } },
{ "type": "Feature", "properties": { }, "geometry": { "type": "Polygon", "coordinates": [ [ [ 7.773021, 45.1961965 ], [ 7.7735141, 45.1961362 ], [ 7.7735347, 45.1962569 ], [ 7.7732867, 45.1963463 ], [ 7.7732572, 45.1966917 ], [ 7.7730623, 45.1966959 ], [ 7.773021, 45.1961965 ] ] ] } },
{ "type": "Feature", "properties": { }, "geometry": { "type": "Polygon", "coordinates": [ [ [ 7.7731522, 45.1956126 ], [ 7.7734812, 45.1955662 ], [ 7.7735549, 45.1958257 ], [ 7.7732258, 45.1958721 ], [ 7.7731522, 45.1956126 ] ] ] } },
{ "type": "Feature", "properties": { }, "geometry": { "type": "Polygon", "coordinates": [ [ [ 7.772406, 45.1957485 ], [ 7.7726407, 45.1956719 ], [ 7.7727614, 45.1958004 ], [ 7.772512, 45.1957381 ], [ 7.7725777, 45.1959469 ], [ 7.7724771, 45.195962 ], [ 7.772406, 45.1957485 ] ] ] } },
{ "type": "Feature", "properties": { }, "geometry": { "type": "Polygon", "coordinates": [ [ [ 7.774641, 45.1952136 ], [ 7.774645, 45.1951138 ], [ 7.7748281, 45.1950945 ], [ 7.7748214, 45.1951616 ], [ 7.774641, 45.1952136 ] ] ] } },
{ "type": "Feature", "properties": { }, "geometry": { "type": "Polygon", "coordinates": [ [ [ 7.7744097, 45.1952117 ], [ 7.7745625, 45.1951238 ], [ 7.7745666, 45.1952154 ], [ 7.7744097, 45.1952117 ] ] ] } },
{ "type": "Feature", "properties": { }, "geometry": { "type": "Polygon", "coordinates": [ [ [ 7.7740771, 45.1951899 ], [ 7.7743654, 45.195154 ], [ 7.7744177, 45.1953468 ], [ 7.7742514, 45.1953685 ], [ 7.7740771, 45.1951899 ] ] ] } },
{ "type": "Feature", "properties": { }, "geometry": { "type": "Polygon", "coordinates": [ [ [ 7.7733971, 45.1952778 ], [ 7.7737994, 45.1952202 ], [ 7.7738088, 45.1952958 ], [ 7.7735715, 45.195481 ], [ 7.7733971, 45.1952778 ] ] ] } },
{ "type": "Feature", "properties": { }, "geometry": { "type": "Polygon", "coordinates": [ [ [ 7.7729159, 45.1954057 ], [ 7.7732373, 45.1952964 ], [ 7.7732546, 45.1953602 ], [ 7.7729159, 45.1954057 ] ] ] } },
{ "type": "Feature", "properties": { "name": "Giardino Ex Fiamca" }, "geometry": { "type": "Polygon", "coordinates": [ [ [ 7.6313344, 45.0805991 ], [ 7.6318441, 45.0805651 ], [ 7.6319051, 45.0809241 ], [ 7.6313961, 45.0809646 ], [ 7.6313344, 45.0805991 ] ] ] } },
{ "type": "Feature", "properties": { }, "geometry": { "type": "Polygon", "coordinates": [ [ [ 7.6160848, 45.0799266 ], [ 7.6168211, 45.0798962 ], [ 7.61686, 45.0804957 ], [ 7.6161157, 45.0805468 ], [ 7.6160848, 45.0799266 ] ] ] } },
{ "type": "Feature", "properties": { }, "geometry": { "type": "Polygon", "coordinates": [ [ [ 7.6208375, 45.0788793 ], [ 7.6210481, 45.0788177 ], [ 7.620975, 45.0786272 ], [ 7.6211534, 45.0785852 ], [ 7.621204, 45.0786735 ], [ 7.6210541, 45.0787152 ], [ 7.6211446, 45.078882 ], [ 7.6213207, 45.0788842 ], [ 7.6208375, 45.0788793 ] ] ] } },
{ "type": "Feature", "properties": { }, "geometry": { "type": "Polygon", "coordinates": [ [ [ 7.6191193, 45.0760843 ], [ 7.6193931, 45.0759892 ], [ 7.619408, 45.0760562 ], [ 7.6191193, 45.0760843 ] ] ] } },
{ "type": "Feature", "properties": { }, "geometry": { "type": "Polygon", "coordinates": [ [ [ 7.6189486, 45.0751451 ], [ 7.6192299, 45.0751541 ], [ 7.6192265, 45.0752083 ], [ 7.6189738, 45.0752836 ], [ 7.6189486, 45.0751451 ] ] ] } },
{ "type": "Feature", "properties": { }, "geometry": { "type": "Polygon", "coordinates": [ [ [ 7.6187452, 45.0776424 ], [ 7.6191971, 45.0776012 ], [ 7.6192176, 45.0777016 ], [ 7.6187519, 45.0777444 ], [ 7.6187452, 45.0776424 ] ] ] } },
{ "type": "Feature", "properties": { }, "geometry": { "type": "Polygon", "coordinates": [ [ [ 7.6186245, 45.0769798 ], [ 7.6190756, 45.0769434 ], [ 7.6190973, 45.07706 ], [ 7.6186663, 45.0772523 ], [ 7.6186245, 45.0769798 ] ] ] } },
{ "type": "Feature", "properties": { }, "geometry": { "type": "Polygon", "coordinates": [ [ [ 7.6178317, 45.0754045 ], [ 7.6178326, 45.0750934 ], [ 7.6183705, 45.075145 ], [ 7.6184051, 45.0754064 ], [ 7.6178317, 45.0754045 ] ] ] } },
{ "type": "Feature", "properties": { }, "geometry": { "type": "Polygon", "coordinates": [ [ [ 7.6178298, 45.0764693 ], [ 7.6178302, 45.0763715 ], [ 7.6180347, 45.076371 ], [ 7.618166, 45.0760154 ], [ 7.6179554, 45.0759718 ], [ 7.6179771, 45.075813 ], [ 7.6182062, 45.0757275 ], [ 7.6181901, 45.0756356 ], [ 7.6180282, 45.0756722 ], [ 7.6180346, 45.0754052 ], [ 7.6184051, 45.0754064 ], [ 7.6186299, 45.0764706 ], [ 7.6178298, 45.0764693 ] ] ] } },
{ "type": "Feature", "properties": { }, "geometry": { "type": "Polygon", "coordinates": [ [ [ 7.6152367, 45.0759808 ], [ 7.6152489, 45.0756712 ], [ 7.615803, 45.0756984 ], [ 7.6157851, 45.0760008 ], [ 7.6152367, 45.0759808 ] ] ] } },
{ "type": "Feature", "properties": { }, "geometry": { "type": "Polygon", "coordinates": [ [ [ 7.6124327, 45.0824135 ], [ 7.6135699, 45.0822617 ], [ 7.6135645, 45.0826518 ], [ 7.6125144, 45.0827476 ], [ 7.6124327, 45.0824135 ] ] ] } },
{ "type": "Feature", "properties": { }, "geometry": { "type": "Polygon", "coordinates": [ [ [ 7.6114838, 45.0827013 ], [ 7.6115079, 45.0824825 ], [ 7.6124169, 45.0823581 ], [ 7.6125144, 45.0827476 ], [ 7.6114838, 45.0827013 ] ] ] } },
{ "type": "Feature", "properties": { }, "geometry": { "type": "Polygon", "coordinates": [ [ [ 7.6112941, 45.0851111 ], [ 7.6113633, 45.0848202 ], [ 7.6125317, 45.0847293 ], [ 7.6126044, 45.0850945 ], [ 7.6112941, 45.0851111 ] ] ] } },
{ "type": "Feature", "properties": { }, "geometry": { "type": "Polygon", "coordinates": [ [ [ 7.6117393, 45.0851063 ], [ 7.612375, 45.0850995 ], [ 7.6122959, 45.0853014 ], [ 7.6118627, 45.0853374 ], [ 7.6117393, 45.0851063 ] ] ] } },
{ "type": "Feature", "properties": { }, "geometry": { "type": "Polygon", "coordinates": [ [ [ 7.6126044, 45.0850945 ], [ 7.6132696, 45.0849733 ], [ 7.61381, 45.0858724 ], [ 7.6132535, 45.0860457 ], [ 7.6131707, 45.085911 ], [ 7.6132774, 45.0858788 ], [ 7.6129881, 45.0854006 ], [ 7.6126835, 45.0854832 ], [ 7.6126044, 45.0850945 ] ] ] } },
{ "type": "Feature", "properties": { }, "geometry": { "type": "Polygon", "coordinates": [ [ [ 7.6117568, 45.0867005 ], [ 7.6129048, 45.0863464 ], [ 7.613519, 45.0877525 ], [ 7.6128471, 45.087566 ], [ 7.6117568, 45.0867005 ] ] ] } },
{ "type": "Feature", "properties": { }, "geometry": { "type": "Polygon", "coordinates": [ [ [ 7.6221267, 45.0878369 ], [ 7.6228321, 45.087585 ], [ 7.6231312, 45.0879628 ], [ 7.6224168, 45.0882615 ], [ 7.6221267, 45.0878369 ] ] ] } },
{ "type": "Feature", "properties": { }, "geometry": { "type": "Polygon", "coordinates": [ [ [ 7.6231993, 45.0881046 ], [ 7.6234991, 45.0879328 ], [ 7.6236942, 45.0880909 ], [ 7.6233777, 45.0882736 ], [ 7.6231993, 45.0881046 ] ] ] } },
{ "type": "Feature", "properties": { }, "geometry": { "type": "Polygon", "coordinates": [ [ [ 7.6177892, 45.0970909 ], [ 7.6178938, 45.0969763 ], [ 7.6181902, 45.0971354 ], [ 7.6180469, 45.0973158 ], [ 7.6177892, 45.0970909 ] ] ] } },
{ "type": "Feature", "properties": { }, "geometry": { "type": "Polygon", "coordinates": [ [ [ 7.6178428, 45.0968579 ], [ 7.6182197, 45.096857 ], [ 7.6184101, 45.0969697 ], [ 7.6182545, 45.0970814 ], [ 7.6178428, 45.0968579 ] ] ] } },
{ "type": "Feature", "properties": { }, "geometry": { "type": "Polygon", "coordinates": [ [ [ 7.6183182, 45.0968599 ], [ 7.6187735, 45.0967168 ], [ 7.6204908, 45.0967539 ], [ 7.6204119, 45.0975792 ], [ 7.6183182, 45.0968599 ] ] ] } },
{ "type": "Feature", "properties": { }, "geometry": { "type": "Polygon", "coordinates": [ [ [ 7.6205136, 45.0980792 ], [ 7.6205673, 45.0974317 ], [ 7.62127, 45.0974563 ], [ 7.6214068, 45.0976362 ], [ 7.6205136, 45.0980792 ] ] ] } },
{ "type": "Feature", "properties": { }, "geometry": { "type": "Polygon", "coordinates": [ [ [ 7.6082491, 45.0745051 ], [ 7.6084992, 45.0744747 ], [ 7.6086066, 45.0747825 ], [ 7.6082957, 45.0747688 ], [ 7.6082491, 45.0745051 ] ] ] } },
{ "type": "Feature", "properties": { }, "geometry": { "type": "Polygon", "coordinates": [ [ [ 7.6085917, 45.0745258 ], [ 7.6086789, 45.0744766 ], [ 7.6089351, 45.0745306 ], [ 7.6086668, 45.0745836 ], [ 7.6085917, 45.0745258 ] ] ] } },
{ "type": "Feature", "properties": { }, "geometry": { "type": "Polygon", "coordinates": [ [ [ 7.6087065, 45.0747525 ], [ 7.609041, 45.0746177 ], [ 7.6089904, 45.0745321 ], [ 7.6091503, 45.0744867 ], [ 7.6090288, 45.0743764 ], [ 7.6092113, 45.0743503 ], [ 7.6092256, 45.0749806 ], [ 7.6090115, 45.0747863 ], [ 7.6087065, 45.0747525 ] ] ] } },
{ "type": "Feature", "properties": { }, "geometry": { "type": "Polygon", "coordinates": [ [ [ 7.6078836, 45.0763494 ], [ 7.6079265, 45.0757821 ], [ 7.6082578, 45.0757944 ], [ 7.6083176, 45.0748477 ], [ 7.6090605, 45.0748838 ], [ 7.6089411, 45.0752854 ], [ 7.60909, 45.0752314 ], [ 7.6090108, 45.0760307 ], [ 7.6089035, 45.0760478 ], [ 7.6088979, 45.0758107 ], [ 7.6083362, 45.0758279 ], [ 7.60832, 45.0760357 ], [ 7.6085039, 45.07608 ], [ 7.608115, 45.0761463 ], [ 7.6088486, 45.0761728 ], [ 7.6089773, 45.0762883 ], [ 7.6091291, 45.0760223 ], [ 7.6090941, 45.0764007 ], [ 7.6078836, 45.0763494 ] ] ] } },
{ "type": "Feature", "properties": { }, "geometry": { "type": "Polygon", "coordinates": [ [ [ 7.6072484, 45.0748862 ], [ 7.6072637, 45.07474 ], [ 7.6076473, 45.0748437 ], [ 7.6076416, 45.0749434 ], [ 7.6072484, 45.0748862 ] ] ] } },
{ "type": "Feature", "properties": { }, "geometry": { "type": "Polygon", "coordinates": [ [ [ 7.6059226, 45.0749751 ], [ 7.6059401, 45.0746903 ], [ 7.6064935, 45.0747072 ], [ 7.6060013, 45.074716 ], [ 7.6060586, 45.0748669 ], [ 7.6062629, 45.0747653 ], [ 7.6064884, 45.0747733 ], [ 7.6062147, 45.0748325 ], [ 7.6063459, 45.07486 ], [ 7.606385, 45.0750662 ], [ 7.6059226, 45.0749751 ] ] ] } },
{ "type": "Feature", "properties": { }, "geometry": { "type": "Polygon", "coordinates": [ [ [ 7.6318538, 45.0847704 ], [ 7.6319896, 45.0843044 ], [ 7.6319226, 45.084181 ], [ 7.6319699, 45.0837762 ], [ 7.632353, 45.0837642 ], [ 7.6320423, 45.0837998 ], [ 7.6319657, 45.0841418 ], [ 7.632306, 45.0841594 ], [ 7.6320673, 45.0841993 ], [ 7.6320516, 45.0843691 ], [ 7.6322033, 45.0843772 ], [ 7.6321936, 45.0844746 ], [ 7.6319644, 45.0846037 ], [ 7.6319508, 45.0847477 ], [ 7.6321631, 45.0847577 ], [ 7.6322437, 45.084621 ], [ 7.6322418, 45.0847628 ], [ 7.6318538, 45.0847704 ] ] ] } },
{ "type": "Feature", "properties": { }, "geometry": { "type": "Polygon", "coordinates": [ [ [ 7.6325366, 45.0839541 ], [ 7.6327131, 45.0839495 ], [ 7.6328137, 45.08375 ], [ 7.6328123, 45.083952 ], [ 7.6330912, 45.0839817 ], [ 7.6328391, 45.0840639 ], [ 7.6327909, 45.0839514 ], [ 7.6325366, 45.0839541 ] ] ] } },
{ "type": "Feature", "properties": { }, "geometry": { "type": "Polygon", "coordinates": [ [ [ 7.6324562, 45.0845886 ], [ 7.632621, 45.0845324 ], [ 7.6326529, 45.084274 ], [ 7.6328311, 45.0841886 ], [ 7.6327979, 45.0847467 ], [ 7.6325961, 45.0847543 ], [ 7.6326467, 45.0846055 ], [ 7.6324562, 45.0845886 ] ] ] } },
{ "type": "Feature", "properties": { }, "geometry": { "type": "Polygon", "coordinates": [ [ [ 7.6327979, 45.0847467 ], [ 7.6328288, 45.0842245 ], [ 7.6332931, 45.0842271 ], [ 7.6332985, 45.084329 ], [ 7.6328932, 45.0842851 ], [ 7.6329267, 45.0844954 ], [ 7.6333012, 45.0843669 ], [ 7.6329817, 45.0845228 ], [ 7.6330072, 45.0846506 ], [ 7.6336335, 45.0845957 ], [ 7.6334782, 45.0841093 ], [ 7.6336858, 45.0840474 ], [ 7.6337139, 45.0847153 ], [ 7.6327979, 45.0847467 ] ] ] } },
{ "type": "Feature", "properties": { }, "geometry": { "type": "Polygon", "coordinates": [ [ [ 7.6333875, 45.0837267 ], [ 7.6338456, 45.08371 ], [ 7.6338538, 45.0838563 ], [ 7.6340504, 45.0839108 ], [ 7.6336847, 45.0840212 ], [ 7.6335674, 45.0837391 ], [ 7.6333875, 45.0837267 ] ] ] } },
{ "type": "Feature", "properties": { }, "geometry": { "type": "Polygon", "coordinates": [ [ [ 7.6336881, 45.0841018 ], [ 7.6341279, 45.0840903 ], [ 7.6341371, 45.0842797 ], [ 7.6338362, 45.0842545 ], [ 7.6338485, 45.0846299 ], [ 7.6339978, 45.0847055 ], [ 7.6337139, 45.0847153 ], [ 7.6336881, 45.0841018 ] ] ] } },
{ "type": "Feature", "properties": { }, "geometry": { "type": "Polygon", "coordinates": [ [ [ 7.6341092, 45.0837025 ], [ 7.6345705, 45.0836889 ], [ 7.6346142, 45.0839399 ], [ 7.6345374, 45.0837551 ], [ 7.6341956, 45.0837285 ], [ 7.6343621, 45.0840031 ], [ 7.6345539, 45.084028 ], [ 7.6342567, 45.0840928 ], [ 7.6342353, 45.0843111 ], [ 7.6341389, 45.0843176 ], [ 7.6341092, 45.0837025 ] ] ] } },
{ "type": "Feature", "properties": { }, "geometry": { "type": "Polygon", "coordinates": [ [ [ 7.6341467, 45.0844767 ], [ 7.6346925, 45.0844378 ], [ 7.6347074, 45.0845251 ], [ 7.6342229, 45.0845635 ], [ 7.6341574, 45.0847002 ], [ 7.6341467, 45.0844767 ] ] ] } },
{ "type": "Feature", "properties": { }, "geometry": { "type": "Polygon", "coordinates": [ [ [ 7.6348134, 45.0839612 ], [ 7.6353787, 45.0840009 ], [ 7.635404, 45.0843418 ], [ 7.6351486, 45.084369 ], [ 7.6351759, 45.084659 ], [ 7.6349192, 45.0846689 ], [ 7.635112, 45.0846094 ], [ 7.6351402, 45.0844166 ], [ 7.6348761, 45.0843804 ], [ 7.6350698, 45.0843238 ], [ 7.6350218, 45.0840163 ], [ 7.6348134, 45.0839612 ] ] ] } },
{ "type": "Feature", "properties": { }, "geometry": { "type": "Polygon", "coordinates": [ [ [ 7.635045, 45.0836731 ], [ 7.6352902, 45.0836649 ], [ 7.6353019, 45.0837399 ], [ 7.6350557, 45.0838361 ], [ 7.635045, 45.0836731 ] ] ] } },
{ "type": "Feature", "properties": { }, "geometry": { "type": "Polygon", "coordinates": [ [ [ 7.6355719, 45.0836556 ], [ 7.6359179, 45.0836431 ], [ 7.6359219, 45.0837855 ], [ 7.6358229, 45.0836953 ], [ 7.6355767, 45.0837634 ], [ 7.6355719, 45.0836556 ] ] ] } },
{ "type": "Feature", "properties": { }, "geometry": { "type": "Polygon", "coordinates": [ [ [ 7.6354029, 45.0843269 ], [ 7.6356754, 45.0843166 ], [ 7.6356612, 45.0840092 ], [ 7.6355439, 45.0840119 ], [ 7.6355389, 45.083893 ], [ 7.6359851, 45.0838844 ], [ 7.6359716, 45.0836412 ], [ 7.6360303, 45.0839374 ], [ 7.6363323, 45.0839221 ], [ 7.6361433, 45.0839914 ], [ 7.6363565, 45.0840274 ], [ 7.6363606, 45.0841603 ], [ 7.6360548, 45.0841699 ], [ 7.6360396, 45.0840252 ], [ 7.6358965, 45.0840312 ], [ 7.6360738, 45.0844175 ], [ 7.6354029, 45.0843269 ] ] ] } },
{ "type": "Feature", "properties": { }, "geometry": { "type": "Polygon", "coordinates": [ [ [ 7.6368525, 45.0839993 ], [ 7.6371426, 45.0839891 ], [ 7.6370568, 45.0836737 ], [ 7.6372289, 45.0836548 ], [ 7.6372329, 45.0838442 ], [ 7.6373427, 45.0837576 ], [ 7.6373997, 45.0842975 ], [ 7.6373388, 45.0841787 ], [ 7.6368668, 45.0841787 ], [ 7.6368525, 45.0839993 ] ] ] } },
{ "type": "Feature", "properties": { }, "geometry": { "type": "Polygon", "coordinates": [ [ [ 7.637332, 45.0835916 ], [ 7.6375612, 45.0835835 ], [ 7.637569, 45.083617 ], [ 7.6373965, 45.0836087 ], [ 7.6373393, 45.0837264 ], [ 7.637332, 45.0835916 ] ] ] } },
{ "type": "Feature", "properties": { }, "geometry": { "type": "Polygon", "coordinates": [ [ [ 7.6374195, 45.0843287 ], [ 7.637422, 45.0837922 ], [ 7.6376366, 45.0837836 ], [ 7.6376216, 45.0835814 ], [ 7.6379033, 45.0835713 ], [ 7.6376911, 45.0836292 ], [ 7.6376978, 45.0838054 ], [ 7.6379789, 45.0838318 ], [ 7.6379901, 45.0840837 ], [ 7.637777, 45.0840377 ], [ 7.6379503, 45.0842154 ], [ 7.6374195, 45.0843287 ] ] ] } },
{ "type": "Feature", "properties": { }, "geometry": { "type": "Polygon", "coordinates": [ [ [ 7.6379841, 45.0839484 ], [ 7.6382505, 45.0838205 ], [ 7.6382416, 45.0836288 ], [ 7.6380393, 45.0835664 ], [ 7.6386899, 45.083543 ], [ 7.6385357, 45.0835722 ], [ 7.6386055, 45.0837374 ], [ 7.6390299, 45.0836297 ], [ 7.638845, 45.0837391 ], [ 7.6389733, 45.0839663 ], [ 7.6391047, 45.083972 ], [ 7.6384936, 45.0841227 ], [ 7.6386951, 45.0840486 ], [ 7.6387106, 45.0838553 ], [ 7.6384914, 45.0837911 ], [ 7.638354, 45.084147 ], [ 7.6383031, 45.0840061 ], [ 7.6379891, 45.084061 ], [ 7.6379841, 45.0839484 ] ] ] } },
{ "type": "Feature", "properties": { }, "geometry": { "type": "Polygon", "coordinates": [ [ [ 7.6395114, 45.0835169 ], [ 7.640173, 45.083611 ], [ 7.6402067, 45.0837849 ], [ 7.6398693, 45.0836766 ], [ 7.6398775, 45.0838005 ], [ 7.6397201, 45.0837499 ], [ 7.6396602, 45.0838588 ], [ 7.6395864, 45.0836895 ], [ 7.6398342, 45.0836519 ], [ 7.6395694, 45.0836505 ], [ 7.6395114, 45.0835169 ] ] ] } },
{ "type": "Feature", "properties": { }, "geometry": { "type": "Polygon", "coordinates": [ [ [ 7.64069, 45.0836414 ], [ 7.6407514, 45.0834769 ], [ 7.6410386, 45.0835835 ], [ 7.6410909, 45.0834644 ], [ 7.6410948, 45.0836376 ], [ 7.64069, 45.0836414 ] ] ] } },
{ "type": "Feature", "properties": { }, "geometry": { "type": "Polygon", "coordinates": [ [ [ 7.6417, 45.0837242 ], [ 7.6418294, 45.083462 ], [ 7.6419165, 45.0834345 ], [ 7.6419297, 45.0837456 ], [ 7.6417, 45.0837242 ] ] ] } },
{ "type": "Feature", "properties": { }, "geometry": { "type": "Polygon", "coordinates": [ [ [ 7.6412903, 45.0836386 ], [ 7.641291, 45.0834587 ], [ 7.641512, 45.0835861 ], [ 7.6415143, 45.0836334 ], [ 7.6412903, 45.0836386 ] ] ] } },
{ "type": "Feature", "properties": { }, "geometry": { "type": "Polygon", "coordinates": [ [ [ 7.6402522, 45.0841157 ], [ 7.6403408, 45.0841504 ], [ 7.6404008, 45.0839568 ], [ 7.6404774, 45.0842346 ], [ 7.6402581, 45.0842184 ], [ 7.6402522, 45.0841157 ] ] ] } },
{ "type": "Feature", "properties": { }, "geometry": { "type": "Polygon", "coordinates": [ [ [ 7.6405627, 45.0841949 ], [ 7.6406316, 45.083945 ], [ 7.6408706, 45.0841125 ], [ 7.6411683, 45.0839582 ], [ 7.6414204, 45.0840822 ], [ 7.6415428, 45.0839392 ], [ 7.6418844, 45.0840292 ], [ 7.6419354, 45.0838801 ], [ 7.6419461, 45.0841419 ], [ 7.6405627, 45.0841949 ] ] ] } },
{ "type": "Feature", "properties": { }, "geometry": { "type": "Polygon", "coordinates": [ [ [ 7.6424667, 45.0839411 ], [ 7.6426604, 45.0839373 ], [ 7.6427288, 45.0837589 ], [ 7.6427545, 45.0839776 ], [ 7.6424667, 45.0839411 ] ] ] } },
{ "type": "Feature", "properties": { }, "geometry": { "type": "Polygon", "coordinates": [ [ [ 7.6418341, 45.0841448 ], [ 7.6428133, 45.0840411 ], [ 7.6428115, 45.0842788 ], [ 7.6419802, 45.084284 ], [ 7.6418341, 45.0841448 ] ] ] } },
{ "type": "Feature", "properties": { }, "geometry": { "type": "Polygon", "coordinates": [ [ [ 7.6444604, 45.0839471 ], [ 7.6449517, 45.0839351 ], [ 7.6447914, 45.0839999 ], [ 7.6447378, 45.0842546 ], [ 7.6450053, 45.0841541 ], [ 7.6450184, 45.0843598 ], [ 7.6446628, 45.0843371 ], [ 7.6446766, 45.0839949 ], [ 7.6444604, 45.0839471 ] ] ] } },
{ "type": "Feature", "properties": { }, "geometry": { "type": "Polygon", "coordinates": [ [ [ 7.6444338, 45.083516 ], [ 7.6446815, 45.0835833 ], [ 7.6446681, 45.0833466 ], [ 7.6449494, 45.0833366 ], [ 7.6449635, 45.0835378 ], [ 7.6447329, 45.0833704 ], [ 7.6447271, 45.0836713 ], [ 7.6449819, 45.0837984 ], [ 7.6444491, 45.083767 ], [ 7.6444338, 45.083516 ] ] ] } },
{ "type": "Feature", "properties": { }, "geometry": { "type": "Polygon", "coordinates": [ [ [ 7.643786, 45.0837182 ], [ 7.6442742, 45.0837217 ], [ 7.6443059, 45.0836078 ], [ 7.6443155, 45.0837555 ], [ 7.6440646, 45.0838181 ], [ 7.6443294, 45.0839687 ], [ 7.6441528, 45.0839746 ], [ 7.644078, 45.0841164 ], [ 7.6443388, 45.0841127 ], [ 7.6443519, 45.0843131 ], [ 7.6440055, 45.0842857 ], [ 7.6440753, 45.0838986 ], [ 7.643786, 45.0837182 ] ] ] } },
{ "type": "Feature", "properties": { }, "geometry": { "type": "Polygon", "coordinates": [ [ [ 7.6437803, 45.083589 ], [ 7.6439398, 45.0835852 ], [ 7.6439991, 45.0833691 ], [ 7.6442895, 45.0833579 ], [ 7.6443013, 45.0835378 ], [ 7.6442595, 45.0834171 ], [ 7.6440795, 45.0834208 ], [ 7.6440377, 45.0836543 ], [ 7.6437803, 45.083589 ] ] ] } },
{ "type": "Feature", "properties": { }, "geometry": { "type": "Polygon", "coordinates": [ [ [ 7.6428402, 45.0842814 ], [ 7.6428442, 45.0840073 ], [ 7.643221, 45.083945 ], [ 7.6432854, 45.083732 ], [ 7.6429268, 45.0836714 ], [ 7.642924, 45.0834045 ], [ 7.6430264, 45.0834015 ], [ 7.6430377, 45.0836232 ], [ 7.6432988, 45.0836174 ], [ 7.6434126, 45.0833907 ], [ 7.6436388, 45.083384 ], [ 7.643666, 45.0838465 ], [ 7.6433623, 45.0837728 ], [ 7.6433162, 45.0839138 ], [ 7.6434322, 45.0840122 ], [ 7.6431808, 45.084017 ], [ 7.6433674, 45.0843027 ], [ 7.6428402, 45.0842814 ] ] ] } },
{ "type": "Feature", "properties": { }, "geometry": { "type": "Polygon", "coordinates": [ [ [ 7.6434114, 45.084106 ], [ 7.6436779, 45.0840785 ], [ 7.6435029, 45.0842268 ], [ 7.6436904, 45.0843157 ], [ 7.643425, 45.084305 ], [ 7.6434114, 45.084106 ] ] ] } },
{ "type": "Feature", "properties": { }, "geometry": { "type": "Polygon", "coordinates": [ [ [ 7.6451564, 45.0833295 ], [ 7.645645, 45.0833117 ], [ 7.6454682, 45.0833427 ], [ 7.6454803, 45.0836287 ], [ 7.6456212, 45.0836777 ], [ 7.6457223, 45.0836817 ], [ 7.6457163, 45.083554 ], [ 7.646147, 45.0836428 ], [ 7.6461378, 45.0837557 ], [ 7.6456881, 45.0838067 ], [ 7.6458219, 45.0838978 ], [ 7.6461308, 45.0838409 ], [ 7.6461211, 45.0839592 ], [ 7.6459242, 45.0839753 ], [ 7.6459023, 45.0841952 ], [ 7.6461092, 45.0841192 ], [ 7.6461019, 45.0842196 ], [ 7.6456069, 45.0842915 ], [ 7.6457523, 45.084239 ], [ 7.6457322, 45.0839862 ], [ 7.6454454, 45.0840993 ], [ 7.6453906, 45.0839594 ], [ 7.6451972, 45.0840954 ], [ 7.6451714, 45.0836107 ], [ 7.6454145, 45.0836789 ], [ 7.6454567, 45.0835633 ], [ 7.6453301, 45.0833636 ], [ 7.6451983, 45.0833666 ], [ 7.6452951, 45.0835011 ], [ 7.645167, 45.0835294 ], [ 7.6451564, 45.0833295 ] ] ] } },
{ "type": "Feature", "properties": { }, "geometry": { "type": "Polygon", "coordinates": [ [ [ 7.6467773, 45.0838531 ], [ 7.6467785, 45.0836666 ], [ 7.6469836, 45.0837007 ], [ 7.6469407, 45.0838446 ], [ 7.6467773, 45.0838531 ] ] ] } },
{ "type": "Feature", "properties": { }, "geometry": { "type": "Polygon", "coordinates": [ [ [ 7.6467737, 45.084126 ], [ 7.6467765, 45.0838938 ], [ 7.6472376, 45.0839206 ], [ 7.6470319, 45.0839204 ], [ 7.6470199, 45.08407 ], [ 7.6469903, 45.0839488 ], [ 7.6468338, 45.0839669 ], [ 7.6467737, 45.084126 ] ] ] } },
{ "type": "Feature", "properties": { }, "geometry": { "type": "Polygon", "coordinates": [ [ [ 7.6463628, 45.0835303 ], [ 7.6463755, 45.0833842 ], [ 7.6466289, 45.0834303 ], [ 7.6466808, 45.0832773 ], [ 7.646865, 45.0832713 ], [ 7.646822, 45.0834722 ], [ 7.6470842, 45.0834658 ], [ 7.6473484, 45.0835022 ], [ 7.6463628, 45.0835303 ] ] ] } },
{ "type": "Feature", "properties": { }, "geometry": { "type": "Polygon", "coordinates": [ [ [ 7.6470748, 45.0832644 ], [ 7.6471648, 45.0833407 ], [ 7.6470808, 45.083393 ], [ 7.6470748, 45.0832644 ] ] ] } },
{ "type": "Feature", "properties": { }, "geometry": { "type": "Polygon", "coordinates": [ [ [ 7.6480301, 45.083759 ], [ 7.6481981, 45.0836423 ], [ 7.6483056, 45.0837932 ], [ 7.648707, 45.0837405 ], [ 7.6481756, 45.083929 ], [ 7.6480301, 45.083759 ] ] ] } },
{ "type": "Feature", "properties": { }, "geometry": { "type": "Polygon", "coordinates": [ [ [ 7.6478288, 45.0839776 ], [ 7.6477913, 45.0837889 ], [ 7.647882, 45.0837775 ], [ 7.6478288, 45.0839776 ] ] ] } },
{ "type": "Feature", "properties": { }, "geometry": { "type": "Polygon", "coordinates": [ [ [ 7.6474574, 45.0838475 ], [ 7.647516, 45.0836315 ], [ 7.6477034, 45.0836531 ], [ 7.6477633, 45.0835126 ], [ 7.6475717, 45.0834292 ], [ 7.6478439, 45.0834665 ], [ 7.6478627, 45.0833478 ], [ 7.6480001, 45.0833453 ], [ 7.64826, 45.0834929 ], [ 7.6484326, 45.0834358 ], [ 7.648386, 45.0832771 ], [ 7.648552, 45.0835197 ], [ 7.6478178, 45.0836311 ], [ 7.6477913, 45.0837889 ], [ 7.6474574, 45.0838475 ] ] ] } },
{ "type": "Feature", "properties": { }, "geometry": { "type": "Polygon", "coordinates": [ [ [ 7.6477624, 45.083404 ], [ 7.6475909, 45.0833606 ], [ 7.6478069, 45.0833567 ], [ 7.6477624, 45.083404 ] ] ] } },
{ "type": "Feature", "properties": { }, "geometry": { "type": "Polygon", "coordinates": [ [ [ 7.6474068, 45.0840345 ], [ 7.6474303, 45.0839474 ], [ 7.6475318, 45.0839597 ], [ 7.6475141, 45.0840196 ], [ 7.6474068, 45.0840345 ] ] ] } },
{ "type": "Feature", "properties": { }, "geometry": { "type": "Polygon", "coordinates": [ [ [ 7.6488287, 45.084942 ], [ 7.6490521, 45.0848902 ], [ 7.6489999, 45.0847823 ], [ 7.6492243, 45.0847889 ], [ 7.6491953, 45.0846583 ], [ 7.6492987, 45.0846273 ], [ 7.6494644, 45.0848787 ], [ 7.6488615, 45.0850298 ], [ 7.6488287, 45.084942 ] ] ] } },
{ "type": "Feature", "properties": { }, "geometry": { "type": "Polygon", "coordinates": [ [ [ 7.6486657, 45.084392 ], [ 7.6489621, 45.0843021 ], [ 7.6489399, 45.0844392 ], [ 7.6490951, 45.0843262 ], [ 7.6492264, 45.0845215 ], [ 7.6489795, 45.0845162 ], [ 7.64897, 45.0846304 ], [ 7.6488574, 45.0844348 ], [ 7.6486657, 45.084392 ] ] ] } },
{ "type": "Feature", "properties": { }, "geometry": { "type": "Polygon", "coordinates": [ [ [ 7.6485595, 45.0840135 ], [ 7.6488503, 45.0839704 ], [ 7.6490121, 45.0842046 ], [ 7.6488443, 45.0840098 ], [ 7.6486334, 45.0840425 ], [ 7.6486727, 45.0841689 ], [ 7.6489944, 45.0842973 ], [ 7.6486543, 45.0843462 ], [ 7.6485595, 45.0840135 ] ] ] } },
{ "type": "Feature", "properties": { }, "geometry": { "type": "Polygon", "coordinates": [ [ [ 7.6483963, 45.0841055 ], [ 7.6484592, 45.0840273 ], [ 7.6484791, 45.0840942 ], [ 7.6483963, 45.0841055 ] ] ] } },
{ "type": "Feature", "properties": { }, "geometry": { "type": "Polygon", "coordinates": [ [ [ 7.6481281, 45.0840741 ], [ 7.6482392, 45.0840581 ], [ 7.6482995, 45.0842606 ], [ 7.6485677, 45.0842218 ], [ 7.6485595, 45.0840135 ], [ 7.6486935, 45.0844908 ], [ 7.6485421, 45.0845122 ], [ 7.6485382, 45.0842705 ], [ 7.6482713, 45.0843083 ], [ 7.6483853, 45.0844845 ], [ 7.6482508, 45.0844926 ], [ 7.6481281, 45.0840741 ] ] ] } },
{ "type": "Feature", "properties": { }, "geometry": { "type": "Polygon", "coordinates": [ [ [ 7.6477302, 45.0843529 ], [ 7.6481218, 45.084297 ], [ 7.6481855, 45.0845039 ], [ 7.6480837, 45.0845319 ], [ 7.648095, 45.08434 ], [ 7.6478282, 45.0843779 ], [ 7.6478073, 45.0846162 ], [ 7.6477302, 45.0843529 ] ] ] } },
{ "type": "Feature", "properties": { }, "geometry": { "type": "Polygon", "coordinates": [ [ [ 7.6477577, 45.084349 ], [ 7.6477482, 45.084133 ], [ 7.6480323, 45.0840872 ], [ 7.6477603, 45.0841848 ], [ 7.6477577, 45.084349 ] ] ] } },
{ "type": "Feature", "properties": { }, "geometry": { "type": "Polygon", "coordinates": [ [ [ 7.6472609, 45.084334 ], [ 7.647343, 45.0841816 ], [ 7.6473704, 45.0842802 ], [ 7.6476145, 45.0842507 ], [ 7.6476611, 45.0844148 ], [ 7.6472609, 45.084334 ] ] ] } },
{ "type": "Feature", "properties": { }, "geometry": { "type": "Polygon", "coordinates": [ [ [ 7.6471392, 45.0843058 ], [ 7.64723, 45.0841974 ], [ 7.6471972, 45.0843224 ], [ 7.6471392, 45.0843058 ] ] ] } },
{ "type": "Feature", "properties": { }, "geometry": { "type": "Polygon", "coordinates": [ [ [ 7.6450353, 45.0845955 ], [ 7.645217, 45.0844925 ], [ 7.6454603, 45.0846147 ], [ 7.6455084, 45.0844488 ], [ 7.6455406, 45.0846637 ], [ 7.6457035, 45.0846621 ], [ 7.6459426, 45.0846217 ], [ 7.6459517, 45.0843828 ], [ 7.6460249, 45.0844817 ], [ 7.6459518, 45.0847132 ], [ 7.6457961, 45.0847669 ], [ 7.6450382, 45.0847271 ], [ 7.6450353, 45.0845955 ] ] ] } },
{ "type": "Feature", "properties": { }, "geometry": { "type": "Polygon", "coordinates": [ [ [ 7.6457012, 45.0845447 ], [ 7.645707, 45.0844197 ], [ 7.645744, 45.084538 ], [ 7.6457012, 45.0845447 ] ] ] } },
{ "type": "Feature", "properties": { }, "geometry": { "type": "Polygon", "coordinates": [ [ [ 7.6457882, 45.0845324 ], [ 7.6457978, 45.0844049 ], [ 7.6458343, 45.0845259 ], [ 7.6457882, 45.0845324 ] ] ] } },
{ "type": "Feature", "properties": { }, "geometry": { "type": "Polygon", "coordinates": [ [ [ 7.6466945, 45.0843629 ], [ 7.6468582, 45.0842513 ], [ 7.6468926, 45.0843766 ], [ 7.6468715, 45.084387 ], [ 7.6466945, 45.0843629 ] ] ] } },
{ "type": "Feature", "properties": { }, "geometry": { "type": "Polygon", "coordinates": [ [ [ 7.6534594, 45.0771811 ], [ 7.6541868, 45.0769057 ], [ 7.6541932, 45.0771265 ], [ 7.6543999, 45.0771413 ], [ 7.6534594, 45.0771811 ] ] ] } },
{ "type": "Feature", "properties": { }, "geometry": { "type": "Polygon", "coordinates": [ [ [ 7.6506366, 45.0831429 ], [ 7.6508339, 45.0831374 ], [ 7.650856, 45.0831569 ], [ 7.6506782, 45.0832312 ], [ 7.6506366, 45.0831429 ] ] ] } },
{ "type": "Feature", "properties": { }, "geometry": { "type": "Polygon", "coordinates": [ [ [ 7.65039, 45.0832846 ], [ 7.6505197, 45.0832823 ], [ 7.6503918, 45.0833248 ], [ 7.65039, 45.0832846 ] ] ] } },
{ "type": "Feature", "properties": { }, "geometry": { "type": "Polygon", "coordinates": [ [ [ 7.6500681, 45.0833006 ], [ 7.6502043, 45.0832985 ], [ 7.6502082, 45.083387 ], [ 7.6501455, 45.0834082 ], [ 7.6500681, 45.0833006 ] ] ] } },
{ "type": "Feature", "properties": { }, "geometry": { "type": "Polygon", "coordinates": [ [ [ 7.6500342, 45.0834461 ], [ 7.6499944, 45.0833018 ], [ 7.6500871, 45.083428 ], [ 7.6500342, 45.0834461 ] ] ] } },
{ "type": "Feature", "properties": { }, "geometry": { "type": "Polygon", "coordinates": [ [ [ 7.6491307, 45.0831952 ], [ 7.6495242, 45.0831751 ], [ 7.6492681, 45.0832597 ], [ 7.6493608, 45.0834047 ], [ 7.6496152, 45.0833657 ], [ 7.6495793, 45.0831741 ], [ 7.6498629, 45.0831642 ], [ 7.6496446, 45.0831907 ], [ 7.6496483, 45.0832893 ], [ 7.6498751, 45.0833223 ], [ 7.6496651, 45.0834487 ], [ 7.6492927, 45.083437 ], [ 7.6491307, 45.0831952 ] ] ] } },
{ "type": "Feature", "properties": { }, "geometry": { "type": "Polygon", "coordinates": [ [ [ 7.649352, 45.0835257 ], [ 7.6493737, 45.0834457 ], [ 7.6494539, 45.0835613 ], [ 7.649352, 45.0835257 ] ] ] } },
{ "type": "Feature", "properties": { }, "geometry": { "type": "Polygon", "coordinates": [ [ [ 7.6499439, 45.0886362 ], [ 7.649977, 45.0881289 ], [ 7.6502266, 45.0880474 ], [ 7.6504469, 45.0884142 ], [ 7.6499439, 45.0886362 ] ] ] } },
{ "type": "Feature", "properties": { }, "geometry": { "type": "Polygon", "coordinates": [ [ [ 7.6503775, 45.0886326 ], [ 7.6505874, 45.0884714 ], [ 7.650673, 45.0886096 ], [ 7.6503775, 45.0886326 ] ] ] } },
{ "type": "Feature", "properties": { }, "geometry": { "type": "Polygon", "coordinates": [ [ [ 7.6503021, 45.0880217 ], [ 7.6505488, 45.0882192 ], [ 7.6512327, 45.0883876 ], [ 7.650673, 45.0886096 ], [ 7.6503021, 45.0880217 ] ] ] } },
{ "type": "Feature", "properties": { }, "geometry": { "type": "Polygon", "coordinates": [ [ [ 7.6512317, 45.0883508 ], [ 7.6516107, 45.0883847 ], [ 7.6517987, 45.0883498 ], [ 7.6514461, 45.0885221 ], [ 7.6515807, 45.0887174 ], [ 7.6513132, 45.0887532 ], [ 7.6512317, 45.0883508 ] ] ] } },
{ "type": "Feature", "properties": { }, "geometry": { "type": "Polygon", "coordinates": [ [ [ 7.6516946, 45.0884366 ], [ 7.6518282, 45.0883915 ], [ 7.6519975, 45.0886467 ], [ 7.6518111, 45.0886619 ], [ 7.6516946, 45.0884366 ] ] ] } },
{ "type": "Feature", "properties": { }, "geometry": { "type": "Polygon", "coordinates": [ [ [ 7.6508899, 45.088916 ], [ 7.6515826, 45.0888289 ], [ 7.6515962, 45.0888874 ], [ 7.6514861, 45.0889012 ], [ 7.6515492, 45.089158 ], [ 7.6509712, 45.0892361 ], [ 7.6508899, 45.088916 ] ] ] } },
{ "type": "Feature", "properties": { }, "geometry": { "type": "Polygon", "coordinates": [ [ [ 7.6506754, 45.0901697 ], [ 7.650901, 45.0900909 ], [ 7.6508608, 45.0899138 ], [ 7.6506932, 45.0898536 ], [ 7.6510149, 45.0898249 ], [ 7.6511431, 45.0902243 ], [ 7.6507267, 45.0903494 ], [ 7.6506754, 45.0901697 ] ] ] } },
{ "type": "Feature", "properties": { }, "geometry": { "type": "Polygon", "coordinates": [ [ [ 7.651681, 45.0901535 ], [ 7.6518106, 45.0901154 ], [ 7.6518714, 45.0902085 ], [ 7.6517471, 45.0902348 ], [ 7.651681, 45.0901535 ] ] ] } },
{ "type": "Feature", "properties": { }, "geometry": { "type": "Polygon", "coordinates": [ [ [ 7.6519457, 45.0902316 ], [ 7.6520638, 45.090211 ], [ 7.6522295, 45.0904237 ], [ 7.6521692, 45.0904281 ], [ 7.6519457, 45.0902316 ] ] ] } },
{ "type": "Feature", "properties": { }, "geometry": { "type": "Polygon", "coordinates": [ [ [ 7.6503389, 45.0911675 ], [ 7.6507871, 45.0910431 ], [ 7.6510934, 45.091099 ], [ 7.650646, 45.0912868 ], [ 7.6508545, 45.0911126 ], [ 7.6503389, 45.0911675 ] ] ] } },
{ "type": "Feature", "properties": { }, "geometry": { "type": "Polygon", "coordinates": [ [ [ 7.6504938, 45.0913516 ], [ 7.6506021, 45.0912776 ], [ 7.6506198, 45.0912977 ], [ 7.6504938, 45.0913516 ] ] ] } },
{ "type": "Feature", "properties": { }, "geometry": { "type": "Polygon", "coordinates": [ [ [ 7.6503737, 45.0914018 ], [ 7.6504398, 45.0913233 ], [ 7.650471, 45.0913606 ], [ 7.6503737, 45.0914018 ] ] ] } },
{ "type": "Feature", "properties": { }, "geometry": { "type": "Polygon", "coordinates": [ [ [ 7.6500566, 45.0915377 ], [ 7.6503044, 45.0913631 ], [ 7.6503462, 45.0914127 ], [ 7.6500566, 45.0915377 ] ] ] } },
{ "type": "Feature", "properties": { }, "geometry": { "type": "Polygon", "coordinates": [ [ [ 7.6497995, 45.0915551 ], [ 7.649965, 45.091493 ], [ 7.6500318, 45.0915481 ], [ 7.6498594, 45.0916238 ], [ 7.6497995, 45.0915551 ] ] ] } },
{ "type": "Feature", "properties": { }, "geometry": { "type": "Polygon", "coordinates": [ [ [ 7.6495454, 45.0916045 ], [ 7.6497644, 45.0915662 ], [ 7.6498272, 45.0916376 ], [ 7.6496435, 45.0917166 ], [ 7.6495454, 45.0916045 ] ] ] } },
{ "type": "Feature", "properties": { }, "geometry": { "type": "Polygon", "coordinates": [ [ [ 7.6496326, 45.0910053 ], [ 7.6497909, 45.0912263 ], [ 7.6500069, 45.0912172 ], [ 7.649776, 45.0912853 ], [ 7.6496326, 45.0910053 ] ] ] } },
{ "type": "Feature", "properties": { }, "geometry": { "type": "Polygon", "coordinates": [ [ [ 7.6495682, 45.0907632 ], [ 7.6497103, 45.0907225 ], [ 7.6497766, 45.0908276 ], [ 7.6496171, 45.0908687 ], [ 7.6495682, 45.0907632 ] ] ] } },
{ "type": "Feature", "properties": { }, "geometry": { "type": "Polygon", "coordinates": [ [ [ 7.6502269, 45.0907258 ], [ 7.6505627, 45.0906285 ], [ 7.6506109, 45.0907383 ], [ 7.6503141, 45.0908072 ], [ 7.6502269, 45.0907258 ] ] ] } },
{ "type": "Feature", "properties": { }, "geometry": { "type": "Polygon", "coordinates": [ [ [ 7.6412321, 45.0885219 ], [ 7.6412539, 45.0883805 ], [ 7.6415629, 45.0884925 ], [ 7.6417323, 45.0884622 ], [ 7.6416917, 45.088345 ], [ 7.6418436, 45.0884887 ], [ 7.6412321, 45.0885219 ] ] ] } },
{ "type": "Feature", "properties": { "name": "Parco Lionello Venturi" }, "geometry": { "type": "Polygon", "coordinates": [ [ [ 7.6702105, 45.0902091 ], [ 7.6742625, 45.0890337 ], [ 7.6754276, 45.0885269 ], [ 7.6759486, 45.0881194 ], [ 7.6766573, 45.0890947 ], [ 7.6765012, 45.089155 ], [ 7.6766165, 45.0893101 ], [ 7.676488, 45.0893571 ], [ 7.6766593, 45.0895864 ], [ 7.6766209, 45.0897262 ], [ 7.6751819, 45.0896792 ], [ 7.6703271, 45.0903885 ], [ 7.6702105, 45.0902091 ] ] ] } },
{ "type": "Feature", "properties": { }, "geometry": { "type": "Polygon", "coordinates": [ [ [ 7.6535701, 45.0875109 ], [ 7.6539087, 45.0872813 ], [ 7.6540016, 45.0873634 ], [ 7.6535701, 45.0875109 ] ] ] } },
{ "type": "Feature", "properties": { }, "geometry": { "type": "Polygon", "coordinates": [ [ [ 7.6531227, 45.0870613 ], [ 7.6535252, 45.0869282 ], [ 7.6538685, 45.0871677 ], [ 7.6536315, 45.0872805 ], [ 7.653546, 45.0870784 ], [ 7.6532845, 45.087172 ], [ 7.6533586, 45.0873939 ], [ 7.6531227, 45.0870613 ] ] ] } },
{ "type": "Feature", "properties": { }, "geometry": { "type": "Polygon", "coordinates": [ [ [ 7.6527333, 45.0874556 ], [ 7.6528714, 45.0872572 ], [ 7.6530918, 45.087552 ], [ 7.6529411, 45.0876025 ], [ 7.653044, 45.0877556 ], [ 7.6529561, 45.0877837 ], [ 7.6527333, 45.0874556 ] ] ] } },
{ "type": "Feature", "properties": { }, "geometry": { "type": "Polygon", "coordinates": [ [ [ 7.652119, 45.0876572 ], [ 7.6526789, 45.0874734 ], [ 7.6528032, 45.0876595 ], [ 7.652608, 45.0877245 ], [ 7.6529746, 45.0882771 ], [ 7.6531698, 45.0882121 ], [ 7.6529497, 45.0879999 ], [ 7.6530571, 45.0879323 ], [ 7.6532915, 45.0882774 ], [ 7.652925, 45.0883465 ], [ 7.6529465, 45.0885056 ], [ 7.6527821, 45.0885394 ], [ 7.6527276, 45.0884475 ], [ 7.6528546, 45.0884052 ], [ 7.6526986, 45.0881717 ], [ 7.6525034, 45.0882368 ], [ 7.6524422, 45.0881436 ], [ 7.6526374, 45.0880786 ], [ 7.6524813, 45.0878451 ], [ 7.6522861, 45.0879101 ], [ 7.652119, 45.0876572 ] ] ] } },
{ "type": "Feature", "properties": { }, "geometry": { "type": "Polygon", "coordinates": [ [ [ 7.652925, 45.0883465 ], [ 7.6532411, 45.0882869 ], [ 7.6532596, 45.0883304 ], [ 7.6529465, 45.0885056 ], [ 7.652925, 45.0883465 ] ] ] } },
{ "type": "Feature", "properties": { }, "geometry": { "type": "Polygon", "coordinates": [ [ [ 7.6545889, 45.0877997 ], [ 7.655067, 45.0876291 ], [ 7.6550247, 45.0877948 ], [ 7.6547486, 45.0878897 ], [ 7.6548118, 45.0879814 ], [ 7.6545889, 45.0877997 ] ] ] } },
{ "type": "Feature", "properties": { }, "geometry": { "type": "Polygon", "coordinates": [ [ [ 7.6541562, 45.0871824 ], [ 7.654705, 45.0870011 ], [ 7.6549308, 45.0873439 ], [ 7.6547267, 45.0874582 ], [ 7.6548086, 45.0873013 ], [ 7.6546879, 45.0871265 ], [ 7.6541562, 45.0871824 ] ] ] } },
{ "type": "Feature", "properties": { }, "geometry": { "type": "Polygon", "coordinates": [ [ [ 7.6547235, 45.0870299 ], [ 7.6552267, 45.0866898 ], [ 7.6555307, 45.0869136 ], [ 7.6551633, 45.0871545 ], [ 7.6556435, 45.0869817 ], [ 7.655878, 45.0871486 ], [ 7.6557626, 45.0873049 ], [ 7.6556844, 45.0870995 ], [ 7.6556842, 45.0871885 ], [ 7.6548717, 45.0872558 ], [ 7.6547235, 45.0870299 ] ] ] } },
{ "type": "Feature", "properties": { }, "geometry": { "type": "Polygon", "coordinates": [ [ [ 7.6543279, 45.0893839 ], [ 7.6550879, 45.0894579 ], [ 7.6549828, 45.0894593 ], [ 7.6549312, 45.0896474 ], [ 7.6551498, 45.0898163 ], [ 7.6548381, 45.0901861 ], [ 7.6545253, 45.0898815 ], [ 7.6548565, 45.0894629 ], [ 7.6543279, 45.0893839 ] ] ] } },
{ "type": "Feature", "properties": { }, "geometry": { "type": "Polygon", "coordinates": [ [ [ 7.6543687, 45.0893254 ], [ 7.6544432, 45.0890953 ], [ 7.6548216, 45.0892696 ], [ 7.6546134, 45.0893249 ], [ 7.6543687, 45.0893254 ] ] ] } },
{ "type": "Feature", "properties": { }, "geometry": { "type": "Polygon", "coordinates": [ [ [ 7.6531511, 45.0886188 ], [ 7.6534784, 45.0885109 ], [ 7.6535231, 45.0886205 ], [ 7.6537905, 45.0885685 ], [ 7.6539047, 45.0890565 ], [ 7.6543425, 45.0890215 ], [ 7.6543901, 45.089226 ], [ 7.6542547, 45.089333 ], [ 7.6539558, 45.0892628 ], [ 7.6540019, 45.0894371 ], [ 7.653657, 45.0895534 ], [ 7.65349, 45.0892837 ], [ 7.6536022, 45.0892728 ], [ 7.6535674, 45.0890939 ], [ 7.6532936, 45.0891222 ], [ 7.6531511, 45.0886188 ] ] ] } },
{ "type": "Feature", "properties": { }, "geometry": { "type": "Polygon", "coordinates": [ [ [ 7.6540031, 45.090466 ], [ 7.6542018, 45.090373 ], [ 7.6542806, 45.0904636 ], [ 7.6541491, 45.0905177 ], [ 7.6540031, 45.090466 ] ] ] } },
{ "type": "Feature", "properties": { }, "geometry": { "type": "Polygon", "coordinates": [ [ [ 7.6543352, 45.090169 ], [ 7.6547655, 45.0901175 ], [ 7.6548381, 45.0901861 ], [ 7.6545478, 45.0903477 ], [ 7.6543352, 45.090169 ] ] ] } },
{ "type": "Feature", "properties": { }, "geometry": { "type": "Polygon", "coordinates": [ [ [ 7.6518312, 45.0866858 ], [ 7.652208, 45.0865604 ], [ 7.6525302, 45.0866651 ], [ 7.6531811, 45.0863953 ], [ 7.6532671, 45.0865364 ], [ 7.6526393, 45.0867415 ], [ 7.652194, 45.0866279 ], [ 7.6518312, 45.0866858 ] ] ] } },
{ "type": "Feature", "properties": { }, "geometry": { "type": "Polygon", "coordinates": [ [ [ 7.6531529, 45.0854788 ], [ 7.6532352, 45.0854317 ], [ 7.6534567, 45.0856829 ], [ 7.6538363, 45.0854732 ], [ 7.6533689, 45.0857615 ], [ 7.6537665, 45.0863717 ], [ 7.6533746, 45.0865023 ], [ 7.6536994, 45.0863296 ], [ 7.6531529, 45.0854788 ] ] ] } },
{ "type": "Feature", "properties": { }, "geometry": { "type": "Polygon", "coordinates": [ [ [ 7.6569576, 45.0846161 ], [ 7.6571238, 45.0846014 ], [ 7.6571507, 45.0847215 ], [ 7.6569804, 45.0847376 ], [ 7.6569576, 45.0846161 ] ] ] } },
{ "type": "Feature", "properties": { }, "geometry": { "type": "Polygon", "coordinates": [ [ [ 7.512272, 45.0381057 ], [ 7.5122868, 45.0379408 ], [ 7.5125027, 45.0379303 ], [ 7.513595, 45.0381839 ], [ 7.5134781, 45.0386064 ], [ 7.5132039, 45.0385619 ], [ 7.5133154, 45.038245 ], [ 7.512272, 45.0381057 ] ] ] } },
{ "type": "Feature", "properties": { }, "geometry": { "type": "Polygon", "coordinates": [ [ [ 7.6576824, 45.0843344 ], [ 7.6577168, 45.0838634 ], [ 7.6579761, 45.0838486 ], [ 7.6577568, 45.0839537 ], [ 7.6578963, 45.0842378 ], [ 7.6577192, 45.0842662 ], [ 7.6577881, 45.0843551 ], [ 7.6576824, 45.0843344 ] ] ] } },
{ "type": "Feature", "properties": { }, "geometry": { "type": "Polygon", "coordinates": [ [ [ 7.6581455, 45.0839105 ], [ 7.6582965, 45.0838652 ], [ 7.6583706, 45.0839742 ], [ 7.6585884, 45.0837699 ], [ 7.6586405, 45.0838441 ], [ 7.6585016, 45.0838907 ], [ 7.6586722, 45.0841444 ], [ 7.6584176, 45.0842295 ], [ 7.6583244, 45.0839516 ], [ 7.6581455, 45.0839105 ] ] ] } },
{ "type": "Feature", "properties": { }, "geometry": { "type": "Polygon", "coordinates": [ [ [ 7.6580602, 45.0836505 ], [ 7.6582151, 45.083641 ], [ 7.6582379, 45.0837087 ], [ 7.6580891, 45.0837348 ], [ 7.6580602, 45.0836505 ] ] ] } },
{ "type": "Feature", "properties": { }, "geometry": { "type": "Polygon", "coordinates": [ [ [ 7.6583807, 45.0836846 ], [ 7.6584843, 45.0836236 ], [ 7.6585101, 45.0836602 ], [ 7.6583807, 45.0836846 ] ] ] } },
{ "type": "Feature", "properties": { }, "geometry": { "type": "Polygon", "coordinates": [ [ [ 7.6573308, 45.0835965 ], [ 7.6575229, 45.0834519 ], [ 7.6576306, 45.0835738 ], [ 7.6573308, 45.0835965 ] ] ] } },
{ "type": "Feature", "properties": { }, "geometry": { "type": "Polygon", "coordinates": [ [ [ 7.6587412, 45.0832734 ], [ 7.6589118, 45.0832116 ], [ 7.6589748, 45.0833087 ], [ 7.6588367, 45.0833286 ], [ 7.6587412, 45.0832734 ] ] ] } },
{ "type": "Feature", "properties": { }, "geometry": { "type": "Polygon", "coordinates": [ [ [ 7.6591467, 45.0834671 ], [ 7.6592495, 45.0833502 ], [ 7.6593032, 45.0834332 ], [ 7.6591467, 45.0834671 ] ] ] } },
{ "type": "Feature", "properties": { }, "geometry": { "type": "Polygon", "coordinates": [ [ [ 7.6601525, 45.0825748 ], [ 7.6602751, 45.0823836 ], [ 7.6603563, 45.0824861 ], [ 7.6607285, 45.082271 ], [ 7.6608012, 45.0823737 ], [ 7.6602352, 45.0826808 ], [ 7.6601525, 45.0825748 ] ] ] } },
{ "type": "Feature", "properties": { }, "geometry": { "type": "Polygon", "coordinates": [ [ [ 7.6611985, 45.0818589 ], [ 7.6613084, 45.081811 ], [ 7.6614673, 45.0819341 ], [ 7.6613056, 45.0819965 ], [ 7.6611985, 45.0818589 ] ] ] } },
{ "type": "Feature", "properties": { }, "geometry": { "type": "Polygon", "coordinates": [ [ [ 7.6614679, 45.0818761 ], [ 7.661629, 45.0818089 ], [ 7.6617294, 45.0819206 ], [ 7.6615572, 45.0819875 ], [ 7.6614679, 45.0818761 ] ] ] } },
{ "type": "Feature", "properties": { }, "geometry": { "type": "Polygon", "coordinates": [ [ [ 7.6725409, 45.0961601 ], [ 7.6731203, 45.0956527 ], [ 7.6737103, 45.0958231 ], [ 7.6727233, 45.0962738 ], [ 7.6725409, 45.0961601 ] ] ] } },
{ "type": "Feature", "properties": { }, "geometry": { "type": "Polygon", "coordinates": [ [ [ 7.6763147, 45.0924824 ], [ 7.6777156, 45.0911522 ], [ 7.6780268, 45.0916918 ], [ 7.6764121, 45.0925288 ], [ 7.6763147, 45.0924824 ] ] ] } },
{ "type": "Feature", "properties": { }, "geometry": { "type": "Polygon", "coordinates": [ [ [ 7.6784741, 45.0927392 ], [ 7.6789742, 45.0926081 ], [ 7.6793847, 45.0930692 ], [ 7.6790692, 45.0931876 ], [ 7.6787365, 45.0928309 ], [ 7.6784741, 45.0927392 ] ] ] } },
{ "type": "Feature", "properties": { }, "geometry": { "type": "Polygon", "coordinates": [ [ [ 7.6705021, 45.1021865 ], [ 7.6710045, 45.1014765 ], [ 7.6716762, 45.1014333 ], [ 7.671692, 45.1015439 ], [ 7.6711155, 45.1015061 ], [ 7.6706082, 45.1022311 ], [ 7.6705021, 45.1021865 ] ] ] } },
{ "type": "Feature", "properties": { }, "geometry": { "type": "Polygon", "coordinates": [ [ [ 7.6694352, 45.0914334 ], [ 7.6696042, 45.0910528 ], [ 7.6700762, 45.0910244 ], [ 7.6702988, 45.0911058 ], [ 7.6704303, 45.0917325 ], [ 7.6695478, 45.0918405 ], [ 7.6694352, 45.0914334 ] ] ] } },
{ "type": "Feature", "properties": { }, "geometry": { "type": "Polygon", "coordinates": [ [ [ 7.7743238, 45.1934283 ], [ 7.7746832, 45.1934018 ], [ 7.774812, 45.1940284 ], [ 7.7743278, 45.1940747 ], [ 7.7745357, 45.1939821 ], [ 7.7745089, 45.193744 ], [ 7.7743641, 45.1936986 ], [ 7.7745625, 45.193674 ], [ 7.7745143, 45.1934566 ], [ 7.7743238, 45.1934283 ] ] ] } },
{ "type": "Feature", "properties": { }, "geometry": { "type": "Polygon", "coordinates": [ [ [ 7.7738799, 45.1945511 ], [ 7.774647, 45.1944575 ], [ 7.7746497, 45.1945737 ], [ 7.7743077, 45.1947051 ], [ 7.7738799, 45.1945511 ] ] ] } },
{ "type": "Feature", "properties": { }, "geometry": { "type": "Polygon", "coordinates": [ [ [ 7.7731021, 45.1947231 ], [ 7.7737163, 45.1945813 ], [ 7.7738491, 45.1947864 ], [ 7.7742957, 45.1947353 ], [ 7.7743225, 45.1950434 ], [ 7.7742045, 45.1948166 ], [ 7.7731316, 45.1948516 ], [ 7.7731021, 45.1947231 ] ] ] } },
{ "type": "Feature", "properties": { }, "geometry": { "type": "Polygon", "coordinates": [ [ [ 7.7731463, 45.1948752 ], [ 7.7734769, 45.1948242 ], [ 7.7734923, 45.1948738 ], [ 7.7731745, 45.1949882 ], [ 7.7731463, 45.1948752 ] ] ] } },
{ "type": "Feature", "properties": { }, "geometry": { "type": "Polygon", "coordinates": [ [ [ 7.7724141, 45.1948232 ], [ 7.7725616, 45.1946815 ], [ 7.7730793, 45.1947231 ], [ 7.7731329, 45.1949669 ], [ 7.7726555, 45.1950406 ], [ 7.7724141, 45.1948232 ] ] ] } },
{ "type": "Feature", "properties": { }, "geometry": { "type": "Polygon", "coordinates": [ [ [ 7.7720748, 45.1943162 ], [ 7.7722558, 45.1943148 ], [ 7.7724946, 45.1947835 ], [ 7.7721519, 45.1948185 ], [ 7.7720748, 45.1943162 ] ] ] } },
{ "type": "Feature", "properties": { }, "geometry": { "type": "Polygon", "coordinates": [ [ [ 7.7723055, 45.1993074 ], [ 7.7725227, 45.199075 ], [ 7.7725965, 45.199091 ], [ 7.7726474, 45.1993074 ], [ 7.7723055, 45.1993074 ] ] ] } },
{ "type": "Feature", "properties": { }, "geometry": { "type": "Polygon", "coordinates": [ [ [ 7.7731584, 45.1991506 ], [ 7.7733435, 45.1991836 ], [ 7.7733448, 45.1993065 ], [ 7.7732268, 45.199315 ], [ 7.7731584, 45.1991506 ] ] ] } },
{ "type": "Feature", "properties": { }, "geometry": { "type": "Polygon", "coordinates": [ [ [ 7.7006439, 45.0936479 ], [ 7.7007332, 45.0936233 ], [ 7.7009965, 45.094037 ], [ 7.7007654, 45.0941074 ], [ 7.7008429, 45.0939527 ], [ 7.7006439, 45.0936479 ] ] ] } },
{ "type": "Feature", "properties": { }, "geometry": { "type": "Polygon", "coordinates": [ [ [ 7.7008343, 45.0941794 ], [ 7.7010316, 45.094079 ], [ 7.7012923, 45.0945041 ], [ 7.701042, 45.0942503 ], [ 7.7008343, 45.0941794 ] ] ] } },
{ "type": "Feature", "properties": { }, "geometry": { "type": "Polygon", "coordinates": [ [ [ 7.6684899, 45.1024377 ], [ 7.6680962, 45.1022211 ], [ 7.6685225, 45.1023988 ], [ 7.6684899, 45.1024377 ] ] ] } },
{ "type": "Feature", "properties": { }, "geometry": { "type": "Polygon", "coordinates": [ [ [ 7.6704564, 45.0967833 ], [ 7.6707783, 45.0967568 ], [ 7.6708051, 45.0968193 ], [ 7.6704993, 45.0969064 ], [ 7.6704564, 45.0967833 ] ] ] } },
{ "type": "Feature", "properties": { }, "geometry": { "type": "Polygon", "coordinates": [ [ [ 7.7617013, 45.19598 ], [ 7.7617282, 45.1958496 ], [ 7.7620259, 45.1958552 ], [ 7.7620098, 45.1960178 ], [ 7.7617013, 45.19598 ] ] ] } },
{ "type": "Feature", "properties": { }, "geometry": { "type": "Polygon", "coordinates": [ [ [ 7.7617512, 45.1956407 ], [ 7.7617898, 45.1954241 ], [ 7.7620511, 45.1955122 ], [ 7.7620206, 45.1956645 ], [ 7.7617512, 45.1956407 ] ] ] } },
{ "type": "Feature", "properties": { }, "geometry": { "type": "Polygon", "coordinates": [ [ [ 7.7624148, 45.1962484 ], [ 7.7624524, 45.1956681 ], [ 7.7627233, 45.1957456 ], [ 7.7626938, 45.1960688 ], [ 7.7625087, 45.1960537 ], [ 7.7624148, 45.1962484 ] ] ] } },
{ "type": "Feature", "properties": { }, "geometry": { "type": "Polygon", "coordinates": [ [ [ 7.7627581, 45.1962163 ], [ 7.7627796, 45.1957721 ], [ 7.7630264, 45.1958326 ], [ 7.7630049, 45.19622 ], [ 7.7627581, 45.1962163 ] ] ] } },
{ "type": "Feature", "properties": { }, "geometry": { "type": "Polygon", "coordinates": [ [ [ 7.7631219, 45.1964848 ], [ 7.7633815, 45.1964412 ], [ 7.7633904, 45.1962341 ], [ 7.763136, 45.1961759 ], [ 7.7634647, 45.196183 ], [ 7.7634514, 45.1964919 ], [ 7.7631219, 45.1964848 ] ] ] } },
{ "type": "Feature", "properties": { }, "geometry": { "type": "Polygon", "coordinates": [ [ [ 7.7630986, 45.196568 ], [ 7.7634391, 45.1965676 ], [ 7.7634398, 45.1968428 ], [ 7.7633494, 45.1967255 ], [ 7.763099, 45.1967258 ], [ 7.7630986, 45.196568 ] ] ] } },
{ "type": "Feature", "properties": { }, "geometry": { "type": "Polygon", "coordinates": [ [ [ 7.7632141, 45.1970006 ], [ 7.7634984, 45.196995 ], [ 7.7635333, 45.1971783 ], [ 7.7632222, 45.1972029 ], [ 7.7632141, 45.1970006 ] ] ] } },
{ "type": "Feature", "properties": { }, "geometry": { "type": "Polygon", "coordinates": [ [ [ 7.7632356, 45.1973654 ], [ 7.7635816, 45.1973371 ], [ 7.7637103, 45.1979759 ], [ 7.7633482, 45.1979211 ], [ 7.7632356, 45.1973654 ] ] ] } },
{ "type": "Feature", "properties": { }, "geometry": { "type": "Polygon", "coordinates": [ [ [ 7.7672374, 45.1962786 ], [ 7.7676719, 45.1963032 ], [ 7.7678275, 45.197029 ], [ 7.7676827, 45.1968494 ], [ 7.767452, 45.1968759 ], [ 7.7672374, 45.1962786 ] ] ] } },
{ "type": "Feature", "properties": { }, "geometry": { "type": "Polygon", "coordinates": [ [ [ 7.5642588, 45.0694528 ], [ 7.5645858, 45.068466 ], [ 7.5652059, 45.0682335 ], [ 7.5657111, 45.0692644 ], [ 7.5649634, 45.0693185 ], [ 7.5643393, 45.0695249 ], [ 7.5642588, 45.0694528 ] ] ] } },
{ "type": "Feature", "properties": { }, "geometry": { "type": "Polygon", "coordinates": [ [ [ 7.5649014, 45.0673872 ], [ 7.5653202, 45.067295 ], [ 7.5651605, 45.0669692 ], [ 7.566684, 45.0665661 ], [ 7.5669075, 45.0670246 ], [ 7.5672291, 45.0669543 ], [ 7.5675429, 45.0675616 ], [ 7.565299, 45.0680408 ], [ 7.5649014, 45.0673872 ] ] ] } },
{ "type": "Feature", "properties": { }, "geometry": { "type": "Polygon", "coordinates": [ [ [ 7.570763, 45.0655399 ], [ 7.5709135, 45.0654859 ], [ 7.5709901, 45.0656825 ], [ 7.5708356, 45.0657182 ], [ 7.570763, 45.0655399 ] ] ] } },
{ "type": "Feature", "properties": { }, "geometry": { "type": "Polygon", "coordinates": [ [ [ 7.5706086, 45.0678436 ], [ 7.5710533, 45.0678015 ], [ 7.5710857, 45.0680534 ], [ 7.5707124, 45.0681059 ], [ 7.5706086, 45.0678436 ] ] ] } },
{ "type": "Feature", "properties": { }, "geometry": { "type": "Polygon", "coordinates": [ [ [ 7.5717575, 45.0635769 ], [ 7.5719988, 45.0635218 ], [ 7.5720189, 45.0636137 ], [ 7.571795, 45.0636511 ], [ 7.5717575, 45.0635769 ] ] ] } },
{ "type": "Feature", "properties": { }, "geometry": { "type": "Polygon", "coordinates": [ [ [ 7.5715315, 45.0638576 ], [ 7.5719143, 45.0637765 ], [ 7.5719883, 45.0641802 ], [ 7.571603, 45.0642217 ], [ 7.5715315, 45.0638576 ] ] ] } },
{ "type": "Feature", "properties": { }, "geometry": { "type": "Polygon", "coordinates": [ [ [ 7.5702967, 45.065267 ], [ 7.5708017, 45.0645641 ], [ 7.5708423, 45.0645624 ], [ 7.5709481, 45.0650491 ], [ 7.570746, 45.0653639 ], [ 7.5702967, 45.065267 ] ] ] } },
{ "type": "Feature", "properties": { }, "geometry": { "type": "Polygon", "coordinates": [ [ [ 7.5708012, 45.065398 ], [ 7.5709595, 45.0651555 ], [ 7.5710666, 45.0651447 ], [ 7.5711138, 45.0653475 ], [ 7.5708012, 45.065398 ] ] ] } },
{ "type": "Feature", "properties": { }, "geometry": { "type": "Polygon", "coordinates": [ [ [ 7.5717447, 45.0656608 ], [ 7.5719641, 45.0656373 ], [ 7.5722168, 45.0662141 ], [ 7.5719665, 45.0662846 ], [ 7.5717447, 45.0656608 ] ] ] } },
{ "type": "Feature", "properties": { }, "geometry": { "type": "Polygon", "coordinates": [ [ [ 7.5719665, 45.0662846 ], [ 7.5724719, 45.0660176 ], [ 7.5725689, 45.0662411 ], [ 7.5721246, 45.0665918 ], [ 7.5719665, 45.0662846 ] ] ] } },
{ "type": "Feature", "properties": { "name": "Giardino Luigi Firpo" }, "geometry": { "type": "Polygon", "coordinates": [ [ [ 7.6690925, 45.0467094 ], [ 7.6693628, 45.0466589 ], [ 7.669642, 45.0473398 ], [ 7.6703955, 45.0471967 ], [ 7.6703564, 45.0470904 ], [ 7.6705464, 45.0470567 ], [ 7.6706054, 45.0472178 ], [ 7.670841, 45.0471753 ], [ 7.6710253, 45.0476627 ], [ 7.669937, 45.0478007 ], [ 7.6698089, 45.0479279 ], [ 7.6690925, 45.0467094 ] ] ] } },
{ "type": "Feature", "properties": { }, "geometry": { "type": "Polygon", "coordinates": [ [ [ 7.5521006, 45.0766917 ], [ 7.5521066, 45.0763344 ], [ 7.5531145, 45.0763142 ], [ 7.553094, 45.0766592 ], [ 7.5521006, 45.0766917 ] ] ] } },
{ "type": "Feature", "properties": { }, "geometry": { "type": "Polygon", "coordinates": [ [ [ 7.7135075, 45.0714737 ], [ 7.7136608, 45.0711962 ], [ 7.7140093, 45.0712846 ], [ 7.7139375, 45.0715201 ], [ 7.7137751, 45.0714978 ], [ 7.713719, 45.0716348 ], [ 7.7135075, 45.0714737 ] ] ] } },
{ "type": "Feature", "properties": { }, "geometry": { "type": "Polygon", "coordinates": [ [ [ 7.691866, 44.9994522 ], [ 7.6923032, 44.999363 ], [ 7.6921517, 44.9997234 ], [ 7.691866, 44.9994522 ] ] ] } },
{ "type": "Feature", "properties": { }, "geometry": { "type": "Polygon", "coordinates": [ [ [ 7.7702167, 45.196356 ], [ 7.7706841, 45.1963788 ], [ 7.770676, 45.1965017 ], [ 7.7702246, 45.1965139 ], [ 7.7702167, 45.196356 ] ] ] } },
{ "type": "Feature", "properties": { "name": "Parco Ponte Sassi Interno" }, "geometry": { "type": "Polygon", "coordinates": [ [ [ 7.7233298, 45.0770479 ], [ 7.7242401, 45.0758393 ], [ 7.725366, 45.0759915 ], [ 7.7254145, 45.07573 ], [ 7.725017, 45.0757 ], [ 7.7249017, 45.0758779 ], [ 7.7246441, 45.0758411 ], [ 7.7246862, 45.0755758 ], [ 7.7248895, 45.0756015 ], [ 7.7249442, 45.0754665 ], [ 7.7256603, 45.0754815 ], [ 7.7259092, 45.0761286 ], [ 7.7253842, 45.0766451 ], [ 7.7250382, 45.0765786 ], [ 7.7251597, 45.0762075 ], [ 7.724223, 45.0760387 ], [ 7.7243433, 45.0762015 ], [ 7.7239488, 45.0767629 ], [ 7.724319, 45.0768701 ], [ 7.7243676, 45.0766044 ], [ 7.7246832, 45.0766515 ], [ 7.7246528, 45.0769108 ], [ 7.7249108, 45.0769665 ], [ 7.7248501, 45.0770822 ], [ 7.7243069, 45.0770115 ], [ 7.7242037, 45.0771979 ], [ 7.7238547, 45.0771851 ], [ 7.723967, 45.0769344 ], [ 7.7236514, 45.0768829 ], [ 7.7235149, 45.0770844 ], [ 7.7233298, 45.0770479 ] ] ] } },
{ "type": "Feature", "properties": { }, "geometry": { "type": "Polygon", "coordinates": [ [ [ 7.8132373, 45.0183626 ], [ 7.8136129, 45.0181687 ], [ 7.8137923, 45.0183099 ], [ 7.8134428, 45.0185319 ], [ 7.8132373, 45.0183626 ] ] ] } },
{ "type": "Feature", "properties": { "name": "Parco di Tamas" }, "geometry": { "type": "Polygon", "coordinates": [ [ [ 7.6605332, 45.103732 ], [ 7.6619714, 45.1036605 ], [ 7.6624276, 45.1043517 ], [ 7.6623161, 45.1044854 ], [ 7.6605332, 45.103732 ] ] ] } },
{ "type": "Feature", "properties": { }, "geometry": { "type": "Polygon", "coordinates": [ [ [ 7.6623355, 45.0135603 ], [ 7.6625599, 45.0132554 ], [ 7.6627769, 45.0137573 ], [ 7.6626633, 45.0137543 ], [ 7.6626619, 45.0139849 ], [ 7.6624348, 45.0139839 ], [ 7.6623355, 45.0135603 ] ] ] } },
{ "type": "Feature", "properties": { }, "geometry": { "type": "Polygon", "coordinates": [ [ [ 7.6652669, 45.0321993 ], [ 7.6657385, 45.03207 ], [ 7.6661773, 45.0328694 ], [ 7.6657534, 45.0328544 ], [ 7.6658218, 45.0329709 ], [ 7.665709, 45.0330047 ], [ 7.6652669, 45.0321993 ] ] ] } },
{ "type": "Feature", "properties": { }, "geometry": { "type": "Polygon", "coordinates": [ [ [ 7.6545905, 45.1137894 ], [ 7.6546336, 45.1132937 ], [ 7.6553669, 45.113398 ], [ 7.6552468, 45.1138807 ], [ 7.6545905, 45.1137894 ] ] ] } },
{ "type": "Feature", "properties": { }, "geometry": { "type": "Polygon", "coordinates": [ [ [ 7.7520204, 45.1411718 ], [ 7.7526424, 45.1407646 ], [ 7.752805, 45.1417324 ], [ 7.7520204, 45.1411718 ] ] ] } },
{ "type": "Feature", "properties": { }, "geometry": { "type": "Polygon", "coordinates": [ [ [ 7.530782, 45.1011296 ], [ 7.53082, 45.1009422 ], [ 7.531161, 45.1009782 ], [ 7.531129, 45.1011572 ], [ 7.530782, 45.1011296 ] ] ] } },
{ "type": "Feature", "properties": { }, "geometry": { "type": "Polygon", "coordinates": [ [ [ 7.5272239, 45.0972682 ], [ 7.5273601, 45.0972653 ], [ 7.5273633, 45.0971304 ], [ 7.5277576, 45.0971326 ], [ 7.5277907, 45.0974647 ], [ 7.52723, 45.0974403 ], [ 7.5272239, 45.0972682 ] ] ] } },
{ "type": "Feature", "properties": { }, "geometry": { "type": "Polygon", "coordinates": [ [ [ 7.6900223, 45.1070812 ], [ 7.6906178, 45.1068948 ], [ 7.6907142, 45.107147 ], [ 7.6904433, 45.1072032 ], [ 7.690608, 45.1076289 ], [ 7.6907605, 45.1076289 ], [ 7.6908041, 45.1077696 ], [ 7.6905435, 45.1078433 ], [ 7.6904834, 45.1077101 ], [ 7.6903386, 45.1077402 ], [ 7.6904104, 45.1078996 ], [ 7.6901621, 45.1079669 ], [ 7.6900223, 45.1070812 ] ] ] } },
{ "type": "Feature", "properties": { }, "geometry": { "type": "Polygon", "coordinates": [ [ [ 7.6908531, 45.1072796 ], [ 7.691105, 45.1072188 ], [ 7.6912453, 45.1075533 ], [ 7.6909959, 45.1076199 ], [ 7.6908531, 45.1072796 ] ] ] } },
{ "type": "Feature", "properties": { "name": "Giardino ex Farmitalia" }, "geometry": { "type": "Polygon", "coordinates": [ [ [ 7.767819, 45.1411993 ], [ 7.7685205, 45.141499 ], [ 7.7678409, 45.1423008 ], [ 7.767819, 45.1411993 ] ] ] } },
{ "type": "Feature", "properties": { }, "geometry": { "type": "Polygon", "coordinates": [ [ [ 7.6431864, 45.0200844 ], [ 7.643456, 45.0199886 ], [ 7.6437001, 45.0203119 ], [ 7.6434064, 45.0204114 ], [ 7.6431864, 45.0200844 ] ] ] } },
{ "type": "Feature", "properties": { }, "geometry": { "type": "Polygon", "coordinates": [ [ [ 7.6094786, 45.0668887 ], [ 7.6098139, 45.0667405 ], [ 7.609701, 45.0672662 ], [ 7.6094786, 45.0668887 ] ] ] } },
{ "type": "Feature", "properties": { }, "geometry": { "type": "Polygon", "coordinates": [ [ [ 7.6688992, 45.0078597 ], [ 7.6693775, 45.0080299 ], [ 7.6698862, 45.0084309 ], [ 7.6696631, 45.0085534 ], [ 7.6688992, 45.0078597 ] ] ] } },
{ "type": "Feature", "properties": { }, "geometry": { "type": "Polygon", "coordinates": [ [ [ 7.7213315, 45.1883732 ], [ 7.7213439, 45.1881998 ], [ 7.721521, 45.188227 ], [ 7.7214987, 45.1883738 ], [ 7.7213315, 45.1883732 ] ] ] } },
{ "type": "Feature", "properties": { "name": "Parco Campagna" }, "geometry": { "type": "Polygon", "coordinates": [ [ [ 7.6332477, 45.0804944 ], [ 7.633333, 45.0804903 ], [ 7.6333983, 45.0807458 ], [ 7.6332874, 45.0807557 ], [ 7.6332477, 45.0804944 ] ] ] } },
{ "type": "Feature", "properties": { }, "geometry": { "type": "Polygon", "coordinates": [ [ [ 7.6332339, 45.0803406 ], [ 7.6332825, 45.0801832 ], [ 7.6332958, 45.0803337 ], [ 7.6332339, 45.0803406 ] ] ] } },
{ "type": "Feature", "properties": { }, "geometry": { "type": "Polygon", "coordinates": [ [ [ 7.6337119, 45.0807374 ], [ 7.6337388, 45.0805121 ], [ 7.6337696, 45.0807374 ], [ 7.6337119, 45.0807374 ] ] ] } },
{ "type": "Feature", "properties": { }, "geometry": { "type": "Polygon", "coordinates": [ [ [ 7.6336474, 45.0803096 ], [ 7.6336957, 45.0802159 ], [ 7.6337091, 45.0803059 ], [ 7.6336474, 45.0803096 ] ] ] } },
{ "type": "Feature", "properties": { }, "geometry": { "type": "Polygon", "coordinates": [ [ [ 7.8186587, 45.01532 ], [ 7.8186637, 45.0152711 ], [ 7.8187102, 45.0152898 ], [ 7.8186587, 45.01532 ] ] ] } },
{ "type": "Feature", "properties": { }, "geometry": { "type": "Polygon", "coordinates": [ [ [ 7.7378366, 45.0371266 ], [ 7.739829, 45.036946 ], [ 7.7405899, 45.0367394 ], [ 7.7408818, 45.0384808 ], [ 7.7404939, 45.0385241 ], [ 7.7405242, 45.0386703 ], [ 7.7410048, 45.0386277 ], [ 7.7411809, 45.0388206 ], [ 7.7402092, 45.039025 ], [ 7.7393628, 45.039049 ], [ 7.7392764, 45.0385244 ], [ 7.738564, 45.0382639 ], [ 7.7384908, 45.0377197 ], [ 7.7378953, 45.0377577 ], [ 7.7378366, 45.0371266 ] ] ] } },
{ "type": "Feature", "properties": { }, "geometry": { "type": "Polygon", "coordinates": [ [ [ 7.6942801, 45.0666377 ], [ 7.6944331, 45.066611 ], [ 7.6944119, 45.0667832 ], [ 7.6942801, 45.0666377 ] ] ] } },
{ "type": "Feature", "properties": { }, "geometry": { "type": "Polygon", "coordinates": [ [ [ 7.6948703, 45.066322 ], [ 7.6949712, 45.0662636 ], [ 7.6952609, 45.0664737 ], [ 7.6950449, 45.0666126 ], [ 7.6950346, 45.0663632 ], [ 7.6948703, 45.066322 ] ] ] } },
{ "type": "Feature", "properties": { }, "geometry": { "type": "Polygon", "coordinates": [ [ [ 7.7533754, 45.0928695 ], [ 7.7535647, 45.0927121 ], [ 7.7537753, 45.0929101 ], [ 7.7534532, 45.092975 ], [ 7.7533754, 45.0928695 ] ] ] } },
{ "type": "Feature", "properties": { }, "geometry": { "type": "Polygon", "coordinates": [ [ [ 7.808565, 45.0219696 ], [ 7.8090786, 45.0216369 ], [ 7.8093224, 45.0216473 ], [ 7.8126989, 45.0237497 ], [ 7.8126183, 45.0244551 ], [ 7.8131668, 45.0247331 ], [ 7.8132327, 45.0249264 ], [ 7.8130806, 45.0254949 ], [ 7.8124663, 45.0258131 ], [ 7.8116163, 45.0258808 ], [ 7.809983, 45.0247582 ], [ 7.810499, 45.0229394 ], [ 7.8092581, 45.0224373 ], [ 7.808565, 45.0219696 ] ] ] } },
{ "type": "Feature", "properties": { "name": "Giardino Caterina Boratto" }, "geometry": { "type": "Polygon", "coordinates": [ [ [ 7.6720747, 45.0759596 ], [ 7.6724552, 45.0757814 ], [ 7.6725215, 45.0758772 ], [ 7.6721748, 45.0759918 ], [ 7.6720747, 45.0759596 ] ] ] } },
{ "type": "Feature", "properties": { }, "geometry": { "type": "Polygon", "coordinates": [ [ [ 7.6718777, 45.0756745 ], [ 7.6722582, 45.0754963 ], [ 7.6723244, 45.0755921 ], [ 7.6719777, 45.0757067 ], [ 7.6718777, 45.0756745 ] ] ] } },
{ "type": "Feature", "properties": { }, "geometry": { "type": "Polygon", "coordinates": [ [ [ 7.7115984, 45.0775204 ], [ 7.7126496, 45.0773283 ], [ 7.7127343, 45.0773667 ], [ 7.7126539, 45.0774614 ], [ 7.7119607, 45.0776037 ], [ 7.7151935, 45.0791152 ], [ 7.7153544, 45.079065 ], [ 7.7152818, 45.0791638 ], [ 7.7115984, 45.0775204 ] ] ] } },
{ "type": "Feature", "properties": { }, "geometry": { "type": "Polygon", "coordinates": [ [ [ 7.7125891, 45.0945394 ], [ 7.7127999, 45.0944078 ], [ 7.7129823, 45.0945626 ], [ 7.712801, 45.0946858 ], [ 7.7125891, 45.0945394 ] ] ] } },
{ "type": "Feature", "properties": { }, "geometry": { "type": "Polygon", "coordinates": [ [ [ 7.7122976, 45.0939009 ], [ 7.7123921, 45.0939071 ], [ 7.7125213, 45.0943365 ], [ 7.7124441, 45.0943155 ], [ 7.7122976, 45.0939009 ] ] ] } },
{ "type": "Feature", "properties": { }, "geometry": { "type": "Polygon", "coordinates": [ [ [ 7.7126766, 45.0939285 ], [ 7.7127657, 45.0939333 ], [ 7.7129003, 45.0943641 ], [ 7.7128231, 45.094343 ], [ 7.7126766, 45.0939285 ] ] ] } },
{ "type": "Feature", "properties": { }, "geometry": { "type": "Polygon", "coordinates": [ [ [ 7.7130513, 45.093953 ], [ 7.7131403, 45.0939577 ], [ 7.713275, 45.0943885 ], [ 7.7131978, 45.0943675 ], [ 7.7130513, 45.093953 ] ] ] } },
{ "type": "Feature", "properties": { }, "geometry": { "type": "Polygon", "coordinates": [ [ [ 7.7127746, 45.0952778 ], [ 7.7127028, 45.0948267 ], [ 7.7127894, 45.0952794 ], [ 7.7127746, 45.0952778 ] ] ] } },
{ "type": "Feature", "properties": { }, "geometry": { "type": "Polygon", "coordinates": [ [ [ 7.713092, 45.0951321 ], [ 7.7130202, 45.094681 ], [ 7.7131068, 45.0951337 ], [ 7.713092, 45.0951321 ] ] ] } },
{ "type": "Feature", "properties": { }, "geometry": { "type": "Polygon", "coordinates": [ [ [ 7.7134095, 45.094987 ], [ 7.7133377, 45.0945358 ], [ 7.7134243, 45.0949886 ], [ 7.7134095, 45.094987 ] ] ] } },
{ "type": "Feature", "properties": { }, "geometry": { "type": "Polygon", "coordinates": [ [ [ 7.7135843, 45.0944377 ], [ 7.7137184, 45.0944133 ], [ 7.7138432, 45.0947949 ], [ 7.7137237, 45.0948403 ], [ 7.7135843, 45.0944377 ] ] ] } },
{ "type": "Feature", "properties": { }, "geometry": { "type": "Polygon", "coordinates": [ [ [ 7.713425, 45.0939811 ], [ 7.7135682, 45.0939872 ], [ 7.7136964, 45.0943594 ], [ 7.7135644, 45.0943837 ], [ 7.713425, 45.0939811 ] ] ] } },
{ "type": "Feature", "properties": { }, "geometry": { "type": "Polygon", "coordinates": [ [ [ 7.6523928, 45.0545422 ], [ 7.6527677, 45.0544107 ], [ 7.6529043, 45.0546049 ], [ 7.6525329, 45.054738 ], [ 7.6523928, 45.0545422 ] ] ] } },
{ "type": "Feature", "properties": { }, "geometry": { "type": "Polygon", "coordinates": [ [ [ 7.6787169, 45.0804715 ], [ 7.6790371, 45.0804123 ], [ 7.6791573, 45.0806104 ], [ 7.6788485, 45.0807079 ], [ 7.6787169, 45.0804715 ] ] ] } },
{ "type": "Feature", "properties": { }, "geometry": { "type": "Polygon", "coordinates": [ [ [ 7.6283535, 45.0583392 ], [ 7.6291726, 45.0570945 ], [ 7.6295662, 45.0570196 ], [ 7.6297477, 45.0571743 ], [ 7.6292752, 45.0580221 ], [ 7.6290857, 45.0579692 ], [ 7.6290013, 45.0581198 ], [ 7.6291608, 45.0581644 ], [ 7.6289984, 45.0585197 ], [ 7.6283535, 45.0583392 ] ] ] } },
{ "type": "Feature", "properties": { }, "geometry": { "type": "Polygon", "coordinates": [ [ [ 7.6091769, 45.0687688 ], [ 7.6092256, 45.0686692 ], [ 7.6093576, 45.0686752 ], [ 7.6093486, 45.0687752 ], [ 7.6091769, 45.0687688 ] ] ] } },
{ "type": "Feature", "properties": { }, "geometry": { "type": "Polygon", "coordinates": [ [ [ 7.6093202, 45.0683415 ], [ 7.6094321, 45.0680663 ], [ 7.609556, 45.068047 ], [ 7.6095161, 45.0682449 ], [ 7.6093202, 45.0683415 ] ] ] } },
{ "type": "Feature", "properties": { }, "geometry": { "type": "Polygon", "coordinates": [ [ [ 7.6092827, 45.0685366 ], [ 7.6093676, 45.0683497 ], [ 7.6095896, 45.0683552 ], [ 7.6094311, 45.0685437 ], [ 7.6092827, 45.0685366 ] ] ] } },
{ "type": "Feature", "properties": { }, "geometry": { "type": "Polygon", "coordinates": [ [ [ 7.6090854, 45.069458 ], [ 7.6090867, 45.0693511 ], [ 7.6093378, 45.0693604 ], [ 7.609322, 45.0694668 ], [ 7.6090854, 45.069458 ] ] ] } },
{ "type": "Feature", "properties": { }, "geometry": { "type": "Polygon", "coordinates": [ [ [ 7.6092433, 45.0697776 ], [ 7.6092493, 45.0696803 ], [ 7.6093178, 45.06978 ], [ 7.6092433, 45.0697776 ] ] ] } },
{ "type": "Feature", "properties": { }, "geometry": { "type": "Polygon", "coordinates": [ [ [ 7.6089482, 45.0696216 ], [ 7.6088201, 45.0695614 ], [ 7.6089523, 45.0695663 ], [ 7.6089482, 45.0696216 ] ] ] } },
{ "type": "Feature", "properties": { }, "geometry": { "type": "Polygon", "coordinates": [ [ [ 7.6088201, 45.0695614 ], [ 7.6088661, 45.0694509 ], [ 7.6092002, 45.0694623 ], [ 7.6091893, 45.069576 ], [ 7.6088201, 45.0695614 ] ] ] } },
{ "type": "Feature", "properties": { }, "geometry": { "type": "Polygon", "coordinates": [ [ [ 7.6089816, 45.0702049 ], [ 7.6088186, 45.0701526 ], [ 7.6089886, 45.0701172 ], [ 7.6089816, 45.0702049 ] ] ] } },
{ "type": "Feature", "properties": { }, "geometry": { "type": "Polygon", "coordinates": [ [ [ 7.608488, 45.0703709 ], [ 7.6085873, 45.0701157 ], [ 7.6087328, 45.0701474 ], [ 7.60872, 45.0703316 ], [ 7.608488, 45.0703709 ] ] ] } },
{ "type": "Feature", "properties": { "name": "Parchetto Nostra Signora del Santissimo Sacramento" }, "geometry": { "type": "Polygon", "coordinates": [ [ [ 7.7130172, 45.0670022 ], [ 7.7131309, 45.0666976 ], [ 7.7137469, 45.0668095 ], [ 7.7136027, 45.0671023 ], [ 7.7130172, 45.0670022 ] ] ] } },
{ "type": "Feature", "properties": { }, "geometry": { "type": "Polygon", "coordinates": [ [ [ 7.5615522, 45.068766 ], [ 7.5620176, 45.0686704 ], [ 7.5621021, 45.0689858 ], [ 7.5624427, 45.0689384 ], [ 7.5626204, 45.0697378 ], [ 7.5619076, 45.0698676 ], [ 7.5615522, 45.068766 ] ] ] } },
{ "type": "Feature", "properties": { }, "geometry": { "type": "Polygon", "coordinates": [ [ [ 7.6589733, 45.1105088 ], [ 7.6592951, 45.110167 ], [ 7.6594855, 45.1102162 ], [ 7.6593684, 45.1104509 ], [ 7.6595248, 45.1104895 ], [ 7.6594216, 45.1106827 ], [ 7.6589733, 45.1105088 ] ] ] } },
{ "type": "Feature", "properties": { }, "geometry": { "type": "Polygon", "coordinates": [ [ [ 7.6583867, 45.1110773 ], [ 7.6587384, 45.1106978 ], [ 7.6593603, 45.1108567 ], [ 7.6592517, 45.1110704 ], [ 7.6588847, 45.1109786 ], [ 7.6585435, 45.1111506 ], [ 7.6583867, 45.1110773 ] ] ] } },
{ "type": "Feature", "properties": { }, "geometry": { "type": "Polygon", "coordinates": [ [ [ 7.5616845, 45.0785733 ], [ 7.5617229, 45.0781425 ], [ 7.5620087, 45.0781552 ], [ 7.5619703, 45.078586 ], [ 7.5616845, 45.0785733 ] ] ] } },
{ "type": "Feature", "properties": { }, "geometry": { "type": "Polygon", "coordinates": [ [ [ 7.7517532, 45.0310947 ], [ 7.7518686, 45.0309796 ], [ 7.751979, 45.03104 ], [ 7.7518635, 45.031086 ], [ 7.7517532, 45.0310947 ] ] ] } },
{ "type": "Feature", "properties": { }, "geometry": { "type": "Polygon", "coordinates": [ [ [ 7.7518289, 45.0309032 ], [ 7.7519263, 45.0308552 ], [ 7.7520103, 45.0310136 ], [ 7.7519396, 45.0310191 ], [ 7.7518289, 45.0309032 ] ] ] } },
{ "type": "Feature", "properties": { }, "geometry": { "type": "Polygon", "coordinates": [ [ [ 7.8148171, 45.0046149 ], [ 7.8154936, 45.00428 ], [ 7.8157163, 45.004531 ], [ 7.8151853, 45.0048003 ], [ 7.815278, 45.0050535 ], [ 7.8150376, 45.005109 ], [ 7.8148171, 45.0046149 ] ] ] } },
{ "type": "Feature", "properties": { }, "geometry": { "type": "Polygon", "coordinates": [ [ [ 7.815359, 45.0064409 ], [ 7.8153492, 45.0063748 ], [ 7.8153975, 45.006409 ], [ 7.815359, 45.0064409 ] ] ] } },
{ "type": "Feature", "properties": { }, "geometry": { "type": "Polygon", "coordinates": [ [ [ 7.5378998, 45.1066003 ], [ 7.5382619, 45.1062397 ], [ 7.5391564, 45.1063248 ], [ 7.5390464, 45.1065655 ], [ 7.5378998, 45.1066003 ] ] ] } },
{ "type": "Feature", "properties": { }, "geometry": { "type": "Polygon", "coordinates": [ [ [ 7.7525453, 45.0137929 ], [ 7.7525368, 45.013747 ], [ 7.7525761, 45.0137675 ], [ 7.7525453, 45.0137929 ] ] ] } },
{ "type": "Feature", "properties": { }, "geometry": { "type": "Polygon", "coordinates": [ [ [ 7.7621881, 45.0153819 ], [ 7.7630724, 45.0152458 ], [ 7.7631264, 45.0154914 ], [ 7.7630604, 45.0153644 ], [ 7.7627647, 45.0155402 ], [ 7.7627817, 45.0153857 ], [ 7.7624669, 45.0155138 ], [ 7.7621881, 45.0153819 ] ] ] } },
{ "type": "Feature", "properties": { }, "geometry": { "type": "Polygon", "coordinates": [ [ [ 7.7621484, 45.015422 ], [ 7.7623281, 45.0154392 ], [ 7.7623443, 45.0154918 ], [ 7.7622723, 45.0155296 ], [ 7.7621484, 45.015422 ] ] ] } },
{ "type": "Feature", "properties": { }, "geometry": { "type": "Polygon", "coordinates": [ [ [ 7.7038736, 45.1089274 ], [ 7.7042162, 45.1090091 ], [ 7.7042889, 45.1094609 ], [ 7.7039079, 45.1094401 ], [ 7.7038736, 45.1089274 ] ] ] } },
{ "type": "Feature", "properties": { }, "geometry": { "type": "Polygon", "coordinates": [ [ [ 7.7017536, 45.1067485 ], [ 7.7021379, 45.1066168 ], [ 7.7023485, 45.1069545 ], [ 7.7019254, 45.1070744 ], [ 7.7017536, 45.1067485 ] ] ] } },
{ "type": "Feature", "properties": { }, "geometry": { "type": "Polygon", "coordinates": [ [ [ 7.7491167, 45.0177572 ], [ 7.749097, 45.0176772 ], [ 7.7491486, 45.0176869 ], [ 7.7491167, 45.0177572 ] ] ] } },
{ "type": "Feature", "properties": { }, "geometry": { "type": "Polygon", "coordinates": [ [ [ 7.6116505, 45.0661443 ], [ 7.6121923, 45.0658751 ], [ 7.6123201, 45.0659059 ], [ 7.6122141, 45.0661852 ], [ 7.6116505, 45.0661443 ] ] ] } },
{ "type": "Feature", "properties": { "name": "Parco Gustavo Colonnetti" }, "geometry": { "type": "Polygon", "coordinates": [ [ [ 7.6401058, 45.0102749 ], [ 7.6489921, 45.0092499 ], [ 7.6493073, 45.0093654 ], [ 7.6496394, 45.0100876 ], [ 7.649003, 45.0125696 ], [ 7.6490687, 45.0127223 ], [ 7.648901, 45.0134893 ], [ 7.6486208, 45.0140212 ], [ 7.647413, 45.0140479 ], [ 7.6420717, 45.0152106 ], [ 7.6401058, 45.0102749 ] ] ] } },
{ "type": "Feature", "properties": { "name": "Giardino Luigi Contratti" }, "geometry": { "type": "Polygon", "coordinates": [ [ [ 7.6586413, 45.0392774 ], [ 7.6595916, 45.0389479 ], [ 7.6597756, 45.0392005 ], [ 7.6587112, 45.0395606 ], [ 7.6586413, 45.0392774 ] ] ] } },
{ "type": "Feature", "properties": { }, "geometry": { "type": "Polygon", "coordinates": [ [ [ 7.5741674, 45.135124 ], [ 7.5748807, 45.1349212 ], [ 7.575166, 45.1349552 ], [ 7.5756347, 45.1355957 ], [ 7.575504, 45.1357115 ], [ 7.57428, 45.135431 ], [ 7.5741674, 45.135124 ] ] ] } },
{ "type": "Feature", "properties": { }, "geometry": { "type": "Polygon", "coordinates": [ [ [ 7.774793, 45.1117719 ], [ 7.7756571, 45.111432 ], [ 7.7757894, 45.1119985 ], [ 7.774793, 45.1122318 ], [ 7.7749347, 45.1119852 ], [ 7.774793, 45.1117719 ] ] ] } },
{ "type": "Feature", "properties": { }, "geometry": { "type": "Polygon", "coordinates": [ [ [ 7.8197456, 45.0153016 ], [ 7.8199223, 45.0152089 ], [ 7.820082, 45.0154246 ], [ 7.8200345, 45.0155818 ], [ 7.8197456, 45.0153016 ] ] ] } },
{ "type": "Feature", "properties": { }, "geometry": { "type": "Polygon", "coordinates": [ [ [ 7.6351289, 45.054284 ], [ 7.6352746, 45.0540996 ], [ 7.6357004, 45.0539929 ], [ 7.6360742, 45.0549378 ], [ 7.6357282, 45.0550032 ], [ 7.6355659, 45.0545905 ], [ 7.6351426, 45.0546034 ], [ 7.6351289, 45.054284 ] ] ] } },
{ "type": "Feature", "properties": { }, "geometry": { "type": "Polygon", "coordinates": [ [ [ 7.7527265, 45.0137749 ], [ 7.7528176, 45.0137239 ], [ 7.7528282, 45.0137346 ], [ 7.7528337, 45.0137883 ], [ 7.7527265, 45.0137749 ] ] ] } },
{ "type": "Feature", "properties": { }, "geometry": { "type": "Polygon", "coordinates": [ [ [ 7.7527464, 45.0138527 ], [ 7.7528336, 45.0138074 ], [ 7.7528368, 45.0138627 ], [ 7.7527464, 45.0138527 ] ] ] } },
{ "type": "Feature", "properties": { }, "geometry": { "type": "Polygon", "coordinates": [ [ [ 7.6559376, 45.0521212 ], [ 7.6560233, 45.0520536 ], [ 7.6561533, 45.0521052 ], [ 7.656063, 45.052197 ], [ 7.6559376, 45.0521212 ] ] ] } },
{ "type": "Feature", "properties": { }, "geometry": { "type": "Polygon", "coordinates": [ [ [ 7.6836465, 45.1015948 ], [ 7.6844771, 45.1017215 ], [ 7.6843565, 45.1020808 ], [ 7.6837115, 45.1020227 ], [ 7.6836465, 45.1015948 ] ] ] } },
{ "type": "Feature", "properties": { "name": "Parco Cafasso" }, "geometry": { "type": "Polygon", "coordinates": [ [ [ 7.6828212, 45.1039917 ], [ 7.6834383, 45.1027219 ], [ 7.6832813, 45.1025653 ], [ 7.6840193, 45.1024825 ], [ 7.6838629, 45.102589 ], [ 7.6833967, 45.1036115 ], [ 7.6834076, 45.1039382 ], [ 7.6828212, 45.1039917 ] ] ] } },
{ "type": "Feature", "properties": { }, "geometry": { "type": "Polygon", "coordinates": [ [ [ 7.6709469, 44.9974214 ], [ 7.6717051, 44.9973754 ], [ 7.6717376, 44.9979877 ], [ 7.6716014, 44.9979963 ], [ 7.6709469, 44.9974214 ] ] ] } },
{ "type": "Feature", "properties": { "name": "Il Giardino del Castello" }, "geometry": { "type": "Polygon", "coordinates": [ [ [ 7.6855322, 45.0707283 ], [ 7.6861346, 45.0705263 ], [ 7.6864682, 45.0710871 ], [ 7.6859749, 45.0712275 ], [ 7.6859072, 45.0711356 ], [ 7.6863288, 45.071016 ], [ 7.6860041, 45.070715 ], [ 7.6860671, 45.0706356 ], [ 7.6855322, 45.0707283 ] ] ] } },
{ "type": "Feature", "properties": { }, "geometry": { "type": "Polygon", "coordinates": [ [ [ 7.5598959, 45.0738118 ], [ 7.5599024, 45.0736467 ], [ 7.5601214, 45.0736558 ], [ 7.5601071, 45.0738204 ], [ 7.5598959, 45.0738118 ] ] ] } },
{ "type": "Feature", "properties": { }, "geometry": { "type": "Polygon", "coordinates": [ [ [ 7.5599549, 45.0742799 ], [ 7.5599738, 45.0741018 ], [ 7.5604886, 45.0741214 ], [ 7.5604689, 45.0742928 ], [ 7.5604692, 45.074143 ], [ 7.5599864, 45.0741288 ], [ 7.5599549, 45.0742799 ] ] ] } },
{ "type": "Feature", "properties": { }, "geometry": { "type": "Polygon", "coordinates": [ [ [ 7.5599738, 45.0741018 ], [ 7.5599865, 45.0739837 ], [ 7.560092, 45.073988 ], [ 7.5600811, 45.0741065 ], [ 7.5599738, 45.0741018 ] ] ] } },
{ "type": "Feature", "properties": { }, "geometry": { "type": "Polygon", "coordinates": [ [ [ 7.5600936, 45.073971 ], [ 7.5601076, 45.0738144 ], [ 7.560256, 45.073821 ], [ 7.5602427, 45.0739776 ], [ 7.5600936, 45.073971 ] ] ] } },
{ "type": "Feature", "properties": { }, "geometry": { "type": "Polygon", "coordinates": [ [ [ 7.5601214, 45.0736558 ], [ 7.5597441, 45.0734719 ], [ 7.559981, 45.0734832 ], [ 7.5600985, 45.0735275 ], [ 7.560136, 45.0734891 ], [ 7.5601214, 45.0736558 ] ] ] } },
{ "type": "Feature", "properties": { }, "geometry": { "type": "Polygon", "coordinates": [ [ [ 7.560423, 45.0733058 ], [ 7.5605677, 45.0733424 ], [ 7.5605508, 45.0735065 ], [ 7.560545, 45.0733612 ], [ 7.560423, 45.0733058 ] ] ] } },
{ "type": "Feature", "properties": { }, "geometry": { "type": "Polygon", "coordinates": [ [ [ 7.5610483, 45.0741707 ], [ 7.5608847, 45.0741371 ], [ 7.5611476, 45.0741475 ], [ 7.561134, 45.0743258 ], [ 7.5610362, 45.0743219 ], [ 7.5610483, 45.0741707 ] ] ] } },
{ "type": "Feature", "properties": { }, "geometry": { "type": "Polygon", "coordinates": [ [ [ 7.560657, 45.073554 ], [ 7.5606703, 45.0733987 ], [ 7.5607316, 45.0735248 ], [ 7.5610688, 45.0734122 ], [ 7.5610243, 45.0735377 ], [ 7.561344, 45.0735517 ], [ 7.560657, 45.073554 ] ] ] } },
{ "type": "Feature", "properties": { }, "geometry": { "type": "Polygon", "coordinates": [ [ [ 7.5606236, 45.073949 ], [ 7.5606387, 45.0737693 ], [ 7.5608239, 45.0737759 ], [ 7.5606617, 45.0738263 ], [ 7.5606236, 45.073949 ] ] ] } },
{ "type": "Feature", "properties": { }, "geometry": { "type": "Polygon", "coordinates": [ [ [ 7.5608998, 45.0741376 ], [ 7.5609066, 45.0740303 ], [ 7.5610428, 45.0739992 ], [ 7.5610323, 45.0741423 ], [ 7.5608998, 45.0741376 ] ] ] } },
{ "type": "Feature", "properties": { }, "geometry": { "type": "Polygon", "coordinates": [ [ [ 7.5615431, 45.0742798 ], [ 7.5615763, 45.0738685 ], [ 7.5619558, 45.0738239 ], [ 7.5618975, 45.0736037 ], [ 7.5621863, 45.0736152 ], [ 7.5622028, 45.0734227 ], [ 7.5624034, 45.0734301 ], [ 7.5623068, 45.0734606 ], [ 7.5623355, 45.0743151 ], [ 7.5615431, 45.0742798 ] ] ] } },
{ "type": "Feature", "properties": { }, "geometry": { "type": "Polygon", "coordinates": [ [ [ 7.5629517, 45.0736924 ], [ 7.562563, 45.0736164 ], [ 7.5629575, 45.0736373 ], [ 7.5629517, 45.0736924 ] ] ] } },
{ "type": "Feature", "properties": { }, "geometry": { "type": "Polygon", "coordinates": [ [ [ 7.5632291, 45.0736715 ], [ 7.5629575, 45.0736373 ], [ 7.5633527, 45.0736555 ], [ 7.5633368, 45.0738068 ], [ 7.563218, 45.073811 ], [ 7.5632291, 45.0736715 ] ] ] } },
{ "type": "Feature", "properties": { }, "geometry": { "type": "Polygon", "coordinates": [ [ [ 7.5628136, 45.0736297 ], [ 7.5628358, 45.0734078 ], [ 7.5628615, 45.073409 ], [ 7.5628996, 45.0736342 ], [ 7.5628136, 45.0736297 ] ] ] } },
{ "type": "Feature", "properties": { }, "geometry": { "type": "Polygon", "coordinates": [ [ [ 7.5638546, 45.0740971 ], [ 7.5638645, 45.0739484 ], [ 7.5639576, 45.0739517 ], [ 7.5639502, 45.0740996 ], [ 7.5638546, 45.0740971 ] ] ] } },
{ "type": "Feature", "properties": { }, "geometry": { "type": "Polygon", "coordinates": [ [ [ 7.5642319, 45.0743843 ], [ 7.5640183, 45.0742999 ], [ 7.5642387, 45.0743084 ], [ 7.5642319, 45.0743843 ] ] ] } },
{ "type": "Feature", "properties": { }, "geometry": { "type": "Polygon", "coordinates": [ [ [ 7.7794254, 45.1947722 ], [ 7.7796815, 45.1947278 ], [ 7.7799395, 45.1952516 ], [ 7.7803266, 45.19536 ], [ 7.7806351, 45.1957985 ], [ 7.7805224, 45.1959327 ], [ 7.7804071, 45.1959611 ], [ 7.7802515, 45.1955774 ], [ 7.7797285, 45.19567 ], [ 7.7794254, 45.1947722 ] ] ] } },
{ "type": "Feature", "properties": { }, "geometry": { "type": "Polygon", "coordinates": [ [ [ 7.6066953, 45.076183 ], [ 7.6070013, 45.0760805 ], [ 7.6072316, 45.0764233 ], [ 7.6071003, 45.07647 ], [ 7.6069205, 45.0761529 ], [ 7.6067524, 45.0762072 ], [ 7.6069487, 45.0764662 ], [ 7.6068186, 45.0765069 ], [ 7.6066953, 45.076183 ] ] ] } },
{ "type": "Feature", "properties": { }, "geometry": { "type": "Polygon", "coordinates": [ [ [ 7.6070874, 45.076838 ], [ 7.6071118, 45.0766993 ], [ 7.6073601, 45.0766376 ], [ 7.6075077, 45.0768667 ], [ 7.6070874, 45.076838 ] ] ] } },
{ "type": "Feature", "properties": { }, "geometry": { "type": "Polygon", "coordinates": [ [ [ 7.6070322, 45.0765179 ], [ 7.6071298, 45.0765082 ], [ 7.6072143, 45.0766494 ], [ 7.6071182, 45.0766501 ], [ 7.6071343, 45.0765247 ], [ 7.6070322, 45.0765179 ] ] ] } },
{ "type": "Feature", "properties": { }, "geometry": { "type": "Polygon", "coordinates": [ [ [ 7.6068642, 45.0768035 ], [ 7.606957, 45.0766737 ], [ 7.606939, 45.0768257 ], [ 7.6068642, 45.0768035 ] ] ] } },
{ "type": "Feature", "properties": { }, "geometry": { "type": "Polygon", "coordinates": [ [ [ 7.6068096, 45.0771394 ], [ 7.6068532, 45.0769041 ], [ 7.6070323, 45.0769131 ], [ 7.6069154, 45.0770705 ], [ 7.6071551, 45.0770836 ], [ 7.6068096, 45.0771394 ] ] ] } },
{ "type": "Feature", "properties": { }, "geometry": { "type": "Polygon", "coordinates": [ [ [ 7.6071637, 45.076888 ], [ 7.6075077, 45.0768667 ], [ 7.6074949, 45.0771797 ], [ 7.6072703, 45.0771669 ], [ 7.6074304, 45.0770052 ], [ 7.6071637, 45.076888 ] ] ] } },
{ "type": "Feature", "properties": { }, "geometry": { "type": "Polygon", "coordinates": [ [ [ 7.6072937, 45.0769977 ], [ 7.6070711, 45.0769154 ], [ 7.6072958, 45.0769259 ], [ 7.6072937, 45.0769977 ] ] ] } },
{ "type": "Feature", "properties": { }, "geometry": { "type": "Polygon", "coordinates": [ [ [ 7.6073584, 45.0772489 ], [ 7.6075102, 45.0772075 ], [ 7.6075071, 45.0773473 ], [ 7.6073584, 45.0772489 ] ] ] } },
{ "type": "Feature", "properties": { }, "geometry": { "type": "Polygon", "coordinates": [ [ [ 7.6074882, 45.0775234 ], [ 7.6074645, 45.077396 ], [ 7.6075015, 45.0773976 ], [ 7.6074882, 45.0775234 ] ] ] } },
{ "type": "Feature", "properties": { }, "geometry": { "type": "Polygon", "coordinates": [ [ [ 7.5693602, 45.0687408 ], [ 7.5694158, 45.0686831 ], [ 7.5694215, 45.0687365 ], [ 7.5693602, 45.0687408 ] ] ] } },
{ "type": "Feature", "properties": { }, "geometry": { "type": "Polygon", "coordinates": [ [ [ 7.5694902, 45.0689518 ], [ 7.5696073, 45.0688504 ], [ 7.5696309, 45.0689446 ], [ 7.5694902, 45.0689518 ] ] ] } },
{ "type": "Feature", "properties": { }, "geometry": { "type": "Polygon", "coordinates": [ [ [ 7.5694413, 45.0689544 ], [ 7.569565, 45.068948 ], [ 7.5695306, 45.0690713 ], [ 7.5694701, 45.069079 ], [ 7.5694413, 45.0689544 ] ] ] } },
{ "type": "Feature", "properties": { }, "geometry": { "type": "Polygon", "coordinates": [ [ [ 7.5697365, 45.069176 ], [ 7.5699734, 45.0689656 ], [ 7.5700117, 45.069118 ], [ 7.5697365, 45.069176 ] ] ] } },
{ "type": "Feature", "properties": { }, "geometry": { "type": "Polygon", "coordinates": [ [ [ 7.5695521, 45.0685911 ], [ 7.5696982, 45.0685756 ], [ 7.5697314, 45.0687102 ], [ 7.5695764, 45.0687235 ], [ 7.5695521, 45.0685911 ] ] ] } },
{ "type": "Feature", "properties": { }, "geometry": { "type": "Polygon", "coordinates": [ [ [ 7.5691757, 45.0686804 ], [ 7.569227, 45.0686226 ], [ 7.5692325, 45.0686775 ], [ 7.5691757, 45.0686804 ] ] ] } },
{ "type": "Feature", "properties": { }, "geometry": { "type": "Polygon", "coordinates": [ [ [ 7.5694541, 45.0685978 ], [ 7.5695576, 45.0685415 ], [ 7.5695761, 45.0685895 ], [ 7.5694541, 45.0685978 ] ] ] } },
{ "type": "Feature", "properties": { }, "geometry": { "type": "Polygon", "coordinates": [ [ [ 7.5683249, 45.0693625 ], [ 7.5683087, 45.069283 ], [ 7.568472, 45.0693381 ], [ 7.5683249, 45.0693625 ] ] ] } },
{ "type": "Feature", "properties": { }, "geometry": { "type": "Polygon", "coordinates": [ [ [ 7.5683301, 45.0696384 ], [ 7.5685508, 45.0695985 ], [ 7.5684578, 45.0692933 ], [ 7.5690185, 45.069347 ], [ 7.5690896, 45.0695421 ], [ 7.5688396, 45.0696341 ], [ 7.5689536, 45.0699438 ], [ 7.5684761, 45.0700328 ], [ 7.5683301, 45.0696384 ] ] ] } },
{ "type": "Feature", "properties": { }, "geometry": { "type": "Polygon", "coordinates": [ [ [ 7.5693591, 45.0693457 ], [ 7.569452, 45.069329 ], [ 7.5695593, 45.069644 ], [ 7.5694287, 45.0696686 ], [ 7.5693591, 45.0693457 ] ] ] } },
{ "type": "Feature", "properties": { }, "geometry": { "type": "Polygon", "coordinates": [ [ [ 7.5688405, 45.0696365 ], [ 7.5689846, 45.0698808 ], [ 7.5692406, 45.0698491 ], [ 7.5689536, 45.0699438 ], [ 7.5688405, 45.0696365 ] ] ] } },
{ "type": "Feature", "properties": { }, "geometry": { "type": "Polygon", "coordinates": [ [ [ 7.5695231, 45.0695377 ], [ 7.5697641, 45.0694343 ], [ 7.5697799, 45.0695005 ], [ 7.5695231, 45.0695377 ] ] ] } },
{ "type": "Feature", "properties": { }, "geometry": { "type": "Polygon", "coordinates": [ [ [ 7.570001, 45.0691923 ], [ 7.5703043, 45.0691862 ], [ 7.5703043, 45.0692315 ], [ 7.570039, 45.0692819 ], [ 7.570001, 45.0691923 ] ] ] } },
{ "type": "Feature", "properties": { }, "geometry": { "type": "Polygon", "coordinates": [ [ [ 7.6045094, 45.0789545 ], [ 7.6045963, 45.0790371 ], [ 7.6050669, 45.0789981 ], [ 7.6045488, 45.0791443 ], [ 7.6045094, 45.0789545 ] ] ] } },
{ "type": "Feature", "properties": { }, "geometry": { "type": "Polygon", "coordinates": [ [ [ 7.6044388, 45.078614 ], [ 7.6048864, 45.0785613 ], [ 7.6049156, 45.0786391 ], [ 7.6044797, 45.0786912 ], [ 7.6045022, 45.0789195 ], [ 7.6044388, 45.078614 ] ] ] } },
{ "type": "Feature", "properties": { }, "geometry": { "type": "Polygon", "coordinates": [ [ [ 7.605227, 45.0792473 ], [ 7.6052853, 45.079083 ], [ 7.605512, 45.0790593 ], [ 7.6055904, 45.0796323 ], [ 7.6054758, 45.079681 ], [ 7.605227, 45.0792473 ] ] ] } },
{ "type": "Feature", "properties": { }, "geometry": { "type": "Polygon", "coordinates": [ [ [ 7.6285925, 45.0729807 ], [ 7.6288337, 45.0728901 ], [ 7.6289491, 45.0735633 ], [ 7.6286949, 45.0735571 ], [ 7.6285925, 45.0729807 ] ] ] } },
{ "type": "Feature", "properties": { }, "geometry": { "type": "Polygon", "coordinates": [ [ [ 7.785327, 45.1994532 ], [ 7.7857307, 45.1994088 ], [ 7.7857809, 45.1996354 ], [ 7.7853772, 45.1996798 ], [ 7.785327, 45.1994532 ] ] ] } },
{ "type": "Feature", "properties": { }, "geometry": { "type": "Polygon", "coordinates": [ [ [ 7.7848484, 45.1989183 ], [ 7.7854834, 45.1988972 ], [ 7.7855481, 45.1991827 ], [ 7.7849877, 45.1992458 ], [ 7.7848484, 45.1989183 ] ] ] } },
{ "type": "Feature", "properties": { }, "geometry": { "type": "Polygon", "coordinates": [ [ [ 7.7877778, 45.1953789 ], [ 7.787464, 45.1948535 ], [ 7.787818, 45.1947609 ], [ 7.7881962, 45.1953317 ], [ 7.7877778, 45.1953789 ] ] ] } },
{ "type": "Feature", "properties": { }, "geometry": { "type": "Polygon", "coordinates": [ [ [ 7.5700454, 45.0697463 ], [ 7.5702413, 45.0697566 ], [ 7.5700934, 45.0699906 ], [ 7.5703113, 45.0699177 ], [ 7.5702984, 45.0700592 ], [ 7.5700821, 45.0700631 ], [ 7.5700454, 45.0697463 ] ] ] } },
{ "type": "Feature", "properties": { }, "geometry": { "type": "Polygon", "coordinates": [ [ [ 7.5703624, 45.0701031 ], [ 7.57052, 45.0700281 ], [ 7.5704668, 45.0697688 ], [ 7.5708318, 45.0698017 ], [ 7.570801, 45.0700129 ], [ 7.5703624, 45.0701031 ] ] ] } },
{ "type": "Feature", "properties": { }, "geometry": { "type": "Polygon", "coordinates": [ [ [ 7.5703873, 45.069815 ], [ 7.5703258, 45.069761 ], [ 7.5704196, 45.069766 ], [ 7.5703873, 45.069815 ] ] ] } },
{ "type": "Feature", "properties": { }, "geometry": { "type": "Polygon", "coordinates": [ [ [ 7.5710919, 45.0695262 ], [ 7.5711227, 45.0694281 ], [ 7.5712365, 45.0695007 ], [ 7.5712198, 45.0695466 ], [ 7.5710919, 45.0695262 ] ] ] } },
{ "type": "Feature", "properties": { }, "geometry": { "type": "Polygon", "coordinates": [ [ [ 7.5707193, 45.0694705 ], [ 7.5707322, 45.069367 ], [ 7.570887, 45.069382 ], [ 7.5708717, 45.0694923 ], [ 7.5707193, 45.0694705 ] ] ] } },
{ "type": "Feature", "properties": { }, "geometry": { "type": "Polygon", "coordinates": [ [ [ 7.5705772, 45.0697216 ], [ 7.5705924, 45.069461 ], [ 7.5708717, 45.0694923 ], [ 7.5708371, 45.0697321 ], [ 7.5707928, 45.0695515 ], [ 7.570605, 45.0695335 ], [ 7.5705772, 45.0697216 ] ] ] } },
{ "type": "Feature", "properties": { }, "geometry": { "type": "Polygon", "coordinates": [ [ [ 7.5716915, 45.0694998 ], [ 7.5716983, 45.0693502 ], [ 7.5717954, 45.0693695 ], [ 7.5716915, 45.0694998 ] ] ] } },
{ "type": "Feature", "properties": { }, "geometry": { "type": "Polygon", "coordinates": [ [ [ 7.5714434, 45.069482 ], [ 7.5714502, 45.0693148 ], [ 7.5715158, 45.0693272 ], [ 7.5714434, 45.069482 ] ] ] } },
{ "type": "Feature", "properties": { }, "geometry": { "type": "Polygon", "coordinates": [ [ [ 7.5716332, 45.0695737 ], [ 7.5717954, 45.0693695 ], [ 7.5720438, 45.0694625 ], [ 7.5717337, 45.0695712 ], [ 7.5718874, 45.0696632 ], [ 7.5716332, 45.0695737 ] ] ] } },
{ "type": "Feature", "properties": { }, "geometry": { "type": "Polygon", "coordinates": [ [ [ 7.5722288, 45.0696492 ], [ 7.5722532, 45.0695466 ], [ 7.5722983, 45.0695631 ], [ 7.5722288, 45.0696492 ] ] ] } },
{ "type": "Feature", "properties": { }, "geometry": { "type": "Polygon", "coordinates": [ [ [ 7.5719424, 45.0696612 ], [ 7.5720811, 45.0694792 ], [ 7.5722081, 45.0695301 ], [ 7.572042, 45.0695598 ], [ 7.5720824, 45.0697134 ], [ 7.5719424, 45.0696612 ] ] ] } },
{ "type": "Feature", "properties": { }, "geometry": { "type": "Polygon", "coordinates": [ [ [ 7.5717465, 45.0699482 ], [ 7.5719424, 45.0696612 ], [ 7.5720053, 45.0696847 ], [ 7.5719571, 45.0699693 ], [ 7.5720844, 45.0700094 ], [ 7.5717465, 45.0699482 ] ] ] } },
{ "type": "Feature", "properties": { }, "geometry": { "type": "Polygon", "coordinates": [ [ [ 7.5716161, 45.0699111 ], [ 7.5718096, 45.0698186 ], [ 7.571688, 45.0697548 ], [ 7.5717921, 45.0696294 ], [ 7.5719295, 45.0696781 ], [ 7.5717465, 45.0699482 ], [ 7.5716161, 45.0699111 ] ] ] } },
{ "type": "Feature", "properties": { }, "geometry": { "type": "Polygon", "coordinates": [ [ [ 7.5712952, 45.0696672 ], [ 7.5713472, 45.0695669 ], [ 7.5715248, 45.0695956 ], [ 7.5714676, 45.0696778 ], [ 7.5712952, 45.0696672 ] ] ] } },
{ "type": "Feature", "properties": { }, "geometry": { "type": "Polygon", "coordinates": [ [ [ 7.5711401, 45.0695339 ], [ 7.5713472, 45.0695669 ], [ 7.5711917, 45.0698037 ], [ 7.5712396, 45.0695943 ], [ 7.5711401, 45.0695339 ] ] ] } },
{ "type": "Feature", "properties": { }, "geometry": { "type": "Polygon", "coordinates": [ [ [ 7.5722377, 45.0691354 ], [ 7.5723312, 45.0690875 ], [ 7.5723348, 45.0691333 ], [ 7.5722377, 45.0691354 ] ] ] } },
{ "type": "Feature", "properties": { }, "geometry": { "type": "Polygon", "coordinates": [ [ [ 7.6033847, 45.076687 ], [ 7.6035661, 45.07667 ], [ 7.6035202, 45.0764254 ], [ 7.6036437, 45.076414 ], [ 7.6037159, 45.0768137 ], [ 7.6034179, 45.0768526 ], [ 7.6033847, 45.076687 ] ] ] } },
{ "type": "Feature", "properties": { }, "geometry": { "type": "Polygon", "coordinates": [ [ [ 7.7874546, 45.1999028 ], [ 7.7877416, 45.1998981 ], [ 7.7877751, 45.2000266 ], [ 7.7875136, 45.2000852 ], [ 7.7874546, 45.1999028 ] ] ] } },
{ "type": "Feature", "properties": { }, "geometry": { "type": "Polygon", "coordinates": [ [ [ 7.5719287, 45.0683055 ], [ 7.5719861, 45.0683906 ], [ 7.5719868, 45.0684441 ], [ 7.5719411, 45.0684437 ], [ 7.5719287, 45.0683055 ] ] ] } },
{ "type": "Feature", "properties": { "name": "Giardino di Via Como" }, "geometry": { "type": "Polygon", "coordinates": [ [ [ 7.6943368, 45.0839682 ], [ 7.694602, 45.0837688 ], [ 7.6948459, 45.0838758 ], [ 7.6957162, 45.0829056 ], [ 7.6964961, 45.0833677 ], [ 7.6960915, 45.0837935 ], [ 7.6953737, 45.0834621 ], [ 7.6947428, 45.084151 ], [ 7.6943368, 45.0839682 ] ] ] } },
{ "type": "Feature", "properties": { }, "geometry": { "type": "Polygon", "coordinates": [ [ [ 7.5722087, 45.0689903 ], [ 7.57249, 45.0689046 ], [ 7.5725226, 45.0689539 ], [ 7.5724357, 45.0690096 ], [ 7.5722087, 45.0689903 ] ] ] } },
{ "type": "Feature", "properties": { }, "geometry": { "type": "Polygon", "coordinates": [ [ [ 7.6060607, 45.0790374 ], [ 7.6061492, 45.0790075 ], [ 7.6062257, 45.0790937 ], [ 7.6061338, 45.0791117 ], [ 7.6060607, 45.0790374 ] ] ] } },
{ "type": "Feature", "properties": { }, "geometry": { "type": "Polygon", "coordinates": [ [ [ 7.6056711, 45.0791122 ], [ 7.6062206, 45.079422 ], [ 7.6066222, 45.0792951 ], [ 7.6065592, 45.079024 ], [ 7.6060276, 45.0786816 ], [ 7.6059277, 45.0783982 ], [ 7.6070423, 45.0792683 ], [ 7.6063127, 45.0797166 ], [ 7.6057053, 45.079347 ], [ 7.6056711, 45.0791122 ] ] ] } },
{ "type": "Feature", "properties": { }, "geometry": { "type": "Polygon", "coordinates": [ [ [ 7.6061743, 45.0802771 ], [ 7.6061809, 45.0801395 ], [ 7.6067859, 45.0801624 ], [ 7.6076327, 45.0797342 ], [ 7.6075973, 45.0802926 ], [ 7.6061743, 45.0802771 ] ] ] } },
{ "type": "Feature", "properties": { }, "geometry": { "type": "Polygon", "coordinates": [ [ [ 7.6068347, 45.0794294 ], [ 7.6075022, 45.0790176 ], [ 7.6075277, 45.0790403 ], [ 7.6074901, 45.079581 ], [ 7.6072192, 45.0797449 ], [ 7.6068347, 45.0794294 ] ] ] } },
{ "type": "Feature", "properties": { }, "geometry": { "type": "Polygon", "coordinates": [ [ [ 7.6073748, 45.078761 ], [ 7.6076987, 45.079014 ], [ 7.6076413, 45.0797299 ], [ 7.6075317, 45.0796445 ], [ 7.6076202, 45.0789731 ], [ 7.6073748, 45.078761 ] ] ] } },
{ "type": "Feature", "properties": { }, "geometry": { "type": "Polygon", "coordinates": [ [ [ 7.694134, 45.081415 ], [ 7.6943161, 45.0812189 ], [ 7.6946695, 45.0813737 ], [ 7.6944132, 45.0815442 ], [ 7.694134, 45.081415 ] ] ] } },
{ "type": "Feature", "properties": { }, "geometry": { "type": "Polygon", "coordinates": [ [ [ 7.6074282, 45.0783716 ], [ 7.6075642, 45.078302 ], [ 7.6077064, 45.0784764 ], [ 7.6075618, 45.0783535 ], [ 7.6074282, 45.0783716 ] ] ] } },
{ "type": "Feature", "properties": { }, "geometry": { "type": "Polygon", "coordinates": [ [ [ 7.6074202, 45.0787965 ], [ 7.6077074, 45.0789057 ], [ 7.6076987, 45.079014 ], [ 7.6074202, 45.0787965 ] ] ] } },
{ "type": "Feature", "properties": { }, "geometry": { "type": "Polygon", "coordinates": [ [ [ 7.6071295, 45.0785031 ], [ 7.6074754, 45.0782111 ], [ 7.6075242, 45.0782489 ], [ 7.6071295, 45.0785031 ] ] ] } },
{ "type": "Feature", "properties": { }, "geometry": { "type": "Polygon", "coordinates": [ [ [ 7.6068543, 45.0783344 ], [ 7.6069526, 45.0782723 ], [ 7.6070291, 45.0783353 ], [ 7.606934, 45.0783973 ], [ 7.6068543, 45.0783344 ] ] ] } },
{ "type": "Feature", "properties": { }, "geometry": { "type": "Polygon", "coordinates": [ [ [ 7.6070145, 45.0782348 ], [ 7.6071311, 45.0781583 ], [ 7.6072095, 45.0782181 ], [ 7.6070904, 45.0782952 ], [ 7.6070145, 45.0782348 ] ] ] } },
{ "type": "Feature", "properties": { }, "geometry": { "type": "Polygon", "coordinates": [ [ [ 7.6071933, 45.0781216 ], [ 7.6072922, 45.0780576 ], [ 7.6073677, 45.078113 ], [ 7.6072667, 45.0781806 ], [ 7.6071933, 45.0781216 ] ] ] } },
{ "type": "Feature", "properties": { }, "geometry": { "type": "Polygon", "coordinates": [ [ [ 7.6067662, 45.0782575 ], [ 7.606863, 45.078171 ], [ 7.6068821, 45.0781869 ], [ 7.6067662, 45.0782575 ] ] ] } },
{ "type": "Feature", "properties": { }, "geometry": { "type": "Polygon", "coordinates": [ [ [ 7.6068171, 45.0783051 ], [ 7.6069064, 45.0782071 ], [ 7.6069352, 45.0782311 ], [ 7.6068171, 45.0783051 ] ] ] } },
{ "type": "Feature", "properties": { }, "geometry": { "type": "Polygon", "coordinates": [ [ [ 7.6068949, 45.0781512 ], [ 7.6070425, 45.0780597 ], [ 7.6071137, 45.078119 ], [ 7.6069656, 45.078212 ], [ 7.6068949, 45.0781512 ] ] ] } },
{ "type": "Feature", "properties": { }, "geometry": { "type": "Polygon", "coordinates": [ [ [ 7.6070729, 45.0780409 ], [ 7.6071795, 45.0779749 ], [ 7.6072549, 45.0780302 ], [ 7.6071436, 45.0781 ], [ 7.6070729, 45.0780409 ] ] ] } },
{ "type": "Feature", "properties": { }, "geometry": { "type": "Polygon", "coordinates": [ [ [ 7.6061218, 45.0779207 ], [ 7.606021, 45.0778824 ], [ 7.6061218, 45.0778832 ], [ 7.6061218, 45.0779207 ] ] ] } },
{ "type": "Feature", "properties": { }, "geometry": { "type": "Polygon", "coordinates": [ [ [ 7.6062612, 45.0779239 ], [ 7.6061644, 45.077884 ], [ 7.6062613, 45.0778858 ], [ 7.6062612, 45.0779239 ] ] ] } },
{ "type": "Feature", "properties": { }, "geometry": { "type": "Polygon", "coordinates": [ [ [ 7.6063518, 45.0779493 ], [ 7.6062613, 45.0778858 ], [ 7.606352, 45.0778874 ], [ 7.6063518, 45.0779493 ] ] ] } },
{ "type": "Feature", "properties": { }, "geometry": { "type": "Polygon", "coordinates": [ [ [ 7.6063897, 45.0779735 ], [ 7.6065467, 45.077891 ], [ 7.6065447, 45.0779745 ], [ 7.6063897, 45.0779735 ] ] ] } },
{ "type": "Feature", "properties": { }, "geometry": { "type": "Polygon", "coordinates": [ [ [ 7.6065765, 45.0780319 ], [ 7.6065822, 45.0778612 ], [ 7.6068199, 45.0778786 ], [ 7.6065765, 45.0780319 ] ] ] } },
{ "type": "Feature", "properties": { }, "geometry": { "type": "Polygon", "coordinates": [ [ [ 7.6065765, 45.0780319 ], [ 7.6068199, 45.0778786 ], [ 7.6070818, 45.0778963 ], [ 7.6066774, 45.0781469 ], [ 7.6065765, 45.0780319 ] ] ] } },
{ "type": "Feature", "properties": { }, "geometry": { "type": "Polygon", "coordinates": [ [ [ 7.5648551, 45.0736811 ], [ 7.5648876, 45.0735279 ], [ 7.5651437, 45.073584 ], [ 7.5649122, 45.0735855 ], [ 7.5648551, 45.0736811 ] ] ] } },
{ "type": "Feature", "properties": { }, "geometry": { "type": "Polygon", "coordinates": [ [ [ 7.5676668, 45.0743434 ], [ 7.5677111, 45.0741152 ], [ 7.5680276, 45.0741824 ], [ 7.5679914, 45.0743482 ], [ 7.5676668, 45.0743434 ] ] ] } },
{ "type": "Feature", "properties": { }, "geometry": { "type": "Polygon", "coordinates": [ [ [ 7.6071213, 45.0791238 ], [ 7.6074088, 45.0789439 ], [ 7.6075022, 45.0790176 ], [ 7.6072113, 45.0791971 ], [ 7.6071213, 45.0791238 ] ] ] } },
{ "type": "Feature", "properties": { }, "geometry": { "type": "Polygon", "coordinates": [ [ [ 7.606497, 45.078408 ], [ 7.6066312, 45.078322 ], [ 7.6066984, 45.0783746 ], [ 7.6065653, 45.078461 ], [ 7.606497, 45.078408 ] ] ] } },
{ "type": "Feature", "properties": { }, "geometry": { "type": "Polygon", "coordinates": [ [ [ 7.6064439, 45.0785391 ], [ 7.6064689, 45.078426 ], [ 7.6065376, 45.0784788 ], [ 7.6064439, 45.0785391 ] ] ] } },
{ "type": "Feature", "properties": { }, "geometry": { "type": "Polygon", "coordinates": [ [ [ 7.606227, 45.0785811 ], [ 7.6063477, 45.0785038 ], [ 7.6064165, 45.0785567 ], [ 7.6062947, 45.0786348 ], [ 7.606227, 45.0785811 ] ] ] } },
{ "type": "Feature", "properties": { }, "geometry": { "type": "Polygon", "coordinates": [ [ [ 7.6059645, 45.0783729 ], [ 7.605984, 45.0781882 ], [ 7.6065195, 45.0782348 ], [ 7.6061153, 45.0784925 ], [ 7.6059645, 45.0783729 ] ] ] } },
{ "type": "Feature", "properties": { }, "geometry": { "type": "Polygon", "coordinates": [ [ [ 7.606508, 45.078804 ], [ 7.6068693, 45.0785735 ], [ 7.6065759, 45.0785133 ], [ 7.6067628, 45.0783976 ], [ 7.6070419, 45.0786434 ], [ 7.6066305, 45.0789012 ], [ 7.606508, 45.078804 ] ] ] } },
{ "type": "Feature", "properties": { }, "geometry": { "type": "Polygon", "coordinates": [ [ [ 7.606515, 45.0786433 ], [ 7.6065495, 45.0785296 ], [ 7.6066135, 45.0785804 ], [ 7.606515, 45.0786433 ] ] ] } },
{ "type": "Feature", "properties": { }, "geometry": { "type": "Polygon", "coordinates": [ [ [ 7.6063992, 45.0787177 ], [ 7.6064275, 45.0786051 ], [ 7.6064928, 45.0786575 ], [ 7.6063992, 45.0787177 ] ] ] } },
{ "type": "Feature", "properties": { }, "geometry": { "type": "Polygon", "coordinates": [ [ [ 7.6039366, 45.0791449 ], [ 7.6040055, 45.0792013 ], [ 7.6041601, 45.0792116 ], [ 7.603942, 45.0792428 ], [ 7.6039366, 45.0791449 ] ] ] } },
{ "type": "Feature", "properties": { }, "geometry": { "type": "Polygon", "coordinates": [ [ [ 7.6039089, 45.0786403 ], [ 7.6041574, 45.0786094 ], [ 7.6042427, 45.0790528 ], [ 7.6039324, 45.0790682 ], [ 7.6041247, 45.0788785 ], [ 7.6041122, 45.0786658 ], [ 7.6039089, 45.0786403 ] ] ] } },
{ "type": "Feature", "properties": { }, "geometry": { "type": "Polygon", "coordinates": [ [ [ 7.8166778, 45.00949 ], [ 7.8167135, 45.0091443 ], [ 7.8172193, 45.0092354 ], [ 7.8170944, 45.0094895 ], [ 7.8166778, 45.00949 ] ], [ [ 7.8167621, 45.0093805 ], [ 7.8168905, 45.0094103 ], [ 7.8169753, 45.0093171 ], [ 7.8168093, 45.0092786 ], [ 7.8167621, 45.0093805 ] ] ] } },
{ "type": "Feature", "properties": { }, "geometry": { "type": "Polygon", "coordinates": [ [ [ 7.816704, 45.0088845 ], [ 7.8173293, 45.0090226 ], [ 7.8172865, 45.0091338 ], [ 7.8171628, 45.0091051 ], [ 7.8172193, 45.0092354 ], [ 7.8167135, 45.0091443 ], [ 7.816704, 45.0088845 ] ], [ [ 7.8167775, 45.0090931 ], [ 7.8170242, 45.0091453 ], [ 7.8170709, 45.0090349 ], [ 7.8168242, 45.0089827 ], [ 7.8167775, 45.0090931 ] ] ] } },
{ "type": "Feature", "properties": { }, "geometry": { "type": "Polygon", "coordinates": [ [ [ 7.8171206, 45.0094177 ], [ 7.8172359, 45.0092049 ], [ 7.8174055, 45.0092443 ], [ 7.8173484, 45.0093686 ], [ 7.8171206, 45.0094177 ] ] ] } },
{ "type": "Feature", "properties": { }, "geometry": { "type": "Polygon", "coordinates": [ [ [ 7.8173065, 45.0094681 ], [ 7.8174402, 45.0091695 ], [ 7.8177989, 45.0092474 ], [ 7.8174342, 45.009439 ], [ 7.8175542, 45.0095154 ], [ 7.8173065, 45.0094681 ] ] ] } },
{ "type": "Feature", "properties": { }, "geometry": { "type": "Polygon", "coordinates": [ [ [ 7.8191731, 45.0073717 ], [ 7.819607, 45.0072949 ], [ 7.8197344, 45.0076529 ], [ 7.8192906, 45.007729 ], [ 7.8191731, 45.0073717 ] ] ] } },
{ "type": "Feature", "properties": { }, "geometry": { "type": "Polygon", "coordinates": [ [ [ 7.6736467, 45.0448234 ], [ 7.6738695, 45.0451213 ], [ 7.6737597, 45.0451461 ], [ 7.6736467, 45.0448234 ] ] ] } },
{ "type": "Feature", "properties": { }, "geometry": { "type": "Polygon", "coordinates": [ [ [ 7.6036157, 45.075063 ], [ 7.6038308, 45.0749527 ], [ 7.6038558, 45.0750276 ], [ 7.6036157, 45.075063 ] ] ] } },
{ "type": "Feature", "properties": { }, "geometry": { "type": "Polygon", "coordinates": [ [ [ 7.6035732, 45.0751553 ], [ 7.6040247, 45.0750399 ], [ 7.6040426, 45.0750957 ], [ 7.6035732, 45.0751553 ] ] ] } },
{ "type": "Feature", "properties": { }, "geometry": { "type": "Polygon", "coordinates": [ [ [ 7.6044193, 45.0747659 ], [ 7.6046164, 45.0747713 ], [ 7.6046523, 45.0748913 ], [ 7.6044654, 45.074886 ], [ 7.6044193, 45.0747659 ] ] ] } },
{ "type": "Feature", "properties": { }, "geometry": { "type": "Polygon", "coordinates": [ [ [ 7.5248615, 45.0751983 ], [ 7.5257255, 45.0753256 ], [ 7.5256874, 45.0756992 ], [ 7.524982, 45.0756678 ], [ 7.5248615, 45.0751983 ] ] ] } },
{ "type": "Feature", "properties": { }, "geometry": { "type": "Polygon", "coordinates": [ [ [ 7.6030975, 45.0789484 ], [ 7.6030559, 45.0788813 ], [ 7.6031435, 45.0788845 ], [ 7.6030975, 45.0789484 ] ] ] } },
{ "type": "Feature", "properties": { }, "geometry": { "type": "Polygon", "coordinates": [ [ [ 7.5225313, 45.0734487 ], [ 7.5232212, 45.0732491 ], [ 7.5234886, 45.0739005 ], [ 7.5227698, 45.0740573 ], [ 7.5225313, 45.0734487 ] ] ] } },
{ "type": "Feature", "properties": { }, "geometry": { "type": "Polygon", "coordinates": [ [ [ 7.6032398, 45.0792797 ], [ 7.6032484, 45.0790727 ], [ 7.6033643, 45.0790763 ], [ 7.603265, 45.0791279 ], [ 7.6033724, 45.0792807 ], [ 7.6032398, 45.0792797 ] ] ] } },
{ "type": "Feature", "properties": { }, "geometry": { "type": "Polygon", "coordinates": [ [ [ 7.6032398, 45.0792797 ], [ 7.6031385, 45.0791674 ], [ 7.6032444, 45.0791687 ], [ 7.6032398, 45.0792797 ] ] ] } },
{ "type": "Feature", "properties": { }, "geometry": { "type": "Polygon", "coordinates": [ [ [ 7.6030997, 45.0792786 ], [ 7.603025, 45.0791665 ], [ 7.603107, 45.0791672 ], [ 7.6030997, 45.0792786 ] ] ] } },
{ "type": "Feature", "properties": { }, "geometry": { "type": "Polygon", "coordinates": [ [ [ 7.6038441, 45.0792505 ], [ 7.6037553, 45.0792069 ], [ 7.6038383, 45.0791178 ], [ 7.6038441, 45.0792505 ] ] ] } },
{ "type": "Feature", "properties": { }, "geometry": { "type": "Polygon", "coordinates": [ [ [ 7.6034078, 45.079281 ], [ 7.6036418, 45.0792289 ], [ 7.6036428, 45.079267 ], [ 7.6034078, 45.079281 ] ] ] } },
{ "type": "Feature", "properties": { }, "geometry": { "type": "Polygon", "coordinates": [ [ [ 7.6038336, 45.0790153 ], [ 7.6036694, 45.0789037 ], [ 7.6038286, 45.0789098 ], [ 7.6038336, 45.0790153 ] ] ] } },
{ "type": "Feature", "properties": { }, "geometry": { "type": "Polygon", "coordinates": [ [ [ 7.6031104, 45.0783226 ], [ 7.6031235, 45.0781797 ], [ 7.6034605, 45.0781907 ], [ 7.6034598, 45.0783403 ], [ 7.603378, 45.0782036 ], [ 7.6031551, 45.0781962 ], [ 7.6031104, 45.0783226 ] ] ] } },
{ "type": "Feature", "properties": { }, "geometry": { "type": "Polygon", "coordinates": [ [ [ 7.603737, 45.0785541 ], [ 7.6037929, 45.0784914 ], [ 7.6037986, 45.0785524 ], [ 7.603737, 45.0785541 ] ] ] } },
{ "type": "Feature", "properties": { }, "geometry": { "type": "Polygon", "coordinates": [ [ [ 7.6037409, 45.0786135 ], [ 7.6037992, 45.0785612 ], [ 7.6038029, 45.0786124 ], [ 7.6037409, 45.0786135 ] ] ] } },
{ "type": "Feature", "properties": { }, "geometry": { "type": "Polygon", "coordinates": [ [ [ 7.622256, 45.0719347 ], [ 7.6224442, 45.0719705 ], [ 7.6223711, 45.0722212 ], [ 7.6225188, 45.0722826 ], [ 7.6223557, 45.0723019 ], [ 7.622256, 45.0719347 ] ] ] } },
{ "type": "Feature", "properties": { }, "geometry": { "type": "Polygon", "coordinates": [ [ [ 7.6221557, 45.0721965 ], [ 7.6223195, 45.0721685 ], [ 7.6223557, 45.0723019 ], [ 7.622189, 45.0723217 ], [ 7.6221557, 45.0721965 ] ] ] } },
{ "type": "Feature", "properties": { "name": "Pozzo Strada" }, "geometry": { "type": "Polygon", "coordinates": [ [ [ 7.6154811, 45.0729185 ], [ 7.6155139, 45.0725768 ], [ 7.6178822, 45.0726609 ], [ 7.6178399, 45.0730085 ], [ 7.6154811, 45.0729185 ] ] ] } },
{ "type": "Feature", "properties": { "name": "Giardino Mia Martini" }, "geometry": { "type": "Polygon", "coordinates": [ [ [ 7.5725387, 45.057916 ], [ 7.5732277, 45.0578637 ], [ 7.5732149, 45.0574887 ], [ 7.5734727, 45.0574851 ], [ 7.5734599, 45.0581539 ], [ 7.5725642, 45.0581773 ], [ 7.5725387, 45.057916 ] ] ] } },
{ "type": "Feature", "properties": { }, "geometry": { "type": "Polygon", "coordinates": [ [ [ 7.6004611, 45.0742785 ], [ 7.6013825, 45.0742529 ], [ 7.6013659, 45.0745446 ], [ 7.6005168, 45.074594 ], [ 7.6004611, 45.0742785 ] ] ] } },
{ "type": "Feature", "properties": { "name": "Parco Michele Bosso" }, "geometry": { "type": "Polygon", "coordinates": [ [ [ 7.7452966, 45.0234599 ], [ 7.7461581, 45.022906 ], [ 7.7463229, 45.0223967 ], [ 7.7467279, 45.0218565 ], [ 7.7469266, 45.0217567 ], [ 7.7470757, 45.0217655 ], [ 7.7474724, 45.0212848 ], [ 7.7476157, 45.0212826 ], [ 7.7475703, 45.0217429 ], [ 7.7473025, 45.0219369 ], [ 7.7470686, 45.0217975 ], [ 7.7467976, 45.0218521 ], [ 7.746424, 45.0223705 ], [ 7.7466726, 45.0225337 ], [ 7.746922, 45.022376 ], [ 7.7468305, 45.0227508 ], [ 7.7465309, 45.0230883 ], [ 7.7460935, 45.0234843 ], [ 7.7456585, 45.0233758 ], [ 7.7454257, 45.0235613 ], [ 7.7452966, 45.0234599 ] ] ] } },
{ "type": "Feature", "properties": { }, "geometry": { "type": "Polygon", "coordinates": [ [ [ 7.5723044, 45.069134 ], [ 7.5724489, 45.0691308 ], [ 7.5725672, 45.0694576 ], [ 7.5724269, 45.0694424 ], [ 7.5723044, 45.069134 ] ] ] } },
{ "type": "Feature", "properties": { }, "geometry": { "type": "Polygon", "coordinates": [ [ [ 7.5722817, 45.069481 ], [ 7.5724902, 45.0694493 ], [ 7.5725832, 45.0695885 ], [ 7.5722817, 45.069481 ] ] ] } },
{ "type": "Feature", "properties": { }, "geometry": { "type": "Polygon", "coordinates": [ [ [ 7.5721398, 45.0693991 ], [ 7.5723778, 45.0693189 ], [ 7.5724269, 45.0694424 ], [ 7.5722898, 45.0694697 ], [ 7.5721398, 45.0693991 ] ] ] } },
{ "type": "Feature", "properties": { }, "geometry": { "type": "Polygon", "coordinates": [ [ [ 7.7694132, 45.196339 ], [ 7.7698928, 45.1963444 ], [ 7.7698979, 45.1964104 ], [ 7.7694171, 45.1964306 ], [ 7.7694132, 45.196339 ] ] ] } },
{ "type": "Feature", "properties": { }, "geometry": { "type": "Polygon", "coordinates": [ [ [ 7.7699196, 45.1964009 ], [ 7.7699941, 45.1963471 ], [ 7.7699915, 45.1963987 ], [ 7.7699196, 45.1964009 ] ] ] } },
{ "type": "Feature", "properties": { }, "geometry": { "type": "Polygon", "coordinates": [ [ [ 7.7701181, 45.1965168 ], [ 7.7701909, 45.1963567 ], [ 7.7702008, 45.1965146 ], [ 7.7701181, 45.1965168 ] ] ] } },
{ "type": "Feature", "properties": { }, "geometry": { "type": "Polygon", "coordinates": [ [ [ 7.6134363, 45.0721866 ], [ 7.6135966, 45.0721175 ], [ 7.6136088, 45.0721686 ], [ 7.6134363, 45.0721866 ] ] ] } },
{ "type": "Feature", "properties": { }, "geometry": { "type": "Polygon", "coordinates": [ [ [ 7.6181457, 45.0726142 ], [ 7.6181973, 45.0719265 ], [ 7.6182604, 45.0719171 ], [ 7.6184105, 45.0725948 ], [ 7.6186544, 45.0725557 ], [ 7.6185724, 45.0723012 ], [ 7.6186816, 45.0722825 ], [ 7.6187867, 45.0726236 ], [ 7.6181457, 45.0726142 ] ] ] } },
{ "type": "Feature", "properties": { "name": "PA.T.CH - Parco Tessile Chierese" }, "geometry": { "type": "Polygon", "coordinates": [ [ [ 7.8171223, 45.0110176 ], [ 7.8175526, 45.0105907 ], [ 7.818348, 45.0111119 ], [ 7.8178964, 45.0114804 ], [ 7.8171223, 45.0110176 ] ] ] } },
{ "type": "Feature", "properties": { }, "geometry": { "type": "Polygon", "coordinates": [ [ [ 7.6242049, 45.0728837 ], [ 7.6243624, 45.0730581 ], [ 7.6244338, 45.0730936 ], [ 7.6243319, 45.0731315 ], [ 7.6242049, 45.0728837 ] ] ] } },
{ "type": "Feature", "properties": { }, "geometry": { "type": "Polygon", "coordinates": [ [ [ 7.6248928, 45.0726992 ], [ 7.624981, 45.0725882 ], [ 7.6250068, 45.0726578 ], [ 7.6248928, 45.0726992 ] ] ] } },
{ "type": "Feature", "properties": { }, "geometry": { "type": "Polygon", "coordinates": [ [ [ 7.6180252, 45.0739118 ], [ 7.6182751, 45.0738491 ], [ 7.6182918, 45.0739047 ], [ 7.6181041, 45.0739317 ], [ 7.6180252, 45.0739118 ] ] ] } },
{ "type": "Feature", "properties": { }, "geometry": { "type": "Polygon", "coordinates": [ [ [ 7.6125726, 45.0732738 ], [ 7.6125512, 45.0729523 ], [ 7.6125978, 45.0729542 ], [ 7.6125726, 45.0732738 ] ] ] } },
{ "type": "Feature", "properties": { }, "geometry": { "type": "Polygon", "coordinates": [ [ [ 7.6124943, 45.0728084 ], [ 7.6126116, 45.0727827 ], [ 7.6125978, 45.0729542 ], [ 7.6125512, 45.0729523 ], [ 7.6124943, 45.0728084 ] ] ] } },
{ "type": "Feature", "properties": { }, "geometry": { "type": "Polygon", "coordinates": [ [ [ 7.6227486, 45.0583624 ], [ 7.623161, 45.0582602 ], [ 7.6232351, 45.0588446 ], [ 7.6228923, 45.0588435 ], [ 7.6227486, 45.0583624 ] ] ] } },
{ "type": "Feature", "properties": { }, "geometry": { "type": "Polygon", "coordinates": [ [ [ 7.6232021, 45.0584234 ], [ 7.6235381, 45.0583276 ], [ 7.6235362, 45.0585638 ], [ 7.6232132, 45.0585648 ], [ 7.6232021, 45.0584234 ] ] ] } },
{ "type": "Feature", "properties": { }, "geometry": { "type": "Polygon", "coordinates": [ [ [ 7.6231006, 45.0588942 ], [ 7.6232186, 45.0588445 ], [ 7.6232244, 45.0589073 ], [ 7.6231006, 45.0588942 ] ] ] } },
{ "type": "Feature", "properties": { }, "geometry": { "type": "Polygon", "coordinates": [ [ [ 7.6143935, 45.0727319 ], [ 7.6148537, 45.0724549 ], [ 7.614966, 45.07193 ], [ 7.6152983, 45.0719371 ], [ 7.6150214, 45.0720282 ], [ 7.6152483, 45.0723706 ], [ 7.6151115, 45.0735176 ], [ 7.6147209, 45.0735092 ], [ 7.6143935, 45.0727319 ] ], [ [ 7.6148994, 45.0732885 ], [ 7.6150112, 45.0732916 ], [ 7.6150201, 45.0731668 ], [ 7.6149083, 45.0731621 ], [ 7.6148994, 45.0732885 ] ], [ [ 7.6149735, 45.0724376 ], [ 7.6150799, 45.0725355 ], [ 7.6150845, 45.0724386 ], [ 7.6149735, 45.0724376 ] ] ] } },
{ "type": "Feature", "properties": { }, "geometry": { "type": "Polygon", "coordinates": [ [ [ 7.6034604, 45.0782177 ], [ 7.6035545, 45.0781262 ], [ 7.6035561, 45.0782145 ], [ 7.6034604, 45.0782177 ] ] ] } },
{ "type": "Feature", "properties": { }, "geometry": { "type": "Polygon", "coordinates": [ [ [ 7.6035817, 45.0780149 ], [ 7.6037623, 45.0779764 ], [ 7.6037638, 45.0780006 ], [ 7.6035817, 45.0780149 ] ] ] } },
{ "type": "Feature", "properties": { }, "geometry": { "type": "Polygon", "coordinates": [ [ [ 7.7106965, 45.1776978 ], [ 7.7110814, 45.1776052 ], [ 7.7111404, 45.1776988 ], [ 7.7106965, 45.1776978 ] ] ] } },
{ "type": "Feature", "properties": { }, "geometry": { "type": "Polygon", "coordinates": [ [ [ 7.6034554, 45.0773622 ], [ 7.6034563, 45.0772641 ], [ 7.6037202, 45.0772583 ], [ 7.6037246, 45.0773529 ], [ 7.6034554, 45.0773622 ] ] ] } },
{ "type": "Feature", "properties": { }, "geometry": { "type": "Polygon", "coordinates": [ [ [ 7.6034569, 45.0777722 ], [ 7.603745, 45.0776974 ], [ 7.6037487, 45.0777571 ], [ 7.6034569, 45.0777722 ] ] ] } },
{ "type": "Feature", "properties": { }, "geometry": { "type": "Polygon", "coordinates": [ [ [ 7.623073, 45.1199144 ], [ 7.623912, 45.1196618 ], [ 7.6243748, 45.1204465 ], [ 7.623525, 45.1206978 ], [ 7.623073, 45.1199144 ] ] ] } },
{ "type": "Feature", "properties": { }, "geometry": { "type": "Polygon", "coordinates": [ [ [ 7.6032234, 45.078183 ], [ 7.6033156, 45.0781277 ], [ 7.6034597, 45.0781224 ], [ 7.6034605, 45.0781907 ], [ 7.6032234, 45.078183 ] ] ] } },
{ "type": "Feature", "properties": { }, "geometry": { "type": "Polygon", "coordinates": [ [ [ 7.6033457, 45.0779532 ], [ 7.6033713, 45.0777707 ], [ 7.6034569, 45.0777722 ], [ 7.603458, 45.0779542 ], [ 7.6033457, 45.0779532 ] ] ] } },
{ "type": "Feature", "properties": { }, "geometry": { "type": "Polygon", "coordinates": [ [ [ 7.5733092, 45.0783443 ], [ 7.5733179, 45.078146 ], [ 7.5738988, 45.0781596 ], [ 7.5733092, 45.0783443 ] ] ] } },
{ "type": "Feature", "properties": { "name": "Parco Luigi Einaudi" }, "geometry": { "type": "Polygon", "coordinates": [ [ [ 7.7665105, 45.1066458 ], [ 7.7672889, 45.1062181 ], [ 7.7672184, 45.1061367 ], [ 7.7669425, 45.1062589 ], [ 7.7668014, 45.1061367 ], [ 7.7665961, 45.105874 ], [ 7.766827, 45.1056884 ], [ 7.7696487, 45.1083902 ], [ 7.7701074, 45.108995 ], [ 7.7700953, 45.1092884 ], [ 7.7692384, 45.1096008 ], [ 7.7690788, 45.1094768 ], [ 7.7682916, 45.1097394 ], [ 7.7670362, 45.1078459 ], [ 7.7665105, 45.1066458 ] ] ] } },
{ "type": "Feature", "properties": { }, "geometry": { "type": "Polygon", "coordinates": [ [ [ 7.6051677, 45.0782632 ], [ 7.6051411, 45.0781725 ], [ 7.6051766, 45.0782614 ], [ 7.6051677, 45.0782632 ] ] ] } },
{ "type": "Feature", "properties": { "name": "Condominio Il Mulino" }, "geometry": { "type": "Polygon", "coordinates": [ [ [ 7.5834451, 45.1251836 ], [ 7.5838519, 45.1250424 ], [ 7.584609, 45.1250316 ], [ 7.5842223, 45.1257096 ], [ 7.5839649, 45.1258117 ], [ 7.5838441, 45.1257248 ], [ 7.5839755, 45.1256018 ], [ 7.5834451, 45.1251836 ] ] ] } },
{ "type": "Feature", "properties": { }, "geometry": { "type": "Polygon", "coordinates": [ [ [ 7.639206, 45.0657956 ], [ 7.6395326, 45.0657359 ], [ 7.6396683, 45.0661064 ], [ 7.6393418, 45.066166 ], [ 7.639206, 45.0657956 ] ] ] } },
{ "type": "Feature", "properties": { }, "geometry": { "type": "Polygon", "coordinates": [ [ [ 7.6046085, 45.0685773 ], [ 7.6049731, 45.0684497 ], [ 7.6050531, 45.0685824 ], [ 7.6050025, 45.0687324 ], [ 7.604691, 45.0688288 ], [ 7.6046085, 45.0685773 ] ] ] } },
{ "type": "Feature", "properties": { }, "geometry": { "type": "Polygon", "coordinates": [ [ [ 7.5573638, 45.0830837 ], [ 7.5575827, 45.0821444 ], [ 7.558132, 45.0821989 ], [ 7.5579217, 45.0831383 ], [ 7.5573638, 45.0830837 ] ] ] } },
{ "type": "Feature", "properties": { }, "geometry": { "type": "Polygon", "coordinates": [ [ [ 7.6932219, 45.0847652 ], [ 7.6933578, 45.0849278 ], [ 7.693242, 45.0851165 ], [ 7.6932219, 45.0847652 ] ] ] } },
{ "type": "Feature", "properties": { }, "geometry": { "type": "Polygon", "coordinates": [ [ [ 7.6933533, 45.0847112 ], [ 7.6935223, 45.0845171 ], [ 7.6941875, 45.0848211 ], [ 7.6937824, 45.0847056 ], [ 7.6935598, 45.0850171 ], [ 7.6938803, 45.0851449 ], [ 7.693816, 45.0852245 ], [ 7.6934686, 45.0850758 ], [ 7.6934945, 45.0848426 ], [ 7.6933533, 45.0847112 ] ] ] } },
{ "type": "Feature", "properties": { "name": "Giardino pubblico Via Monte Bianco" }, "geometry": { "type": "Polygon", "coordinates": [ [ [ 7.6662117, 45.0132223 ], [ 7.6664097, 45.0132209 ], [ 7.6664639, 45.0135947 ], [ 7.6662883, 45.0135947 ], [ 7.6662117, 45.0132223 ] ] ] } },
{ "type": "Feature", "properties": { }, "geometry": { "type": "Polygon", "coordinates": [ [ [ 7.6214801, 45.0819451 ], [ 7.6216526, 45.0819347 ], [ 7.6216763, 45.0821306 ], [ 7.6215039, 45.082141 ], [ 7.6214801, 45.0819451 ] ] ] } },
{ "type": "Feature", "properties": { "name": "Giardino delle bambine e dei bambini di tutto il mondo" }, "geometry": { "type": "Polygon", "coordinates": [ [ [ 7.6192101, 45.0611854 ], [ 7.619588, 45.0611236 ], [ 7.619767, 45.0616697 ], [ 7.6193814, 45.0617084 ], [ 7.6192101, 45.0611854 ] ] ] } },
{ "type": "Feature", "properties": { }, "geometry": { "type": "Polygon", "coordinates": [ [ [ 7.6192992, 45.0639547 ], [ 7.6196447, 45.0638927 ], [ 7.6199391, 45.0644827 ], [ 7.6195739, 45.0645267 ], [ 7.6192992, 45.0639547 ] ] ] } },
{ "type": "Feature", "properties": { }, "geometry": { "type": "Polygon", "coordinates": [ [ [ 7.5910069, 45.0220261 ], [ 7.5911558, 45.021973 ], [ 7.591027, 45.021791 ], [ 7.5913811, 45.0217019 ], [ 7.5912362, 45.0220868 ], [ 7.5910069, 45.0220261 ] ] ] } },
{ "type": "Feature", "properties": { }, "geometry": { "type": "Polygon", "coordinates": [ [ [ 7.5880444, 45.022557 ], [ 7.5881812, 45.0223162 ], [ 7.5889578, 45.0220304 ], [ 7.5893417, 45.0225696 ], [ 7.5888008, 45.0229124 ], [ 7.5880444, 45.022557 ] ] ] } },
{ "type": "Feature", "properties": { }, "geometry": { "type": "Polygon", "coordinates": [ [ [ 7.5855923, 45.0746381 ], [ 7.5856055, 45.074426 ], [ 7.5856858, 45.0745985 ], [ 7.5855923, 45.0746381 ] ] ] } },
{ "type": "Feature", "properties": { }, "geometry": { "type": "Polygon", "coordinates": [ [ [ 7.5858364, 45.0744751 ], [ 7.5859261, 45.0744367 ], [ 7.5859506, 45.0743491 ], [ 7.5859763, 45.0744762 ], [ 7.5858364, 45.0744751 ] ] ] } },
{ "type": "Feature", "properties": { }, "geometry": { "type": "Polygon", "coordinates": [ [ [ 7.5858969, 45.0742541 ], [ 7.585887, 45.0741282 ], [ 7.5859506, 45.0743491 ], [ 7.5858969, 45.0742541 ] ] ] } },
{ "type": "Feature", "properties": { }, "geometry": { "type": "Polygon", "coordinates": [ [ [ 7.6024219, 45.0783033 ], [ 7.6026235, 45.0782328 ], [ 7.6026152, 45.0783016 ], [ 7.6024219, 45.0783033 ] ] ] } },
{ "type": "Feature", "properties": { }, "geometry": { "type": "Polygon", "coordinates": [ [ [ 7.6019062, 45.0779864 ], [ 7.6021099, 45.0779851 ], [ 7.6021102, 45.0780197 ], [ 7.6019098, 45.0781023 ], [ 7.6019062, 45.0779864 ] ] ] } },
{ "type": "Feature", "properties": { }, "geometry": { "type": "Polygon", "coordinates": [ [ [ 7.6021464, 45.0772261 ], [ 7.6022983, 45.0772127 ], [ 7.6022993, 45.0773975 ], [ 7.6021485, 45.0773972 ], [ 7.6021464, 45.0772261 ] ] ] } },
{ "type": "Feature", "properties": { }, "geometry": { "type": "Polygon", "coordinates": [ [ [ 7.602098, 45.0772526 ], [ 7.6020136, 45.0772316 ], [ 7.6020966, 45.0772256 ], [ 7.602098, 45.0772526 ] ] ] } },
{ "type": "Feature", "properties": { }, "geometry": { "type": "Polygon", "coordinates": [ [ [ 7.641583, 45.0218524 ], [ 7.6416772, 45.0218227 ], [ 7.6418913, 45.0220272 ], [ 7.6417379, 45.022078 ], [ 7.641583, 45.0218524 ] ] ] } },
{ "type": "Feature", "properties": { "name": "Vittime delle Foibe" }, "geometry": { "type": "Polygon", "coordinates": [ [ [ 7.5713085, 45.0609421 ], [ 7.5715803, 45.0609251 ], [ 7.5718394, 45.0611451 ], [ 7.5718507, 45.0613031 ], [ 7.5713538, 45.0613541 ], [ 7.5713085, 45.0609421 ] ] ] } },
{ "type": "Feature", "properties": { }, "geometry": { "type": "Polygon", "coordinates": [ [ [ 7.6024162, 45.0776435 ], [ 7.6026289, 45.077721 ], [ 7.6027281, 45.0776232 ], [ 7.6027222, 45.0777458 ], [ 7.6024168, 45.0777449 ], [ 7.6024162, 45.0776435 ] ] ] } },
{ "type": "Feature", "properties": { }, "geometry": { "type": "Polygon", "coordinates": [ [ [ 7.5823053, 45.0204212 ], [ 7.588774, 45.0183395 ], [ 7.5890207, 45.0190031 ], [ 7.5884948, 45.0193064 ], [ 7.5884077, 45.0191153 ], [ 7.5870629, 45.0198259 ], [ 7.5871863, 45.0201843 ], [ 7.5866131, 45.0202965 ], [ 7.586547, 45.0201594 ], [ 7.5840193, 45.0207571 ], [ 7.5838869, 45.0208672 ], [ 7.5839984, 45.0211474 ], [ 7.5837603, 45.0212222 ], [ 7.5835551, 45.0212259 ], [ 7.5836027, 45.0209102 ], [ 7.5834906, 45.0209511 ], [ 7.5831963, 45.0203575 ], [ 7.5823722, 45.0205353 ], [ 7.5823053, 45.0204212 ] ], [ [ 7.5842223, 45.0200762 ], [ 7.5844143, 45.0205415 ], [ 7.5857002, 45.0202582 ], [ 7.5855473, 45.0198316 ], [ 7.5842223, 45.0200762 ] ] ] } },
{ "type": "Feature", "properties": { }, "geometry": { "type": "Polygon", "coordinates": [ [ [ 7.5842223, 45.0200762 ], [ 7.5855473, 45.0198316 ], [ 7.5857002, 45.0202582 ], [ 7.5844143, 45.0205415 ], [ 7.5842223, 45.0200762 ] ] ] } },
{ "type": "Feature", "properties": { }, "geometry": { "type": "Polygon", "coordinates": [ [ [ 7.5775489, 45.0178626 ], [ 7.5780961, 45.0170132 ], [ 7.5786218, 45.0172218 ], [ 7.5778681, 45.0179242 ], [ 7.5775489, 45.0178626 ] ] ] } },
{ "type": "Feature", "properties": { }, "geometry": { "type": "Polygon", "coordinates": [ [ [ 7.5758216, 45.0167733 ], [ 7.5766289, 45.0165193 ], [ 7.5768692, 45.0166062 ], [ 7.5763111, 45.0174398 ], [ 7.5762413, 45.0172559 ], [ 7.5760294, 45.017291 ], [ 7.5760321, 45.0171241 ], [ 7.5758511, 45.0171203 ], [ 7.5758216, 45.0167733 ] ] ] } },
{ "type": "Feature", "properties": { }, "geometry": { "type": "Polygon", "coordinates": [ [ [ 7.536546, 45.0518149 ], [ 7.539254, 45.05134 ], [ 7.5395849, 45.0520101 ], [ 7.5385952, 45.052283 ], [ 7.5385979, 45.0525937 ], [ 7.5381097, 45.0526866 ], [ 7.5379206, 45.0522242 ], [ 7.5383652, 45.0521366 ], [ 7.5383008, 45.0519898 ], [ 7.5381225, 45.0519097 ], [ 7.5370549, 45.0520637 ], [ 7.5370046, 45.0519514 ], [ 7.5366249, 45.0520123 ], [ 7.536546, 45.0518149 ] ] ] } },
{ "type": "Feature", "properties": { }, "geometry": { "type": "Polygon", "coordinates": [ [ [ 7.5260029, 45.0316765 ], [ 7.5270471, 45.0312269 ], [ 7.5272334, 45.0314877 ], [ 7.5271435, 45.0316327 ], [ 7.5266701, 45.0317635 ], [ 7.5260029, 45.0316765 ] ] ] } },
{ "type": "Feature", "properties": { }, "geometry": { "type": "Polygon", "coordinates": [ [ [ 7.5204527, 45.0424174 ], [ 7.5210106, 45.0415323 ], [ 7.5216434, 45.0421329 ], [ 7.5206566, 45.0423719 ], [ 7.5204527, 45.0424174 ] ] ] } },
{ "type": "Feature", "properties": { }, "geometry": { "type": "Polygon", "coordinates": [ [ [ 7.517374, 45.0433342 ], [ 7.5179601, 45.0429337 ], [ 7.5187445, 45.0426305 ], [ 7.5188345, 45.0427683 ], [ 7.5186942, 45.0437945 ], [ 7.517945, 45.0438722 ], [ 7.5176733, 45.0441353 ], [ 7.517374, 45.0433342 ] ] ] } },
{ "type": "Feature", "properties": { }, "geometry": { "type": "Polygon", "coordinates": [ [ [ 7.5063845, 45.0280689 ], [ 7.5072724, 45.0279533 ], [ 7.5077552, 45.0279495 ], [ 7.5076988, 45.0281694 ], [ 7.5063845, 45.0280689 ] ] ] } },
{ "type": "Feature", "properties": { }, "geometry": { "type": "Polygon", "coordinates": [ [ [ 7.5106063, 45.0282945 ], [ 7.5106881, 45.0281889 ], [ 7.5123149, 45.0286736 ], [ 7.5126582, 45.0286717 ], [ 7.5125805, 45.0295475 ], [ 7.5107405, 45.0288859 ], [ 7.5107324, 45.028321 ], [ 7.5106063, 45.0282945 ] ] ] } },
{ "type": "Feature", "properties": { }, "geometry": { "type": "Polygon", "coordinates": [ [ [ 7.6028009, 45.0773723 ], [ 7.6027465, 45.0772286 ], [ 7.6028151, 45.0772316 ], [ 7.6028009, 45.0773723 ] ] ] } },
{ "type": "Feature", "properties": { }, "geometry": { "type": "Polygon", "coordinates": [ [ [ 7.7363418, 45.1270267 ], [ 7.7367423, 45.1268213 ], [ 7.7369748, 45.1268382 ], [ 7.7393511, 45.1275359 ], [ 7.739809, 45.1278343 ], [ 7.7397539, 45.127966 ], [ 7.7363418, 45.1270267 ] ] ] } },
{ "type": "Feature", "properties": { }, "geometry": { "type": "Polygon", "coordinates": [ [ [ 7.7324937, 45.0784578 ], [ 7.7326418, 45.0783304 ], [ 7.7329979, 45.0788957 ], [ 7.7329521, 45.0788951 ], [ 7.7324937, 45.0784578 ] ] ] } },
{ "type": "Feature", "properties": { }, "geometry": { "type": "Polygon", "coordinates": [ [ [ 7.6024066, 45.0768103 ], [ 7.6026083, 45.0767058 ], [ 7.6026231, 45.0767825 ], [ 7.6024066, 45.0768103 ] ] ] } },
{ "type": "Feature", "properties": { }, "geometry": { "type": "Polygon", "coordinates": [ [ [ 7.6040106, 45.0767659 ], [ 7.6040379, 45.076535 ], [ 7.6040924, 45.0767565 ], [ 7.6040106, 45.0767659 ] ] ] } },
{ "type": "Feature", "properties": { }, "geometry": { "type": "Polygon", "coordinates": [ [ [ 7.7406433, 44.9899958 ], [ 7.7408244, 44.9893831 ], [ 7.7413622, 44.9891383 ], [ 7.7410859, 44.9895187 ], [ 7.7410483, 44.9899057 ], [ 7.7406433, 44.9899958 ] ] ] } },
{ "type": "Feature", "properties": { }, "geometry": { "type": "Polygon", "coordinates": [ [ [ 7.6509724, 45.0095376 ], [ 7.6511714, 45.0086577 ], [ 7.6523477, 45.0093252 ], [ 7.6513345, 45.0095783 ], [ 7.6509724, 45.0095376 ] ] ] } },
{ "type": "Feature", "properties": { }, "geometry": { "type": "Polygon", "coordinates": [ [ [ 7.6024203, 45.0744654 ], [ 7.6029227, 45.0742512 ], [ 7.6029743, 45.074471 ], [ 7.6026528, 45.0745265 ], [ 7.6024203, 45.0744654 ] ] ] } },
{ "type": "Feature", "properties": { }, "geometry": { "type": "Polygon", "coordinates": [ [ [ 7.6023148, 45.0747892 ], [ 7.6028251, 45.0747748 ], [ 7.6028588, 45.0749604 ], [ 7.6023356, 45.0749879 ], [ 7.6023148, 45.0747892 ] ] ] } },
{ "type": "Feature", "properties": { }, "geometry": { "type": "Polygon", "coordinates": [ [ [ 7.6034037, 45.0745235 ], [ 7.6036138, 45.0744375 ], [ 7.6036289, 45.0744843 ], [ 7.6034037, 45.0745235 ] ] ] } },
{ "type": "Feature", "properties": { }, "geometry": { "type": "Polygon", "coordinates": [ [ [ 7.6033895, 45.0744775 ], [ 7.6036029, 45.0744049 ], [ 7.6036138, 45.0744375 ], [ 7.6033895, 45.0744775 ] ] ] } },
{ "type": "Feature", "properties": { "name": "Giardino Tina Anselmi" }, "geometry": { "type": "Polygon", "coordinates": [ [ [ 7.6169537, 45.1133414 ], [ 7.6169605, 45.1129369 ], [ 7.6172868, 45.112954 ], [ 7.6172665, 45.1133523 ], [ 7.6169537, 45.1133414 ] ] ] } },
{ "type": "Feature", "properties": { }, "geometry": { "type": "Polygon", "coordinates": [ [ [ 7.617578, 45.1142816 ], [ 7.6178118, 45.1142121 ], [ 7.6181945, 45.1147151 ], [ 7.6178787, 45.1148162 ], [ 7.617578, 45.1142816 ] ] ] } },
{ "type": "Feature", "properties": { }, "geometry": { "type": "Polygon", "coordinates": [ [ [ 7.6025782, 45.0759904 ], [ 7.6026999, 45.0759229 ], [ 7.602711, 45.0759887 ], [ 7.6025782, 45.0759904 ] ] ] } },
{ "type": "Feature", "properties": { }, "geometry": { "type": "Polygon", "coordinates": [ [ [ 7.6025518, 45.0762162 ], [ 7.6025522, 45.076103 ], [ 7.6027288, 45.0760942 ], [ 7.6027476, 45.076206 ], [ 7.6025518, 45.0762162 ] ] ] } },
{ "type": "Feature", "properties": { }, "geometry": { "type": "Polygon", "coordinates": [ [ [ 7.6025614, 45.0762157 ], [ 7.6027477, 45.0762071 ], [ 7.6027632, 45.0763333 ], [ 7.6025833, 45.0763823 ], [ 7.6025614, 45.0762157 ] ] ] } },
{ "type": "Feature", "properties": { }, "geometry": { "type": "Polygon", "coordinates": [ [ [ 7.6045473, 45.0761213 ], [ 7.6052166, 45.0763891 ], [ 7.605441, 45.0762907 ], [ 7.6054695, 45.0767257 ], [ 7.6050799, 45.0767395 ], [ 7.6050371, 45.0765964 ], [ 7.6046438, 45.0764473 ], [ 7.6045473, 45.0761213 ] ] ] } },
{ "type": "Feature", "properties": { }, "geometry": { "type": "Polygon", "coordinates": [ [ [ 7.6051988, 45.0753511 ], [ 7.6046541, 45.0752426 ], [ 7.6053641, 45.075273 ], [ 7.6053594, 45.0754239 ], [ 7.6056469, 45.0754284 ], [ 7.60563, 45.0756385 ], [ 7.6055277, 45.0757793 ], [ 7.6054502, 45.0757513 ], [ 7.6055559, 45.0755948 ], [ 7.6051327, 45.0754421 ], [ 7.6051988, 45.0753511 ] ] ] } },
{ "type": "Feature", "properties": { }, "geometry": { "type": "Polygon", "coordinates": [ [ [ 7.6014234, 45.0765719 ], [ 7.6016471, 45.0765211 ], [ 7.6016877, 45.0766103 ], [ 7.6014639, 45.076661 ], [ 7.6014234, 45.0765719 ] ] ] } },
{ "type": "Feature", "properties": { }, "geometry": { "type": "Polygon", "coordinates": [ [ [ 7.6015681, 45.0757262 ], [ 7.6015971, 45.0755977 ], [ 7.601616, 45.0757232 ], [ 7.6015681, 45.0757262 ] ] ] } },
{ "type": "Feature", "properties": { }, "geometry": { "type": "Polygon", "coordinates": [ [ [ 7.6018498, 45.0768459 ], [ 7.6021985, 45.0769281 ], [ 7.6020961, 45.0767534 ], [ 7.6022814, 45.0767562 ], [ 7.6022825, 45.0769489 ], [ 7.6018792, 45.0770007 ], [ 7.6018498, 45.0768459 ] ] ] } },
{ "type": "Feature", "properties": { }, "geometry": { "type": "Polygon", "coordinates": [ [ [ 7.6022814, 45.0767562 ], [ 7.6022183, 45.0767248 ], [ 7.6022807, 45.0767202 ], [ 7.6022814, 45.0767562 ] ] ] } },
{ "type": "Feature", "properties": { }, "geometry": { "type": "Polygon", "coordinates": [ [ [ 7.6016809, 45.0769211 ], [ 7.6017974, 45.0768741 ], [ 7.6018277, 45.0770073 ], [ 7.6017285, 45.0770204 ], [ 7.6016809, 45.0769211 ] ] ] } },
{ "type": "Feature", "properties": { }, "geometry": { "type": "Polygon", "coordinates": [ [ [ 7.6021936, 45.0771361 ], [ 7.6022935, 45.0770349 ], [ 7.6022949, 45.0770906 ], [ 7.6021936, 45.0771361 ] ] ] } },
{ "type": "Feature", "properties": { }, "geometry": { "type": "Polygon", "coordinates": [ [ [ 7.600545, 45.0773088 ], [ 7.601381, 45.0772004 ], [ 7.6014345, 45.0773717 ], [ 7.6010074, 45.0773784 ], [ 7.6010179, 45.0777146 ], [ 7.600924, 45.0777349 ], [ 7.6008377, 45.0774914 ], [ 7.6006477, 45.0775326 ], [ 7.600545, 45.0773088 ] ] ] } },
{ "type": "Feature", "properties": { }, "geometry": { "type": "Polygon", "coordinates": [ [ [ 7.599594, 45.0779237 ], [ 7.59995, 45.0776048 ], [ 7.6000084, 45.0776289 ], [ 7.6001521, 45.0779001 ], [ 7.5999386, 45.0779132 ], [ 7.6000739, 45.0777879 ], [ 7.5999442, 45.0776635 ], [ 7.5997713, 45.0778782 ], [ 7.5998815, 45.0779167 ], [ 7.599594, 45.0779237 ] ] ] } },
{ "type": "Feature", "properties": { }, "geometry": { "type": "Polygon", "coordinates": [ [ [ 7.6000084, 45.0776289 ], [ 7.6002302, 45.0773822 ], [ 7.6003848, 45.077851 ], [ 7.6006381, 45.0777438 ], [ 7.6006912, 45.0778661 ], [ 7.6001521, 45.0779001 ], [ 7.6000084, 45.0776289 ] ] ] } },
{ "type": "Feature", "properties": { }, "geometry": { "type": "Polygon", "coordinates": [ [ [ 7.6004853, 45.0768228 ], [ 7.6010404, 45.0767131 ], [ 7.6011878, 45.0770888 ], [ 7.600723, 45.077151 ], [ 7.6006649, 45.0769992 ], [ 7.6011082, 45.0770459 ], [ 7.6010557, 45.0768415 ], [ 7.6005449, 45.0769708 ], [ 7.6004853, 45.0768228 ] ] ] } },
{ "type": "Feature", "properties": { }, "geometry": { "type": "Polygon", "coordinates": [ [ [ 7.6006229, 45.0771644 ], [ 7.6006152, 45.0770082 ], [ 7.6006727, 45.0771577 ], [ 7.6006229, 45.0771644 ] ] ] } },
{ "type": "Feature", "properties": { }, "geometry": { "type": "Polygon", "coordinates": [ [ [ 7.6021842, 45.0764707 ], [ 7.6022689, 45.0763844 ], [ 7.6022699, 45.0764601 ], [ 7.6021842, 45.0764707 ] ] ] } },
{ "type": "Feature", "properties": { }, "geometry": { "type": "Polygon", "coordinates": [ [ [ 7.60176, 45.075896 ], [ 7.6019562, 45.0758201 ], [ 7.6019668, 45.0758945 ], [ 7.60176, 45.075896 ] ] ] } },
{ "type": "Feature", "properties": { }, "geometry": { "type": "Polygon", "coordinates": [ [ [ 7.5273049, 45.0902188 ], [ 7.5292356, 45.0896053 ], [ 7.529366, 45.0896434 ], [ 7.5292817, 45.0899944 ], [ 7.5288074, 45.0899353 ], [ 7.5287539, 45.0901493 ], [ 7.5282271, 45.0900835 ], [ 7.5281683, 45.0903182 ], [ 7.5278233, 45.0902751 ], [ 7.5277825, 45.0904379 ], [ 7.5275234, 45.0904055 ], [ 7.527486, 45.0905545 ], [ 7.5273049, 45.0902188 ] ] ] } },
{ "type": "Feature", "properties": { }, "geometry": { "type": "Polygon", "coordinates": [ [ [ 7.6887963, 45.1026448 ], [ 7.688968, 45.1023722 ], [ 7.6892791, 45.1023609 ], [ 7.6903144, 45.1035422 ], [ 7.6891504, 45.1035346 ], [ 7.688909, 45.1033264 ], [ 7.6887963, 45.1026448 ] ] ] } },
{ "type": "Feature", "properties": { }, "geometry": { "type": "Polygon", "coordinates": [ [ [ 7.6781209, 45.0985991 ], [ 7.6782024, 45.0985981 ], [ 7.678222, 45.0986869 ], [ 7.6782006, 45.0986962 ], [ 7.6781209, 45.0985991 ] ] ] } },
{ "type": "Feature", "properties": { }, "geometry": { "type": "Polygon", "coordinates": [ [ [ 7.6782347, 45.0986875 ], [ 7.6783022, 45.0986017 ], [ 7.6782539, 45.0986917 ], [ 7.6782347, 45.0986875 ] ] ] } },
{ "type": "Feature", "properties": { }, "geometry": { "type": "Polygon", "coordinates": [ [ [ 7.6785126, 45.0987483 ], [ 7.67856, 45.0986753 ], [ 7.6786228, 45.0986775 ], [ 7.6786378, 45.0987126 ], [ 7.6785126, 45.0987483 ] ] ] } },
{ "type": "Feature", "properties": { }, "geometry": { "type": "Polygon", "coordinates": [ [ [ 7.6785106, 45.0988003 ], [ 7.6786356, 45.0987216 ], [ 7.678675, 45.0987884 ], [ 7.6785106, 45.0988003 ] ] ] } },
{ "type": "Feature", "properties": { }, "geometry": { "type": "Polygon", "coordinates": [ [ [ 7.6771908, 45.0985258 ], [ 7.6773018, 45.0984787 ], [ 7.6774217, 45.0986103 ], [ 7.6772929, 45.0986488 ], [ 7.6771908, 45.0985258 ] ] ] } },
{ "type": "Feature", "properties": { }, "geometry": { "type": "Polygon", "coordinates": [ [ [ 7.6769966, 45.0986077 ], [ 7.6771499, 45.0985439 ], [ 7.6772434, 45.0986637 ], [ 7.677112, 45.098703 ], [ 7.6769966, 45.0986077 ] ] ] } },
{ "type": "Feature", "properties": { }, "geometry": { "type": "Polygon", "coordinates": [ [ [ 7.6769113, 45.0984186 ], [ 7.6770546, 45.0984045 ], [ 7.6770873, 45.0985699 ], [ 7.6769524, 45.098626 ], [ 7.6769113, 45.0984186 ] ] ] } },
{ "type": "Feature", "properties": { }, "geometry": { "type": "Polygon", "coordinates": [ [ [ 7.6768828, 45.0987787 ], [ 7.6768895, 45.0986409 ], [ 7.6769712, 45.0986182 ], [ 7.6770079, 45.0986609 ], [ 7.6768828, 45.0987787 ] ] ] } },
{ "type": "Feature", "properties": { }, "geometry": { "type": "Polygon", "coordinates": [ [ [ 7.6769552, 45.098799 ], [ 7.6769778, 45.0986828 ], [ 7.6770239, 45.0986649 ], [ 7.6770619, 45.0987167 ], [ 7.6769552, 45.098799 ] ] ] } },
{ "type": "Feature", "properties": { }, "geometry": { "type": "Polygon", "coordinates": [ [ [ 7.6770634, 45.0988159 ], [ 7.6769811, 45.0987482 ], [ 7.6770748, 45.0987141 ], [ 7.6770634, 45.0988159 ] ] ] } },
{ "type": "Feature", "properties": { }, "geometry": { "type": "Polygon", "coordinates": [ [ [ 7.6764127, 45.09855 ], [ 7.6766372, 45.0986182 ], [ 7.6766083, 45.0985357 ], [ 7.6767781, 45.0985257 ], [ 7.6767867, 45.0986152 ], [ 7.6764323, 45.098705 ], [ 7.6764127, 45.09855 ] ] ] } },
{ "type": "Feature", "properties": { }, "geometry": { "type": "Polygon", "coordinates": [ [ [ 7.6759204, 45.0983368 ], [ 7.67624, 45.0983103 ], [ 7.6762568, 45.0983916 ], [ 7.6761424, 45.0984525 ], [ 7.6760913, 45.0983318 ], [ 7.6759204, 45.0983368 ] ] ] } },
{ "type": "Feature", "properties": { }, "geometry": { "type": "Polygon", "coordinates": [ [ [ 7.6756211, 45.0990401 ], [ 7.6756747, 45.098992 ], [ 7.675678, 45.0990379 ], [ 7.6756211, 45.0990401 ] ] ] } },
{ "type": "Feature", "properties": { }, "geometry": { "type": "Polygon", "coordinates": [ [ [ 7.6754536, 45.0990515 ], [ 7.6755815, 45.0990275 ], [ 7.6755852, 45.0990432 ], [ 7.6754536, 45.0990515 ] ] ] } },
{ "type": "Feature", "properties": { }, "geometry": { "type": "Polygon", "coordinates": [ [ [ 7.6767558, 45.0994882 ], [ 7.677037, 45.0994642 ], [ 7.6770241, 45.0997059 ], [ 7.6771207, 45.0996719 ], [ 7.6770839, 45.099457 ], [ 7.6773118, 45.0994376 ], [ 7.6773623, 45.0996544 ], [ 7.6773248, 45.099435 ], [ 7.6775736, 45.0994139 ], [ 7.6776218, 45.0996767 ], [ 7.6768004, 45.0997491 ], [ 7.6767558, 45.0994882 ] ] ] } },
{ "type": "Feature", "properties": { }, "geometry": { "type": "Polygon", "coordinates": [ [ [ 7.6775922, 45.0994512 ], [ 7.6778039, 45.0994232 ], [ 7.6778185, 45.0994778 ], [ 7.6776265, 45.0995804 ], [ 7.6775922, 45.0994512 ] ] ] } },
{ "type": "Feature", "properties": { }, "geometry": { "type": "Polygon", "coordinates": [ [ [ 7.6771868, 45.1000692 ], [ 7.6774415, 45.0999746 ], [ 7.6774494, 45.1000234 ], [ 7.6771868, 45.1000692 ] ] ] } },
{ "type": "Feature", "properties": { }, "geometry": { "type": "Polygon", "coordinates": [ [ [ 7.6790205, 45.0997305 ], [ 7.6791827, 45.0997175 ], [ 7.6791526, 45.0998773 ], [ 7.6790744, 45.0998816 ], [ 7.6790205, 45.0997305 ] ] ] } },
{ "type": "Feature", "properties": { }, "geometry": { "type": "Polygon", "coordinates": [ [ [ 7.6791526, 45.0998773 ], [ 7.6792075, 45.099798 ], [ 7.6792163, 45.0998736 ], [ 7.6791526, 45.0998773 ] ] ] } },
{ "type": "Feature", "properties": { }, "geometry": { "type": "Polygon", "coordinates": [ [ [ 7.6803359, 45.0999606 ], [ 7.6804138, 45.0998994 ], [ 7.6804241, 45.099952 ], [ 7.6803359, 45.0999606 ] ] ] } },
{ "type": "Feature", "properties": { }, "geometry": { "type": "Polygon", "coordinates": [ [ [ 7.6803457, 45.1000405 ], [ 7.6804195, 45.0999724 ], [ 7.6804315, 45.1000319 ], [ 7.6803457, 45.1000405 ] ] ] } },
{ "type": "Feature", "properties": { }, "geometry": { "type": "Polygon", "coordinates": [ [ [ 7.6799096, 45.1000534 ], [ 7.6801669, 45.1000129 ], [ 7.6802151, 45.1002429 ], [ 7.6801169, 45.1001321 ], [ 7.6799096, 45.1000534 ] ] ] } },
{ "type": "Feature", "properties": { }, "geometry": { "type": "Polygon", "coordinates": [ [ [ 7.6803718, 45.1003707 ], [ 7.6804659, 45.1003159 ], [ 7.6804691, 45.1003653 ], [ 7.6803718, 45.1003707 ] ] ] } },
{ "type": "Feature", "properties": { }, "geometry": { "type": "Polygon", "coordinates": [ [ [ 7.6802997, 45.1004663 ], [ 7.6804364, 45.1003754 ], [ 7.6804519, 45.1004543 ], [ 7.6802997, 45.1004663 ] ] ] } },
{ "type": "Feature", "properties": { }, "geometry": { "type": "Polygon", "coordinates": [ [ [ 7.6799966, 45.1004837 ], [ 7.6801242, 45.1004762 ], [ 7.6801391, 45.1006061 ], [ 7.6800143, 45.1006145 ], [ 7.6799966, 45.1004837 ] ] ] } },
{ "type": "Feature", "properties": { }, "geometry": { "type": "Polygon", "coordinates": [ [ [ 7.6803223, 45.1005577 ], [ 7.6805248, 45.1005427 ], [ 7.680541, 45.1006513 ], [ 7.6803385, 45.1006663 ], [ 7.6803223, 45.1005577 ] ] ] } },
{ "type": "Feature", "properties": { }, "geometry": { "type": "Polygon", "coordinates": [ [ [ 7.719374, 45.0495801 ], [ 7.7195595, 45.049037 ], [ 7.7198971, 45.0490945 ], [ 7.7197117, 45.0496377 ], [ 7.719374, 45.0495801 ] ] ] } },
{ "type": "Feature", "properties": { }, "geometry": { "type": "Polygon", "coordinates": [ [ [ 7.7162459, 45.050381 ], [ 7.717292, 45.0499352 ], [ 7.717461, 45.0500375 ], [ 7.7166966, 45.0505681 ], [ 7.7162459, 45.050381 ] ] ] } },
{ "type": "Feature", "properties": { "name": "Parco agricolo laghetti Falchera" }, "geometry": { "type": "Polygon", "coordinates": [ [ [ 7.7137778, 45.1328207 ], [ 7.7144512, 45.1318381 ], [ 7.7169109, 45.130797 ], [ 7.715947, 45.1269988 ], [ 7.7162835, 45.1265953 ], [ 7.7173605, 45.1273107 ], [ 7.7181295, 45.130029 ], [ 7.7182025, 45.1304141 ], [ 7.7181091, 45.1304969 ], [ 7.7209436, 45.1305238 ], [ 7.7209913, 45.1309238 ], [ 7.7212318, 45.1313482 ], [ 7.7228492, 45.1316212 ], [ 7.7229015, 45.1328056 ], [ 7.723453, 45.1327125 ], [ 7.7241679, 45.1354169 ], [ 7.7245336, 45.1354923 ], [ 7.7247903, 45.136726 ], [ 7.7246903, 45.1368636 ], [ 7.7238904, 45.1370784 ], [ 7.7228074, 45.1371782 ], [ 7.7215475, 45.1370085 ], [ 7.7200469, 45.1365391 ], [ 7.7189497, 45.1361197 ], [ 7.7176402, 45.1353906 ], [ 7.7174562, 45.135086 ], [ 7.7177181, 45.1344719 ], [ 7.7171518, 45.1339875 ], [ 7.7145186, 45.132814 ], [ 7.7137778, 45.1328207 ] ] ] } },
{ "type": "Feature", "properties": { }, "geometry": { "type": "Polygon", "coordinates": [ [ [ 7.7064233, 45.0545444 ], [ 7.7066623, 45.0542079 ], [ 7.7069424, 45.0543072 ], [ 7.7067034, 45.0546437 ], [ 7.7064233, 45.0545444 ] ] ] } },
{ "type": "Feature", "properties": { }, "geometry": { "type": "Polygon", "coordinates": [ [ [ 7.7070963, 45.0519163 ], [ 7.707339, 45.0518614 ], [ 7.707516, 45.052166 ], [ 7.7072921, 45.0522285 ], [ 7.7070963, 45.0519163 ] ] ] } },
{ "type": "Feature", "properties": { }, "geometry": { "type": "Polygon", "coordinates": [ [ [ 7.6019688, 45.0758192 ], [ 7.6019927, 45.0757445 ], [ 7.6019972, 45.0758172 ], [ 7.6019688, 45.0758192 ] ] ] } },
{ "type": "Feature", "properties": { }, "geometry": { "type": "Polygon", "coordinates": [ [ [ 7.6020015, 45.0758778 ], [ 7.6020588, 45.0757982 ], [ 7.6020643, 45.0758771 ], [ 7.6020015, 45.0758778 ] ] ] } },
{ "type": "Feature", "properties": { }, "geometry": { "type": "Polygon", "coordinates": [ [ [ 7.6019909, 45.075714 ], [ 7.6020572, 45.0756365 ], [ 7.6020168, 45.0757101 ], [ 7.6019909, 45.075714 ] ] ] } },
{ "type": "Feature", "properties": { }, "geometry": { "type": "Polygon", "coordinates": [ [ [ 7.7012924, 45.0532806 ], [ 7.7013559, 45.0529737 ], [ 7.7020575, 45.0528648 ], [ 7.7020919, 45.0532148 ], [ 7.7012924, 45.0532806 ] ] ] } },
{ "type": "Feature", "properties": { "name": "Martiri XXX Aprile" }, "geometry": { "type": "Polygon", "coordinates": [ [ [ 7.5773734, 45.0716326 ], [ 7.5778282, 45.071577 ], [ 7.5779187, 45.0720181 ], [ 7.5774301, 45.071995 ], [ 7.5773734, 45.0716326 ] ] ] } },
{ "type": "Feature", "properties": { "name": "Giardino Salvo D'Acquisto" }, "geometry": { "type": "Polygon", "coordinates": [ [ [ 7.5129211, 45.0657984 ], [ 7.5131411, 45.0656747 ], [ 7.5135357, 45.0657867 ], [ 7.5133722, 45.066055 ], [ 7.5129211, 45.0657984 ] ] ] } },
{ "type": "Feature", "properties": { }, "geometry": { "type": "Polygon", "coordinates": [ [ [ 7.6857148, 45.0343367 ], [ 7.6860884, 45.0344901 ], [ 7.6862519, 45.0342755 ], [ 7.6858412, 45.0341794 ], [ 7.6860843, 45.0339465 ], [ 7.6863343, 45.0341668 ], [ 7.6863398, 45.0345842 ], [ 7.6859332, 45.0346842 ], [ 7.6857148, 45.0343367 ] ] ] } },
{ "type": "Feature", "properties": { }, "geometry": { "type": "Polygon", "coordinates": [ [ [ 7.6893689, 45.0370992 ], [ 7.690077, 45.0368026 ], [ 7.6902647, 45.0369211 ], [ 7.689743, 45.0372082 ], [ 7.6898544, 45.0373399 ], [ 7.6895446, 45.0374546 ], [ 7.6893689, 45.0370992 ] ] ] } },
{ "type": "Feature", "properties": { }, "geometry": { "type": "Polygon", "coordinates": [ [ [ 7.6880157, 45.0365723 ], [ 7.6885682, 45.0364339 ], [ 7.6886755, 45.0366064 ], [ 7.6880546, 45.0368016 ], [ 7.6880157, 45.0365723 ] ] ] } },
{ "type": "Feature", "properties": { }, "geometry": { "type": "Polygon", "coordinates": [ [ [ 7.6879352, 45.0345594 ], [ 7.6886165, 45.0341348 ], [ 7.6887694, 45.0342608 ], [ 7.6889893, 45.0341348 ], [ 7.6888626, 45.0339334 ], [ 7.6889659, 45.0338812 ], [ 7.689159, 45.0339452 ], [ 7.6902775, 45.0334567 ], [ 7.6880787, 45.0346456 ], [ 7.6879352, 45.0345594 ] ] ] } },
{ "type": "Feature", "properties": { }, "geometry": { "type": "Polygon", "coordinates": [ [ [ 7.6882879, 45.0332246 ], [ 7.6885612, 45.0331868 ], [ 7.688564, 45.0334508 ], [ 7.6883689, 45.0334197 ], [ 7.6882879, 45.0332246 ] ] ] } },
{ "type": "Feature", "properties": { }, "geometry": { "type": "Polygon", "coordinates": [ [ [ 7.601805, 45.0749841 ], [ 7.6019011, 45.0749144 ], [ 7.6019091, 45.0749796 ], [ 7.601805, 45.0749841 ] ] ] } },
{ "type": "Feature", "properties": { }, "geometry": { "type": "Polygon", "coordinates": [ [ [ 7.6018714, 45.0750704 ], [ 7.6019091, 45.0749796 ], [ 7.6019207, 45.0750681 ], [ 7.6018714, 45.0750704 ] ] ] } },
{ "type": "Feature", "properties": { }, "geometry": { "type": "Polygon", "coordinates": [ [ [ 7.6019742, 45.0755255 ], [ 7.6020307, 45.0754333 ], [ 7.6020417, 45.0755284 ], [ 7.6019742, 45.0755255 ] ] ] } },
{ "type": "Feature", "properties": { }, "geometry": { "type": "Polygon", "coordinates": [ [ [ 7.601963, 45.075431 ], [ 7.6020463, 45.0753209 ], [ 7.6020479, 45.0754339 ], [ 7.601963, 45.075431 ] ] ] } },
{ "type": "Feature", "properties": { }, "geometry": { "type": "Polygon", "coordinates": [ [ [ 7.6019245, 45.0750991 ], [ 7.6019669, 45.0749782 ], [ 7.6019817, 45.0750962 ], [ 7.6019245, 45.0750991 ] ] ] } },
{ "type": "Feature", "properties": { }, "geometry": { "type": "Polygon", "coordinates": [ [ [ 7.6931159, 45.0350626 ], [ 7.6933184, 45.0349479 ], [ 7.6937141, 45.0350181 ], [ 7.6932567, 45.0350787 ], [ 7.693252, 45.0351815 ], [ 7.6931159, 45.0350626 ] ] ] } },
{ "type": "Feature", "properties": { }, "geometry": { "type": "Polygon", "coordinates": [ [ [ 7.6905839, 45.0342134 ], [ 7.6911901, 45.034039 ], [ 7.691469, 45.0342466 ], [ 7.691626, 45.0340703 ], [ 7.6921436, 45.034275 ], [ 7.6922187, 45.0344513 ], [ 7.6918741, 45.0344371 ], [ 7.6916407, 45.0342618 ], [ 7.6914999, 45.034385 ], [ 7.6907542, 45.0343907 ], [ 7.6905839, 45.0342134 ] ] ] } },
{ "type": "Feature", "properties": { }, "geometry": { "type": "Polygon", "coordinates": [ [ [ 7.6893353, 45.034946 ], [ 7.6899041, 45.034508 ], [ 7.6904726, 45.0346788 ], [ 7.691339, 45.0344248 ], [ 7.6916699, 45.0349198 ], [ 7.6907515, 45.0351052 ], [ 7.6900434, 45.0354388 ], [ 7.6895124, 45.0353763 ], [ 7.6895392, 45.0350749 ], [ 7.6893353, 45.034946 ] ] ] } },
{ "type": "Feature", "properties": { }, "geometry": { "type": "Polygon", "coordinates": [ [ [ 7.6909913, 45.0332903 ], [ 7.6910922, 45.0330581 ], [ 7.691339, 45.0332837 ], [ 7.6911043, 45.0333993 ], [ 7.6909913, 45.0332903 ] ] ] } },
{ "type": "Feature", "properties": { }, "geometry": { "type": "Polygon", "coordinates": [ [ [ 7.6912558, 45.0335813 ], [ 7.6914161, 45.033496 ], [ 7.691577, 45.0336102 ], [ 7.6913805, 45.0337315 ], [ 7.6912558, 45.0335813 ] ] ] } },
{ "type": "Feature", "properties": { }, "geometry": { "type": "Polygon", "coordinates": [ [ [ 7.692963, 45.0335083 ], [ 7.6936859, 45.0331794 ], [ 7.6940265, 45.0331889 ], [ 7.6939997, 45.0337746 ], [ 7.6935142, 45.0338523 ], [ 7.6933318, 45.0340931 ], [ 7.6931535, 45.03413 ], [ 7.692963, 45.0335083 ] ] ] } },
{ "type": "Feature", "properties": { }, "geometry": { "type": "Polygon", "coordinates": [ [ [ 7.6915763, 45.0326456 ], [ 7.6918675, 45.0324495 ], [ 7.6923716, 45.0323787 ], [ 7.6925117, 45.0326408 ], [ 7.692248, 45.0326777 ], [ 7.6921697, 45.0328271 ], [ 7.6915763, 45.0326456 ] ] ] } },
{ "type": "Feature", "properties": { }, "geometry": { "type": "Polygon", "coordinates": [ [ [ 7.6893689, 45.0330902 ], [ 7.6898177, 45.032757 ], [ 7.6905077, 45.0332397 ], [ 7.6899404, 45.0333601 ], [ 7.6897618, 45.033231 ], [ 7.689613, 45.0333074 ], [ 7.6893689, 45.0330902 ] ] ] } },
{ "type": "Feature", "properties": { }, "geometry": { "type": "Polygon", "coordinates": [ [ [ 7.6012941, 45.0752067 ], [ 7.6013367, 45.0750227 ], [ 7.6013613, 45.0752027 ], [ 7.6012941, 45.0752067 ] ] ] } },
{ "type": "Feature", "properties": { }, "geometry": { "type": "Polygon", "coordinates": [ [ [ 7.6957483, 45.0315517 ], [ 7.6960811, 45.0311304 ], [ 7.6970735, 45.0314166 ], [ 7.6966363, 45.0317938 ], [ 7.6957483, 45.0315517 ] ] ] } },
{ "type": "Feature", "properties": { "name": "Giardino via Sabaudia" }, "geometry": { "type": "Polygon", "coordinates": [ [ [ 7.6834479, 45.0350143 ], [ 7.6837879, 45.0348565 ], [ 7.6840648, 45.0344674 ], [ 7.6843235, 45.0345081 ], [ 7.6835522, 45.0350938 ], [ 7.6834479, 45.0350143 ] ] ] } },
{ "type": "Feature", "properties": { }, "geometry": { "type": "Polygon", "coordinates": [ [ [ 7.6818198, 45.0342788 ], [ 7.6823589, 45.0341234 ], [ 7.6828524, 45.0341765 ], [ 7.6828364, 45.0344309 ], [ 7.6824635, 45.0345802 ], [ 7.682839, 45.0347413 ], [ 7.6822758, 45.0349536 ], [ 7.6818198, 45.0342788 ] ] ] } },
{ "type": "Feature", "properties": { }, "geometry": { "type": "Polygon", "coordinates": [ [ [ 7.6903868, 45.0285324 ], [ 7.6904672, 45.0283855 ], [ 7.6909836, 45.0284547 ], [ 7.6907509, 45.0286651 ], [ 7.6903868, 45.0285324 ] ] ] } },
{ "type": "Feature", "properties": { }, "geometry": { "type": "Polygon", "coordinates": [ [ [ 7.6895982, 45.0281106 ], [ 7.6897135, 45.0271969 ], [ 7.6898959, 45.0270813 ], [ 7.6909339, 45.027413 ], [ 7.6915079, 45.0281694 ], [ 7.6910935, 45.028394 ], [ 7.6907328, 45.0283002 ], [ 7.6905625, 45.0278187 ], [ 7.6898825, 45.0279315 ], [ 7.6898476, 45.0283305 ], [ 7.6895982, 45.0281106 ] ] ] } },
{ "type": "Feature", "properties": { }, "geometry": { "type": "Polygon", "coordinates": [ [ [ 7.690195, 45.0297257 ], [ 7.6913081, 45.0294632 ], [ 7.6916635, 45.0296167 ], [ 7.6916273, 45.030247 ], [ 7.6913685, 45.0302536 ], [ 7.690195, 45.0297257 ] ] ] } },
{ "type": "Feature", "properties": { }, "geometry": { "type": "Polygon", "coordinates": [ [ [ 7.6889243, 45.0296816 ], [ 7.6889873, 45.0293594 ], [ 7.6894272, 45.0294082 ], [ 7.689511, 45.0295997 ], [ 7.6898684, 45.0296516 ], [ 7.6889243, 45.0296816 ] ] ] } },
{ "type": "Feature", "properties": { }, "geometry": { "type": "Polygon", "coordinates": [ [ [ 7.5152685, 45.0663356 ], [ 7.5154216, 45.0663115 ], [ 7.51549, 45.0665282 ], [ 7.515337, 45.0665523 ], [ 7.5152685, 45.0663356 ] ] ] } },
{ "type": "Feature", "properties": { }, "geometry": { "type": "Polygon", "coordinates": [ [ [ 7.6992054, 45.0301592 ], [ 7.6997288, 45.0301038 ], [ 7.7004678, 45.0296019 ], [ 7.7007823, 45.0295485 ], [ 7.7009046, 45.0299747 ], [ 7.7012837, 45.030033 ], [ 7.7015007, 45.0305203 ], [ 7.701443, 45.0306756 ], [ 7.700693, 45.0307581 ], [ 7.6997343, 45.0306455 ], [ 7.6996065, 45.0305222 ], [ 7.7000928, 45.0303688 ], [ 7.7001271, 45.0302164 ], [ 7.6992054, 45.0301592 ] ] ] } },
{ "type": "Feature", "properties": { }, "geometry": { "type": "Polygon", "coordinates": [ [ [ 7.7064519, 45.0290442 ], [ 7.7070513, 45.0286187 ], [ 7.7080719, 45.0290025 ], [ 7.7079298, 45.0292641 ], [ 7.7081363, 45.0293798 ], [ 7.7077286, 45.0297087 ], [ 7.7070098, 45.0294414 ], [ 7.7064519, 45.0290442 ] ] ] } },
{ "type": "Feature", "properties": { }, "geometry": { "type": "Polygon", "coordinates": [ [ [ 7.6920841, 45.0288445 ], [ 7.692376, 45.0286471 ], [ 7.6925278, 45.0287606 ], [ 7.6922235, 45.0289445 ], [ 7.6920841, 45.0288445 ] ] ] } },
{ "type": "Feature", "properties": { }, "geometry": { "type": "Polygon", "coordinates": [ [ [ 7.697221, 45.0283438 ], [ 7.6974816, 45.028166 ], [ 7.6976703, 45.0283504 ], [ 7.6975349, 45.0284462 ], [ 7.697221, 45.0283438 ] ] ] } },
{ "type": "Feature", "properties": { }, "geometry": { "type": "Polygon", "coordinates": [ [ [ 7.6959121, 45.02754 ], [ 7.6965679, 45.0274585 ], [ 7.696977, 45.0274471 ], [ 7.6967302, 45.0280348 ], [ 7.6963413, 45.0279457 ], [ 7.6963252, 45.0276955 ], [ 7.6959336, 45.0276519 ], [ 7.6959121, 45.02754 ] ] ] } },
{ "type": "Feature", "properties": { }, "geometry": { "type": "Polygon", "coordinates": [ [ [ 7.6962635, 45.0256329 ], [ 7.6968268, 45.0252613 ], [ 7.6970145, 45.0260775 ], [ 7.6963949, 45.0260983 ], [ 7.6968871, 45.0259978 ], [ 7.6968563, 45.025759 ], [ 7.6963775, 45.0259561 ], [ 7.6962635, 45.0256329 ] ] ] } },
{ "type": "Feature", "properties": { }, "geometry": { "type": "Polygon", "coordinates": [ [ [ 7.6953381, 45.0271206 ], [ 7.6953556, 45.0269239 ], [ 7.6954776, 45.0270012 ], [ 7.6953381, 45.0271206 ] ] ] } },
{ "type": "Feature", "properties": { }, "geometry": { "type": "Polygon", "coordinates": [ [ [ 7.6954313, 45.0267941 ], [ 7.6955802, 45.026649 ], [ 7.6958551, 45.0267476 ], [ 7.6956633, 45.0268841 ], [ 7.6954313, 45.0267941 ] ] ] } },
{ "type": "Feature", "properties": { }, "geometry": { "type": "Polygon", "coordinates": [ [ [ 7.6937905, 45.0267836 ], [ 7.6939568, 45.0264064 ], [ 7.6941843, 45.0263748 ], [ 7.694803, 45.0263675 ], [ 7.6950055, 45.0265732 ], [ 7.6953274, 45.026596 ], [ 7.6947239, 45.0268054 ], [ 7.6937905, 45.0267836 ] ] ] } },
{ "type": "Feature", "properties": { }, "geometry": { "type": "Polygon", "coordinates": [ [ [ 7.694677, 45.0273732 ], [ 7.69477, 45.0271463 ], [ 7.6951611, 45.0272026 ], [ 7.6951651, 45.0273722 ], [ 7.6949505, 45.0274215 ], [ 7.6949304, 45.0275779 ], [ 7.695314, 45.0274585 ], [ 7.695396, 45.0276715 ], [ 7.6948245, 45.0276448 ], [ 7.694677, 45.0273732 ] ] ] } },
{ "type": "Feature", "properties": { }, "geometry": { "type": "Polygon", "coordinates": [ [ [ 7.6817292, 45.0900033 ], [ 7.6824008, 45.0899204 ], [ 7.6824371, 45.0900738 ], [ 7.68176, 45.0901503 ], [ 7.6817292, 45.0900033 ] ] ] } },
{ "type": "Feature", "properties": { }, "geometry": { "type": "Polygon", "coordinates": [ [ [ 7.6981075, 45.0251836 ], [ 7.6987365, 45.0244272 ], [ 7.6992702, 45.0245789 ], [ 7.698766, 45.0251874 ], [ 7.6987056, 45.0250073 ], [ 7.6984535, 45.0249438 ], [ 7.6982979, 45.0251959 ], [ 7.698656, 45.0252718 ], [ 7.6985259, 45.0253903 ], [ 7.6981075, 45.0251836 ] ] ] } },
{ "type": "Feature", "properties": { }, "geometry": { "type": "Polygon", "coordinates": [ [ [ 7.6975282, 45.0258822 ], [ 7.6981417, 45.0255547 ], [ 7.6980512, 45.0254334 ], [ 7.6978581, 45.0255566 ], [ 7.6977293, 45.0254784 ], [ 7.6981075, 45.0251836 ], [ 7.6985259, 45.0253903 ], [ 7.6976234, 45.0260813 ], [ 7.6975282, 45.0258822 ] ] ] } },
{ "type": "Feature", "properties": { }, "geometry": { "type": "Polygon", "coordinates": [ [ [ 7.6985581, 45.0289902 ], [ 7.6988478, 45.0285779 ], [ 7.6991462, 45.0286447 ], [ 7.698876, 45.0287182 ], [ 7.698766, 45.0289694 ], [ 7.6988371, 45.0290594 ], [ 7.6991938, 45.0287675 ], [ 7.6995277, 45.028831 ], [ 7.6990235, 45.0293381 ], [ 7.6985581, 45.0289902 ] ] ] } },
{ "type": "Feature", "properties": { }, "geometry": { "type": "Polygon", "coordinates": [ [ [ 7.6988394, 45.0272469 ], [ 7.6990098, 45.0271188 ], [ 7.7001663, 45.0272838 ], [ 7.7000234, 45.0274265 ], [ 7.6997625, 45.0273324 ], [ 7.6995578, 45.0275091 ], [ 7.6998023, 45.027645 ], [ 7.6996773, 45.0278246 ], [ 7.6991622, 45.0278527 ], [ 7.6988394, 45.0272469 ] ] ] } },
{ "type": "Feature", "properties": { }, "geometry": { "type": "Polygon", "coordinates": [ [ [ 7.6977873, 45.0277838 ], [ 7.6979679, 45.0275974 ], [ 7.6978175, 45.0273916 ], [ 7.6980648, 45.02698 ], [ 7.6988092, 45.0268334 ], [ 7.6989576, 45.0270955 ], [ 7.6988504, 45.0272858 ], [ 7.6991622, 45.0278527 ], [ 7.6986362, 45.0277915 ], [ 7.6986142, 45.0279226 ], [ 7.6981829, 45.0279143 ], [ 7.6979755, 45.0280721 ], [ 7.6977873, 45.0277838 ] ] ] } },
{ "type": "Feature", "properties": { }, "geometry": { "type": "Polygon", "coordinates": [ [ [ 7.7016333, 45.0272348 ], [ 7.7021161, 45.0272377 ], [ 7.7020785, 45.0270282 ], [ 7.7023137, 45.0267231 ], [ 7.7026981, 45.0268386 ], [ 7.7027276, 45.0270983 ], [ 7.7025908, 45.0272689 ], [ 7.7020381, 45.0273349 ], [ 7.7016333, 45.0272348 ] ] ] } },
{ "type": "Feature", "properties": { }, "geometry": { "type": "Polygon", "coordinates": [ [ [ 7.5524008, 45.0129602 ], [ 7.5523311, 45.0126331 ], [ 7.5528675, 45.0127848 ], [ 7.5524008, 45.0129602 ] ] ] } },
{ "type": "Feature", "properties": { }, "geometry": { "type": "Polygon", "coordinates": [ [ [ 7.5524826, 45.0126417 ], [ 7.5523378, 45.0125431 ], [ 7.5525242, 45.0125772 ], [ 7.5524826, 45.0126417 ] ] ] } },
{ "type": "Feature", "properties": { }, "geometry": { "type": "Polygon", "coordinates": [ [ [ 7.704872, 45.0249845 ], [ 7.7050463, 45.0245362 ], [ 7.7054664, 45.0245676 ], [ 7.7055587, 45.0249176 ], [ 7.7050933, 45.0248623 ], [ 7.7050437, 45.0250007 ], [ 7.704872, 45.0249845 ] ] ] } },
{ "type": "Feature", "properties": { }, "geometry": { "type": "Polygon", "coordinates": [ [ [ 7.7092145, 45.0276026 ], [ 7.7094747, 45.0272159 ], [ 7.7098529, 45.0273476 ], [ 7.7096651, 45.0276414 ], [ 7.7092145, 45.0276026 ] ] ] } },
{ "type": "Feature", "properties": { }, "geometry": { "type": "Polygon", "coordinates": [ [ [ 7.7083009, 45.0280452 ], [ 7.7089047, 45.0277315 ], [ 7.7099401, 45.0278035 ], [ 7.7103209, 45.0277144 ], [ 7.7101868, 45.0280556 ], [ 7.7094144, 45.0287343 ], [ 7.7083009, 45.0280452 ] ] ] } },
{ "type": "Feature", "properties": { }, "geometry": { "type": "Polygon", "coordinates": [ [ [ 7.705615, 45.0255438 ], [ 7.7058913, 45.0251201 ], [ 7.7061453, 45.0251581 ], [ 7.7060442, 45.025577 ], [ 7.705615, 45.0255438 ] ] ] } },
{ "type": "Feature", "properties": { }, "geometry": { "type": "Polygon", "coordinates": [ [ [ 7.7072277, 45.0274202 ], [ 7.7087685, 45.0264256 ], [ 7.7090926, 45.0266314 ], [ 7.709004, 45.027067 ], [ 7.7088243, 45.0272405 ], [ 7.7082196, 45.0272217 ], [ 7.7075642, 45.0274397 ], [ 7.7072277, 45.0274202 ] ] ] } },
{ "type": "Feature", "properties": { }, "geometry": { "type": "Polygon", "coordinates": [ [ [ 7.70026, 45.0263144 ], [ 7.7012524, 45.0256215 ], [ 7.7016441, 45.025706 ], [ 7.7015743, 45.0263116 ], [ 7.70026, 45.0263144 ] ] ] } },
{ "type": "Feature", "properties": { }, "geometry": { "type": "Polygon", "coordinates": [ [ [ 7.7012357, 45.0243265 ], [ 7.7012511, 45.0240746 ], [ 7.7014267, 45.0240566 ], [ 7.7014334, 45.0238812 ], [ 7.7016313, 45.0238149 ], [ 7.7016574, 45.0242736 ], [ 7.7012357, 45.0243265 ] ] ] } },
{ "type": "Feature", "properties": { }, "geometry": { "type": "Polygon", "coordinates": [ [ [ 7.7043611, 45.0250244 ], [ 7.7045316, 45.0245778 ], [ 7.7050463, 45.0245362 ], [ 7.704872, 45.0249845 ], [ 7.7047057, 45.0248395 ], [ 7.7044415, 45.0251021 ], [ 7.7043611, 45.0250244 ] ] ] } },
{ "type": "Feature", "properties": { }, "geometry": { "type": "Polygon", "coordinates": [ [ [ 7.6971406, 45.0270073 ], [ 7.6973712, 45.02694 ], [ 7.6977883, 45.0269533 ], [ 7.6976073, 45.027231 ], [ 7.6972003, 45.027141 ], [ 7.6971406, 45.0270073 ] ] ] } },
{ "type": "Feature", "properties": { }, "geometry": { "type": "Polygon", "coordinates": [ [ [ 7.6973431, 45.027377 ], [ 7.6972512, 45.0271519 ], [ 7.6976073, 45.027231 ], [ 7.6975362, 45.0273618 ], [ 7.6973431, 45.027377 ] ] ] } },
{ "type": "Feature", "properties": { }, "geometry": { "type": "Polygon", "coordinates": [ [ [ 7.6977333, 45.0261324 ], [ 7.698483, 45.0255571 ], [ 7.6985675, 45.0255467 ], [ 7.6980337, 45.0261353 ], [ 7.6983878, 45.0260822 ], [ 7.6983462, 45.026249 ], [ 7.6977333, 45.0261324 ] ] ] } },
{ "type": "Feature", "properties": { }, "geometry": { "type": "Polygon", "coordinates": [ [ [ 7.699517, 45.0259893 ], [ 7.6997182, 45.0257287 ], [ 7.7001379, 45.0258424 ], [ 7.7002104, 45.0257315 ], [ 7.7001084, 45.0255798 ], [ 7.7004215, 45.0253432 ], [ 7.7007696, 45.0256718 ], [ 7.7004625, 45.0258851 ], [ 7.699517, 45.0259893 ] ] ] } },
{ "type": "Feature", "properties": { }, "geometry": { "type": "Polygon", "coordinates": [ [ [ 7.6784335, 45.0304181 ], [ 7.6786454, 45.0303669 ], [ 7.6787205, 45.0305574 ], [ 7.678524, 45.030602 ], [ 7.6784335, 45.0304181 ] ] ] } },
{ "type": "Feature", "properties": { }, "geometry": { "type": "Polygon", "coordinates": [ [ [ 7.6775631, 45.0313152 ], [ 7.6780325, 45.0309209 ], [ 7.6781747, 45.0308906 ], [ 7.6775631, 45.0313152 ] ] ] } },
{ "type": "Feature", "properties": { }, "geometry": { "type": "Polygon", "coordinates": [ [ [ 7.6775631, 45.0313152 ], [ 7.6780969, 45.0310015 ], [ 7.67818, 45.0310981 ], [ 7.6776959, 45.0313957 ], [ 7.6775631, 45.0313152 ] ] ] } },
{ "type": "Feature", "properties": { }, "geometry": { "type": "Polygon", "coordinates": [ [ [ 7.6776959, 45.0313957 ], [ 7.6779239, 45.0312512 ], [ 7.6780312, 45.0313389 ], [ 7.6778522, 45.0314517 ], [ 7.6776959, 45.0313957 ] ] ] } },
{ "type": "Feature", "properties": { }, "geometry": { "type": "Polygon", "coordinates": [ [ [ 7.677368, 45.0294163 ], [ 7.677594, 45.0293447 ], [ 7.6776408, 45.0294636 ], [ 7.677409, 45.0295103 ], [ 7.677368, 45.0294163 ] ] ] } },
{ "type": "Feature", "properties": { }, "geometry": { "type": "Polygon", "coordinates": [ [ [ 7.6777482, 45.0288897 ], [ 7.6780607, 45.0286642 ], [ 7.6784161, 45.0291475 ], [ 7.6779011, 45.0291997 ], [ 7.6777482, 45.0288897 ] ] ] } },
{ "type": "Feature", "properties": { }, "geometry": { "type": "Polygon", "coordinates": [ [ [ 7.6782208, 45.0296684 ], [ 7.6784114, 45.0296339 ], [ 7.6784475, 45.0297503 ], [ 7.6782605, 45.0297835 ], [ 7.6782208, 45.0296684 ] ] ] } },
{ "type": "Feature", "properties": { }, "geometry": { "type": "Polygon", "coordinates": [ [ [ 7.6781955, 45.0298854 ], [ 7.6783229, 45.0297963 ], [ 7.6783463, 45.0298551 ], [ 7.6781955, 45.0298854 ] ] ] } },
{ "type": "Feature", "properties": { }, "geometry": { "type": "Polygon", "coordinates": [ [ [ 7.6782572, 45.0299987 ], [ 7.6784912, 45.0299541 ], [ 7.6785528, 45.0301493 ], [ 7.6783349, 45.0301949 ], [ 7.6782572, 45.0299987 ] ] ] } },
{ "type": "Feature", "properties": { }, "geometry": { "type": "Polygon", "coordinates": [ [ [ 7.6807281, 45.031354 ], [ 7.6808515, 45.0312024 ], [ 7.6810527, 45.0315171 ], [ 7.6813772, 45.0316232 ], [ 7.6819941, 45.0322393 ], [ 7.6817393, 45.0325122 ], [ 7.6815569, 45.0324705 ], [ 7.6809159, 45.0319246 ], [ 7.6807281, 45.031354 ] ] ] } },
{ "type": "Feature", "properties": { }, "geometry": { "type": "Polygon", "coordinates": [ [ [ 7.6792985, 45.0304688 ], [ 7.6797545, 45.0304081 ], [ 7.6801836, 45.0308896 ], [ 7.6802587, 45.0312289 ], [ 7.6796687, 45.0313332 ], [ 7.6792985, 45.0304688 ] ] ] } },
{ "type": "Feature", "properties": { }, "geometry": { "type": "Polygon", "coordinates": [ [ [ 7.6802527, 45.0307678 ], [ 7.6804948, 45.0306271 ], [ 7.6805954, 45.0306925 ], [ 7.6805732, 45.0310531 ], [ 7.6803486, 45.0310934 ], [ 7.6802527, 45.0307678 ] ] ] } },
{ "type": "Feature", "properties": { }, "geometry": { "type": "Polygon", "coordinates": [ [ [ 7.6799288, 45.0284746 ], [ 7.680079, 45.0284367 ], [ 7.6802802, 45.0289722 ], [ 7.6801568, 45.0290006 ], [ 7.6799288, 45.0284746 ] ] ] } },
{ "type": "Feature", "properties": { }, "geometry": { "type": "Polygon", "coordinates": [ [ [ 7.6794108, 45.0283716 ], [ 7.6795989, 45.0282201 ], [ 7.6796606, 45.0283305 ], [ 7.6794108, 45.0283716 ] ] ] } },
{ "type": "Feature", "properties": { }, "geometry": { "type": "Polygon", "coordinates": [ [ [ 7.6794353, 45.0285765 ], [ 7.6796318, 45.0285675 ], [ 7.6798102, 45.0288438 ], [ 7.6796231, 45.0289528 ], [ 7.6794353, 45.0285765 ] ] ] } },
{ "type": "Feature", "properties": { }, "geometry": { "type": "Polygon", "coordinates": [ [ [ 7.6792489, 45.0283504 ], [ 7.6794045, 45.0283191 ], [ 7.6794574, 45.0286338 ], [ 7.6792516, 45.0285002 ], [ 7.6792489, 45.0283504 ] ] ] } },
{ "type": "Feature", "properties": { }, "geometry": { "type": "Polygon", "coordinates": [ [ [ 7.6752055, 45.0262851 ], [ 7.6754147, 45.025741 ], [ 7.6761228, 45.0257031 ], [ 7.6769877, 45.0277983 ], [ 7.6763481, 45.0279248 ], [ 7.6764232, 45.0281902 ], [ 7.6761925, 45.0282585 ], [ 7.6760852, 45.0285428 ], [ 7.6756124, 45.0286158 ], [ 7.6753637, 45.0266509 ], [ 7.6752055, 45.0262851 ] ] ] } },
{ "type": "Feature", "properties": { }, "geometry": { "type": "Polygon", "coordinates": [ [ [ 7.6806208, 45.0292177 ], [ 7.6806812, 45.0286556 ], [ 7.6813504, 45.0288376 ], [ 7.6811975, 45.0290499 ], [ 7.6813124, 45.0292342 ], [ 7.6806208, 45.0292177 ] ] ] } },
{ "type": "Feature", "properties": { }, "geometry": { "type": "Polygon", "coordinates": [ [ [ 7.6914355, 45.0344361 ], [ 7.6922241, 45.0345631 ], [ 7.6917091, 45.0345717 ], [ 7.6917346, 45.0347243 ], [ 7.6926465, 45.0346361 ], [ 7.692676, 45.0347546 ], [ 7.6916246, 45.0348295 ], [ 7.6914355, 45.0344361 ] ] ] } },
{ "type": "Feature", "properties": { }, "geometry": { "type": "Polygon", "coordinates": [ [ [ 7.6916246, 45.0348295 ], [ 7.692676, 45.0347546 ], [ 7.693411, 45.0345612 ], [ 7.6935907, 45.0347063 ], [ 7.6930931, 45.0349574 ], [ 7.6930314, 45.0352228 ], [ 7.6918125, 45.0351804 ], [ 7.6916246, 45.0348295 ] ] ] } },
{ "type": "Feature", "properties": { }, "geometry": { "type": "Polygon", "coordinates": [ [ [ 7.6909875, 45.0369535 ], [ 7.6913872, 45.0366386 ], [ 7.6916219, 45.0366799 ], [ 7.6919078, 45.0367901 ], [ 7.6920015, 45.0372368 ], [ 7.6910399, 45.0373755 ], [ 7.6909875, 45.0369535 ] ] ] } },
{ "type": "Feature", "properties": { }, "geometry": { "type": "Polygon", "coordinates": [ [ [ 7.6953006, 45.0350986 ], [ 7.6957311, 45.0349745 ], [ 7.6958249, 45.035074 ], [ 7.6953261, 45.0351858 ], [ 7.6953006, 45.0350986 ] ] ] } },
{ "type": "Feature", "properties": { }, "geometry": { "type": "Polygon", "coordinates": [ [ [ 7.6948194, 45.0351756 ], [ 7.6951919, 45.0351403 ], [ 7.6953435, 45.0352834 ], [ 7.6959497, 45.0352531 ], [ 7.6948902, 45.035399 ], [ 7.6948194, 45.0351756 ] ] ] } },
{ "type": "Feature", "properties": { }, "geometry": { "type": "Polygon", "coordinates": [ [ [ 7.5851226, 45.0655293 ], [ 7.5852286, 45.0654205 ], [ 7.5852635, 45.0655564 ], [ 7.5851226, 45.0655293 ] ] ] } },
{ "type": "Feature", "properties": { }, "geometry": { "type": "Polygon", "coordinates": [ [ [ 7.5852286, 45.0654205 ], [ 7.5853294, 45.0653998 ], [ 7.5853568, 45.0655132 ], [ 7.5852607, 45.0655453 ], [ 7.5852286, 45.0654205 ] ] ] } },
{ "type": "Feature", "properties": { }, "geometry": { "type": "Polygon", "coordinates": [ [ [ 7.5853851, 45.0653883 ], [ 7.5856658, 45.0653662 ], [ 7.5856762, 45.0656134 ], [ 7.5854149, 45.0655185 ], [ 7.5853851, 45.0653883 ] ] ] } },
{ "type": "Feature", "properties": { }, "geometry": { "type": "Polygon", "coordinates": [ [ [ 7.585449, 45.0656674 ], [ 7.5855891, 45.0656518 ], [ 7.5856066, 45.0657545 ], [ 7.5854723, 45.0657634 ], [ 7.585449, 45.0656674 ] ] ] } },
{ "type": "Feature", "properties": { }, "geometry": { "type": "Polygon", "coordinates": [ [ [ 7.5851919, 45.0658526 ], [ 7.585289, 45.0658423 ], [ 7.5852832, 45.0661215 ], [ 7.5852588, 45.0661242 ], [ 7.5851919, 45.0658526 ] ] ] } },
{ "type": "Feature", "properties": { }, "geometry": { "type": "Polygon", "coordinates": [ [ [ 7.5850922, 45.0659343 ], [ 7.5851919, 45.0658526 ], [ 7.5852085, 45.06592 ], [ 7.5850922, 45.0659343 ] ] ] } },
{ "type": "Feature", "properties": { }, "geometry": { "type": "Polygon", "coordinates": [ [ [ 7.6922536, 45.038425 ], [ 7.6927552, 45.0380564 ], [ 7.6928544, 45.0381455 ], [ 7.6925795, 45.0382886 ], [ 7.6926452, 45.0384487 ], [ 7.6928088, 45.038534 ], [ 7.693081, 45.0383378 ], [ 7.69311, 45.0385056 ], [ 7.6927552, 45.0386667 ], [ 7.6922536, 45.038425 ] ] ] } },
{ "type": "Feature", "properties": { }, "geometry": { "type": "Polygon", "coordinates": [ [ [ 7.6911018, 45.0379524 ], [ 7.6917841, 45.0378249 ], [ 7.6928518, 45.0372072 ], [ 7.6928812, 45.0378384 ], [ 7.6924655, 45.0381474 ], [ 7.6921034, 45.0381663 ], [ 7.691972, 45.0380602 ], [ 7.6917574, 45.0381644 ], [ 7.692098, 45.0385416 ], [ 7.6913336, 45.0385596 ], [ 7.6911018, 45.0379524 ] ] ] } },
{ "type": "Feature", "properties": { }, "geometry": { "type": "Polygon", "coordinates": [ [ [ 7.6896906, 45.038429 ], [ 7.6898499, 45.0383561 ], [ 7.6899492, 45.0379595 ], [ 7.690073, 45.037901 ], [ 7.6908676, 45.0380559 ], [ 7.6908175, 45.0383373 ], [ 7.6903013, 45.0386583 ], [ 7.6904665, 45.0388032 ], [ 7.6913573, 45.0388344 ], [ 7.6913691, 45.0389491 ], [ 7.6903988, 45.039146 ], [ 7.6896906, 45.038429 ] ] ] } },
{ "type": "Feature", "properties": { }, "geometry": { "type": "Polygon", "coordinates": [ [ [ 7.586448, 45.0672707 ], [ 7.5864454, 45.0670452 ], [ 7.5871494, 45.0669795 ], [ 7.5869632, 45.0670261 ], [ 7.5869949, 45.0672277 ], [ 7.586448, 45.0672707 ] ] ] } },
{ "type": "Feature", "properties": { }, "geometry": { "type": "Polygon", "coordinates": [ [ [ 7.5868267, 45.0664799 ], [ 7.5870627, 45.0664603 ], [ 7.5869352, 45.066606 ], [ 7.5870438, 45.0667457 ], [ 7.5873384, 45.0665946 ], [ 7.5873856, 45.0669202 ], [ 7.5869045, 45.0669545 ], [ 7.5868267, 45.0664799 ] ] ] } },
{ "type": "Feature", "properties": { }, "geometry": { "type": "Polygon", "coordinates": [ [ [ 7.7010941, 45.0387738 ], [ 7.70118, 45.0386079 ], [ 7.7020624, 45.0390287 ], [ 7.7030595, 45.0389543 ], [ 7.7030849, 45.0396311 ], [ 7.7024061, 45.0394328 ], [ 7.7029006, 45.0392154 ], [ 7.7028979, 45.0391026 ], [ 7.7020581, 45.0393116 ], [ 7.7010941, 45.0387738 ] ] ] } },
{ "type": "Feature", "properties": { }, "geometry": { "type": "Polygon", "coordinates": [ [ [ 7.7010365, 45.0389074 ], [ 7.7010941, 45.0387738 ], [ 7.7017459, 45.0392049 ], [ 7.7025897, 45.0394964 ], [ 7.7022971, 45.0398986 ], [ 7.7021483, 45.0397555 ], [ 7.702332, 45.0396513 ], [ 7.7021281, 45.0393992 ], [ 7.7016319, 45.0394191 ], [ 7.7010365, 45.0389074 ] ] ] } },
{ "type": "Feature", "properties": { }, "geometry": { "type": "Polygon", "coordinates": [ [ [ 7.6939166, 45.0381966 ], [ 7.6946247, 45.038299 ], [ 7.6947159, 45.0384828 ], [ 7.6943189, 45.0383217 ], [ 7.6941687, 45.0383786 ], [ 7.6941258, 45.0386288 ], [ 7.6944959, 45.0386743 ], [ 7.694807, 45.0385037 ], [ 7.6946924, 45.0382573 ], [ 7.6950592, 45.0382421 ], [ 7.694571, 45.0387709 ], [ 7.6940078, 45.0390021 ], [ 7.6939166, 45.0381966 ] ] ] } },
{ "type": "Feature", "properties": { }, "geometry": { "type": "Polygon", "coordinates": [ [ [ 7.6930636, 45.0381094 ], [ 7.6938361, 45.0381511 ], [ 7.6938656, 45.0383104 ], [ 7.6934686, 45.0384392 ], [ 7.693702, 45.0387046 ], [ 7.6939782, 45.038661 ], [ 7.6940078, 45.0390021 ], [ 7.6936601, 45.039091 ], [ 7.6932245, 45.0389529 ], [ 7.6933292, 45.0386307 ], [ 7.69311, 45.0385056 ], [ 7.6930636, 45.0381094 ] ] ] } },
{ "type": "Feature", "properties": { }, "geometry": { "type": "Polygon", "coordinates": [ [ [ 7.6936601, 45.039091 ], [ 7.694571, 45.0387709 ], [ 7.6950592, 45.0382421 ], [ 7.6954159, 45.0383104 ], [ 7.6951879, 45.0385094 ], [ 7.6953864, 45.0391102 ], [ 7.6950806, 45.0392732 ], [ 7.6941258, 45.0394608 ], [ 7.6936601, 45.039091 ] ] ] } },
{ "type": "Feature", "properties": { }, "geometry": { "type": "Polygon", "coordinates": [ [ [ 7.6957371, 45.0366396 ], [ 7.6958826, 45.0365193 ], [ 7.6976284, 45.0364536 ], [ 7.6980096, 45.0365913 ], [ 7.6977226, 45.036777 ], [ 7.6978299, 45.0370083 ], [ 7.6957371, 45.0366396 ] ] ] } },
{ "type": "Feature", "properties": { }, "geometry": { "type": "Polygon", "coordinates": [ [ [ 7.7082922, 45.0387694 ], [ 7.7084662, 45.0383852 ], [ 7.7091367, 45.0383838 ], [ 7.7092601, 45.0387368 ], [ 7.7098609, 45.0386122 ], [ 7.7101037, 45.0389548 ], [ 7.7097416, 45.0391974 ], [ 7.7098435, 45.0389169 ], [ 7.7095109, 45.0388619 ], [ 7.709299, 45.0390344 ], [ 7.7090931, 45.0395354 ], [ 7.7087545, 45.0398304 ], [ 7.7085105, 45.0396522 ], [ 7.7088565, 45.0389093 ], [ 7.7082922, 45.0387694 ] ] ] } },
{ "type": "Feature", "properties": { }, "geometry": { "type": "Polygon", "coordinates": [ [ [ 7.7030333, 45.038607 ], [ 7.7039359, 45.0383483 ], [ 7.7040251, 45.0387178 ], [ 7.7039051, 45.0389946 ], [ 7.7030714, 45.0391594 ], [ 7.7030333, 45.038607 ] ] ] } },
{ "type": "Feature", "properties": { }, "geometry": { "type": "Polygon", "coordinates": [ [ [ 7.7124681, 45.0358653 ], [ 7.7127002, 45.0354853 ], [ 7.7132003, 45.0354824 ], [ 7.7131726, 45.0351947 ], [ 7.713435, 45.0352777 ], [ 7.7137662, 45.0350885 ], [ 7.713945, 45.0352515 ], [ 7.7139286, 45.0353785 ], [ 7.7136067, 45.0355412 ], [ 7.7124681, 45.0358653 ] ] ] } },
{ "type": "Feature", "properties": { }, "geometry": { "type": "Polygon", "coordinates": [ [ [ 7.7110317, 45.0357498 ], [ 7.7113791, 45.0352436 ], [ 7.7116996, 45.0353308 ], [ 7.711426, 45.0354436 ], [ 7.7114139, 45.0358179 ], [ 7.7112731, 45.0359629 ], [ 7.7110317, 45.0357498 ] ] ] } },
{ "type": "Feature", "properties": { }, "geometry": { "type": "Polygon", "coordinates": [ [ [ 7.7108333, 45.036814 ], [ 7.7108775, 45.0365107 ], [ 7.7111886, 45.0361051 ], [ 7.711776, 45.0355478 ], [ 7.7120006, 45.0356176 ], [ 7.7117465, 45.0359136 ], [ 7.7119356, 45.0360056 ], [ 7.7119169, 45.0361515 ], [ 7.7121954, 45.0361501 ], [ 7.7120694, 45.03638 ], [ 7.7116755, 45.0362861 ], [ 7.7110921, 45.0368272 ], [ 7.7108333, 45.036814 ] ] ] } },
{ "type": "Feature", "properties": { }, "geometry": { "type": "Polygon", "coordinates": [ [ [ 7.7111621, 45.03685 ], [ 7.7114367, 45.0366178 ], [ 7.7114783, 45.0366112 ], [ 7.7113965, 45.0369305 ], [ 7.7111621, 45.03685 ] ] ] } },
{ "type": "Feature", "properties": { }, "geometry": { "type": "Polygon", "coordinates": [ [ [ 7.7099186, 45.0376944 ], [ 7.710789, 45.0365884 ], [ 7.710749, 45.0368989 ], [ 7.7113065, 45.0370235 ], [ 7.7111042, 45.0372717 ], [ 7.7114475, 45.0374195 ], [ 7.7114743, 45.0376508 ], [ 7.712118, 45.0376185 ], [ 7.7112275, 45.0380393 ], [ 7.7110559, 45.0373532 ], [ 7.7104712, 45.0373684 ], [ 7.7103236, 45.0375408 ], [ 7.7104041, 45.0377133 ], [ 7.7110666, 45.0381701 ], [ 7.7105572, 45.0386384 ], [ 7.7099186, 45.0376944 ] ] ] } },
{ "type": "Feature", "properties": { }, "geometry": { "type": "Polygon", "coordinates": [ [ [ 7.7085963, 45.0366993 ], [ 7.7095082, 45.0369381 ], [ 7.7098247, 45.0365875 ], [ 7.7106043, 45.036425 ], [ 7.710791, 45.0365337 ], [ 7.7104872, 45.0369391 ], [ 7.7101225, 45.0368926 ], [ 7.7100447, 45.0370575 ], [ 7.7098811, 45.0370158 ], [ 7.7094305, 45.0372376 ], [ 7.7098274, 45.0377001 ], [ 7.7092883, 45.0378896 ], [ 7.7085963, 45.0366993 ] ] ] } },
{ "type": "Feature", "properties": { }, "geometry": { "type": "Polygon", "coordinates": [ [ [ 7.7022843, 45.0417072 ], [ 7.7030142, 45.0415481 ], [ 7.7028751, 45.0406776 ], [ 7.7027115, 45.0404331 ], [ 7.7028295, 45.0403876 ], [ 7.7038166, 45.0405222 ], [ 7.7044456, 45.0409676 ], [ 7.7051493, 45.041096 ], [ 7.7050732, 45.0414887 ], [ 7.7053884, 45.0418593 ], [ 7.7035926, 45.0424572 ], [ 7.7027108, 45.042985 ], [ 7.7022843, 45.0417072 ] ] ] } },
{ "type": "Feature", "properties": { }, "geometry": { "type": "Polygon", "coordinates": [ [ [ 7.7029911, 45.0432062 ], [ 7.7034974, 45.0429007 ], [ 7.7032781, 45.0426785 ], [ 7.7034511, 45.0425595 ], [ 7.7055332, 45.0418413 ], [ 7.7054504, 45.042069 ], [ 7.7043718, 45.0428343 ], [ 7.7032614, 45.0434162 ], [ 7.7029911, 45.0432062 ] ] ] } },
{ "type": "Feature", "properties": { }, "geometry": { "type": "Polygon", "coordinates": [ [ [ 7.5844766, 45.0665534 ], [ 7.5845081, 45.0663392 ], [ 7.5846176, 45.0665413 ], [ 7.5844766, 45.0665534 ] ] ] } },
{ "type": "Feature", "properties": { }, "geometry": { "type": "Polygon", "coordinates": [ [ [ 7.6973042, 45.0429992 ], [ 7.6973149, 45.0428945 ], [ 7.6978125, 45.0428997 ], [ 7.6978192, 45.0430656 ], [ 7.6973042, 45.0429992 ] ] ] } },
{ "type": "Feature", "properties": { }, "geometry": { "type": "Polygon", "coordinates": [ [ [ 7.6980042, 45.04237 ], [ 7.6985082, 45.0419074 ], [ 7.6991871, 45.0422487 ], [ 7.6986963, 45.042425 ], [ 7.6988505, 45.0428059 ], [ 7.6983985, 45.0429443 ], [ 7.698184, 45.0427775 ], [ 7.6984629, 45.0426467 ], [ 7.6980042, 45.04237 ] ] ] } },
{ "type": "Feature", "properties": { }, "geometry": { "type": "Polygon", "coordinates": [ [ [ 7.6991069, 45.0420838 ], [ 7.6990074, 45.0416802 ], [ 7.6994014, 45.0416246 ], [ 7.7007052, 45.0418147 ], [ 7.7008232, 45.0420213 ], [ 7.700152, 45.0421539 ], [ 7.7001983, 45.0419398 ], [ 7.699572, 45.0418716 ], [ 7.6991069, 45.0420838 ] ] ] } },
{ "type": "Feature", "properties": { }, "geometry": { "type": "Polygon", "coordinates": [ [ [ 7.6996994, 45.0412765 ], [ 7.6997169, 45.0410165 ], [ 7.7000615, 45.040651 ], [ 7.7000213, 45.0403099 ], [ 7.7001232, 45.0401848 ], [ 7.701872, 45.0406529 ], [ 7.7016042, 45.0414277 ], [ 7.7012484, 45.0412642 ], [ 7.7007267, 45.0413438 ], [ 7.7010874, 45.0408444 ], [ 7.7007857, 45.040743 ], [ 7.7005962, 45.0410964 ], [ 7.7002218, 45.0411476 ], [ 7.7000942, 45.0414233 ], [ 7.6996994, 45.0412765 ] ] ] } },
{ "type": "Feature", "properties": { }, "geometry": { "type": "Polygon", "coordinates": [ [ [ 7.7020597, 45.0416252 ], [ 7.7021617, 45.0412736 ], [ 7.7022971, 45.0412992 ], [ 7.7022824, 45.0414982 ], [ 7.702505, 45.0415845 ], [ 7.7020597, 45.0416252 ] ] ] } },
{ "type": "Feature", "properties": { }, "geometry": { "type": "Polygon", "coordinates": [ [ [ 7.5841241, 45.0667073 ], [ 7.5842904, 45.0666895 ], [ 7.5843154, 45.0668201 ], [ 7.5841546, 45.0668388 ], [ 7.5841241, 45.0667073 ] ] ] } },
{ "type": "Feature", "properties": { }, "geometry": { "type": "Polygon", "coordinates": [ [ [ 7.5839883, 45.0665992 ], [ 7.5842676, 45.0665705 ], [ 7.5842904, 45.0666895 ], [ 7.5840167, 45.0667188 ], [ 7.5839883, 45.0665992 ] ] ] } },
{ "type": "Feature", "properties": { }, "geometry": { "type": "Polygon", "coordinates": [ [ [ 7.5837897, 45.0667874 ], [ 7.5839358, 45.0667275 ], [ 7.5839457, 45.0667701 ], [ 7.5837897, 45.0667874 ] ] ] } },
{ "type": "Feature", "properties": { }, "geometry": { "type": "Polygon", "coordinates": [ [ [ 7.5838374, 45.0670038 ], [ 7.5841671, 45.06687 ], [ 7.5842604, 45.0669727 ], [ 7.5838374, 45.0670038 ] ] ] } },
{ "type": "Feature", "properties": { }, "geometry": { "type": "Polygon", "coordinates": [ [ [ 7.5840563, 45.0670577 ], [ 7.5841666, 45.0669796 ], [ 7.5842204, 45.0670421 ], [ 7.5840563, 45.0670577 ] ] ] } },
{ "type": "Feature", "properties": { }, "geometry": { "type": "Polygon", "coordinates": [ [ [ 7.5838497, 45.0670597 ], [ 7.5840435, 45.0669887 ], [ 7.5840526, 45.0670378 ], [ 7.5838497, 45.0670597 ] ] ] } },
{ "type": "Feature", "properties": { }, "geometry": { "type": "Polygon", "coordinates": [ [ [ 7.5824635, 45.0672539 ], [ 7.5833125, 45.0671555 ], [ 7.5834251, 45.0676834 ], [ 7.5830928, 45.0677153 ], [ 7.5830661, 45.067586 ], [ 7.5828417, 45.0675977 ], [ 7.5824635, 45.0672539 ] ] ] } },
{ "type": "Feature", "properties": { }, "geometry": { "type": "Polygon", "coordinates": [ [ [ 7.6972841, 45.0444812 ], [ 7.6973391, 45.0441344 ], [ 7.6979291, 45.0440852 ], [ 7.6979774, 45.0442879 ], [ 7.6978353, 45.0444926 ], [ 7.6980096, 45.0447466 ], [ 7.6977655, 45.0448082 ], [ 7.6977628, 45.0449797 ], [ 7.69785, 45.0451417 ], [ 7.6980378, 45.045172 ], [ 7.6979265, 45.045317 ], [ 7.6982819, 45.0457538 ], [ 7.6982859, 45.0460021 ], [ 7.6977445, 45.0459661 ], [ 7.6977266, 45.0455709 ], [ 7.6972841, 45.0444812 ] ] ] } },
{ "type": "Feature", "properties": { }, "geometry": { "type": "Polygon", "coordinates": [ [ [ 7.6984093, 45.0461148 ], [ 7.6984468, 45.0447087 ], [ 7.6986144, 45.0446859 ], [ 7.6986024, 45.0449484 ], [ 7.6988411, 45.0449626 ], [ 7.6989823, 45.0448081 ], [ 7.6991901, 45.0457546 ], [ 7.6989028, 45.0460371 ], [ 7.6984093, 45.0461148 ] ] ] } },
{ "type": "Feature", "properties": { }, "geometry": { "type": "Polygon", "coordinates": [ [ [ 7.7001218, 45.0448764 ], [ 7.7004652, 45.0445154 ], [ 7.7008393, 45.0445286 ], [ 7.7006784, 45.0450043 ], [ 7.7001218, 45.0448764 ] ] ] } },
{ "type": "Feature", "properties": { }, "geometry": { "type": "Polygon", "coordinates": [ [ [ 7.6986077, 45.0442515 ], [ 7.6989504, 45.0438094 ], [ 7.700142, 45.0439667 ], [ 7.700083, 45.0441174 ], [ 7.7003498, 45.0442974 ], [ 7.7001835, 45.0445883 ], [ 7.6998784, 45.0444476 ], [ 7.6997235, 45.0446494 ], [ 7.69957, 45.0446452 ], [ 7.6995143, 45.0448622 ], [ 7.6997128, 45.0451104 ], [ 7.6995277, 45.0452128 ], [ 7.6993695, 45.0449759 ], [ 7.6994768, 45.0446727 ], [ 7.6993212, 45.0442368 ], [ 7.69912, 45.0441515 ], [ 7.6989672, 45.0441894 ], [ 7.6989866, 45.0442863 ], [ 7.6986077, 45.0442515 ] ] ] } },
{ "type": "Feature", "properties": { }, "geometry": { "type": "Polygon", "coordinates": [ [ [ 7.6937878, 45.0418365 ], [ 7.6948191, 45.0416375 ], [ 7.6950565, 45.0418375 ], [ 7.6948164, 45.041919 ], [ 7.6948573, 45.0420412 ], [ 7.6943752, 45.0421488 ], [ 7.6945093, 45.0424022 ], [ 7.694253, 45.0424594 ], [ 7.6937878, 45.0418365 ] ] ] } },
{ "type": "Feature", "properties": { }, "geometry": { "type": "Polygon", "coordinates": [ [ [ 7.6951236, 45.0425027 ], [ 7.6952966, 45.0423388 ], [ 7.6957183, 45.0423596 ], [ 7.6955312, 45.042922 ], [ 7.6951236, 45.0425027 ] ] ] } },
{ "type": "Feature", "properties": { }, "geometry": { "type": "Polygon", "coordinates": [ [ [ 7.6952885, 45.0450792 ], [ 7.6954092, 45.0450043 ], [ 7.695369, 45.0446584 ], [ 7.6956815, 45.0446528 ], [ 7.6956815, 45.0452137 ], [ 7.6953234, 45.0453416 ], [ 7.6952885, 45.0450792 ] ] ] } },
{ "type": "Feature", "properties": { }, "geometry": { "type": "Polygon", "coordinates": [ [ [ 7.6950739, 45.0437943 ], [ 7.6958041, 45.0439414 ], [ 7.6958598, 45.0443903 ], [ 7.6951705, 45.044432 ], [ 7.6950739, 45.0437943 ] ] ] } },
{ "type": "Feature", "properties": { }, "geometry": { "type": "Polygon", "coordinates": [ [ [ 7.6870139, 45.0442131 ], [ 7.6876241, 45.0432096 ], [ 7.6875463, 45.0425027 ], [ 7.6882464, 45.0427585 ], [ 7.6890323, 45.043365 ], [ 7.6888043, 45.0434787 ], [ 7.6887882, 45.043691 ], [ 7.6884703, 45.0437455 ], [ 7.6886111, 45.0443088 ], [ 7.6884301, 45.0443344 ], [ 7.688429, 45.0445307 ], [ 7.6872592, 45.044721 ], [ 7.6870139, 45.0442131 ] ] ] } },
{ "type": "Feature", "properties": { }, "geometry": { "type": "Polygon", "coordinates": [ [ [ 7.6890698, 45.0440719 ], [ 7.6891717, 45.0437573 ], [ 7.6896961, 45.0431129 ], [ 7.6898369, 45.0435574 ], [ 7.6894614, 45.0437469 ], [ 7.6892073, 45.0440823 ], [ 7.6890698, 45.0440719 ] ] ] } },
{ "type": "Feature", "properties": { }, "geometry": { "type": "Polygon", "coordinates": [ [ [ 7.6898007, 45.0437573 ], [ 7.6900287, 45.0435299 ], [ 7.6903734, 45.0435555 ], [ 7.6900408, 45.0438805 ], [ 7.6898007, 45.0437573 ] ] ] } },
{ "type": "Feature", "properties": { }, "geometry": { "type": "Polygon", "coordinates": [ [ [ 7.6901051, 45.0434787 ], [ 7.6902848, 45.0429613 ], [ 7.6906657, 45.043039 ], [ 7.6902902, 45.0435261 ], [ 7.6901051, 45.0434787 ] ] ] } },
{ "type": "Feature", "properties": { }, "geometry": { "type": "Polygon", "coordinates": [ [ [ 7.6908267, 45.0414262 ], [ 7.6912639, 45.0414925 ], [ 7.6916984, 45.0418204 ], [ 7.692094, 45.0419218 ], [ 7.6937335, 45.0418749 ], [ 7.6937829, 45.0419458 ], [ 7.6933888, 45.0421222 ], [ 7.693411, 45.0422383 ], [ 7.6937342, 45.0422184 ], [ 7.6937637, 45.0423624 ], [ 7.6932983, 45.0424383 ], [ 7.6932929, 45.0426126 ], [ 7.6931293, 45.0426325 ], [ 7.6929751, 45.042262 ], [ 7.6924628, 45.042317 ], [ 7.692208, 45.0421995 ], [ 7.6920524, 45.0423473 ], [ 7.6920578, 45.0425558 ], [ 7.6916045, 45.0425179 ], [ 7.6916876, 45.0420933 ], [ 7.6910318, 45.0419502 ], [ 7.6908267, 45.0414262 ] ] ] } },
{ "type": "Feature", "properties": { }, "geometry": { "type": "Polygon", "coordinates": [ [ [ 7.6931293, 45.0430258 ], [ 7.6935451, 45.0426998 ], [ 7.6937858, 45.0428566 ], [ 7.6940051, 45.0428272 ], [ 7.6939823, 45.0427007 ], [ 7.6938267, 45.0426941 ], [ 7.6939581, 45.0425728 ], [ 7.6942384, 45.0425368 ], [ 7.6943135, 45.0426477 ], [ 7.6943149, 45.0428599 ], [ 7.6931293, 45.0430258 ] ] ] } },
{ "type": "Feature", "properties": { }, "geometry": { "type": "Polygon", "coordinates": [ [ [ 7.6915348, 45.0435128 ], [ 7.6923019, 45.0427936 ], [ 7.6935263, 45.0426401 ], [ 7.6923609, 45.042968 ], [ 7.6924387, 45.0433612 ], [ 7.692267, 45.0437402 ], [ 7.6918995, 45.0437213 ], [ 7.6915348, 45.0435128 ] ] ] } },
{ "type": "Feature", "properties": { }, "geometry": { "type": "Polygon", "coordinates": [ [ [ 7.8077093, 44.9991108 ], [ 7.8091764, 44.9993557 ], [ 7.8093503, 44.9997621 ], [ 7.8079975, 45.0001039 ], [ 7.8077199, 44.9995861 ], [ 7.8077093, 44.9991108 ] ] ] } },
{ "type": "Feature", "properties": { }, "geometry": { "type": "Polygon", "coordinates": [ [ [ 7.6874853, 45.0410675 ], [ 7.6877401, 45.0409609 ], [ 7.6881203, 45.0413731 ], [ 7.6886353, 45.0412945 ], [ 7.6888271, 45.0416157 ], [ 7.6886125, 45.0416536 ], [ 7.6883912, 45.0413921 ], [ 7.6879621, 45.0416176 ], [ 7.6874853, 45.0410675 ] ] ] } },
{ "type": "Feature", "properties": { }, "geometry": { "type": "Polygon", "coordinates": [ [ [ 7.6886353, 45.0412945 ], [ 7.6887707, 45.0407141 ], [ 7.689389, 45.0404767 ], [ 7.6900394, 45.0406321 ], [ 7.6901615, 45.0408425 ], [ 7.6897055, 45.0409581 ], [ 7.6898369, 45.0411637 ], [ 7.6903224, 45.04114 ], [ 7.6903251, 45.0412405 ], [ 7.689794, 45.0415229 ], [ 7.6891395, 45.0409713 ], [ 7.6889813, 45.0410244 ], [ 7.6889652, 45.0412594 ], [ 7.6893005, 45.0416006 ], [ 7.6895043, 45.0414793 ], [ 7.6898959, 45.0417029 ], [ 7.6905651, 45.0425084 ], [ 7.690144, 45.0428656 ], [ 7.6898128, 45.0424932 ], [ 7.6900931, 45.0423113 ], [ 7.6900059, 45.0421218 ], [ 7.6894077, 45.0422335 ], [ 7.6890966, 45.0421407 ], [ 7.6891208, 45.0419398 ], [ 7.6886353, 45.0412945 ] ] ] } },
{ "type": "Feature", "properties": { }, "geometry": { "type": "Polygon", "coordinates": [ [ [ 7.6901118, 45.0405847 ], [ 7.6906016, 45.0405696 ], [ 7.6913846, 45.0408955 ], [ 7.6913248, 45.0410518 ], [ 7.6911364, 45.0409315 ], [ 7.6906724, 45.0409278 ], [ 7.6906081, 45.041158 ], [ 7.6908079, 45.0412064 ], [ 7.6906362, 45.0412841 ], [ 7.6904538, 45.0412064 ], [ 7.6901118, 45.0405847 ] ] ] } },
{ "type": "Feature", "properties": { }, "geometry": { "type": "Polygon", "coordinates": [ [ [ 7.6912303, 45.0413438 ], [ 7.6913846, 45.0408955 ], [ 7.6915494, 45.0409057 ], [ 7.6925969, 45.041231 ], [ 7.6927648, 45.0413308 ], [ 7.6928437, 45.0415892 ], [ 7.6923622, 45.0415731 ], [ 7.6923689, 45.0417209 ], [ 7.6920162, 45.0418526 ], [ 7.6917386, 45.0417768 ], [ 7.6915213, 45.0414651 ], [ 7.6912303, 45.0413438 ] ] ] } },
{ "type": "Feature", "properties": { }, "geometry": { "type": "Polygon", "coordinates": [ [ [ 7.6851746, 45.0434977 ], [ 7.6856071, 45.0433479 ], [ 7.6857603, 45.0435856 ], [ 7.6853392, 45.0437284 ], [ 7.6851746, 45.0434977 ] ] ] } },
{ "type": "Feature", "properties": { }, "geometry": { "type": "Polygon", "coordinates": [ [ [ 7.685768, 45.0432285 ], [ 7.6863527, 45.0427263 ], [ 7.6874471, 45.0428325 ], [ 7.6875624, 45.0430163 ], [ 7.6875141, 45.0432267 ], [ 7.6869267, 45.0441619 ], [ 7.6871547, 45.044738 ], [ 7.6863675, 45.044414 ], [ 7.6862642, 45.0445173 ], [ 7.6863313, 45.0448821 ], [ 7.6860738, 45.044874 ], [ 7.685768, 45.0432285 ] ] ] } },
{ "type": "Feature", "properties": { }, "geometry": { "type": "Polygon", "coordinates": [ [ [ 7.6838234, 45.0375465 ], [ 7.6839361, 45.0374555 ], [ 7.6841292, 45.0375276 ], [ 7.6843116, 45.0377057 ], [ 7.6843625, 45.0379938 ], [ 7.6840568, 45.0380412 ], [ 7.6838234, 45.0375465 ] ] ] } },
{ "type": "Feature", "properties": { }, "geometry": { "type": "Polygon", "coordinates": [ [ [ 7.6843907, 45.0382251 ], [ 7.6845677, 45.0381 ], [ 7.6849271, 45.0384364 ], [ 7.684797, 45.0384847 ], [ 7.6843907, 45.0382251 ] ] ] } },
{ "type": "Feature", "properties": { }, "geometry": { "type": "Polygon", "coordinates": [ [ [ 7.6867202, 45.0393585 ], [ 7.6869898, 45.039176 ], [ 7.6873379, 45.0394679 ], [ 7.6870514, 45.0395309 ], [ 7.6867202, 45.0393585 ] ] ] } },
{ "type": "Feature", "properties": { }, "geometry": { "type": "Polygon", "coordinates": [ [ [ 7.6858988, 45.0403824 ], [ 7.6867155, 45.040055 ], [ 7.6868027, 45.0400848 ], [ 7.6867296, 45.0402805 ], [ 7.6858988, 45.0403824 ] ] ] } },
{ "type": "Feature", "properties": { }, "geometry": { "type": "Polygon", "coordinates": [ [ [ 7.6870944, 45.0400806 ], [ 7.6876335, 45.039891 ], [ 7.6873881, 45.0397882 ], [ 7.688005, 45.0394892 ], [ 7.6889008, 45.0398702 ], [ 7.6896626, 45.0399271 ], [ 7.6875691, 45.0401081 ], [ 7.6873437, 45.0401805 ], [ 7.6873653, 45.0405145 ], [ 7.6870944, 45.0400806 ] ] ] } },
{ "type": "Feature", "properties": { }, "geometry": { "type": "Polygon", "coordinates": [ [ [ 7.6925191, 45.0467194 ], [ 7.6931964, 45.046093 ], [ 7.6937798, 45.0465166 ], [ 7.6943712, 45.0465362 ], [ 7.6944428, 45.046767 ], [ 7.6938173, 45.0469723 ], [ 7.6939353, 45.0471448 ], [ 7.6941513, 45.047178 ], [ 7.6942518, 45.0474745 ], [ 7.6946032, 45.0474575 ], [ 7.6946408, 45.0475503 ], [ 7.6941383, 45.0477221 ], [ 7.6938187, 45.0472253 ], [ 7.6936001, 45.0472481 ], [ 7.6934364, 45.047086 ], [ 7.6928008, 45.0471761 ], [ 7.6925191, 45.0467194 ] ] ] } },
{ "type": "Feature", "properties": { }, "geometry": { "type": "Polygon", "coordinates": [ [ [ 7.6931964, 45.046093 ], [ 7.6938535, 45.0450962 ], [ 7.6941346, 45.045177 ], [ 7.6944423, 45.0458381 ], [ 7.6943712, 45.0465362 ], [ 7.6937798, 45.0465166 ], [ 7.6931964, 45.046093 ] ] ] } },
{ "type": "Feature", "properties": { }, "geometry": { "type": "Polygon", "coordinates": [ [ [ 7.6928906, 45.0449048 ], [ 7.6936644, 45.0446727 ], [ 7.6937248, 45.0449986 ], [ 7.6936001, 45.0450763 ], [ 7.6928906, 45.0449048 ] ] ] } },
{ "type": "Feature", "properties": { }, "geometry": { "type": "Polygon", "coordinates": [ [ [ 7.6920283, 45.0452696 ], [ 7.6927753, 45.0451104 ], [ 7.6928906, 45.0449048 ], [ 7.6936349, 45.0450422 ], [ 7.6930448, 45.045245 ], [ 7.6932152, 45.0454932 ], [ 7.6933962, 45.0454425 ], [ 7.6933231, 45.0452099 ], [ 7.693761, 45.0451275 ], [ 7.6932353, 45.0458249 ], [ 7.6927793, 45.0457567 ], [ 7.6923501, 45.0459291 ], [ 7.6922348, 45.0458817 ], [ 7.6923662, 45.0457661 ], [ 7.6920283, 45.0452696 ] ] ] } },
{ "type": "Feature", "properties": { }, "geometry": { "type": "Polygon", "coordinates": [ [ [ 7.6923448, 45.0440359 ], [ 7.6929939, 45.0437668 ], [ 7.6933265, 45.0439866 ], [ 7.6934659, 45.0443827 ], [ 7.6934163, 45.0446651 ], [ 7.6925191, 45.0448792 ], [ 7.6923448, 45.0440359 ] ] ] } },
{ "type": "Feature", "properties": { }, "geometry": { "type": "Polygon", "coordinates": [ [ [ 7.6937426, 45.0438806 ], [ 7.6942371, 45.0437497 ], [ 7.6942813, 45.0438937 ], [ 7.6939863, 45.0439108 ], [ 7.6940145, 45.0441685 ], [ 7.6941244, 45.0442643 ], [ 7.6944208, 45.0441486 ], [ 7.6941097, 45.0445855 ], [ 7.6937426, 45.0438806 ] ] ] } },
{ "type": "Feature", "properties": { }, "geometry": { "type": "Polygon", "coordinates": [ [ [ 7.692782, 45.0434863 ], [ 7.6939782, 45.0431508 ], [ 7.6942652, 45.0436076 ], [ 7.6942371, 45.0437497 ], [ 7.6933265, 45.0439866 ], [ 7.692782, 45.0434863 ] ] ] } },
{ "type": "Feature", "properties": { }, "geometry": { "type": "Polygon", "coordinates": [ [ [ 7.6705503, 45.1116709 ], [ 7.6707032, 45.1114207 ], [ 7.6710993, 45.1113719 ], [ 7.6711549, 45.1115962 ], [ 7.6705503, 45.1116709 ] ] ] } },
{ "type": "Feature", "properties": { "name": "Giardino Lidia Lazzero" }, "geometry": { "type": "Polygon", "coordinates": [ [ [ 7.5237995, 45.0646374 ], [ 7.5245399, 45.0643452 ], [ 7.5252259, 45.065386 ], [ 7.5246261, 45.0655829 ], [ 7.5244067, 45.0651213 ], [ 7.5241019, 45.0651868 ], [ 7.5237995, 45.0646374 ] ] ] } },
{ "type": "Feature", "properties": { }, "geometry": { "type": "Polygon", "coordinates": [ [ [ 7.6966377, 45.0469562 ], [ 7.6973336, 45.046743 ], [ 7.6973753, 45.0470813 ], [ 7.697736, 45.0473523 ], [ 7.6978004, 45.0475494 ], [ 7.6975054, 45.04761 ], [ 7.6972847, 45.0471263 ], [ 7.6970963, 45.0471363 ], [ 7.6972505, 45.0474499 ], [ 7.6970507, 45.0475257 ], [ 7.697099, 45.0477332 ], [ 7.6974276, 45.0477323 ], [ 7.6973096, 45.0479417 ], [ 7.6970226, 45.0479966 ], [ 7.6967919, 45.0474205 ], [ 7.6968871, 45.047322 ], [ 7.6966377, 45.0469562 ] ] ] } },
{ "type": "Feature", "properties": { }, "geometry": { "type": "Polygon", "coordinates": [ [ [ 7.6963735, 45.0480146 ], [ 7.6968576, 45.0481132 ], [ 7.6970091, 45.0482771 ], [ 7.6973785, 45.0483073 ], [ 7.6966739, 45.0485954 ], [ 7.6963735, 45.0480146 ] ] ] } },
{ "type": "Feature", "properties": { }, "geometry": { "type": "Polygon", "coordinates": [ [ [ 7.6956587, 45.0496186 ], [ 7.6963001, 45.0495439 ], [ 7.6970377, 45.0496759 ], [ 7.6964732, 45.0504571 ], [ 7.6958139, 45.0504842 ], [ 7.6956587, 45.0496186 ] ] ] } },
{ "type": "Feature", "properties": { }, "geometry": { "type": "Polygon", "coordinates": [ [ [ 7.6907194, 45.0498499 ], [ 7.6907998, 45.0497741 ], [ 7.691571, 45.0500498 ], [ 7.6918888, 45.0503047 ], [ 7.6915066, 45.0504004 ], [ 7.6907194, 45.0498499 ] ] ] } },
{ "type": "Feature", "properties": { }, "geometry": { "type": "Polygon", "coordinates": [ [ [ 7.6906121, 45.0494633 ], [ 7.6907422, 45.0493032 ], [ 7.6911204, 45.0492966 ], [ 7.6916876, 45.0496547 ], [ 7.6914275, 45.0497343 ], [ 7.691351, 45.0499399 ], [ 7.6909044, 45.049776 ], [ 7.6906121, 45.0494633 ] ] ] } },
{ "type": "Feature", "properties": { }, "geometry": { "type": "Polygon", "coordinates": [ [ [ 7.692059, 45.0496703 ], [ 7.6924099, 45.0492716 ], [ 7.6931409, 45.0495927 ], [ 7.69279, 45.0499914 ], [ 7.692059, 45.0496703 ] ] ] } },
{ "type": "Feature", "properties": { }, "geometry": { "type": "Polygon", "coordinates": [ [ [ 7.6887742, 45.0488885 ], [ 7.6889183, 45.0481341 ], [ 7.6892532, 45.0481241 ], [ 7.6893291, 45.048477 ], [ 7.6890544, 45.0487526 ], [ 7.6891643, 45.0490748 ], [ 7.6889198, 45.049102 ], [ 7.6887742, 45.0488885 ] ] ] } },
{ "type": "Feature", "properties": { }, "geometry": { "type": "Polygon", "coordinates": [ [ [ 7.689394, 45.0481443 ], [ 7.6897879, 45.0482907 ], [ 7.6897907, 45.0484673 ], [ 7.6901299, 45.0488681 ], [ 7.6895352, 45.0487517 ], [ 7.689394, 45.0481443 ] ] ] } },
{ "type": "Feature", "properties": { }, "geometry": { "type": "Polygon", "coordinates": [ [ [ 7.6906395, 45.0476949 ], [ 7.691145, 45.0472892 ], [ 7.6912301, 45.0473824 ], [ 7.6910213, 45.0475745 ], [ 7.6911669, 45.0476871 ], [ 7.6918812, 45.0475396 ], [ 7.6920268, 45.0477939 ], [ 7.6918468, 45.0479588 ], [ 7.6912191, 45.0481044 ], [ 7.6909376, 45.0480093 ], [ 7.690873, 45.0478229 ], [ 7.6906395, 45.0476949 ] ] ] } },
{ "type": "Feature", "properties": { }, "geometry": { "type": "Polygon", "coordinates": [ [ [ 7.6898518, 45.047315 ], [ 7.6904276, 45.0467869 ], [ 7.6906065, 45.0468098 ], [ 7.6907164, 45.047167 ], [ 7.6900626, 45.0474173 ], [ 7.6898518, 45.047315 ] ] ] } },
{ "type": "Feature", "properties": { }, "geometry": { "type": "Polygon", "coordinates": [ [ [ 7.6907535, 45.0464906 ], [ 7.6909392, 45.046251 ], [ 7.6914436, 45.0463498 ], [ 7.6916106, 45.0465071 ], [ 7.6914691, 45.0466623 ], [ 7.6916463, 45.0469049 ], [ 7.6912521, 45.047068 ], [ 7.6907535, 45.0464906 ] ] ] } },
{ "type": "Feature", "properties": { }, "geometry": { "type": "Polygon", "coordinates": [ [ [ 7.691351, 45.0472223 ], [ 7.6915275, 45.0473402 ], [ 7.6917356, 45.0472533 ], [ 7.6917892, 45.0471432 ], [ 7.6916374, 45.0470869 ], [ 7.6915213, 45.0471912 ], [ 7.6914169, 45.0470913 ], [ 7.6916985, 45.0469554 ], [ 7.691943, 45.0471495 ], [ 7.6917658, 45.0473999 ], [ 7.6915117, 45.0474736 ], [ 7.691351, 45.0472223 ] ] ] } },
{ "type": "Feature", "properties": { }, "geometry": { "type": "Polygon", "coordinates": [ [ [ 7.6918826, 45.0470389 ], [ 7.6920735, 45.0470088 ], [ 7.6920117, 45.0470845 ], [ 7.6922026, 45.0473184 ], [ 7.6925899, 45.0472873 ], [ 7.6921126, 45.0474484 ], [ 7.6918853, 45.0472465 ], [ 7.6918826, 45.0470389 ] ] ] } },
{ "type": "Feature", "properties": { }, "geometry": { "type": "Polygon", "coordinates": [ [ [ 7.6920639, 45.0477026 ], [ 7.6927026, 45.047528 ], [ 7.6928578, 45.0476638 ], [ 7.6921669, 45.0476755 ], [ 7.6923317, 45.0478036 ], [ 7.6921641, 45.0478463 ], [ 7.6920639, 45.0477026 ] ] ] } },
{ "type": "Feature", "properties": { }, "geometry": { "type": "Polygon", "coordinates": [ [ [ 7.6928914, 45.0475711 ], [ 7.6933069, 45.0474091 ], [ 7.6931119, 45.0473077 ], [ 7.693241, 45.0471582 ], [ 7.6934621, 45.0471466 ], [ 7.6935912, 45.0473766 ], [ 7.6932245, 45.0475173 ], [ 7.6932355, 45.0476134 ], [ 7.692958, 45.0476706 ], [ 7.6928914, 45.0475711 ] ] ] } },
{ "type": "Feature", "properties": { }, "geometry": { "type": "Polygon", "coordinates": [ [ [ 7.689263, 45.051739 ], [ 7.6898725, 45.0515464 ], [ 7.6899127, 45.0516544 ], [ 7.6898262, 45.0518041 ], [ 7.6895043, 45.0517789 ], [ 7.6895828, 45.0519905 ], [ 7.6894829, 45.0520381 ], [ 7.689263, 45.051739 ] ] ] } },
{ "type": "Feature", "properties": { }, "geometry": { "type": "Polygon", "coordinates": [ [ [ 7.6890913, 45.0514237 ], [ 7.6891442, 45.0513246 ], [ 7.6899818, 45.0511015 ], [ 7.6900086, 45.0515023 ], [ 7.6897377, 45.0515871 ], [ 7.689617, 45.0513744 ], [ 7.6893729, 45.0514379 ], [ 7.689448, 45.0516615 ], [ 7.6893615, 45.0517093 ], [ 7.6890913, 45.0514237 ] ] ] } },
{ "type": "Feature", "properties": { }, "geometry": { "type": "Polygon", "coordinates": [ [ [ 7.6893058, 45.0500555 ], [ 7.6894654, 45.0500195 ], [ 7.6898973, 45.0502981 ], [ 7.6897538, 45.0503885 ], [ 7.6898704, 45.0505084 ], [ 7.6900837, 45.0504696 ], [ 7.6902862, 45.0506401 ], [ 7.6898356, 45.0508637 ], [ 7.6896384, 45.0506657 ], [ 7.6897095, 45.0505889 ], [ 7.6894601, 45.050444 ], [ 7.6893058, 45.0500555 ] ] ] } },
{ "type": "Feature", "properties": { }, "geometry": { "type": "Polygon", "coordinates": [ [ [ 7.6885347, 45.0505117 ], [ 7.688819, 45.0502289 ], [ 7.6893045, 45.0508021 ], [ 7.6891047, 45.0508571 ], [ 7.6889102, 45.0506392 ], [ 7.688646, 45.0507164 ], [ 7.6885347, 45.0505117 ] ] ] } },
{ "type": "Feature", "properties": { }, "geometry": { "type": "Polygon", "coordinates": [ [ [ 7.6883905, 45.0497201 ], [ 7.6886413, 45.0496069 ], [ 7.6887258, 45.0497727 ], [ 7.688463, 45.0499295 ], [ 7.6883905, 45.0497201 ] ] ] } },
{ "type": "Feature", "properties": { }, "geometry": { "type": "Polygon", "coordinates": [ [ [ 7.6885159, 45.0499551 ], [ 7.6889129, 45.0498404 ], [ 7.6889518, 45.050118 ], [ 7.6886863, 45.0501919 ], [ 7.6885159, 45.0499551 ] ] ] } },
{ "type": "Feature", "properties": { }, "geometry": { "type": "Polygon", "coordinates": [ [ [ 7.6883956, 45.0490853 ], [ 7.6888284, 45.0490478 ], [ 7.6885132, 45.0492577 ], [ 7.6883956, 45.0490853 ] ] ] } },
{ "type": "Feature", "properties": { }, "geometry": { "type": "Polygon", "coordinates": [ [ [ 7.6879969, 45.0486182 ], [ 7.688893, 45.0485252 ], [ 7.6888284, 45.0490478 ], [ 7.688123, 45.049109 ], [ 7.6879969, 45.0486182 ] ] ] } },
{ "type": "Feature", "properties": { }, "geometry": { "type": "Polygon", "coordinates": [ [ [ 7.6881619, 45.0478488 ], [ 7.6883483, 45.0477948 ], [ 7.6884757, 45.0480014 ], [ 7.6888056, 45.0479833 ], [ 7.6888096, 45.0482297 ], [ 7.688536, 45.0482562 ], [ 7.6885099, 45.0485258 ], [ 7.6883909, 45.048532 ], [ 7.6881619, 45.0478488 ] ] ] } },
{ "type": "Feature", "properties": { }, "geometry": { "type": "Polygon", "coordinates": [ [ [ 7.6879916, 45.0485812 ], [ 7.6880237, 45.0478412 ], [ 7.6880358, 45.047827 ], [ 7.6882786, 45.0482373 ], [ 7.6881619, 45.0482515 ], [ 7.6881793, 45.0483965 ], [ 7.6879916, 45.0485812 ] ] ] } },
{ "type": "Feature", "properties": { }, "geometry": { "type": "Polygon", "coordinates": [ [ [ 7.6873179, 45.0481234 ], [ 7.6878481, 45.0480336 ], [ 7.6879446, 45.0482278 ], [ 7.6875477, 45.0482932 ], [ 7.6875879, 45.0484533 ], [ 7.6878682, 45.0484931 ], [ 7.6874378, 45.0485506 ], [ 7.6873179, 45.0481234 ] ] ] } },
{ "type": "Feature", "properties": { }, "geometry": { "type": "Polygon", "coordinates": [ [ [ 7.6893125, 45.0480753 ], [ 7.6893635, 45.0477474 ], [ 7.6898518, 45.047315 ], [ 7.6903063, 45.0475807 ], [ 7.6901454, 45.0476915 ], [ 7.6898812, 45.0475503 ], [ 7.6896505, 45.0476934 ], [ 7.6898114, 45.0479066 ], [ 7.689967, 45.0478431 ], [ 7.6898503, 45.0480298 ], [ 7.6900256, 45.0481435 ], [ 7.6893125, 45.0480753 ] ] ] } },
{ "type": "Feature", "properties": { }, "geometry": { "type": "Polygon", "coordinates": [ [ [ 7.6872593, 45.0475636 ], [ 7.6878601, 45.0475058 ], [ 7.687671, 45.0476934 ], [ 7.6879634, 45.0477711 ], [ 7.6872969, 45.0478289 ], [ 7.6872593, 45.0475636 ] ] ] } },
{ "type": "Feature", "properties": { }, "geometry": { "type": "Polygon", "coordinates": [ [ [ 7.6874109, 45.0469695 ], [ 7.6877534, 45.0466584 ], [ 7.6881599, 45.0467966 ], [ 7.6878742, 45.046716 ], [ 7.6877253, 45.0468468 ], [ 7.6877743, 45.047051 ], [ 7.6874109, 45.0469695 ] ] ] } },
{ "type": "Feature", "properties": { }, "geometry": { "type": "Polygon", "coordinates": [ [ [ 7.6900461, 45.0517799 ], [ 7.6900582, 45.0511203 ], [ 7.6904418, 45.0511252 ], [ 7.6906827, 45.0513131 ], [ 7.6909698, 45.0512753 ], [ 7.6911401, 45.0511035 ], [ 7.6911429, 45.0508842 ], [ 7.6914114, 45.0507775 ], [ 7.6917829, 45.0521968 ], [ 7.6915669, 45.051905 ], [ 7.6913591, 45.0520547 ], [ 7.6916568, 45.0526752 ], [ 7.6913909, 45.0526789 ], [ 7.6900461, 45.0517799 ] ] ] } },
{ "type": "Feature", "properties": { }, "geometry": { "type": "Polygon", "coordinates": [ [ [ 7.6903283, 45.0506581 ], [ 7.6905357, 45.0505145 ], [ 7.6910865, 45.0508338 ], [ 7.6910975, 45.0511831 ], [ 7.6906195, 45.0513015 ], [ 7.6905138, 45.051154 ], [ 7.6906951, 45.0510773 ], [ 7.6903283, 45.0506581 ] ] ] } },
{ "type": "Feature", "properties": { }, "geometry": { "type": "Polygon", "coordinates": [ [ [ 7.6942667, 45.054387 ], [ 7.6945504, 45.0544306 ], [ 7.6946548, 45.0542517 ], [ 7.6957659, 45.0550286 ], [ 7.6944624, 45.0545682 ], [ 7.6942667, 45.054387 ] ] ] } },
{ "type": "Feature", "properties": { }, "geometry": { "type": "Polygon", "coordinates": [ [ [ 7.6938529, 45.0542361 ], [ 7.6941808, 45.0540424 ], [ 7.6940373, 45.0539448 ], [ 7.6943587, 45.0540715 ], [ 7.6942076, 45.0543531 ], [ 7.6938529, 45.0542361 ] ] ] } },
{ "type": "Feature", "properties": { }, "geometry": { "type": "Polygon", "coordinates": [ [ [ 7.6916528, 45.0530911 ], [ 7.6923434, 45.0527728 ], [ 7.6935317, 45.0538576 ], [ 7.6938003, 45.0539366 ], [ 7.6937731, 45.0540604 ], [ 7.6924896, 45.0532702 ], [ 7.6923542, 45.0533337 ], [ 7.6921664, 45.0531755 ], [ 7.6918954, 45.0532797 ], [ 7.6916528, 45.0530911 ] ] ] } },
{ "type": "Feature", "properties": { }, "geometry": { "type": "Polygon", "coordinates": [ [ [ 7.6920497, 45.0522006 ], [ 7.6922482, 45.0515307 ], [ 7.692377, 45.0517685 ], [ 7.6922482, 45.0519144 ], [ 7.6922496, 45.0522299 ], [ 7.6928279, 45.0522769 ], [ 7.6929563, 45.0526245 ], [ 7.6927713, 45.0524687 ], [ 7.6924843, 45.0525748 ], [ 7.6920497, 45.0522006 ] ] ] } },
{ "type": "Feature", "properties": { }, "geometry": { "type": "Polygon", "coordinates": [ [ [ 7.6926935, 45.0519125 ], [ 7.6927444, 45.0513791 ], [ 7.6928624, 45.051237 ], [ 7.6929107, 45.0517212 ], [ 7.6934378, 45.0515705 ], [ 7.6926935, 45.0519125 ] ] ] } },
{ "type": "Feature", "properties": { }, "geometry": { "type": "Polygon", "coordinates": [ [ [ 7.6917225, 45.0507415 ], [ 7.6920511, 45.0506789 ], [ 7.6922187, 45.0508125 ], [ 7.691925, 45.0509594 ], [ 7.6917225, 45.0507415 ] ] ] } },
{ "type": "Feature", "properties": { }, "geometry": { "type": "Polygon", "coordinates": [ [ [ 7.6914583, 45.0506709 ], [ 7.6923931, 45.050417 ], [ 7.6928541, 45.0506846 ], [ 7.6932004, 45.0511479 ], [ 7.6928397, 45.0511195 ], [ 7.6926103, 45.0513801 ], [ 7.692503, 45.0512001 ], [ 7.6926184, 45.0509585 ], [ 7.692377, 45.0506411 ], [ 7.6915763, 45.0507585 ], [ 7.6914583, 45.0506709 ] ] ] } },
{ "type": "Feature", "properties": { }, "geometry": { "type": "Polygon", "coordinates": [ [ [ 7.6917815, 45.0526492 ], [ 7.6919666, 45.0525743 ], [ 7.6918204, 45.0523706 ], [ 7.691984, 45.0523664 ], [ 7.6923434, 45.0527728 ], [ 7.692041, 45.052923 ], [ 7.6917815, 45.0526492 ] ] ] } },
{ "type": "Feature", "properties": { }, "geometry": { "type": "Polygon", "coordinates": [ [ [ 7.6941124, 45.0519277 ], [ 7.6947346, 45.0515421 ], [ 7.6949063, 45.0516482 ], [ 7.6947641, 45.0519817 ], [ 7.6950055, 45.0521996 ], [ 7.6952389, 45.0522299 ], [ 7.6951128, 45.0523881 ], [ 7.694791, 45.0523304 ], [ 7.6941124, 45.0519277 ] ] ] } },
{ "type": "Feature", "properties": { }, "geometry": { "type": "Polygon", "coordinates": [ [ [ 7.6927538, 45.0520281 ], [ 7.6938684, 45.0513517 ], [ 7.6941097, 45.0509755 ], [ 7.6946542, 45.0509717 ], [ 7.6946791, 45.0512103 ], [ 7.6944289, 45.0512275 ], [ 7.6939514, 45.0516141 ], [ 7.6941955, 45.0520234 ], [ 7.6945737, 45.0522072 ], [ 7.693592, 45.0521977 ], [ 7.6933506, 45.0522621 ], [ 7.6932755, 45.0524952 ], [ 7.6929295, 45.0523683 ], [ 7.6927538, 45.0520281 ] ] ] } },
{ "type": "Feature", "properties": { }, "geometry": { "type": "Polygon", "coordinates": [ [ [ 7.6949774, 45.0525568 ], [ 7.6951128, 45.0523881 ], [ 7.6959175, 45.0526316 ], [ 7.6957431, 45.0529917 ], [ 7.6955608, 45.0529272 ], [ 7.6957163, 45.052806 ], [ 7.6955172, 45.0526146 ], [ 7.6949774, 45.0525568 ] ] ] } },
{ "type": "Feature", "properties": { }, "geometry": { "type": "Polygon", "coordinates": [ [ [ 7.6932755, 45.0524952 ], [ 7.6933506, 45.0522621 ], [ 7.693592, 45.0521977 ], [ 7.6945737, 45.0522072 ], [ 7.6951128, 45.0523881 ], [ 7.6949774, 45.0525568 ], [ 7.694512, 45.0522508 ], [ 7.6942867, 45.0522915 ], [ 7.6945549, 45.0527112 ], [ 7.6948044, 45.0527321 ], [ 7.6946381, 45.0528732 ], [ 7.6932755, 45.0524952 ] ] ] } },
{ "type": "Feature", "properties": { }, "geometry": { "type": "Polygon", "coordinates": [ [ [ 7.6933908, 45.0530106 ], [ 7.6938951, 45.0531035 ], [ 7.6939407, 45.0527738 ], [ 7.6946408, 45.0529765 ], [ 7.6951423, 45.0527359 ], [ 7.6957431, 45.0529917 ], [ 7.6954937, 45.0533725 ], [ 7.6948607, 45.0532039 ], [ 7.6946247, 45.0533839 ], [ 7.6938415, 45.0534673 ], [ 7.6937181, 45.0532569 ], [ 7.6934806, 45.0532553 ], [ 7.6933908, 45.0530106 ] ] ] } },
{ "type": "Feature", "properties": { "name": "Giardino John Lennon" }, "geometry": { "type": "Polygon", "coordinates": [ [ [ 7.6493157, 45.0705869 ], [ 7.6492962, 45.0697943 ], [ 7.6501639, 45.0694429 ], [ 7.650368, 45.0701766 ], [ 7.650612, 45.0701453 ], [ 7.6507044, 45.0704933 ], [ 7.6493157, 45.0705869 ] ] ] } },
{ "type": "Feature", "properties": { }, "geometry": { "type": "Polygon", "coordinates": [ [ [ 7.6962605, 45.0536724 ], [ 7.6960989, 45.0535966 ], [ 7.6964375, 45.0533749 ], [ 7.6964831, 45.0535009 ], [ 7.6962491, 45.0535412 ], [ 7.6962605, 45.0536724 ] ] ] } },
{ "type": "Feature", "properties": { }, "geometry": { "type": "Polygon", "coordinates": [ [ [ 7.6964375, 45.0533749 ], [ 7.6969662, 45.0532195 ], [ 7.6971184, 45.0536634 ], [ 7.696812, 45.0537212 ], [ 7.6970393, 45.0536127 ], [ 7.6969843, 45.0534606 ], [ 7.6964831, 45.0535009 ], [ 7.6964375, 45.0533749 ] ] ] } },
{ "type": "Feature", "properties": { }, "geometry": { "type": "Polygon", "coordinates": [ [ [ 7.6961374, 45.0539081 ], [ 7.6964358, 45.0538462 ], [ 7.6964687, 45.0539216 ], [ 7.6962092, 45.0540329 ], [ 7.6961374, 45.0539081 ] ] ] } },
{ "type": "Feature", "properties": { }, "geometry": { "type": "Polygon", "coordinates": [ [ [ 7.6961792, 45.0540834 ], [ 7.6966631, 45.0538841 ], [ 7.6966839, 45.0538964 ], [ 7.6964606, 45.0540139 ], [ 7.6965585, 45.0541276 ], [ 7.6963171, 45.0542479 ], [ 7.6961792, 45.0540834 ] ] ] } },
{ "type": "Feature", "properties": { }, "geometry": { "type": "Polygon", "coordinates": [ [ [ 7.6960342, 45.0524393 ], [ 7.6963951, 45.0520771 ], [ 7.6966294, 45.0521536 ], [ 7.6967973, 45.0526819 ], [ 7.6962018, 45.0528818 ], [ 7.6960932, 45.0527728 ], [ 7.696344, 45.0527472 ], [ 7.6964244, 45.0526136 ], [ 7.6960342, 45.0524393 ] ] ] } },
{ "type": "Feature", "properties": { }, "geometry": { "type": "Polygon", "coordinates": [ [ [ 7.695727, 45.0530315 ], [ 7.6958852, 45.0526746 ], [ 7.6961133, 45.0528638 ], [ 7.6960429, 45.0529817 ], [ 7.6962501, 45.0530703 ], [ 7.6966014, 45.0527614 ], [ 7.6967664, 45.0527889 ], [ 7.6962333, 45.0531532 ], [ 7.695727, 45.0530315 ] ] ] } },
{ "type": "Feature", "properties": { }, "geometry": { "type": "Polygon", "coordinates": [ [ [ 7.6958577, 45.0533142 ], [ 7.6961696, 45.0533545 ], [ 7.6967919, 45.0530315 ], [ 7.6960516, 45.0535459 ], [ 7.6958612, 45.0535014 ], [ 7.6958577, 45.0533142 ] ] ] } },
{ "type": "Feature", "properties": { }, "geometry": { "type": "Polygon", "coordinates": [ [ [ 7.6954669, 45.0534464 ], [ 7.6957002, 45.0530978 ], [ 7.6957364, 45.0530883 ], [ 7.6958679, 45.0533915 ], [ 7.6956573, 45.0533943 ], [ 7.6956305, 45.0535184 ], [ 7.6954669, 45.0534464 ] ] ] } },
{ "type": "Feature", "properties": { }, "geometry": { "type": "Polygon", "coordinates": [ [ [ 7.6956399, 45.0538055 ], [ 7.6959631, 45.0536918 ], [ 7.696175, 45.0539888 ], [ 7.6957277, 45.0540769 ], [ 7.6960348, 45.0539325 ], [ 7.6956399, 45.0538055 ] ] ] } },
{ "type": "Feature", "properties": { }, "geometry": { "type": "Polygon", "coordinates": [ [ [ 7.695768, 45.0543308 ], [ 7.6958122, 45.0541167 ], [ 7.6961569, 45.054121 ], [ 7.6958987, 45.0541859 ], [ 7.695941, 45.0543152 ], [ 7.695768, 45.0543308 ] ] ] } },
{ "type": "Feature", "properties": { }, "geometry": { "type": "Polygon", "coordinates": [ [ [ 7.6957713, 45.0543152 ], [ 7.6955648, 45.0542063 ], [ 7.6957834, 45.0542342 ], [ 7.6957713, 45.0543152 ] ] ] } },
{ "type": "Feature", "properties": { }, "geometry": { "type": "Polygon", "coordinates": [ [ [ 7.6952123, 45.054115 ], [ 7.6953812, 45.0538203 ], [ 7.6955936, 45.0538623 ], [ 7.6955473, 45.0541916 ], [ 7.6952123, 45.054115 ] ] ] } },
{ "type": "Feature", "properties": { }, "geometry": { "type": "Polygon", "coordinates": [ [ [ 7.5859526, 45.0657736 ], [ 7.5860519, 45.0657643 ], [ 7.5862937, 45.0659543 ], [ 7.5861396, 45.0659719 ], [ 7.5859526, 45.0657736 ] ] ] } },
{ "type": "Feature", "properties": { }, "geometry": { "type": "Polygon", "coordinates": [ [ [ 7.5860568, 45.0657477 ], [ 7.5864045, 45.0656126 ], [ 7.5864912, 45.0658604 ], [ 7.5867861, 45.0657448 ], [ 7.5868048, 45.065874 ], [ 7.5863845, 45.0659085 ], [ 7.5860568, 45.0657477 ] ] ] } },
{ "type": "Feature", "properties": { }, "geometry": { "type": "Polygon", "coordinates": [ [ [ 7.5864861, 45.0660423 ], [ 7.5872236, 45.0659355 ], [ 7.5871684, 45.0656508 ], [ 7.5866845, 45.0657362 ], [ 7.5866551, 45.0655818 ], [ 7.5872286, 45.0655118 ], [ 7.5873511, 45.0661488 ], [ 7.5865368, 45.0662178 ], [ 7.5871687, 45.0660736 ], [ 7.5864861, 45.0660423 ] ] ] } },
{ "type": "Feature", "properties": { }, "geometry": { "type": "Polygon", "coordinates": [ [ [ 7.5868195, 45.0657434 ], [ 7.5870351, 45.0657249 ], [ 7.5870636, 45.0658723 ], [ 7.5868428, 45.06587 ], [ 7.5868195, 45.0657434 ] ] ] } },
{ "type": "Feature", "properties": { }, "geometry": { "type": "Polygon", "coordinates": [ [ [ 7.5837762, 45.0677044 ], [ 7.5836699, 45.0671207 ], [ 7.5838129, 45.0677008 ], [ 7.5837762, 45.0677044 ] ] ] } },
{ "type": "Feature", "properties": { }, "geometry": { "type": "Polygon", "coordinates": [ [ [ 7.6977643, 45.0519689 ], [ 7.6981819, 45.0512275 ], [ 7.6985876, 45.05122 ], [ 7.6987512, 45.0517913 ], [ 7.698644, 45.0520139 ], [ 7.6982363, 45.0521162 ], [ 7.6984562, 45.0517647 ], [ 7.6982282, 45.0516747 ], [ 7.6980016, 45.0521636 ], [ 7.6978067, 45.0521425 ], [ 7.6977643, 45.0519689 ] ] ] } },
{ "type": "Feature", "properties": { }, "geometry": { "type": "Polygon", "coordinates": [ [ [ 7.6975885, 45.0531129 ], [ 7.6978701, 45.0529064 ], [ 7.6983261, 45.0528325 ], [ 7.6985708, 45.0525351 ], [ 7.6992488, 45.0528202 ], [ 7.6989323, 45.0531129 ], [ 7.6986131, 45.0530011 ], [ 7.6984133, 45.053094 ], [ 7.6983596, 45.0533403 ], [ 7.6987901, 45.0534171 ], [ 7.6984676, 45.0535393 ], [ 7.6975965, 45.0533138 ], [ 7.6975885, 45.0531129 ] ] ] } },
{ "type": "Feature", "properties": { }, "geometry": { "type": "Polygon", "coordinates": [ [ [ 7.698599, 45.0533801 ], [ 7.6987177, 45.0533166 ], [ 7.698774, 45.0533451 ], [ 7.6986922, 45.0533981 ], [ 7.698599, 45.0533801 ] ] ] } },
{ "type": "Feature", "properties": { }, "geometry": { "type": "Polygon", "coordinates": [ [ [ 7.6985165, 45.0533451 ], [ 7.6984978, 45.0532238 ], [ 7.6986372, 45.0533299 ], [ 7.6985165, 45.0533451 ] ] ] } },
{ "type": "Feature", "properties": { }, "geometry": { "type": "Polygon", "coordinates": [ [ [ 7.6984696, 45.0535762 ], [ 7.6989081, 45.0534104 ], [ 7.6989464, 45.053292 ], [ 7.6991187, 45.0533356 ], [ 7.6990027, 45.0534649 ], [ 7.6990838, 45.0535374 ], [ 7.6989256, 45.0535023 ], [ 7.6988243, 45.0536544 ], [ 7.6984696, 45.0535762 ] ] ] } },
{ "type": "Feature", "properties": { }, "geometry": { "type": "Polygon", "coordinates": [ [ [ 7.6992863, 45.0533559 ], [ 7.6993856, 45.0531991 ], [ 7.6994721, 45.053643 ], [ 7.699407, 45.0536373 ], [ 7.6992863, 45.0533559 ] ] ] } },
{ "type": "Feature", "properties": { }, "geometry": { "type": "Polygon", "coordinates": [ [ [ 7.699234, 45.0537505 ], [ 7.6992984, 45.0536274 ], [ 7.699407, 45.0537155 ], [ 7.6993608, 45.0537847 ], [ 7.699234, 45.0537505 ] ] ] } },
{ "type": "Feature", "properties": { }, "geometry": { "type": "Polygon", "coordinates": [ [ [ 7.6991294, 45.0530542 ], [ 7.6992515, 45.0529424 ], [ 7.6994184, 45.053004 ], [ 7.6993962, 45.0531183 ], [ 7.6991294, 45.0530542 ] ] ] } },
{ "type": "Feature", "properties": { }, "geometry": { "type": "Polygon", "coordinates": [ [ [ 7.6983598, 45.0536715 ], [ 7.6984522, 45.0536141 ], [ 7.6989377, 45.0538159 ], [ 7.6987834, 45.0539135 ], [ 7.6983598, 45.0536715 ] ] ] } },
{ "type": "Feature", "properties": { }, "geometry": { "type": "Polygon", "coordinates": [ [ [ 7.6980666, 45.0540665 ], [ 7.6981491, 45.0539699 ], [ 7.6983228, 45.0541054 ], [ 7.6983871, 45.0539765 ], [ 7.6982161, 45.0538633 ], [ 7.6984857, 45.0539666 ], [ 7.6982872, 45.0541878 ], [ 7.6980666, 45.0540665 ] ] ] } },
{ "type": "Feature", "properties": { }, "geometry": { "type": "Polygon", "coordinates": [ [ [ 7.6978527, 45.0543589 ], [ 7.6980344, 45.0541068 ], [ 7.6981444, 45.0541925 ], [ 7.6979586, 45.0543029 ], [ 7.6980498, 45.0543687 ], [ 7.6982825, 45.0541944 ], [ 7.6984582, 45.0542645 ], [ 7.6981585, 45.0544682 ], [ 7.6978527, 45.0543589 ] ] ] } },
{ "type": "Feature", "properties": { }, "geometry": { "type": "Polygon", "coordinates": [ [ [ 7.6975486, 45.0547425 ], [ 7.6977694, 45.0544572 ], [ 7.6978167, 45.0544684 ], [ 7.6977687, 45.0547236 ], [ 7.6975486, 45.0547425 ] ] ] } },
{ "type": "Feature", "properties": { }, "geometry": { "type": "Polygon", "coordinates": [ [ [ 7.6973243, 45.0540119 ], [ 7.6976389, 45.0538168 ], [ 7.697437, 45.0536858 ], [ 7.6975798, 45.0533977 ], [ 7.6978133, 45.0536674 ], [ 7.6980619, 45.0534306 ], [ 7.6982061, 45.053518 ], [ 7.6980894, 45.0536218 ], [ 7.6981718, 45.0537897 ], [ 7.6979603, 45.0537256 ], [ 7.6977309, 45.0538935 ], [ 7.6975125, 45.0542845 ], [ 7.697735, 45.054369 ], [ 7.697553, 45.0546188 ], [ 7.6973243, 45.0540119 ] ] ] } },
{ "type": "Feature", "properties": { }, "geometry": { "type": "Polygon", "coordinates": [ [ [ 7.6963162, 45.0543088 ], [ 7.6964659, 45.0542404 ], [ 7.6965421, 45.0544257 ], [ 7.6967591, 45.0543898 ], [ 7.696653, 45.0541535 ], [ 7.6969466, 45.0540041 ], [ 7.6970441, 45.0541894 ], [ 7.6969837, 45.054433 ], [ 7.6964727, 45.0545921 ], [ 7.6963162, 45.0543088 ] ] ] } },
{ "type": "Feature", "properties": { }, "geometry": { "type": "Polygon", "coordinates": [ [ [ 7.6970187, 45.0541118 ], [ 7.6972694, 45.0540662 ], [ 7.697426, 45.0544796 ], [ 7.6972694, 45.054498 ], [ 7.6972872, 45.0543233 ], [ 7.6970201, 45.0543132 ], [ 7.6970187, 45.0541118 ] ] ] } },
{ "type": "Feature", "properties": { }, "geometry": { "type": "Polygon", "coordinates": [ [ [ 7.6967175, 45.0546328 ], [ 7.6968505, 45.0546004 ], [ 7.6969855, 45.0546086 ], [ 7.6969591, 45.054664 ], [ 7.6967175, 45.0546328 ] ] ] } },
{ "type": "Feature", "properties": { }, "geometry": { "type": "Polygon", "coordinates": [ [ [ 7.6963244, 45.0551452 ], [ 7.6965812, 45.054826 ], [ 7.696856, 45.0547115 ], [ 7.6968347, 45.0549448 ], [ 7.6966005, 45.054922 ], [ 7.6964164, 45.0550598 ], [ 7.6966005, 45.0551908 ], [ 7.6963244, 45.0551452 ] ] ] } },
{ "type": "Feature", "properties": { }, "geometry": { "type": "Polygon", "coordinates": [ [ [ 7.6957077, 45.0547357 ], [ 7.6958066, 45.0544786 ], [ 7.6963162, 45.0543088 ], [ 7.6964006, 45.0544529 ], [ 7.6959467, 45.0545019 ], [ 7.6961829, 45.0547289 ], [ 7.6964823, 45.0546785 ], [ 7.6965414, 45.0547668 ], [ 7.6963189, 45.0550035 ], [ 7.6957077, 45.0547357 ] ] ] } },
{ "type": "Feature", "properties": { "name": "Giardino di Maine" }, "geometry": { "type": "Polygon", "coordinates": [ [ [ 7.5461205, 45.0697306 ], [ 7.5467769, 45.069628 ], [ 7.547026, 45.0703169 ], [ 7.5467302, 45.0703646 ], [ 7.5464059, 45.0698589 ], [ 7.5461205, 45.0697306 ] ] ] } },
{ "type": "Feature", "properties": { }, "geometry": { "type": "Polygon", "coordinates": [ [ [ 7.6994526, 45.0510219 ], [ 7.6995009, 45.05085 ], [ 7.6997121, 45.0509717 ], [ 7.6994526, 45.0510219 ] ] ] } },
{ "type": "Feature", "properties": { }, "geometry": { "type": "Polygon", "coordinates": [ [ [ 7.6994218, 45.0512029 ], [ 7.6996042, 45.0511555 ], [ 7.6996686, 45.0512967 ], [ 7.6998858, 45.0513326 ], [ 7.6996545, 45.0515724 ], [ 7.6994218, 45.0512029 ] ] ] } },
{ "type": "Feature", "properties": { }, "geometry": { "type": "Polygon", "coordinates": [ [ [ 7.6987016, 45.0513606 ], [ 7.698878, 45.0513815 ], [ 7.6988304, 45.0516591 ], [ 7.6987988, 45.0516553 ], [ 7.6987016, 45.0513606 ] ] ] } },
{ "type": "Feature", "properties": { }, "geometry": { "type": "Polygon", "coordinates": [ [ [ 7.6988129, 45.0511186 ], [ 7.6989819, 45.0510295 ], [ 7.6989296, 45.0509177 ], [ 7.6994158, 45.0508429 ], [ 7.6994506, 45.0514222 ], [ 7.6992796, 45.0512152 ], [ 7.6988129, 45.0511186 ] ] ] } },
{ "type": "Feature", "properties": { }, "geometry": { "type": "Polygon", "coordinates": [ [ [ 7.6990089, 45.0517215 ], [ 7.6991563, 45.0513734 ], [ 7.6993386, 45.0513829 ], [ 7.6995063, 45.0516425 ], [ 7.6990089, 45.0517215 ] ] ] } },
{ "type": "Feature", "properties": { }, "geometry": { "type": "Polygon", "coordinates": [ [ [ 7.6979519, 45.0502839 ], [ 7.6985085, 45.0500972 ], [ 7.6985246, 45.0502692 ], [ 7.6988451, 45.0502677 ], [ 7.6990691, 45.0505226 ], [ 7.6987861, 45.0506534 ], [ 7.6985568, 45.0505889 ], [ 7.6985125, 45.050326 ], [ 7.6979519, 45.0502839 ] ] ] } },
{ "type": "Feature", "properties": { }, "geometry": { "type": "Polygon", "coordinates": [ [ [ 7.6986721, 45.0507907 ], [ 7.6985997, 45.0506591 ], [ 7.6987934, 45.0507053 ], [ 7.6986721, 45.0507907 ] ] ] } },
{ "type": "Feature", "properties": { }, "geometry": { "type": "Polygon", "coordinates": [ [ [ 7.6979885, 45.0508052 ], [ 7.6983945, 45.0508789 ], [ 7.6984334, 45.0510267 ], [ 7.6988156, 45.0508599 ], [ 7.698597, 45.0510361 ], [ 7.6985876, 45.05122 ], [ 7.6981819, 45.0512275 ], [ 7.6979885, 45.0508052 ] ] ] } },
{ "type": "Feature", "properties": { }, "geometry": { "type": "Polygon", "coordinates": [ [ [ 7.6986965, 45.0493857 ], [ 7.6989645, 45.049289 ], [ 7.6995835, 45.0492159 ], [ 7.6995586, 45.049415 ], [ 7.6986965, 45.0493857 ] ] ] } },
{ "type": "Feature", "properties": { }, "geometry": { "type": "Polygon", "coordinates": [ [ [ 7.698373, 45.0496642 ], [ 7.6988693, 45.0494084 ], [ 7.6989041, 45.049559 ], [ 7.6995191, 45.0496072 ], [ 7.6993802, 45.0499106 ], [ 7.698373, 45.0496642 ] ] ] } },
{ "type": "Feature", "properties": { }, "geometry": { "type": "Polygon", "coordinates": [ [ [ 7.6982617, 45.0498935 ], [ 7.6984669, 45.0497296 ], [ 7.6988344, 45.049813 ], [ 7.6987865, 45.0499746 ], [ 7.6982617, 45.0498935 ] ] ] } },
{ "type": "Feature", "properties": { }, "geometry": { "type": "Polygon", "coordinates": [ [ [ 7.7002841, 45.0491753 ], [ 7.7004102, 45.0488475 ], [ 7.7003176, 45.0485953 ], [ 7.7009587, 45.0483794 ], [ 7.7006583, 45.0491497 ], [ 7.7002841, 45.0491753 ] ] ] } },
{ "type": "Feature", "properties": { }, "geometry": { "type": "Polygon", "coordinates": [ [ [ 7.7002279, 45.0506122 ], [ 7.7004242, 45.0506411 ], [ 7.7004469, 45.0508271 ], [ 7.7002979, 45.0507752 ], [ 7.7002279, 45.0506122 ] ] ] } },
{ "type": "Feature", "properties": { }, "geometry": { "type": "Polygon", "coordinates": [ [ [ 7.7006612, 45.0506141 ], [ 7.7009136, 45.0505965 ], [ 7.7013644, 45.0504734 ], [ 7.7009661, 45.0509275 ], [ 7.7006997, 45.0508577 ], [ 7.7006612, 45.0506141 ] ] ] } },
{ "type": "Feature", "properties": { }, "geometry": { "type": "Polygon", "coordinates": [ [ [ 7.7012014, 45.0484126 ], [ 7.7016534, 45.0482865 ], [ 7.7017601, 45.0483069 ], [ 7.7014328, 45.0484462 ], [ 7.7014797, 45.0487636 ], [ 7.7012014, 45.0484126 ] ] ] } },
{ "type": "Feature", "properties": { }, "geometry": { "type": "Polygon", "coordinates": [ [ [ 7.7014938, 45.0488408 ], [ 7.7020128, 45.0487229 ], [ 7.7021416, 45.0493297 ], [ 7.7019337, 45.0493714 ], [ 7.7020036, 45.0495422 ], [ 7.7019095, 45.0495543 ], [ 7.7016936, 45.0491137 ], [ 7.7020343, 45.049019 ], [ 7.7019578, 45.0488238 ], [ 7.7014938, 45.0488408 ] ] ] } },
{ "type": "Feature", "properties": { }, "geometry": { "type": "Polygon", "coordinates": [ [ [ 7.7017334, 45.0483954 ], [ 7.7017969, 45.0481984 ], [ 7.7022046, 45.0482619 ], [ 7.7024264, 45.0480562 ], [ 7.7024402, 45.0482052 ], [ 7.7022562, 45.048261 ], [ 7.7022522, 45.0484235 ], [ 7.7024518, 45.0484372 ], [ 7.7023856, 45.0487366 ], [ 7.7021697, 45.0486362 ], [ 7.7021898, 45.0484344 ], [ 7.7020396, 45.0484201 ], [ 7.7018251, 45.0484893 ], [ 7.7019337, 45.0487286 ], [ 7.7018546, 45.048747 ], [ 7.7017334, 45.0483954 ] ] ] } },
{ "type": "Feature", "properties": { }, "geometry": { "type": "Polygon", "coordinates": [ [ [ 7.7019095, 45.0495543 ], [ 7.7022663, 45.0494899 ], [ 7.702218, 45.0493477 ], [ 7.7023588, 45.0493061 ], [ 7.7024929, 45.0494283 ], [ 7.7022851, 45.0496595 ], [ 7.7019095, 45.0495543 ] ] ] } },
{ "type": "Feature", "properties": { }, "geometry": { "type": "Polygon", "coordinates": [ [ [ 7.7014603, 45.0491099 ], [ 7.70164, 45.049181 ], [ 7.7016695, 45.0494681 ], [ 7.7015555, 45.0494671 ], [ 7.7014603, 45.0491099 ] ] ] } },
{ "type": "Feature", "properties": { }, "geometry": { "type": "Polygon", "coordinates": [ [ [ 7.7024696, 45.0464653 ], [ 7.7026099, 45.0461526 ], [ 7.7030092, 45.0461291 ], [ 7.7029328, 45.0463621 ], [ 7.7024696, 45.0464653 ] ] ] } },
{ "type": "Feature", "properties": { }, "geometry": { "type": "Polygon", "coordinates": [ [ [ 7.7020544, 45.0468956 ], [ 7.7023448, 45.046649 ], [ 7.7026163, 45.0467307 ], [ 7.7026941, 45.0469449 ], [ 7.7026123, 45.0471126 ], [ 7.7028282, 45.0470955 ], [ 7.7025211, 45.0477815 ], [ 7.7020544, 45.0468956 ] ] ] } },
{ "type": "Feature", "properties": { }, "geometry": { "type": "Polygon", "coordinates": [ [ [ 7.7044134, 45.0489384 ], [ 7.7048331, 45.0485916 ], [ 7.7049713, 45.0486333 ], [ 7.7046333, 45.0490692 ], [ 7.7044134, 45.0489384 ] ] ] } },
{ "type": "Feature", "properties": { }, "geometry": { "type": "Polygon", "coordinates": [ [ [ 7.7038515, 45.0486622 ], [ 7.70418, 45.0484543 ], [ 7.7044791, 45.0485689 ], [ 7.7042223, 45.0488626 ], [ 7.7038515, 45.0486622 ] ] ] } },
{ "type": "Feature", "properties": { }, "geometry": { "type": "Polygon", "coordinates": [ [ [ 7.7032607, 45.047836 ], [ 7.7034552, 45.0478313 ], [ 7.7033928, 45.0483917 ], [ 7.7033385, 45.0479753 ], [ 7.7032607, 45.047836 ] ] ] } },
{ "type": "Feature", "properties": { }, "geometry": { "type": "Polygon", "coordinates": [ [ [ 7.7028336, 45.04808 ], [ 7.7029328, 45.0478365 ], [ 7.7030723, 45.0478592 ], [ 7.7030642, 45.0481027 ], [ 7.7032506, 45.0481984 ], [ 7.7033425, 45.0484419 ], [ 7.7032372, 45.0484988 ], [ 7.7032402, 45.0487833 ], [ 7.7029516, 45.0487906 ], [ 7.703016, 45.0481179 ], [ 7.7028336, 45.04808 ] ] ] } },
{ "type": "Feature", "properties": { }, "geometry": { "type": "Polygon", "coordinates": [ [ [ 7.7043564, 45.0497381 ], [ 7.7043356, 45.0494283 ], [ 7.7044563, 45.0497021 ], [ 7.7043564, 45.0497381 ] ] ] } },
{ "type": "Feature", "properties": { }, "geometry": { "type": "Polygon", "coordinates": [ [ [ 7.7029384, 45.0496868 ], [ 7.7042229, 45.0493117 ], [ 7.703883, 45.0487603 ], [ 7.7045059, 45.0491251 ], [ 7.7045837, 45.0495278 ], [ 7.7042498, 45.0493695 ], [ 7.7042297, 45.0496074 ], [ 7.7038568, 45.0496093 ], [ 7.7039507, 45.0498385 ], [ 7.7044442, 45.0498319 ], [ 7.7046293, 45.0495846 ], [ 7.7045663, 45.0498376 ], [ 7.7046736, 45.0499087 ], [ 7.7041787, 45.050173 ], [ 7.7038568, 45.0501853 ], [ 7.7029384, 45.0496868 ] ] ] } },
{ "type": "Feature", "properties": { }, "geometry": { "type": "Polygon", "coordinates": [ [ [ 7.7034049, 45.0490663 ], [ 7.7039024, 45.048983 ], [ 7.7039306, 45.0490862 ], [ 7.7035395, 45.0492215 ], [ 7.7034049, 45.0490663 ] ] ] } },
{ "type": "Feature", "properties": { }, "geometry": { "type": "Polygon", "coordinates": [ [ [ 7.7034196, 45.0488001 ], [ 7.7035283, 45.0486892 ], [ 7.7035014, 45.0483472 ], [ 7.7037308, 45.0486902 ], [ 7.7034196, 45.0488001 ] ] ] } },
{ "type": "Feature", "properties": { }, "geometry": { "type": "Polygon", "coordinates": [ [ [ 7.7010859, 45.047413 ], [ 7.7016467, 45.0470851 ], [ 7.7017249, 45.0469093 ], [ 7.7020624, 45.0469979 ], [ 7.7018063, 45.0471059 ], [ 7.7018908, 45.0472452 ], [ 7.7013986, 45.0474783 ], [ 7.7017339, 45.0477493 ], [ 7.7012055, 45.0477742 ], [ 7.7010859, 45.047413 ] ] ] } },
{ "type": "Feature", "properties": { }, "geometry": { "type": "Polygon", "coordinates": [ [ [ 7.7010955, 45.0479882 ], [ 7.7013154, 45.0477948 ], [ 7.7018251, 45.047791 ], [ 7.7016976, 45.0476546 ], [ 7.7020732, 45.0474442 ], [ 7.7023816, 45.0476707 ], [ 7.7024264, 45.0480562 ], [ 7.7022046, 45.0482619 ], [ 7.7010955, 45.0479882 ] ] ] } },
{ "type": "Feature", "properties": { }, "geometry": { "type": "Polygon", "coordinates": [ [ [ 7.5843221, 45.0660507 ], [ 7.5844619, 45.0660451 ], [ 7.5844239, 45.0662238 ], [ 7.5843716, 45.0662301 ], [ 7.5843221, 45.0660507 ] ] ] } },
{ "type": "Feature", "properties": { }, "geometry": { "type": "Polygon", "coordinates": [ [ [ 7.584426, 45.0660465 ], [ 7.5843611, 45.0659141 ], [ 7.5844899, 45.0659091 ], [ 7.584426, 45.0660465 ] ] ] } },
{ "type": "Feature", "properties": { }, "geometry": { "type": "Polygon", "coordinates": [ [ [ 7.5843611, 45.0659141 ], [ 7.5844688, 45.0658437 ], [ 7.5844775, 45.0659096 ], [ 7.5843611, 45.0659141 ] ] ] } },
{ "type": "Feature", "properties": { }, "geometry": { "type": "Polygon", "coordinates": [ [ [ 7.5843465, 45.0658499 ], [ 7.584462, 45.0657879 ], [ 7.5844669, 45.0658356 ], [ 7.5843465, 45.0658499 ] ] ] } },
{ "type": "Feature", "properties": { }, "geometry": { "type": "Polygon", "coordinates": [ [ [ 7.5845917, 45.0656456 ], [ 7.5844508, 45.0655855 ], [ 7.5845903, 45.0655894 ], [ 7.5845917, 45.0656456 ] ] ] } },
{ "type": "Feature", "properties": { }, "geometry": { "type": "Polygon", "coordinates": [ [ [ 7.5842731, 45.0655755 ], [ 7.5844131, 45.0655589 ], [ 7.5842972, 45.0656623 ], [ 7.5842731, 45.0655755 ] ] ] } },
{ "type": "Feature", "properties": { }, "geometry": { "type": "Polygon", "coordinates": [ [ [ 7.5839402, 45.066005 ], [ 7.5841036, 45.0659143 ], [ 7.5841219, 45.0659832 ], [ 7.5839402, 45.066005 ] ] ] } },
{ "type": "Feature", "properties": { }, "geometry": { "type": "Polygon", "coordinates": [ [ [ 7.5865659, 45.0653808 ], [ 7.5869359, 45.0653769 ], [ 7.5866526, 45.065414 ], [ 7.5866791, 45.06552 ], [ 7.5871496, 45.0654486 ], [ 7.5871044, 45.0651297 ], [ 7.5866131, 45.0653005 ], [ 7.5865744, 45.0651307 ], [ 7.5871452, 45.0650179 ], [ 7.5872286, 45.0655118 ], [ 7.5866121, 45.0655871 ], [ 7.5865659, 45.0653808 ] ] ] } },
{ "type": "Feature", "properties": { }, "geometry": { "type": "Polygon", "coordinates": [ [ [ 7.5868302, 45.0652998 ], [ 7.5869522, 45.0652406 ], [ 7.5870074, 45.0653673 ], [ 7.5868302, 45.0652998 ] ] ] } },
{ "type": "Feature", "properties": { }, "geometry": { "type": "Polygon", "coordinates": [ [ [ 7.5859256, 45.0652674 ], [ 7.5861473, 45.0653224 ], [ 7.5860041, 45.0654943 ], [ 7.5861092, 45.0655647 ], [ 7.5865347, 45.0654045 ], [ 7.5865177, 45.0653035 ], [ 7.5862274, 45.065353 ], [ 7.5860857, 45.0652335 ], [ 7.5865127, 45.0651429 ], [ 7.5866121, 45.0655871 ], [ 7.5859487, 45.0656685 ], [ 7.5859256, 45.0652674 ] ] ] } },
{ "type": "Feature", "properties": { }, "geometry": { "type": "Polygon", "coordinates": [ [ [ 7.6008962, 45.0747096 ], [ 7.6012202, 45.0746816 ], [ 7.6012445, 45.0748329 ], [ 7.6009639, 45.0749442 ], [ 7.6008962, 45.0747096 ] ] ] } },
{ "type": "Feature", "properties": { }, "geometry": { "type": "Polygon", "coordinates": [ [ [ 7.7056499, 45.0512162 ], [ 7.7058403, 45.0509954 ], [ 7.7062125, 45.0509442 ], [ 7.7067348, 45.0517733 ], [ 7.7066215, 45.052219 ], [ 7.7065008, 45.0520944 ], [ 7.7066617, 45.0520504 ], [ 7.7064438, 45.0517316 ], [ 7.7061287, 45.0518443 ], [ 7.7063312, 45.0522025 ], [ 7.7057719, 45.0519334 ], [ 7.7056499, 45.0512162 ] ] ] } },
{ "type": "Feature", "properties": { }, "geometry": { "type": "Polygon", "coordinates": [ [ [ 7.7062896, 45.0520575 ], [ 7.706531, 45.0519703 ], [ 7.7065598, 45.0519822 ], [ 7.7064036, 45.0520509 ], [ 7.706468, 45.0521807 ], [ 7.7062896, 45.0520575 ] ] ] } },
{ "type": "Feature", "properties": { }, "geometry": { "type": "Polygon", "coordinates": [ [ [ 7.7060408, 45.0521399 ], [ 7.7064673, 45.0522915 ], [ 7.7064827, 45.0523588 ], [ 7.7060816, 45.0522839 ], [ 7.7060408, 45.0521399 ] ] ] } },
{ "type": "Feature", "properties": { }, "geometry": { "type": "Polygon", "coordinates": [ [ [ 7.7058028, 45.0521996 ], [ 7.7059878, 45.0521646 ], [ 7.706028, 45.0522893 ], [ 7.7058752, 45.0523038 ], [ 7.7058028, 45.0521996 ] ] ] } },
{ "type": "Feature", "properties": { }, "geometry": { "type": "Polygon", "coordinates": [ [ [ 7.7053347, 45.0526468 ], [ 7.7053864, 45.0524644 ], [ 7.7056794, 45.0525151 ], [ 7.7056143, 45.0527169 ], [ 7.7053347, 45.0526468 ] ] ] } },
{ "type": "Feature", "properties": { }, "geometry": { "type": "Polygon", "coordinates": [ [ [ 7.704117, 45.0526961 ], [ 7.7047728, 45.0523777 ], [ 7.7049062, 45.0523953 ], [ 7.7045394, 45.0529433 ], [ 7.7041867, 45.0529737 ], [ 7.704117, 45.0526961 ] ] ] } },
{ "type": "Feature", "properties": { }, "geometry": { "type": "Polygon", "coordinates": [ [ [ 7.5827174, 45.066515 ], [ 7.5829438, 45.0664879 ], [ 7.5829759, 45.0666068 ], [ 7.582762, 45.0666706 ], [ 7.5827174, 45.066515 ] ] ] } },
{ "type": "Feature", "properties": { }, "geometry": { "type": "Polygon", "coordinates": [ [ [ 7.5825523, 45.0666244 ], [ 7.5825508, 45.0665364 ], [ 7.5825734, 45.0666221 ], [ 7.5825523, 45.0666244 ] ] ] } },
{ "type": "Feature", "properties": { }, "geometry": { "type": "Polygon", "coordinates": [ [ [ 7.5825919, 45.0666416 ], [ 7.5826614, 45.0665222 ], [ 7.5826912, 45.0666275 ], [ 7.5825919, 45.0666416 ] ] ] } },
{ "type": "Feature", "properties": { }, "geometry": { "type": "Polygon", "coordinates": [ [ [ 7.5959233, 45.0720349 ], [ 7.5953971, 45.0719297 ], [ 7.5959315, 45.0719542 ], [ 7.5959233, 45.0720349 ] ] ] } },
{ "type": "Feature", "properties": { }, "geometry": { "type": "Polygon", "coordinates": [ [ [ 7.5955803, 45.0722285 ], [ 7.5956876, 45.0722072 ], [ 7.5957245, 45.0723606 ], [ 7.5956233, 45.0723746 ], [ 7.5955803, 45.0722285 ] ] ] } },
{ "type": "Feature", "properties": { }, "geometry": { "type": "Polygon", "coordinates": [ [ [ 7.595515, 45.0724668 ], [ 7.5957245, 45.0723606 ], [ 7.595742, 45.072435 ], [ 7.595515, 45.0724668 ] ] ] } },
{ "type": "Feature", "properties": { }, "geometry": { "type": "Polygon", "coordinates": [ [ [ 7.5952954, 45.0728445 ], [ 7.5952614, 45.0726579 ], [ 7.595309, 45.072659 ], [ 7.5952954, 45.0728445 ] ] ] } },
{ "type": "Feature", "properties": { "name": "Parco giochi" }, "geometry": { "type": "Polygon", "coordinates": [ [ [ 7.705481, 44.9947936 ], [ 7.7057695, 44.9947046 ], [ 7.7059569, 44.9950096 ], [ 7.705669, 44.9950984 ], [ 7.705481, 44.9947936 ] ] ] } },
{ "type": "Feature", "properties": { }, "geometry": { "type": "Polygon", "coordinates": [ [ [ 7.5959062, 45.0733333 ], [ 7.5957936, 45.0732881 ], [ 7.5959102, 45.0732928 ], [ 7.5959062, 45.0733333 ] ] ] } },
{ "type": "Feature", "properties": { }, "geometry": { "type": "Polygon", "coordinates": [ [ [ 7.5960356, 45.0733388 ], [ 7.5959231, 45.0732936 ], [ 7.5960397, 45.0732983 ], [ 7.5960356, 45.0733388 ] ] ] } },
{ "type": "Feature", "properties": { }, "geometry": { "type": "Polygon", "coordinates": [ [ [ 7.5961626, 45.0733434 ], [ 7.5960501, 45.0732982 ], [ 7.5961666, 45.0733029 ], [ 7.5961626, 45.0733434 ] ] ] } },
{ "type": "Feature", "properties": { }, "geometry": { "type": "Polygon", "coordinates": [ [ [ 7.5962724, 45.073348 ], [ 7.5961789, 45.0733031 ], [ 7.596276, 45.073307 ], [ 7.5962724, 45.073348 ] ] ] } },
{ "type": "Feature", "properties": { }, "geometry": { "type": "Polygon", "coordinates": [ [ [ 7.5966243, 45.0733627 ], [ 7.5964299, 45.0733115 ], [ 7.5966278, 45.0733188 ], [ 7.5966243, 45.0733627 ] ] ] } },
{ "type": "Feature", "properties": { }, "geometry": { "type": "Polygon", "coordinates": [ [ [ 7.5968024, 45.0733696 ], [ 7.596653, 45.0733197 ], [ 7.5968052, 45.0733253 ], [ 7.5968024, 45.0733696 ] ] ] } },
{ "type": "Feature", "properties": { }, "geometry": { "type": "Polygon", "coordinates": [ [ [ 7.5969795, 45.0733764 ], [ 7.5968301, 45.0733265 ], [ 7.5969823, 45.0733321 ], [ 7.5969795, 45.0733764 ] ] ] } },
{ "type": "Feature", "properties": { }, "geometry": { "type": "Polygon", "coordinates": [ [ [ 7.5971384, 45.0733816 ], [ 7.597005, 45.0733333 ], [ 7.5971414, 45.073338 ], [ 7.5971384, 45.0733816 ] ] ] } },
{ "type": "Feature", "properties": { }, "geometry": { "type": "Polygon", "coordinates": [ [ [ 7.5987676, 45.0734573 ], [ 7.59861, 45.0733688 ], [ 7.5987732, 45.0733743 ], [ 7.5987676, 45.0734573 ] ] ] } },
{ "type": "Feature", "properties": { }, "geometry": { "type": "Polygon", "coordinates": [ [ [ 7.5985267, 45.0734491 ], [ 7.5984, 45.073362 ], [ 7.5985322, 45.073366 ], [ 7.5985267, 45.0734491 ] ] ] } },
{ "type": "Feature", "properties": { }, "geometry": { "type": "Polygon", "coordinates": [ [ [ 7.5982667, 45.0734506 ], [ 7.5981677, 45.0733868 ], [ 7.598271, 45.0733905 ], [ 7.5982667, 45.0734506 ] ] ] } },
{ "type": "Feature", "properties": { }, "geometry": { "type": "Polygon", "coordinates": [ [ [ 7.5981016, 45.0734442 ], [ 7.5980025, 45.0733805 ], [ 7.5981058, 45.0733842 ], [ 7.5981016, 45.0734442 ] ] ] } },
{ "type": "Feature", "properties": { }, "geometry": { "type": "Polygon", "coordinates": [ [ [ 7.5887582, 45.0728621 ], [ 7.5882879, 45.0729136 ], [ 7.5889667, 45.072629 ], [ 7.5888337, 45.0729849 ], [ 7.5887582, 45.0728621 ] ] ] } },
{ "type": "Feature", "properties": { }, "geometry": { "type": "Polygon", "coordinates": [ [ [ 7.5982857, 45.0725652 ], [ 7.5982062, 45.0723937 ], [ 7.5984579, 45.0724038 ], [ 7.5983609, 45.073102 ], [ 7.5982471, 45.0730991 ], [ 7.5982857, 45.0725652 ] ] ] } },
{ "type": "Feature", "properties": { }, "geometry": { "type": "Polygon", "coordinates": [ [ [ 7.5989732, 45.073387 ], [ 7.5989584, 45.0731722 ], [ 7.5990325, 45.0731659 ], [ 7.5989732, 45.073387 ] ] ] } },
{ "type": "Feature", "properties": { }, "geometry": { "type": "Polygon", "coordinates": [ [ [ 7.5990478, 45.0734733 ], [ 7.5990137, 45.0734223 ], [ 7.5995181, 45.0734965 ], [ 7.5990478, 45.0734733 ] ] ] } },
{ "type": "Feature", "properties": { }, "geometry": { "type": "Polygon", "coordinates": [ [ [ 7.5989672, 45.0734692 ], [ 7.5989387, 45.0734188 ], [ 7.5989706, 45.0734203 ], [ 7.5989672, 45.0734692 ] ] ] } },
{ "type": "Feature", "properties": { }, "geometry": { "type": "Polygon", "coordinates": [ [ [ 7.5960591, 45.0725978 ], [ 7.5964981, 45.0725615 ], [ 7.5964243, 45.0726617 ], [ 7.5960591, 45.0725978 ] ] ] } },
{ "type": "Feature", "properties": { }, "geometry": { "type": "Polygon", "coordinates": [ [ [ 7.5962188, 45.0732811 ], [ 7.5963599, 45.0731584 ], [ 7.5963804, 45.0731591 ], [ 7.596386, 45.0732877 ], [ 7.5962188, 45.0732811 ] ] ] } },
{ "type": "Feature", "properties": { }, "geometry": { "type": "Polygon", "coordinates": [ [ [ 7.5964299, 45.073287 ], [ 7.5964411, 45.0731611 ], [ 7.5965896, 45.0732943 ], [ 7.5964299, 45.073287 ] ] ] } },
{ "type": "Feature", "properties": { }, "geometry": { "type": "Polygon", "coordinates": [ [ [ 7.5974322, 45.0731522 ], [ 7.5974878, 45.0730647 ], [ 7.5975015, 45.0731464 ], [ 7.5974322, 45.0731522 ] ] ] } },
{ "type": "Feature", "properties": { }, "geometry": { "type": "Polygon", "coordinates": [ [ [ 7.5973678, 45.0727651 ], [ 7.5974233, 45.0726776 ], [ 7.5974371, 45.0727593 ], [ 7.5973678, 45.0727651 ] ] ] } },
{ "type": "Feature", "properties": { }, "geometry": { "type": "Polygon", "coordinates": [ [ [ 7.5973859, 45.0728668 ], [ 7.5974415, 45.0727793 ], [ 7.5974552, 45.072861 ], [ 7.5973859, 45.0728668 ] ] ] } },
{ "type": "Feature", "properties": { }, "geometry": { "type": "Polygon", "coordinates": [ [ [ 7.5974154, 45.073048 ], [ 7.5974583, 45.0728853 ], [ 7.597485, 45.0730421 ], [ 7.5974154, 45.073048 ] ] ] } },
{ "type": "Feature", "properties": { }, "geometry": { "type": "Polygon", "coordinates": [ [ [ 7.567377, 45.0899568 ], [ 7.5676476, 45.0899023 ], [ 7.5675971, 45.0904771 ], [ 7.5680144, 45.0903744 ], [ 7.5680238, 45.0905055 ], [ 7.5674146, 45.0905351 ], [ 7.567377, 45.0899568 ] ] ] } },
{ "type": "Feature", "properties": { }, "geometry": { "type": "Polygon", "coordinates": [ [ [ 7.5677757, 45.0903565 ], [ 7.5678565, 45.0902815 ], [ 7.5678616, 45.0903531 ], [ 7.5677757, 45.0903565 ] ] ] } },
{ "type": "Feature", "properties": { }, "geometry": { "type": "Polygon", "coordinates": [ [ [ 7.5677686, 45.0902549 ], [ 7.5678459, 45.0901301 ], [ 7.5678545, 45.0902528 ], [ 7.5677686, 45.0902549 ] ] ] } },
{ "type": "Feature", "properties": { }, "geometry": { "type": "Polygon", "coordinates": [ [ [ 7.5677047, 45.0898907 ], [ 7.5678306, 45.0899127 ], [ 7.5678438, 45.0901001 ], [ 7.5677578, 45.0901026 ], [ 7.5677047, 45.0898907 ] ] ] } },
{ "type": "Feature", "properties": { }, "geometry": { "type": "Polygon", "coordinates": [ [ [ 7.6005706, 45.0735658 ], [ 7.6006103, 45.0734575 ], [ 7.6007547, 45.0734176 ], [ 7.6007439, 45.0735738 ], [ 7.6005706, 45.0735658 ] ] ] } },
{ "type": "Feature", "properties": { }, "geometry": { "type": "Polygon", "coordinates": [ [ [ 7.6012581, 45.0734 ], [ 7.6011336, 45.0733385 ], [ 7.6012628, 45.0733426 ], [ 7.6012581, 45.0734 ] ] ] } },
{ "type": "Feature", "properties": { }, "geometry": { "type": "Polygon", "coordinates": [ [ [ 7.6011563, 45.0733064 ], [ 7.6011719, 45.0731207 ], [ 7.6012806, 45.0731261 ], [ 7.6012655, 45.0733098 ], [ 7.6011563, 45.0733064 ] ] ] } },
{ "type": "Feature", "properties": { }, "geometry": { "type": "Polygon", "coordinates": [ [ [ 7.6016847, 45.0735513 ], [ 7.6017055, 45.0733099 ], [ 7.6020263, 45.0733245 ], [ 7.6020069, 45.073566 ], [ 7.6016847, 45.0735513 ] ] ] } },
{ "type": "Feature", "properties": { }, "geometry": { "type": "Polygon", "coordinates": [ [ [ 7.6021516, 45.0732332 ], [ 7.6024753, 45.073219 ], [ 7.6024565, 45.0734257 ], [ 7.602295, 45.0734215 ], [ 7.6023445, 45.0732425 ], [ 7.6021516, 45.0732332 ] ] ] } },
{ "type": "Feature", "properties": { }, "geometry": { "type": "Polygon", "coordinates": [ [ [ 7.6025723, 45.0734505 ], [ 7.6024637, 45.0733464 ], [ 7.6025822, 45.0733522 ], [ 7.6025723, 45.0734505 ] ] ] } },
{ "type": "Feature", "properties": { }, "geometry": { "type": "Polygon", "coordinates": [ [ [ 7.6027988, 45.0732555 ], [ 7.6025995, 45.0731356 ], [ 7.6028094, 45.0731455 ], [ 7.6027988, 45.0732555 ] ] ] } },
{ "type": "Feature", "properties": { }, "geometry": { "type": "Polygon", "coordinates": [ [ [ 7.6602828, 45.0251202 ], [ 7.6604668, 45.0250879 ], [ 7.6604117, 45.0249394 ], [ 7.6617346, 45.0246838 ], [ 7.6619498, 45.0252351 ], [ 7.6605016, 45.0255203 ], [ 7.6602828, 45.0251202 ] ] ] } },
{ "type": "Feature", "properties": { }, "geometry": { "type": "Polygon", "coordinates": [ [ [ 7.7263132, 45.1050004 ], [ 7.7265372, 45.1048219 ], [ 7.7266995, 45.1051267 ], [ 7.7266237, 45.1051442 ], [ 7.7263132, 45.1050004 ] ] ] } },
{ "type": "Feature", "properties": { }, "geometry": { "type": "Polygon", "coordinates": [ [ [ 7.7152805, 45.0940651 ], [ 7.7156198, 45.0941541 ], [ 7.7165773, 45.0948575 ], [ 7.7164003, 45.0949749 ], [ 7.7152805, 45.0940651 ] ] ] } },
{ "type": "Feature", "properties": { }, "geometry": { "type": "Polygon", "coordinates": [ [ [ 7.717445, 45.0951594 ], [ 7.7176643, 45.0950128 ], [ 7.7175644, 45.0952457 ], [ 7.717445, 45.0951594 ] ] ] } },
{ "type": "Feature", "properties": { }, "geometry": { "type": "Polygon", "coordinates": [ [ [ 7.7223861, 45.0987492 ], [ 7.7242471, 45.0975045 ], [ 7.7246051, 45.0971163 ], [ 7.7279606, 45.0947656 ], [ 7.7289208, 45.0948035 ], [ 7.7288869, 45.0945166 ], [ 7.7289985, 45.0944911 ], [ 7.7293571, 45.094727 ], [ 7.7299809, 45.0947663 ], [ 7.7322541, 45.0941165 ], [ 7.731937, 45.0943936 ], [ 7.7301332, 45.0948253 ], [ 7.7280746, 45.0955391 ], [ 7.7262976, 45.0964745 ], [ 7.7252167, 45.0972678 ], [ 7.7250008, 45.0970784 ], [ 7.7246963, 45.0971097 ], [ 7.724467, 45.097317 ], [ 7.7246816, 45.0976578 ], [ 7.7228818, 45.0988592 ], [ 7.7223861, 45.0987492 ] ] ] } },
{ "type": "Feature", "properties": { }, "geometry": { "type": "Polygon", "coordinates": [ [ [ 7.7003567, 45.128618 ], [ 7.7032383, 45.1281299 ], [ 7.7030879, 45.1285235 ], [ 7.702756, 45.1285748 ], [ 7.7027108, 45.1289465 ], [ 7.7030099, 45.1290106 ], [ 7.7029538, 45.1310598 ], [ 7.7003567, 45.128618 ] ] ] } },
{ "type": "Feature", "properties": { }, "geometry": { "type": "Polygon", "coordinates": [ [ [ 7.7264163, 45.1040356 ], [ 7.7268967, 45.1039172 ], [ 7.7266974, 45.1039958 ], [ 7.7268444, 45.1042714 ], [ 7.7270574, 45.1042148 ], [ 7.7273263, 45.1047274 ], [ 7.7268422, 45.1048523 ], [ 7.7267443, 45.1044801 ], [ 7.726871, 45.1043472 ], [ 7.7265565, 45.1042875 ], [ 7.7264163, 45.1040356 ] ] ] } },
{ "type": "Feature", "properties": { }, "geometry": { "type": "Polygon", "coordinates": [ [ [ 7.7272783, 45.1048767 ], [ 7.7276973, 45.1049117 ], [ 7.7276761, 45.1051869 ], [ 7.7280985, 45.1053023 ], [ 7.7281129, 45.105157 ], [ 7.7278977, 45.1051463 ], [ 7.7279159, 45.1049109 ], [ 7.728374, 45.1049362 ], [ 7.7283905, 45.1047824 ], [ 7.7274835, 45.1048219 ], [ 7.7284551, 45.1045621 ], [ 7.728382, 45.1052517 ], [ 7.7277758, 45.1053985 ], [ 7.727641, 45.105138 ], [ 7.7276484, 45.104992 ], [ 7.7273333, 45.1049811 ], [ 7.7272783, 45.1048767 ] ] ] } },
{ "type": "Feature", "properties": { }, "geometry": { "type": "Polygon", "coordinates": [ [ [ 7.7269708, 45.1050715 ], [ 7.7272723, 45.105002 ], [ 7.7273831, 45.1052124 ], [ 7.7271421, 45.1051829 ], [ 7.7269708, 45.1050715 ] ] ] } },
{ "type": "Feature", "properties": { }, "geometry": { "type": "Polygon", "coordinates": [ [ [ 7.7289897, 45.1055384 ], [ 7.7290314, 45.1051238 ], [ 7.7295444, 45.1051022 ], [ 7.7294985, 45.1055513 ], [ 7.7297091, 45.1055623 ], [ 7.7298156, 45.1051166 ], [ 7.7297234, 45.1058011 ], [ 7.7290359, 45.105728 ], [ 7.7295487, 45.1057097 ], [ 7.7295636, 45.1055686 ], [ 7.7289897, 45.1055384 ] ] ] } },
{ "type": "Feature", "properties": { }, "geometry": { "type": "Polygon", "coordinates": [ [ [ 7.7281226, 45.1057642 ], [ 7.728132, 45.1056386 ], [ 7.7289244, 45.1056819 ], [ 7.7289201, 45.1057241 ], [ 7.7281226, 45.1057642 ] ] ] } },
{ "type": "Feature", "properties": { }, "geometry": { "type": "Polygon", "coordinates": [ [ [ 7.727798, 45.1054368 ], [ 7.7284256, 45.105284 ], [ 7.728444, 45.1051363 ], [ 7.7289852, 45.1050762 ], [ 7.7289387, 45.1055387 ], [ 7.728046, 45.1054883 ], [ 7.7279379, 45.1056617 ], [ 7.727798, 45.1054368 ] ] ] } },
{ "type": "Feature", "properties": { }, "geometry": { "type": "Polygon", "coordinates": [ [ [ 7.7284662, 45.1050129 ], [ 7.7285144, 45.104551 ], [ 7.728786, 45.1044341 ], [ 7.7290013, 45.1045434 ], [ 7.728894, 45.1043737 ], [ 7.7296393, 45.1045585 ], [ 7.7296909, 45.1043836 ], [ 7.7298876, 45.1043921 ], [ 7.7298582, 45.1046931 ], [ 7.7285224, 45.1046533 ], [ 7.7285121, 45.1048023 ], [ 7.7298499, 45.104777 ], [ 7.72982, 45.1050787 ], [ 7.7284662, 45.1050129 ] ] ] } },
{ "type": "Feature", "properties": { }, "geometry": { "type": "Polygon", "coordinates": [ [ [ 7.727011, 45.1036281 ], [ 7.7276243, 45.1033156 ], [ 7.7279964, 45.1039995 ], [ 7.7274761, 45.1040226 ], [ 7.727454, 45.1037055 ], [ 7.7277128, 45.1036969 ], [ 7.7276784, 45.1035248 ], [ 7.7272272, 45.1035661 ], [ 7.7272358, 45.1036836 ], [ 7.727011, 45.1036281 ] ] ] } },
{ "type": "Feature", "properties": { }, "geometry": { "type": "Polygon", "coordinates": [ [ [ 7.7271801, 45.1041405 ], [ 7.7274455, 45.1044445 ], [ 7.7280898, 45.1044005 ], [ 7.7280838, 45.1042772 ], [ 7.7281909, 45.1044896 ], [ 7.7274486, 45.1046912 ], [ 7.7271801, 45.1041405 ] ] ] } },
{ "type": "Feature", "properties": { }, "geometry": { "type": "Polygon", "coordinates": [ [ [ 7.727173, 45.1040754 ], [ 7.7280179, 45.1040381 ], [ 7.7281232, 45.1042295 ], [ 7.7275733, 45.1042671 ], [ 7.7275626, 45.1041176 ], [ 7.7278831, 45.1040674 ], [ 7.727173, 45.1040754 ] ] ] } },
{ "type": "Feature", "properties": { }, "geometry": { "type": "Polygon", "coordinates": [ [ [ 7.7276727, 45.1032957 ], [ 7.7278956, 45.1032007 ], [ 7.7278148, 45.1030496 ], [ 7.7280147, 45.1029621 ], [ 7.728024, 45.1030616 ], [ 7.7282413, 45.1030757 ], [ 7.7280693, 45.1031271 ], [ 7.7282386, 45.1034503 ], [ 7.7283906, 45.1034065 ], [ 7.7282996, 45.1032048 ], [ 7.7284696, 45.1033564 ], [ 7.72843, 45.1034621 ], [ 7.7278146, 45.1035566 ], [ 7.7276727, 45.1032957 ] ] ] } },
{ "type": "Feature", "properties": { }, "geometry": { "type": "Polygon", "coordinates": [ [ [ 7.7281201, 45.1035212 ], [ 7.7284278, 45.1035175 ], [ 7.7285759, 45.1037935 ], [ 7.7282444, 45.1037501 ], [ 7.7281201, 45.1035212 ] ] ] } },
{ "type": "Feature", "properties": { }, "geometry": { "type": "Polygon", "coordinates": [ [ [ 7.7279938, 45.1038859 ], [ 7.7282175, 45.1038245 ], [ 7.7284424, 45.1042139 ], [ 7.7282073, 45.1042782 ], [ 7.7279938, 45.1038859 ] ] ] } },
{ "type": "Feature", "properties": { }, "geometry": { "type": "Polygon", "coordinates": [ [ [ 7.728513, 45.1038604 ], [ 7.7285967, 45.1038329 ], [ 7.7286904, 45.1039977 ], [ 7.7285943, 45.1040232 ], [ 7.728513, 45.1038604 ] ] ] } },
{ "type": "Feature", "properties": { }, "geometry": { "type": "Polygon", "coordinates": [ [ [ 7.7283345, 45.1030012 ], [ 7.7291467, 45.1027657 ], [ 7.7292732, 45.1029952 ], [ 7.7286451, 45.1030824 ], [ 7.7287042, 45.103196 ], [ 7.7285407, 45.1033493 ], [ 7.7283345, 45.1030012 ] ] ] } },
{ "type": "Feature", "properties": { }, "geometry": { "type": "Polygon", "coordinates": [ [ [ 7.7287405, 45.1032982 ], [ 7.729244, 45.1031695 ], [ 7.7293038, 45.1030482 ], [ 7.7294334, 45.1032733 ], [ 7.7292812, 45.1032085 ], [ 7.7287954, 45.1034015 ], [ 7.7287405, 45.1032982 ] ] ] } },
{ "type": "Feature", "properties": { "name": "Giardino di via Cardinal Fossati" }, "geometry": { "type": "Polygon", "coordinates": [ [ [ 7.6338139, 45.0679761 ], [ 7.634139, 45.0678897 ], [ 7.6345948, 45.0687839 ], [ 7.6342478, 45.0689135 ], [ 7.6338139, 45.0679761 ] ] ] } },
{ "type": "Feature", "properties": { }, "geometry": { "type": "Polygon", "coordinates": [ [ [ 7.6346106, 45.0680827 ], [ 7.634916, 45.068014 ], [ 7.6350431, 45.068302 ], [ 7.6350223, 45.0684971 ], [ 7.6346685, 45.0687546 ], [ 7.6347628, 45.0683474 ], [ 7.6349432, 45.0683034 ], [ 7.6348955, 45.0682058 ], [ 7.6346977, 45.0682532 ], [ 7.6346106, 45.0680827 ] ] ] } },
{ "type": "Feature", "properties": { }, "geometry": { "type": "Polygon", "coordinates": [ [ [ 7.6026117, 45.0730001 ], [ 7.6025017, 45.0729036 ], [ 7.6028274, 45.0729173 ], [ 7.6028094, 45.0731455 ], [ 7.6025995, 45.0731356 ], [ 7.6026117, 45.0730001 ] ] ] } },
{ "type": "Feature", "properties": { }, "geometry": { "type": "Polygon", "coordinates": [ [ [ 7.6026468, 45.0728245 ], [ 7.6025154, 45.0727265 ], [ 7.6026546, 45.0727332 ], [ 7.6026468, 45.0728245 ] ] ] } },
{ "type": "Feature", "properties": { }, "geometry": { "type": "Polygon", "coordinates": [ [ [ 7.6026506, 45.0727202 ], [ 7.6025221, 45.0726357 ], [ 7.6026577, 45.0726403 ], [ 7.6026506, 45.0727202 ] ] ] } },
{ "type": "Feature", "properties": { }, "geometry": { "type": "Polygon", "coordinates": [ [ [ 7.6026373, 45.0726138 ], [ 7.6025312, 45.072515 ], [ 7.6026447, 45.0725204 ], [ 7.6026373, 45.0726138 ] ] ] } },
{ "type": "Feature", "properties": { }, "geometry": { "type": "Polygon", "coordinates": [ [ [ 7.7290399, 45.1008164 ], [ 7.7291758, 45.1006069 ], [ 7.7294665, 45.1006685 ], [ 7.7293781, 45.1008456 ], [ 7.7290399, 45.1008164 ] ] ] } },
{ "type": "Feature", "properties": { }, "geometry": { "type": "Polygon", "coordinates": [ [ [ 7.7291395, 45.1013151 ], [ 7.7292537, 45.101284 ], [ 7.7293153, 45.1009399 ], [ 7.7294319, 45.1009481 ], [ 7.7292845, 45.1013761 ], [ 7.7291395, 45.1013151 ] ] ] } },
{ "type": "Feature", "properties": { }, "geometry": { "type": "Polygon", "coordinates": [ [ [ 7.7284727, 45.1020525 ], [ 7.7290399, 45.1008164 ], [ 7.7292205, 45.1008322 ], [ 7.7290705, 45.1008639 ], [ 7.7292006, 45.1008556 ], [ 7.729083, 45.1009192 ], [ 7.7290213, 45.1012633 ], [ 7.7291134, 45.1013126 ], [ 7.7289015, 45.1012925 ], [ 7.7288498, 45.10143 ], [ 7.7289932, 45.1014458 ], [ 7.7289018, 45.1014901 ], [ 7.7289069, 45.1018791 ], [ 7.7286936, 45.1018585 ], [ 7.7285742, 45.1020041 ], [ 7.7288179, 45.1020181 ], [ 7.7287145, 45.1020638 ], [ 7.7287339, 45.1024696 ], [ 7.7285085, 45.1024462 ], [ 7.7285116, 45.1025983 ], [ 7.7290636, 45.1026039 ], [ 7.7284971, 45.1026977 ], [ 7.7284727, 45.1020525 ] ] ] } },
{ "type": "Feature", "properties": { }, "geometry": { "type": "Polygon", "coordinates": [ [ [ 7.728936, 45.1018819 ], [ 7.7290428, 45.1018535 ], [ 7.729025, 45.1014493 ], [ 7.7292652, 45.1014313 ], [ 7.729083, 45.1019509 ], [ 7.728936, 45.1018819 ] ] ] } },
{ "type": "Feature", "properties": { }, "geometry": { "type": "Polygon", "coordinates": [ [ [ 7.7287612, 45.1024701 ], [ 7.7288735, 45.102424 ], [ 7.7288509, 45.1020213 ], [ 7.7290665, 45.1020006 ], [ 7.7290239, 45.102487 ], [ 7.7287612, 45.1024701 ] ] ] } },
{ "type": "Feature", "properties": { }, "geometry": { "type": "Polygon", "coordinates": [ [ [ 7.7279736, 45.1026669 ], [ 7.7279902, 45.1025255 ], [ 7.7283533, 45.1024895 ], [ 7.7282538, 45.1025442 ], [ 7.7283168, 45.1026826 ], [ 7.7279736, 45.1026669 ] ] ] } },
{ "type": "Feature", "properties": { }, "geometry": { "type": "Polygon", "coordinates": [ [ [ 7.7283691, 45.1016602 ], [ 7.7280492, 45.1015513 ], [ 7.7285424, 45.1016214 ], [ 7.728473, 45.1018301 ], [ 7.7283691, 45.1016602 ] ] ] } },
{ "type": "Feature", "properties": { }, "geometry": { "type": "Polygon", "coordinates": [ [ [ 7.7280492, 45.1015513 ], [ 7.7283396, 45.1008238 ], [ 7.7284766, 45.1008354 ], [ 7.7282613, 45.1015814 ], [ 7.7280492, 45.1015513 ] ] ] } },
{ "type": "Feature", "properties": { }, "geometry": { "type": "Polygon", "coordinates": [ [ [ 7.7276063, 45.1020261 ], [ 7.7279031, 45.1019962 ], [ 7.7279239, 45.1021572 ], [ 7.7276434, 45.1021026 ], [ 7.7276063, 45.1020261 ] ] ] } },
{ "type": "Feature", "properties": { }, "geometry": { "type": "Polygon", "coordinates": [ [ [ 7.7270413, 45.1017407 ], [ 7.7273698, 45.1017738 ], [ 7.7273011, 45.1019461 ], [ 7.7271398, 45.1018204 ], [ 7.7270413, 45.1017407 ] ] ] } },
{ "type": "Feature", "properties": { }, "geometry": { "type": "Polygon", "coordinates": [ [ [ 7.7273862, 45.1013515 ], [ 7.7274616, 45.101233 ], [ 7.727588, 45.101259 ], [ 7.727537, 45.1013825 ], [ 7.7273862, 45.1013515 ] ] ] } },
{ "type": "Feature", "properties": { }, "geometry": { "type": "Polygon", "coordinates": [ [ [ 7.7274047, 45.1011652 ], [ 7.7275904, 45.1011561 ], [ 7.7276664, 45.1009625 ], [ 7.7279867, 45.1008634 ], [ 7.7278399, 45.1012501 ], [ 7.7274047, 45.1011652 ] ] ] } },
{ "type": "Feature", "properties": { }, "geometry": { "type": "Polygon", "coordinates": [ [ [ 7.7270566, 45.1013584 ], [ 7.7272668, 45.1011413 ], [ 7.7273203, 45.1013879 ], [ 7.7272006, 45.1017002 ], [ 7.7270754, 45.101679 ], [ 7.7270566, 45.1013584 ] ] ] } },
{ "type": "Feature", "properties": { }, "geometry": { "type": "Polygon", "coordinates": [ [ [ 7.7268213, 45.1011072 ], [ 7.7272111, 45.1011596 ], [ 7.7271365, 45.1013586 ], [ 7.7269161, 45.1013924 ], [ 7.7268213, 45.1011072 ] ] ] } },
{ "type": "Feature", "properties": { }, "geometry": { "type": "Polygon", "coordinates": [ [ [ 7.7266724, 45.100868 ], [ 7.7268752, 45.1008619 ], [ 7.72703, 45.1011026 ], [ 7.7266771, 45.1011754 ], [ 7.7266724, 45.100868 ] ] ] } },
{ "type": "Feature", "properties": { }, "geometry": { "type": "Polygon", "coordinates": [ [ [ 7.7253651, 45.1013367 ], [ 7.7260257, 45.1012424 ], [ 7.7262268, 45.1014033 ], [ 7.7257628, 45.1017185 ], [ 7.725974, 45.101851 ], [ 7.7255583, 45.101993 ], [ 7.7254544, 45.1018014 ], [ 7.7257345, 45.1016344 ], [ 7.7255724, 45.1013999 ], [ 7.7253651, 45.1013367 ] ] ] } },
{ "type": "Feature", "properties": { }, "geometry": { "type": "Polygon", "coordinates": [ [ [ 7.7261235, 45.1013207 ], [ 7.7262111, 45.1007049 ], [ 7.7263975, 45.1007172 ], [ 7.7264462, 45.1009159 ], [ 7.7262268, 45.1014033 ], [ 7.7261235, 45.1013207 ] ] ] } },
{ "type": "Feature", "properties": { }, "geometry": { "type": "Polygon", "coordinates": [ [ [ 7.728545, 45.1003963 ], [ 7.7284112, 45.1001834 ], [ 7.7288081, 45.1002331 ], [ 7.728545, 45.1003963 ] ] ] } },
{ "type": "Feature", "properties": { }, "geometry": { "type": "Polygon", "coordinates": [ [ [ 7.6023174, 45.0717934 ], [ 7.6023051, 45.071687 ], [ 7.6023269, 45.0716884 ], [ 7.6023174, 45.0717934 ] ] ] } },
{ "type": "Feature", "properties": { }, "geometry": { "type": "Polygon", "coordinates": [ [ [ 7.7108341, 45.1198658 ], [ 7.7109435, 45.1196303 ], [ 7.7111398, 45.1199967 ], [ 7.7109628, 45.1199892 ], [ 7.7108341, 45.1198658 ] ] ] } },
{ "type": "Feature", "properties": { }, "geometry": { "type": "Polygon", "coordinates": [ [ [ 7.5971084, 45.0715888 ], [ 7.5970816, 45.0712387 ], [ 7.5971417, 45.0715863 ], [ 7.5971084, 45.0715888 ] ] ] } },
{ "type": "Feature", "properties": { }, "geometry": { "type": "Polygon", "coordinates": [ [ [ 7.5972172, 45.0712008 ], [ 7.597218, 45.0710492 ], [ 7.5975066, 45.0710545 ], [ 7.5975072, 45.0712016 ], [ 7.5972172, 45.0712008 ] ] ] } },
{ "type": "Feature", "properties": { }, "geometry": { "type": "Polygon", "coordinates": [ [ [ 7.5991548, 45.071172 ], [ 7.5993952, 45.0711213 ], [ 7.5993905, 45.0711949 ], [ 7.5991548, 45.071172 ] ] ] } },
{ "type": "Feature", "properties": { }, "geometry": { "type": "Polygon", "coordinates": [ [ [ 7.5988996, 45.0716341 ], [ 7.5988342, 45.0715288 ], [ 7.5989397, 45.0715517 ], [ 7.5988996, 45.0716341 ] ] ] } },
{ "type": "Feature", "properties": { }, "geometry": { "type": "Polygon", "coordinates": [ [ [ 7.5988385, 45.0714764 ], [ 7.5988524, 45.0713082 ], [ 7.5989328, 45.0713124 ], [ 7.5989328, 45.0714668 ], [ 7.5988385, 45.0714764 ] ] ] } },
{ "type": "Feature", "properties": { }, "geometry": { "type": "Polygon", "coordinates": [ [ [ 7.5986897, 45.0711403 ], [ 7.5989614, 45.0711167 ], [ 7.5989534, 45.0712453 ], [ 7.5988656, 45.0711475 ], [ 7.5986897, 45.0711403 ] ] ] } },
{ "type": "Feature", "properties": { }, "geometry": { "type": "Polygon", "coordinates": [ [ [ 7.6082896, 45.0806855 ], [ 7.609114, 45.0806642 ], [ 7.6091442, 45.0813279 ], [ 7.6086833, 45.0814235 ], [ 7.6085415, 45.0817704 ], [ 7.6083452, 45.0817059 ], [ 7.608323, 45.0812243 ], [ 7.6088567, 45.0812723 ], [ 7.6088384, 45.0809149 ], [ 7.6082961, 45.0809382 ], [ 7.6082896, 45.0806855 ] ] ] } },
{ "type": "Feature", "properties": { }, "geometry": { "type": "Polygon", "coordinates": [ [ [ 7.6067796, 45.0807567 ], [ 7.6068723, 45.0806568 ], [ 7.6080939, 45.0806241 ], [ 7.6082055, 45.080824 ], [ 7.6071086, 45.0808632 ], [ 7.6071449, 45.0815723 ], [ 7.6076451, 45.0815595 ], [ 7.6076451, 45.081725 ], [ 7.6069267, 45.0818158 ], [ 7.606832, 45.0817398 ], [ 7.6067796, 45.0807567 ] ] ] } },
{ "type": "Feature", "properties": { }, "geometry": { "type": "Polygon", "coordinates": [ [ [ 7.6077349, 45.0815573 ], [ 7.6082349, 45.0815445 ], [ 7.608238, 45.0817257 ], [ 7.6077823, 45.0817842 ], [ 7.6077349, 45.0815573 ] ] ] } },
{ "type": "Feature", "properties": { }, "geometry": { "type": "Polygon", "coordinates": [ [ [ 7.6018872, 45.0720306 ], [ 7.6018299, 45.071919 ], [ 7.6018975, 45.0719231 ], [ 7.6018872, 45.0720306 ] ] ] } },
{ "type": "Feature", "properties": { }, "geometry": { "type": "Polygon", "coordinates": [ [ [ 7.6019555, 45.0717077 ], [ 7.6021765, 45.0716916 ], [ 7.6021596, 45.0718896 ], [ 7.602108, 45.0717139 ], [ 7.6019555, 45.0717077 ] ] ] } },
{ "type": "Feature", "properties": { }, "geometry": { "type": "Polygon", "coordinates": [ [ [ 7.5851149, 45.0696724 ], [ 7.5852244, 45.0696625 ], [ 7.5852427, 45.0697738 ], [ 7.585133, 45.0697837 ], [ 7.5851149, 45.0696724 ] ] ] } },
{ "type": "Feature", "properties": { }, "geometry": { "type": "Polygon", "coordinates": [ [ [ 7.6206832, 45.0751185 ], [ 7.6208998, 45.0750598 ], [ 7.6209312, 45.0751206 ], [ 7.6207391, 45.0751889 ], [ 7.6206832, 45.0751185 ] ] ] } },
{ "type": "Feature", "properties": { }, "geometry": { "type": "Polygon", "coordinates": [ [ [ 7.5841348, 45.0693276 ], [ 7.5842672, 45.0693173 ], [ 7.5842461, 45.0691957 ], [ 7.5843573, 45.0691864 ], [ 7.5843813, 45.0693305 ], [ 7.5841348, 45.0693276 ] ] ] } },
{ "type": "Feature", "properties": { }, "geometry": { "type": "Polygon", "coordinates": [ [ [ 7.5817904, 45.0722107 ], [ 7.5816952, 45.0718627 ], [ 7.5818401, 45.0722 ], [ 7.5817904, 45.0722107 ] ] ] } },
{ "type": "Feature", "properties": { }, "geometry": { "type": "Polygon", "coordinates": [ [ [ 7.581594, 45.0721889 ], [ 7.5815251, 45.0718936 ], [ 7.5816446, 45.0721783 ], [ 7.581594, 45.0721889 ] ] ] } },
{ "type": "Feature", "properties": { }, "geometry": { "type": "Polygon", "coordinates": [ [ [ 7.6204118, 45.0368216 ], [ 7.6206004, 45.0367745 ], [ 7.6211007, 45.0373842 ], [ 7.6209697, 45.0374441 ], [ 7.6204118, 45.0368216 ] ] ] } },
{ "type": "Feature", "properties": { }, "geometry": { "type": "Polygon", "coordinates": [ [ [ 7.6201864, 45.0368676 ], [ 7.6203608, 45.0368278 ], [ 7.6205593, 45.0370447 ], [ 7.6204069, 45.0371105 ], [ 7.6201864, 45.0368676 ] ] ] } },
{ "type": "Feature", "properties": { }, "geometry": { "type": "Polygon", "coordinates": [ [ [ 7.620456, 45.0371576 ], [ 7.6205945, 45.0370965 ], [ 7.6207733, 45.0372953 ], [ 7.6206458, 45.0373585 ], [ 7.620456, 45.0371576 ] ] ] } },
{ "type": "Feature", "properties": { }, "geometry": { "type": "Polygon", "coordinates": [ [ [ 7.620692, 45.0374201 ], [ 7.6208253, 45.0373606 ], [ 7.6208935, 45.0376215 ], [ 7.6208268, 45.0376485 ], [ 7.620692, 45.0374201 ] ] ] } },
{ "type": "Feature", "properties": { }, "geometry": { "type": "Polygon", "coordinates": [ [ [ 7.6210642, 45.0379136 ], [ 7.6209448, 45.0376759 ], [ 7.6211353, 45.0378815 ], [ 7.6210642, 45.0379136 ] ] ] } },
{ "type": "Feature", "properties": { }, "geometry": { "type": "Polygon", "coordinates": [ [ [ 7.621391, 45.0382253 ], [ 7.6215302, 45.038157 ], [ 7.6217259, 45.0383724 ], [ 7.6215837, 45.0384226 ], [ 7.621391, 45.0382253 ] ] ] } },
{ "type": "Feature", "properties": { }, "geometry": { "type": "Polygon", "coordinates": [ [ [ 7.6211309, 45.0379726 ], [ 7.6212342, 45.0379364 ], [ 7.6213258, 45.0381093 ], [ 7.6213559, 45.0379726 ], [ 7.6214826, 45.0381021 ], [ 7.6213471, 45.0381606 ], [ 7.6211309, 45.0379726 ] ] ] } },
{ "type": "Feature", "properties": { }, "geometry": { "type": "Polygon", "coordinates": [ [ [ 7.6214553, 45.0385664 ], [ 7.6217929, 45.0384458 ], [ 7.6219476, 45.0386944 ], [ 7.6215114, 45.038626 ], [ 7.6214553, 45.0385664 ] ] ] } },
{ "type": "Feature", "properties": { "name": "Giardino Rocco Scotellaro" }, "geometry": { "type": "Polygon", "coordinates": [ [ [ 7.5815312, 45.0689135 ], [ 7.5824062, 45.0687437 ], [ 7.5824579, 45.0692472 ], [ 7.5815691, 45.0693141 ], [ 7.5815312, 45.0689135 ] ] ] } },
{ "type": "Feature", "properties": { }, "geometry": { "type": "Polygon", "coordinates": [ [ [ 7.6217737, 45.0380214 ], [ 7.6218868, 45.037966 ], [ 7.6220796, 45.0381495 ], [ 7.6224266, 45.0379734 ], [ 7.6223302, 45.0378775 ], [ 7.6225163, 45.0377879 ], [ 7.6228525, 45.0381301 ], [ 7.6221955, 45.0384526 ], [ 7.6217737, 45.0380214 ] ] ] } },
{ "type": "Feature", "properties": { }, "geometry": { "type": "Polygon", "coordinates": [ [ [ 7.6197247, 45.0370026 ], [ 7.6201299, 45.0368752 ], [ 7.6202046, 45.0370088 ], [ 7.6197994, 45.0371321 ], [ 7.6197247, 45.0370026 ] ] ] } },
{ "type": "Feature", "properties": { }, "geometry": { "type": "Polygon", "coordinates": [ [ [ 7.6215055, 45.0375408 ], [ 7.6218564, 45.0373755 ], [ 7.622055, 45.037577 ], [ 7.6217025, 45.0377591 ], [ 7.6215055, 45.0375408 ] ] ] } },
{ "type": "Feature", "properties": { }, "geometry": { "type": "Polygon", "coordinates": [ [ [ 7.6017392, 45.0715951 ], [ 7.6017486, 45.0714916 ], [ 7.6018711, 45.0714975 ], [ 7.6018622, 45.0716007 ], [ 7.6017392, 45.0715951 ] ] ] } },
{ "type": "Feature", "properties": { }, "geometry": { "type": "Polygon", "coordinates": [ [ [ 7.6016418, 45.0711918 ], [ 7.602219, 45.0711941 ], [ 7.6021918, 45.0715128 ], [ 7.6018276, 45.0714518 ], [ 7.6021681, 45.0713991 ], [ 7.602185, 45.0712101 ], [ 7.6016418, 45.0711918 ] ] ] } },
{ "type": "Feature", "properties": { }, "geometry": { "type": "Polygon", "coordinates": [ [ [ 7.6381145, 45.0249781 ], [ 7.6382176, 45.0249091 ], [ 7.638224, 45.024917 ], [ 7.6381145, 45.0249781 ] ] ] } },
{ "type": "Feature", "properties": { }, "geometry": { "type": "Polygon", "coordinates": [ [ [ 7.6383828, 45.0248943 ], [ 7.6384892, 45.0248574 ], [ 7.6385512, 45.0249467 ], [ 7.6384449, 45.0249836 ], [ 7.6383828, 45.0248943 ] ] ] } },
{ "type": "Feature", "properties": { }, "geometry": { "type": "Polygon", "coordinates": [ [ [ 7.6382839, 45.0247618 ], [ 7.6383903, 45.0247249 ], [ 7.6384523, 45.0248142 ], [ 7.638346, 45.0248511 ], [ 7.6382839, 45.0247618 ] ] ] } },
{ "type": "Feature", "properties": { }, "geometry": { "type": "Polygon", "coordinates": [ [ [ 7.5850805, 45.0692873 ], [ 7.5851769, 45.0692063 ], [ 7.5851895, 45.0692775 ], [ 7.5850805, 45.0692873 ] ] ] } },
{ "type": "Feature", "properties": { }, "geometry": { "type": "Polygon", "coordinates": [ [ [ 7.6142918, 45.0740585 ], [ 7.6142611, 45.0740337 ], [ 7.6142942, 45.0740354 ], [ 7.6142918, 45.0740585 ] ] ] } },
{ "type": "Feature", "properties": { }, "geometry": { "type": "Polygon", "coordinates": [ [ [ 7.6142985, 45.0739777 ], [ 7.6142677, 45.0739529 ], [ 7.6143009, 45.0739546 ], [ 7.6142985, 45.0739777 ] ] ] } },
{ "type": "Feature", "properties": { }, "geometry": { "type": "Polygon", "coordinates": [ [ [ 7.6143045, 45.0738994 ], [ 7.6142738, 45.0738746 ], [ 7.6143069, 45.0738763 ], [ 7.6143045, 45.0738994 ] ] ] } },
{ "type": "Feature", "properties": { }, "geometry": { "type": "Polygon", "coordinates": [ [ [ 7.6143109, 45.0738203 ], [ 7.6142802, 45.0737955 ], [ 7.6143133, 45.0737972 ], [ 7.6143109, 45.0738203 ] ] ] } },
{ "type": "Feature", "properties": { }, "geometry": { "type": "Polygon", "coordinates": [ [ [ 7.6143179, 45.0737397 ], [ 7.6142872, 45.0737149 ], [ 7.6143203, 45.0737166 ], [ 7.6143179, 45.0737397 ] ] ] } },
{ "type": "Feature", "properties": { }, "geometry": { "type": "Polygon", "coordinates": [ [ [ 7.614327, 45.0736608 ], [ 7.6142963, 45.073636 ], [ 7.6143294, 45.0736377 ], [ 7.614327, 45.0736608 ] ] ] } },
{ "type": "Feature", "properties": { }, "geometry": { "type": "Polygon", "coordinates": [ [ [ 7.6056524, 45.0708773 ], [ 7.6059074, 45.0708381 ], [ 7.6058966, 45.0709997 ], [ 7.6056875, 45.0709954 ], [ 7.6056524, 45.0708773 ] ] ] } },
{ "type": "Feature", "properties": { }, "geometry": { "type": "Polygon", "coordinates": [ [ [ 7.605887, 45.0711439 ], [ 7.6059074, 45.0708381 ], [ 7.6061698, 45.0707984 ], [ 7.6061586, 45.070989 ], [ 7.605887, 45.0711439 ] ] ] } },
{ "type": "Feature", "properties": { }, "geometry": { "type": "Polygon", "coordinates": [ [ [ 7.5842772, 45.0746455 ], [ 7.584489, 45.0745535 ], [ 7.584559, 45.0746386 ], [ 7.5843475, 45.0747301 ], [ 7.5842772, 45.0746455 ] ] ] } },
{ "type": "Feature", "properties": { }, "geometry": { "type": "Polygon", "coordinates": [ [ [ 7.5845492, 45.0746267 ], [ 7.5845549, 45.0745249 ], [ 7.5846157, 45.0745992 ], [ 7.5845492, 45.0746267 ] ] ] } },
{ "type": "Feature", "properties": { }, "geometry": { "type": "Polygon", "coordinates": [ [ [ 7.5851352, 45.0746093 ], [ 7.5851144, 45.0744826 ], [ 7.5851788, 45.0745902 ], [ 7.5851352, 45.0746093 ] ] ] } },
{ "type": "Feature", "properties": { }, "geometry": { "type": "Polygon", "coordinates": [ [ [ 7.5858668, 45.0741355 ], [ 7.5858553, 45.074018 ], [ 7.585887, 45.0741282 ], [ 7.5858668, 45.0741355 ] ] ] } },
{ "type": "Feature", "properties": { }, "geometry": { "type": "Polygon", "coordinates": [ [ [ 7.5859257, 45.0749319 ], [ 7.5862181, 45.0748861 ], [ 7.586246, 45.0749859 ], [ 7.5859552, 45.0750277 ], [ 7.5859257, 45.0749319 ] ] ] } },
{ "type": "Feature", "properties": { }, "geometry": { "type": "Polygon", "coordinates": [ [ [ 7.5859704, 45.0748302 ], [ 7.5861932, 45.0747968 ], [ 7.5862181, 45.0748861 ], [ 7.5859954, 45.074921 ], [ 7.5859704, 45.0748302 ] ] ] } },
{ "type": "Feature", "properties": { }, "geometry": { "type": "Polygon", "coordinates": [ [ [ 7.5813306, 45.0761646 ], [ 7.5814625, 45.076075 ], [ 7.5815307, 45.076202 ], [ 7.5813306, 45.0761646 ] ] ] } },
{ "type": "Feature", "properties": { }, "geometry": { "type": "Polygon", "coordinates": [ [ [ 7.5852867, 45.0749415 ], [ 7.5856022, 45.0749212 ], [ 7.5856789, 45.0751689 ], [ 7.5853907, 45.0751953 ], [ 7.5852867, 45.0749415 ] ] ] } },
{ "type": "Feature", "properties": { }, "geometry": { "type": "Polygon", "coordinates": [ [ [ 7.5845279, 45.0749471 ], [ 7.5846573, 45.0748309 ], [ 7.5847193, 45.0749041 ], [ 7.5845279, 45.0749471 ] ] ] } },
{ "type": "Feature", "properties": { }, "geometry": { "type": "Polygon", "coordinates": [ [ [ 7.5839224, 45.0747994 ], [ 7.5841588, 45.0750227 ], [ 7.5841345, 45.0750855 ], [ 7.5840398, 45.0751259 ], [ 7.5839224, 45.0747994 ] ] ] } },
{ "type": "Feature", "properties": { }, "geometry": { "type": "Polygon", "coordinates": [ [ [ 7.5839513, 45.0747868 ], [ 7.5840725, 45.0747309 ], [ 7.5841532, 45.0749272 ], [ 7.5840966, 45.0749519 ], [ 7.5839513, 45.0747868 ] ] ] } },
{ "type": "Feature", "properties": { }, "geometry": { "type": "Polygon", "coordinates": [ [ [ 7.5863962, 45.0746029 ], [ 7.586885, 45.0743924 ], [ 7.5869943, 45.0744091 ], [ 7.5870083, 45.0745782 ], [ 7.5863962, 45.0746029 ] ] ] } },
{ "type": "Feature", "properties": { }, "geometry": { "type": "Polygon", "coordinates": [ [ [ 7.5869607, 45.0756002 ], [ 7.5870482, 45.0755323 ], [ 7.5871227, 45.0756035 ], [ 7.5870661, 45.0756223 ], [ 7.5869607, 45.0756002 ] ] ] } },
{ "type": "Feature", "properties": { }, "geometry": { "type": "Polygon", "coordinates": [ [ [ 7.6455992, 45.1111937 ], [ 7.646005, 45.1110919 ], [ 7.6460001, 45.1106934 ], [ 7.646144, 45.1106591 ], [ 7.6460844, 45.1103181 ], [ 7.6464006, 45.1102112 ], [ 7.6467391, 45.1108726 ], [ 7.6463026, 45.1110483 ], [ 7.6455992, 45.1111937 ] ] ] } },
{ "type": "Feature", "properties": { }, "geometry": { "type": "Polygon", "coordinates": [ [ [ 7.6467473, 45.1100012 ], [ 7.647307, 45.1098714 ], [ 7.647352, 45.1099637 ], [ 7.6470198, 45.1100494 ], [ 7.6474126, 45.1108513 ], [ 7.6469758, 45.1109308 ], [ 7.6471308, 45.1107882 ], [ 7.6467473, 45.1100012 ] ] ] } },
{ "type": "Feature", "properties": { "name": "Giardino Sambuy" }, "geometry": { "type": "Polygon", "coordinates": [ [ [ 7.6788951, 45.0631397 ], [ 7.6794113, 45.0629365 ], [ 7.6796013, 45.0630329 ], [ 7.6801792, 45.0638287 ], [ 7.6801825, 45.0639938 ], [ 7.6798611, 45.0641784 ], [ 7.6795959, 45.0641415 ], [ 7.6788951, 45.0631397 ] ], [ [ 7.6796342, 45.0634833 ], [ 7.6796398, 45.0635717 ], [ 7.6797011, 45.0635242 ], [ 7.6796342, 45.0634833 ] ], [ [ 7.6796146, 45.0637779 ], [ 7.6797635, 45.0638734 ], [ 7.6798763, 45.0637686 ], [ 7.6797275, 45.0636893 ], [ 7.6796146, 45.0637779 ] ] ] } },
{ "type": "Feature", "properties": { }, "geometry": { "type": "Polygon", "coordinates": [ [ [ 7.5864065, 45.0737219 ], [ 7.5865634, 45.0736536 ], [ 7.586643, 45.0737478 ], [ 7.5864882, 45.0738145 ], [ 7.5864065, 45.0737219 ] ] ] } },
{ "type": "Feature", "properties": { }, "geometry": { "type": "Polygon", "coordinates": [ [ [ 7.5860575, 45.0752851 ], [ 7.5861462, 45.0751805 ], [ 7.5861522, 45.0751998 ], [ 7.5860575, 45.0752851 ] ] ] } },
{ "type": "Feature", "properties": { }, "geometry": { "type": "Polygon", "coordinates": [ [ [ 7.5859828, 45.0752497 ], [ 7.5860304, 45.0751987 ], [ 7.5860489, 45.0752576 ], [ 7.5859828, 45.0752497 ] ] ] } },
{ "type": "Feature", "properties": { }, "geometry": { "type": "Polygon", "coordinates": [ [ [ 7.5871013, 45.0765702 ], [ 7.5872346, 45.0765463 ], [ 7.587288, 45.0767191 ], [ 7.5871504, 45.0767413 ], [ 7.5871013, 45.0765702 ] ] ] } },
{ "type": "Feature", "properties": { }, "geometry": { "type": "Polygon", "coordinates": [ [ [ 7.587095, 45.0765514 ], [ 7.5872073, 45.0764519 ], [ 7.587229, 45.076527 ], [ 7.587095, 45.0765514 ] ] ] } },
{ "type": "Feature", "properties": { }, "geometry": { "type": "Polygon", "coordinates": [ [ [ 7.6355513, 45.068677 ], [ 7.6357068, 45.0685275 ], [ 7.6357538, 45.0686296 ], [ 7.6355513, 45.068677 ] ] ] } },
{ "type": "Feature", "properties": { }, "geometry": { "type": "Polygon", "coordinates": [ [ [ 7.6357607, 45.0685067 ], [ 7.6359191, 45.0684457 ], [ 7.6360107, 45.0685743 ], [ 7.6358234, 45.068613 ], [ 7.6357607, 45.0685067 ] ] ] } },
{ "type": "Feature", "properties": { }, "geometry": { "type": "Polygon", "coordinates": [ [ [ 7.6359777, 45.0684231 ], [ 7.6362096, 45.0683338 ], [ 7.6362746, 45.068467 ], [ 7.6361813, 45.0684903 ], [ 7.6359777, 45.0684231 ] ] ] } },
{ "type": "Feature", "properties": { }, "geometry": { "type": "Polygon", "coordinates": [ [ [ 7.6360864, 45.0685358 ], [ 7.6360813, 45.0684894 ], [ 7.6361132, 45.0685079 ], [ 7.6360864, 45.0685358 ] ] ] } },
{ "type": "Feature", "properties": { }, "geometry": { "type": "Polygon", "coordinates": [ [ [ 7.634045, 45.0693192 ], [ 7.6341782, 45.0692078 ], [ 7.6342127, 45.0692812 ], [ 7.634045, 45.0693192 ] ] ] } },
{ "type": "Feature", "properties": { }, "geometry": { "type": "Polygon", "coordinates": [ [ [ 7.6335036, 45.0693511 ], [ 7.6339268, 45.0691945 ], [ 7.6339296, 45.0693425 ], [ 7.6335036, 45.0693511 ] ] ] } },
{ "type": "Feature", "properties": { }, "geometry": { "type": "Polygon", "coordinates": [ [ [ 7.6339689, 45.0692904 ], [ 7.633984, 45.0692169 ], [ 7.6340791, 45.0692001 ], [ 7.6339689, 45.0692904 ] ] ] } },
{ "type": "Feature", "properties": { }, "geometry": { "type": "Polygon", "coordinates": [ [ [ 7.6340618, 45.0691446 ], [ 7.6341355, 45.0691173 ], [ 7.6341532, 45.0691549 ], [ 7.6340618, 45.0691446 ] ] ] } },
{ "type": "Feature", "properties": { }, "geometry": { "type": "Polygon", "coordinates": [ [ [ 7.6345468, 45.0689809 ], [ 7.6347976, 45.0688665 ], [ 7.6349431, 45.0690183 ], [ 7.6345977, 45.0690967 ], [ 7.6345468, 45.0689809 ] ] ] } },
{ "type": "Feature", "properties": { }, "geometry": { "type": "Polygon", "coordinates": [ [ [ 7.6348471, 45.0688478 ], [ 7.6351159, 45.068746 ], [ 7.6351952, 45.0689104 ], [ 7.6350489, 45.0689473 ], [ 7.6348471, 45.0688478 ] ] ] } },
{ "type": "Feature", "properties": { }, "geometry": { "type": "Polygon", "coordinates": [ [ [ 7.6033705, 45.0731832 ], [ 7.6031502, 45.073138 ], [ 7.6033737, 45.07315 ], [ 7.6033705, 45.0731832 ] ] ] } },
{ "type": "Feature", "properties": { }, "geometry": { "type": "Polygon", "coordinates": [ [ [ 7.603162, 45.0730056 ], [ 7.6031699, 45.0729038 ], [ 7.6033957, 45.0729131 ], [ 7.6033868, 45.0730161 ], [ 7.603162, 45.0730056 ] ] ] } },
{ "type": "Feature", "properties": { }, "geometry": { "type": "Polygon", "coordinates": [ [ [ 7.6031593, 45.0727389 ], [ 7.6031673, 45.0726364 ], [ 7.6034209, 45.0726206 ], [ 7.6032665, 45.0726377 ], [ 7.6031593, 45.0727389 ] ] ] } },
{ "type": "Feature", "properties": { }, "geometry": { "type": "Polygon", "coordinates": [ [ [ 7.6031693, 45.07261 ], [ 7.6031816, 45.0724782 ], [ 7.6034272, 45.0725464 ], [ 7.6034209, 45.0726206 ], [ 7.6031693, 45.07261 ] ] ] } },
{ "type": "Feature", "properties": { }, "geometry": { "type": "Polygon", "coordinates": [ [ [ 7.5612158, 45.0931237 ], [ 7.5614821, 45.0930917 ], [ 7.5615626, 45.0931553 ], [ 7.5613587, 45.0932044 ], [ 7.5612158, 45.0931237 ] ] ] } },
{ "type": "Feature", "properties": { }, "geometry": { "type": "Polygon", "coordinates": [ [ [ 7.5615154, 45.0930644 ], [ 7.5616313, 45.0929072 ], [ 7.5617804, 45.093037 ], [ 7.5616066, 45.0931411 ], [ 7.5615154, 45.0930644 ] ] ] } },
{ "type": "Feature", "properties": { }, "geometry": { "type": "Polygon", "coordinates": [ [ [ 7.5617804, 45.093037 ], [ 7.5616673, 45.0928895 ], [ 7.5618522, 45.0930146 ], [ 7.5617804, 45.093037 ] ] ] } },
{ "type": "Feature", "properties": { }, "geometry": { "type": "Polygon", "coordinates": [ [ [ 7.5615319, 45.0929356 ], [ 7.5615584, 45.0928158 ], [ 7.5616046, 45.092847 ], [ 7.5615319, 45.0929356 ] ] ] } },
{ "type": "Feature", "properties": { }, "geometry": { "type": "Polygon", "coordinates": [ [ [ 7.6030275, 45.0734249 ], [ 7.6030427, 45.0732808 ], [ 7.6031369, 45.0732854 ], [ 7.6031205, 45.0734288 ], [ 7.6030275, 45.0734249 ] ] ] } },
{ "type": "Feature", "properties": { }, "geometry": { "type": "Polygon", "coordinates": [ [ [ 7.6032209, 45.0722447 ], [ 7.6031736, 45.0720938 ], [ 7.6032354, 45.0720966 ], [ 7.6032209, 45.0722447 ] ] ] } },
{ "type": "Feature", "properties": { }, "geometry": { "type": "Polygon", "coordinates": [ [ [ 7.603219, 45.0717726 ], [ 7.6032702, 45.071731 ], [ 7.6032578, 45.0718674 ], [ 7.603219, 45.0717726 ] ] ] } },
{ "type": "Feature", "properties": { }, "geometry": { "type": "Polygon", "coordinates": [ [ [ 7.6046604, 45.0725797 ], [ 7.6048305, 45.0725605 ], [ 7.6047673, 45.0723393 ], [ 7.6048727, 45.0723457 ], [ 7.6049864, 45.0726745 ], [ 7.6046872, 45.0726986 ], [ 7.6046604, 45.0725797 ] ] ] } },
{ "type": "Feature", "properties": { }, "geometry": { "type": "Polygon", "coordinates": [ [ [ 7.6046671, 45.0726996 ], [ 7.6049864, 45.0726745 ], [ 7.6050255, 45.0728752 ], [ 7.6047384, 45.0729132 ], [ 7.6046671, 45.0726996 ] ] ] } },
{ "type": "Feature", "properties": { }, "geometry": { "type": "Polygon", "coordinates": [ [ [ 7.6047193, 45.0729708 ], [ 7.605035, 45.072908 ], [ 7.6050505, 45.0729616 ], [ 7.6047455, 45.0731026 ], [ 7.6047193, 45.0729708 ] ] ] } },
{ "type": "Feature", "properties": { }, "geometry": { "type": "Polygon", "coordinates": [ [ [ 7.6037393, 45.0725717 ], [ 7.6038243, 45.0724532 ], [ 7.6038834, 45.0724428 ], [ 7.6038684, 45.0725787 ], [ 7.6037393, 45.0725717 ] ] ] } },
{ "type": "Feature", "properties": { }, "geometry": { "type": "Polygon", "coordinates": [ [ [ 7.6037116, 45.072531 ], [ 7.6037302, 45.072325 ], [ 7.603895, 45.0723383 ], [ 7.603808, 45.0723526 ], [ 7.6037116, 45.072531 ] ] ] } },
{ "type": "Feature", "properties": { }, "geometry": { "type": "Polygon", "coordinates": [ [ [ 7.5944208, 45.0714166 ], [ 7.5944333, 45.0711157 ], [ 7.5947517, 45.0711234 ], [ 7.5947301, 45.0714347 ], [ 7.5944208, 45.0714166 ] ] ] } },
{ "type": "Feature", "properties": { }, "geometry": { "type": "Polygon", "coordinates": [ [ [ 7.5952229, 45.0712044 ], [ 7.5949851, 45.071059 ], [ 7.5952361, 45.071066 ], [ 7.5952229, 45.0712044 ] ] ] } },
{ "type": "Feature", "properties": { }, "geometry": { "type": "Polygon", "coordinates": [ [ [ 7.5951004, 45.0713913 ], [ 7.595108, 45.0712312 ], [ 7.5952203, 45.0712314 ], [ 7.5952046, 45.0713949 ], [ 7.5951004, 45.0713913 ] ] ] } },
{ "type": "Feature", "properties": { }, "geometry": { "type": "Polygon", "coordinates": [ [ [ 7.595196, 45.0714852 ], [ 7.5950989, 45.0714213 ], [ 7.5952018, 45.0714244 ], [ 7.595196, 45.0714852 ] ] ] } },
{ "type": "Feature", "properties": { }, "geometry": { "type": "Polygon", "coordinates": [ [ [ 7.5951856, 45.0715936 ], [ 7.5949252, 45.0715192 ], [ 7.5951921, 45.0715257 ], [ 7.5951856, 45.0715936 ] ] ] } },
{ "type": "Feature", "properties": { }, "geometry": { "type": "Polygon", "coordinates": [ [ [ 7.5962253, 45.0711252 ], [ 7.5961362, 45.0710759 ], [ 7.5962277, 45.0710782 ], [ 7.5962253, 45.0711252 ] ] ] } },
{ "type": "Feature", "properties": { }, "geometry": { "type": "Polygon", "coordinates": [ [ [ 7.5965613, 45.0710751 ], [ 7.5966486, 45.0710443 ], [ 7.5966558, 45.071067 ], [ 7.5965613, 45.0710751 ] ] ] } },
{ "type": "Feature", "properties": { }, "geometry": { "type": "Polygon", "coordinates": [ [ [ 7.5968005, 45.0711215 ], [ 7.596861, 45.0710504 ], [ 7.596872, 45.0711147 ], [ 7.5968005, 45.0711215 ] ] ] } },
{ "type": "Feature", "properties": { }, "geometry": { "type": "Polygon", "coordinates": [ [ [ 7.5968178, 45.0712109 ], [ 7.5968753, 45.0711314 ], [ 7.5968877, 45.0712016 ], [ 7.5968178, 45.0712109 ] ] ] } },
{ "type": "Feature", "properties": { }, "geometry": { "type": "Polygon", "coordinates": [ [ [ 7.596837, 45.0713087 ], [ 7.5968912, 45.0712217 ], [ 7.5969048, 45.0712984 ], [ 7.596837, 45.0713087 ] ] ] } },
{ "type": "Feature", "properties": { }, "geometry": { "type": "Polygon", "coordinates": [ [ [ 7.5968466, 45.0713561 ], [ 7.596908, 45.0713168 ], [ 7.5969132, 45.071345 ], [ 7.5968466, 45.0713561 ] ] ] } },
{ "type": "Feature", "properties": { }, "geometry": { "type": "Polygon", "coordinates": [ [ [ 7.5933709, 45.0714285 ], [ 7.5934093, 45.0713471 ], [ 7.5935078, 45.0713701 ], [ 7.5934992, 45.0714381 ], [ 7.5933709, 45.0714285 ] ] ] } },
{ "type": "Feature", "properties": { }, "geometry": { "type": "Polygon", "coordinates": [ [ [ 7.5934915, 45.0714992 ], [ 7.5933709, 45.0714285 ], [ 7.5934992, 45.0714381 ], [ 7.5934915, 45.0714992 ] ] ] } },
{ "type": "Feature", "properties": { }, "geometry": { "type": "Polygon", "coordinates": [ [ [ 7.5932792, 45.0713168 ], [ 7.5934093, 45.0713471 ], [ 7.5933486, 45.0714679 ], [ 7.5932838, 45.0714534 ], [ 7.5932792, 45.0713168 ] ] ] } },
{ "type": "Feature", "properties": { }, "geometry": { "type": "Polygon", "coordinates": [ [ [ 7.5934652, 45.0721208 ], [ 7.5934094, 45.0720239 ], [ 7.5934413, 45.0720195 ], [ 7.5934652, 45.0721208 ] ] ] } },
{ "type": "Feature", "properties": { }, "geometry": { "type": "Polygon", "coordinates": [ [ [ 7.5933886, 45.0721292 ], [ 7.5934791, 45.0721192 ], [ 7.5933931, 45.0721494 ], [ 7.5933886, 45.0721292 ] ] ] } },
{ "type": "Feature", "properties": { }, "geometry": { "type": "Polygon", "coordinates": [ [ [ 7.5933984, 45.0722421 ], [ 7.5934991, 45.0721972 ], [ 7.593506, 45.0722285 ], [ 7.5933984, 45.0722421 ] ] ] } },
{ "type": "Feature", "properties": { }, "geometry": { "type": "Polygon", "coordinates": [ [ [ 7.8151418, 45.0118032 ], [ 7.8153725, 45.0117407 ], [ 7.8154416, 45.0117544 ], [ 7.8152363, 45.0119203 ], [ 7.8151418, 45.0118032 ] ] ] } },
{ "type": "Feature", "properties": { }, "geometry": { "type": "Polygon", "coordinates": [ [ [ 7.8153156, 45.0116293 ], [ 7.815343, 45.0114964 ], [ 7.815525, 45.0115395 ], [ 7.8154193, 45.0114008 ], [ 7.815586, 45.0114404 ], [ 7.8155565, 45.0116322 ], [ 7.8153156, 45.0116293 ] ] ] } },
{ "type": "Feature", "properties": { }, "geometry": { "type": "Polygon", "coordinates": [ [ [ 7.8148906, 45.0116084 ], [ 7.8151108, 45.0116183 ], [ 7.8152852, 45.0114937 ], [ 7.8152735, 45.0116959 ], [ 7.8148906, 45.0116084 ] ] ] } },
{ "type": "Feature", "properties": { }, "geometry": { "type": "Polygon", "coordinates": [ [ [ 7.5957708, 45.07164 ], [ 7.5957939, 45.0713354 ], [ 7.5959264, 45.0713397 ], [ 7.5958517, 45.0710768 ], [ 7.595998, 45.0710802 ], [ 7.59621, 45.0719319 ], [ 7.5959992, 45.0719267 ], [ 7.5960974, 45.0716536 ], [ 7.5957708, 45.07164 ] ] ] } },
{ "type": "Feature", "properties": { }, "geometry": { "type": "Polygon", "coordinates": [ [ [ 7.5953809, 45.0713644 ], [ 7.5954005, 45.0710662 ], [ 7.5957909, 45.0710754 ], [ 7.5955372, 45.0713712 ], [ 7.5953809, 45.0713644 ] ] ] } },
{ "type": "Feature", "properties": { }, "geometry": { "type": "Polygon", "coordinates": [ [ [ 7.5947664, 45.0721508 ], [ 7.5947839, 45.0719816 ], [ 7.5948936, 45.0719863 ], [ 7.5949414, 45.0721579 ], [ 7.5947664, 45.0721508 ] ] ] } },
{ "type": "Feature", "properties": { "name": "Campo da calcio" }, "geometry": { "type": "Polygon", "coordinates": [ [ [ 7.5121652, 45.0724992 ], [ 7.5127805, 45.0724795 ], [ 7.5128171, 45.0727301 ], [ 7.5121801, 45.0727446 ], [ 7.5121652, 45.0724992 ] ] ] } },
{ "type": "Feature", "properties": { }, "geometry": { "type": "Polygon", "coordinates": [ [ [ 7.6445028, 45.0676766 ], [ 7.6449854, 45.0675374 ], [ 7.645004, 45.0675938 ], [ 7.6445028, 45.0676766 ] ] ] } },
{ "type": "Feature", "properties": { }, "geometry": { "type": "Polygon", "coordinates": [ [ [ 7.6445033, 45.0674154 ], [ 7.6448263, 45.0672956 ], [ 7.644847, 45.0673619 ], [ 7.6445033, 45.0674154 ] ] ] } },
{ "type": "Feature", "properties": { }, "geometry": { "type": "Polygon", "coordinates": [ [ [ 7.6444119, 45.0670466 ], [ 7.6447422, 45.066969 ], [ 7.6447806, 45.0670504 ], [ 7.6444503, 45.067128 ], [ 7.6444119, 45.0670466 ] ] ] } },
{ "type": "Feature", "properties": { }, "geometry": { "type": "Polygon", "coordinates": [ [ [ 7.6425947, 45.0679894 ], [ 7.6425976, 45.0678799 ], [ 7.6428119, 45.0678703 ], [ 7.6427993, 45.067971 ], [ 7.6425947, 45.0679894 ] ] ] } },
{ "type": "Feature", "properties": { }, "geometry": { "type": "Polygon", "coordinates": [ [ [ 7.6434504, 45.0674622 ], [ 7.6437673, 45.0673585 ], [ 7.6438103, 45.0677863 ], [ 7.6435057, 45.0678372 ], [ 7.6434504, 45.0674622 ] ] ] } },
{ "type": "Feature", "properties": { }, "geometry": { "type": "Polygon", "coordinates": [ [ [ 7.5948351, 45.0728744 ], [ 7.5947125, 45.0727983 ], [ 7.5948414, 45.0728037 ], [ 7.5948351, 45.0728744 ] ] ] } },
{ "type": "Feature", "properties": { }, "geometry": { "type": "Polygon", "coordinates": [ [ [ 7.5908181, 45.0712088 ], [ 7.5908217, 45.0711154 ], [ 7.5915208, 45.0711319 ], [ 7.5915246, 45.0710171 ], [ 7.5918621, 45.0709203 ], [ 7.5918577, 45.0710525 ], [ 7.5914328, 45.0712243 ], [ 7.5908181, 45.0712088 ] ] ] } },
{ "type": "Feature", "properties": { }, "geometry": { "type": "Polygon", "coordinates": [ [ [ 7.5911436, 45.070942 ], [ 7.5908692, 45.0708923 ], [ 7.5911462, 45.0709001 ], [ 7.5911436, 45.070942 ] ] ] } },
{ "type": "Feature", "properties": { }, "geometry": { "type": "Polygon", "coordinates": [ [ [ 7.5916902, 45.07096 ], [ 7.591185, 45.0709012 ], [ 7.5917035, 45.0709158 ], [ 7.5916902, 45.07096 ] ] ] } },
{ "type": "Feature", "properties": { }, "geometry": { "type": "Polygon", "coordinates": [ [ [ 7.5908223, 45.0710984 ], [ 7.5906076, 45.070885 ], [ 7.5908302, 45.0708912 ], [ 7.5908223, 45.0710984 ] ] ] } },
{ "type": "Feature", "properties": { }, "geometry": { "type": "Polygon", "coordinates": [ [ [ 7.5902667, 45.0708754 ], [ 7.5905714, 45.0708839 ], [ 7.5905694, 45.0709718 ], [ 7.5902862, 45.0709979 ], [ 7.5902667, 45.0708754 ] ] ] } },
{ "type": "Feature", "properties": { }, "geometry": { "type": "Polygon", "coordinates": [ [ [ 7.5697828, 45.0777124 ], [ 7.5697945, 45.0775191 ], [ 7.5702487, 45.0776209 ], [ 7.5702411, 45.0777289 ], [ 7.5697828, 45.0777124 ] ] ] } },
{ "type": "Feature", "properties": { }, "geometry": { "type": "Polygon", "coordinates": [ [ [ 7.5700471, 45.0774253 ], [ 7.5700648, 45.0772252 ], [ 7.5702877, 45.0772351 ], [ 7.5702699, 45.0774352 ], [ 7.5700471, 45.0774253 ] ] ] } },
{ "type": "Feature", "properties": { }, "geometry": { "type": "Polygon", "coordinates": [ [ [ 7.5695183, 45.0774018 ], [ 7.5695353, 45.0771994 ], [ 7.5700191, 45.0772224 ], [ 7.5700007, 45.0774232 ], [ 7.5695183, 45.0774018 ] ] ] } },
{ "type": "Feature", "properties": { }, "geometry": { "type": "Polygon", "coordinates": [ [ [ 7.5746502, 45.0714483 ], [ 7.574671, 45.0711665 ], [ 7.5749121, 45.071173 ], [ 7.5749715, 45.0712861 ], [ 7.574722, 45.0712785 ], [ 7.5746502, 45.0714483 ] ] ] } },
{ "type": "Feature", "properties": { }, "geometry": { "type": "Polygon", "coordinates": [ [ [ 7.5898181, 45.070854 ], [ 7.5900991, 45.0708611 ], [ 7.5901632, 45.0710604 ], [ 7.5898522, 45.071082 ], [ 7.5898181, 45.070854 ] ] ] } },
{ "type": "Feature", "properties": { }, "geometry": { "type": "Polygon", "coordinates": [ [ [ 7.6702085, 45.0081324 ], [ 7.6703024, 45.0078934 ], [ 7.6708603, 45.0080053 ], [ 7.6705813, 45.0086539 ], [ 7.6704016, 45.0085458 ], [ 7.6704606, 45.0084017 ], [ 7.6702085, 45.0081324 ] ] ] } },
{ "type": "Feature", "properties": { "name": "Parco Mauro Giorio" }, "geometry": { "type": "Polygon", "coordinates": [ [ [ 7.7661388, 45.147809 ], [ 7.766824, 45.1475175 ], [ 7.7673223, 45.1477372 ], [ 7.7671581, 45.1479089 ], [ 7.7672091, 45.1480527 ], [ 7.7661388, 45.147809 ] ] ] } },
{ "type": "Feature", "properties": { }, "geometry": { "type": "Polygon", "coordinates": [ [ [ 7.699772, 44.9939143 ], [ 7.6997525, 44.9934645 ], [ 7.7001696, 44.9935002 ], [ 7.7001574, 44.9939179 ], [ 7.699772, 44.9939143 ] ] ] } },
{ "type": "Feature", "properties": { }, "geometry": { "type": "Polygon", "coordinates": [ [ [ 7.7026391, 44.9964469 ], [ 7.7030146, 44.9964393 ], [ 7.7030548, 44.9969012 ], [ 7.7026699, 44.9969201 ], [ 7.7026391, 44.9964469 ] ] ] } },
{ "type": "Feature", "properties": { }, "geometry": { "type": "Polygon", "coordinates": [ [ [ 7.58998, 45.0719315 ], [ 7.5900123, 45.0716822 ], [ 7.5903002, 45.0716587 ], [ 7.5902869, 45.0718281 ], [ 7.58998, 45.0719315 ] ] ] } },
{ "type": "Feature", "properties": { }, "geometry": { "type": "Polygon", "coordinates": [ [ [ 7.5858782, 45.0725289 ], [ 7.5855093, 45.0724613 ], [ 7.5858794, 45.072463 ], [ 7.5858782, 45.0725289 ] ] ] } },
{ "type": "Feature", "properties": { "name": "Area Giochi Carlo Gremo" }, "geometry": { "type": "Polygon", "coordinates": [ [ [ 7.7215766, 45.1826369 ], [ 7.7222448, 45.1823196 ], [ 7.7222898, 45.1826091 ], [ 7.7215766, 45.1826369 ] ] ] } },
{ "type": "Feature", "properties": { }, "geometry": { "type": "Polygon", "coordinates": [ [ [ 7.6481293, 45.0778417 ], [ 7.6484004, 45.0775253 ], [ 7.6486204, 45.0781829 ], [ 7.6484419, 45.0779611 ], [ 7.6481948, 45.0779765 ], [ 7.6481293, 45.0778417 ] ] ] } },
{ "type": "Feature", "properties": { }, "geometry": { "type": "Polygon", "coordinates": [ [ [ 7.6824317, 45.0971554 ], [ 7.6827184, 45.0971291 ], [ 7.6824838, 45.0972803 ], [ 7.6824317, 45.0971554 ] ] ] } },
{ "type": "Feature", "properties": { }, "geometry": { "type": "Polygon", "coordinates": [ [ [ 7.6830813, 45.0976071 ], [ 7.6832859, 45.0975627 ], [ 7.6833118, 45.0977311 ], [ 7.683085, 45.0977506 ], [ 7.6830813, 45.0976071 ] ] ] } },
{ "type": "Feature", "properties": { }, "geometry": { "type": "Polygon", "coordinates": [ [ [ 7.6832859, 45.0975627 ], [ 7.6836234, 45.0975469 ], [ 7.6836589, 45.0977025 ], [ 7.6833118, 45.0977311 ], [ 7.6832859, 45.0975627 ] ] ] } },
{ "type": "Feature", "properties": { }, "geometry": { "type": "Polygon", "coordinates": [ [ [ 7.8168262, 45.1500577 ], [ 7.8168818, 45.1499152 ], [ 7.8170108, 45.149916 ], [ 7.8169942, 45.1500819 ], [ 7.8168262, 45.1500577 ] ] ] } },
{ "type": "Feature", "properties": { }, "geometry": { "type": "Polygon", "coordinates": [ [ [ 7.5874164, 45.0689905 ], [ 7.587648, 45.0689724 ], [ 7.5876899, 45.0692397 ], [ 7.5874583, 45.0692578 ], [ 7.5874164, 45.0689905 ] ] ] } },
{ "type": "Feature", "properties": { }, "geometry": { "type": "Polygon", "coordinates": [ [ [ 7.5863588, 45.0640392 ], [ 7.5865729, 45.0640248 ], [ 7.5866301, 45.0646303 ], [ 7.5864925, 45.0646582 ], [ 7.5863588, 45.0640392 ] ] ] } },
{ "type": "Feature", "properties": { "name": "Giardino Mario Ponzio" }, "geometry": { "type": "Polygon", "coordinates": [ [ [ 7.6217642, 45.0672946 ], [ 7.621787, 45.0670041 ], [ 7.6223829, 45.067074 ], [ 7.6223531, 45.0673186 ], [ 7.6217642, 45.0672946 ] ] ] } },
{ "type": "Feature", "properties": { }, "geometry": { "type": "Polygon", "coordinates": [ [ [ 7.5895141, 45.0720649 ], [ 7.5896128, 45.0721486 ], [ 7.5897141, 45.072043 ], [ 7.5897297, 45.0721522 ], [ 7.5895386, 45.0722344 ], [ 7.5895141, 45.0720649 ] ] ] } },
{ "type": "Feature", "properties": { }, "geometry": { "type": "Polygon", "coordinates": [ [ [ 7.5894698, 45.0717559 ], [ 7.5894938, 45.0716409 ], [ 7.5895103, 45.0717526 ], [ 7.5894698, 45.0717559 ] ] ] } },
{ "type": "Feature", "properties": { }, "geometry": { "type": "Polygon", "coordinates": [ [ [ 7.5893687, 45.0710675 ], [ 7.5895104, 45.0709283 ], [ 7.5895483, 45.0709283 ], [ 7.5895592, 45.0710019 ], [ 7.5893687, 45.0710675 ] ] ] } },
{ "type": "Feature", "properties": { }, "geometry": { "type": "Polygon", "coordinates": [ [ [ 7.5890462, 45.071374 ], [ 7.5893687, 45.0710675 ], [ 7.5894114, 45.0713558 ], [ 7.5890462, 45.071374 ] ] ] } },
{ "type": "Feature", "properties": { }, "geometry": { "type": "Polygon", "coordinates": [ [ [ 7.5892403, 45.0713643 ], [ 7.5894114, 45.0713558 ], [ 7.5894473, 45.0716012 ], [ 7.5892532, 45.0716138 ], [ 7.5892403, 45.0713643 ] ] ] } },
{ "type": "Feature", "properties": { }, "geometry": { "type": "Polygon", "coordinates": [ [ [ 7.5889578, 45.0714878 ], [ 7.5890391, 45.0715563 ], [ 7.5890488, 45.071627 ], [ 7.588984, 45.0716312 ], [ 7.5889578, 45.0714878 ] ] ] } },
{ "type": "Feature", "properties": { }, "geometry": { "type": "Polygon", "coordinates": [ [ [ 7.6592863, 45.0983602 ], [ 7.6595307, 45.0982859 ], [ 7.659643, 45.0984699 ], [ 7.6593986, 45.0985442 ], [ 7.6592863, 45.0983602 ] ] ] } },
{ "type": "Feature", "properties": { }, "geometry": { "type": "Polygon", "coordinates": [ [ [ 7.6857458, 45.074887 ], [ 7.6859702, 45.0747827 ], [ 7.6862139, 45.0749975 ], [ 7.6863691, 45.0749359 ], [ 7.6866542, 45.075378 ], [ 7.686324, 45.0754882 ], [ 7.6862289, 45.0753452 ], [ 7.6863832, 45.0752992 ], [ 7.6863403, 45.0752262 ], [ 7.6860526, 45.0753188 ], [ 7.6857458, 45.074887 ] ] ] } }
]
}
