{
"type": "FeatureCollection",
"name": "restaurants.raw",
"features": [
{ "type": "Feature", "properties": { "name": "Lo scugnizzo" }, "geometry": { "type": "Point", "coordinates": [ 7.6959646, 45.0679153 ] } },
{ "type": "Feature", "properties": { "name": "Mamma mia" }, "geometry": { "type": "Point", "coordinates": [ 7.6957208, 45.0681945 ] } },
{ "type": "Feature", "properties": { "name": "Cocopazzo" }, "geometry": { "type": "Point", "coordinates": [ 7.6958513, 45.0688873 ] } },
{ "type": "Feature", "properties": { "name": "Blue Moon" }, "geometry": { "type": "Point", "coordinates": [ 7.7204329, 45.0950723 ] } },
{ "type": "Feature", "properties": { }, "geometry": { "type": "Point", "coordinates": [ 7.7149504, 45.0920792 ] } },
{ "type": "Feature", "properties": { "name": "Le Rondini" }, "geometry": { "type": "Point", "coordinates": [ 7.6824918, 45.0757014 ] } },
{ "type": "Feature", "properties": { "name": "Il Pirata" }, "geometry": { "type": "Point", "coordinates": [ 7.6781192, 45.0818813 ] } },
{ "type": "Feature", "properties": { "name": "L'Oasis" }, "geometry": { "type": "Point", "coordinates": [ 7.7073718, 45.0725429 ] } },
{ "type": "Feature", "properties": { "name": "La Gaia Scienza" }, "geometry": { "type": "Point", "coordinates": [ 7.6982457, 45.0707247 ] } },
{ "type": "Feature", "properties": { "name": "Il Santo" }, "geometry": { "type": "Point", "coordinates": [ 7.6928084, 45.072033 ] } },
{ "type": "Feature", "properties": { "name": "Trattoria Toscana Ala" }, "geometry": { "type": "Point", "coordinates": [ 7.6956656, 45.0715528 ] } },
{ "type": "Feature", "properties": { "name": "Habanero" }, "geometry": { "type": "Point", "coordinates": [ 7.6973146, 45.0688779 ] } },
{ "type": "Feature", "properties": { "name": "Mezcal" }, "geometry": { "type": "Point", "coordinates": [ 7.724584, 45.1012394 ] } },
{ "type": "Feature", "properties": { "name": "Alla lettera" }, "geometry": { "type": "Point", "coordinates": [ 7.6838189, 45.0629142 ] } },
{ "type": "Feature", "properties": { "name": "Cin Cin" }, "geometry": { "type": "Point", "coordinates": [ 7.6705541, 45.0770173 ] } },
{ "type": "Feature", "properties": { "name": "Anema e Core" }, "geometry": { "type": "Point", "coordinates": [ 7.6976401, 45.0617754 ] } },
{ "type": "Feature", "properties": { "name": "Pizzeria da Fischetto" }, "geometry": { "type": "Point", "coordinates": [ 7.6989142, 45.0982662 ] } },
{ "type": "Feature", "properties": { "name": "Sunphilao" }, "geometry": { "type": "Point", "coordinates": [ 7.5747823, 45.0822333 ] } },
{ "type": "Feature", "properties": { "name": "Il Bastian Contrario" }, "geometry": { "type": "Point", "coordinates": [ 7.7122866, 45.0245906 ] } },
{ "type": "Feature", "properties": { "name": "Ristorante Le Cascine" }, "geometry": { "type": "Point", "coordinates": [ 7.578132, 44.9936461 ] } },
{ "type": "Feature", "properties": { "name": "Costello" }, "geometry": { "type": "Point", "coordinates": [ 7.6770473, 45.0696528 ] } },
{ "type": "Feature", "properties": { "name": "8 e 3/4" }, "geometry": { "type": "Point", "coordinates": [ 7.6769052, 45.0694685 ] } },
{ "type": "Feature", "properties": { "name": "Pizza 33 Giri" }, "geometry": { "type": "Point", "coordinates": [ 7.5159275, 45.025479 ] } },
{ "type": "Feature", "properties": { "name": "Il Gusto - Pizzeria & Cucina & Panini" }, "geometry": { "type": "Point", "coordinates": [ 7.654427, 45.0494237 ] } },
{ "type": "Feature", "properties": { "name": "Am Pias" }, "geometry": { "type": "Point", "coordinates": [ 7.6889959, 45.0610017 ] } },
{ "type": "Feature", "properties": { }, "geometry": { "type": "Point", "coordinates": [ 7.5634672, 45.1933486 ] } },
{ "type": "Feature", "properties": { }, "geometry": { "type": "Point", "coordinates": [ 7.551841, 44.9994483 ] } },
{ "type": "Feature", "properties": { "name": "Au chat qui rit" }, "geometry": { "type": "Point", "coordinates": [ 7.5341782, 44.9992006 ] } },
{ "type": "Feature", "properties": { "name": "Cico" }, "geometry": { "type": "Point", "coordinates": [ 7.602003, 45.0022548 ] } },
{ "type": "Feature", "properties": { "name": "Antica Zecca" }, "geometry": { "type": "Point", "coordinates": [ 7.6386452, 45.1875215 ] } },
{ "type": "Feature", "properties": { "name": "Bottega Mia" }, "geometry": { "type": "Point", "coordinates": [ 7.6825115, 45.0725315 ] } },
{ "type": "Feature", "properties": { "name": "Ristorante Pizzeria Mirò" }, "geometry": { "type": "Point", "coordinates": [ 7.7278633, 45.10639 ] } },
{ "type": "Feature", "properties": { "name": "Il nuovo biellese" }, "geometry": { "type": "Point", "coordinates": [ 7.6988445, 45.0988346 ] } },
{ "type": "Feature", "properties": { "name": "Tassobarbasso" }, "geometry": { "type": "Point", "coordinates": [ 7.7389506, 45.1170323 ] } },
{ "type": "Feature", "properties": { "name": "Bar ristorante Pescarito" }, "geometry": { "type": "Point", "coordinates": [ 7.752308, 45.1153061 ] } },
{ "type": "Feature", "properties": { "name": "Mar Rosso" }, "geometry": { "type": "Point", "coordinates": [ 7.6826295, 45.0578969 ] } },
{ "type": "Feature", "properties": { "name": "Panzerotti & Co" }, "geometry": { "type": "Point", "coordinates": [ 7.6978628, 45.0672917 ] } },
{ "type": "Feature", "properties": { "name": "Il solito Posto" }, "geometry": { "type": "Point", "coordinates": [ 7.7444793, 45.1018016 ] } },
{ "type": "Feature", "properties": { "name": "La locanda della mandria" }, "geometry": { "type": "Point", "coordinates": [ 7.6026427, 45.1412152 ] } },
{ "type": "Feature", "properties": { "name": "Duca Centodue" }, "geometry": { "type": "Point", "coordinates": [ 7.6562039, 45.0538397 ] } },
{ "type": "Feature", "properties": { }, "geometry": { "type": "Point", "coordinates": [ 7.7310521, 45.1131626 ] } },
{ "type": "Feature", "properties": { "name": "Trattoria l'Alternativa" }, "geometry": { "type": "Point", "coordinates": [ 7.6740236, 45.0936191 ] } },
{ "type": "Feature", "properties": { "name": "Pulled Factory" }, "geometry": { "type": "Point", "coordinates": [ 7.6806877, 45.0584478 ] } },
{ "type": "Feature", "properties": { "name": "110 & Pizza" }, "geometry": { "type": "Point", "coordinates": [ 7.6394213, 45.0832887 ] } },
{ "type": "Feature", "properties": { "name": "Catullo - Ristorante Pizzeria" }, "geometry": { "type": "Point", "coordinates": [ 7.6854686, 45.0443527 ] } },
{ "type": "Feature", "properties": { "name": "Ristorante Blu Marino" }, "geometry": { "type": "Point", "coordinates": [ 7.6636796, 45.048486 ] } },
{ "type": "Feature", "properties": { "name": "Cascina Duc" }, "geometry": { "type": "Point", "coordinates": [ 7.6035183, 45.0390127 ] } },
{ "type": "Feature", "properties": { "name": "Ristorante Pizzeria Alberoni" }, "geometry": { "type": "Point", "coordinates": [ 7.679699, 45.0338876 ] } },
{ "type": "Feature", "properties": { "name": "Trattoria Il Tempo Ritrovato" }, "geometry": { "type": "Point", "coordinates": [ 7.6375393, 45.0805794 ] } },
{ "type": "Feature", "properties": { "name": "All'Oca di Pulcinella" }, "geometry": { "type": "Point", "coordinates": [ 7.6489562, 45.0436163 ] } },
{ "type": "Feature", "properties": { "name": "Il covo della taranta" }, "geometry": { "type": "Point", "coordinates": [ 7.681195, 45.0600304 ] } },
{ "type": "Feature", "properties": { "name": "La posada" }, "geometry": { "type": "Point", "coordinates": [ 7.6846024, 45.0589811 ] } },
{ "type": "Feature", "properties": { "name": "Pizzeria Dessi" }, "geometry": { "type": "Point", "coordinates": [ 7.6799327, 45.0532154 ] } },
{ "type": "Feature", "properties": { "name": "El puerto peruano" }, "geometry": { "type": "Point", "coordinates": [ 7.6801028, 45.0582326 ] } },
{ "type": "Feature", "properties": { "name": "Alma Latina" }, "geometry": { "type": "Point", "coordinates": [ 7.6800469, 45.057957 ] } },
{ "type": "Feature", "properties": { "name": "Molo 16" }, "geometry": { "type": "Point", "coordinates": [ 7.6786757, 45.0542611 ] } },
{ "type": "Feature", "properties": { "name": "Piola del borgo" }, "geometry": { "type": "Point", "coordinates": [ 7.6810451, 45.0548518 ] } },
{ "type": "Feature", "properties": { "name": "Saletta" }, "geometry": { "type": "Point", "coordinates": [ 7.6783844, 45.0537758 ] } },
{ "type": "Feature", "properties": { "name": "Taverna rossa" }, "geometry": { "type": "Point", "coordinates": [ 7.6800216, 45.0530274 ] } },
{ "type": "Feature", "properties": { "name": "Alba" }, "geometry": { "type": "Point", "coordinates": [ 7.681308, 45.0608123 ] } },
{ "type": "Feature", "properties": { "name": "La locanda del sorriso" }, "geometry": { "type": "Point", "coordinates": [ 7.6798772, 45.0610286 ] } },
{ "type": "Feature", "properties": { "name": "Tuttofabrodo" }, "geometry": { "type": "Point", "coordinates": [ 7.6814828, 45.0607475 ] } },
{ "type": "Feature", "properties": { "name": "Ristorante argentino" }, "geometry": { "type": "Point", "coordinates": [ 7.6808779, 45.0583638 ] } },
{ "type": "Feature", "properties": { "name": "Sakura" }, "geometry": { "type": "Point", "coordinates": [ 7.680928, 45.0611159 ] } },
{ "type": "Feature", "properties": { "name": "UAO" }, "geometry": { "type": "Point", "coordinates": [ 7.6812257, 45.05919 ] } },
{ "type": "Feature", "properties": { "name": "Trattoria da Felice" }, "geometry": { "type": "Point", "coordinates": [ 7.6801989, 45.061082 ] } },
{ "type": "Feature", "properties": { "name": "Due mondi" }, "geometry": { "type": "Point", "coordinates": [ 7.6804426, 45.0612883 ] } },
{ "type": "Feature", "properties": { "name": "Giusti" }, "geometry": { "type": "Point", "coordinates": [ 7.68209, 45.0582931 ] } },
{ "type": "Feature", "properties": { "name": "Eataly Lagrange" }, "geometry": { "type": "Point", "coordinates": [ 7.6838666, 45.0672916 ] } },
{ "type": "Feature", "properties": { }, "geometry": { "type": "Point", "coordinates": [ 7.5529812, 45.0041676 ] } },
{ "type": "Feature", "properties": { "name": "Dong Hua" }, "geometry": { "type": "Point", "coordinates": [ 7.5471114, 45.008657 ] } },
{ "type": "Feature", "properties": { "name": "Casa del Re" }, "geometry": { "type": "Point", "coordinates": [ 7.6137339, 45.0315565 ] } },
{ "type": "Feature", "properties": { "name": "Da Fabione" }, "geometry": { "type": "Point", "coordinates": [ 7.5295494, 45.0126852 ] } },
{ "type": "Feature", "properties": { "name": "Cascina Gorgia" }, "geometry": { "type": "Point", "coordinates": [ 7.5651225, 44.9924262 ] } },
{ "type": "Feature", "properties": { "name": "Semplice" }, "geometry": { "type": "Point", "coordinates": [ 7.5410347, 45.0060423 ] } },
{ "type": "Feature", "properties": { "name": "La Pace" }, "geometry": { "type": "Point", "coordinates": [ 7.5763158, 45.1360357 ] } },
{ "type": "Feature", "properties": { "name": "La Badessa" }, "geometry": { "type": "Point", "coordinates": [ 7.6880146, 45.0662992 ] } },
{ "type": "Feature", "properties": { "name": "Sashimi" }, "geometry": { "type": "Point", "coordinates": [ 7.7155776, 45.0685123 ] } },
{ "type": "Feature", "properties": { "name": "L'angolo partenopeo" }, "geometry": { "type": "Point", "coordinates": [ 7.5819616, 45.0214035 ] } },
{ "type": "Feature", "properties": { "name": "La Terrazza di Tommasiello" }, "geometry": { "type": "Point", "coordinates": [ 7.5970765, 45.0268851 ] } },
{ "type": "Feature", "properties": { "name": "Cocco Brillo" }, "geometry": { "type": "Point", "coordinates": [ 7.5466292, 45.0059227 ] } },
{ "type": "Feature", "properties": { "name": "Zi' Teresa" }, "geometry": { "type": "Point", "coordinates": [ 7.5360559, 45.0061679 ] } },
{ "type": "Feature", "properties": { "name": "Nuovo Drago Fenice" }, "geometry": { "type": "Point", "coordinates": [ 7.6571306, 45.0529839 ] } },
{ "type": "Feature", "properties": { "name": "Il Bergamotto" }, "geometry": { "type": "Point", "coordinates": [ 7.6287017, 45.1345699 ] } },
{ "type": "Feature", "properties": { "name": "Il Convito della Venaria" }, "geometry": { "type": "Point", "coordinates": [ 7.6259415, 45.1350661 ] } },
{ "type": "Feature", "properties": { "name": "Pizzeria \"Lo scoglio\"" }, "geometry": { "type": "Point", "coordinates": [ 7.5820273, 45.064064 ] } },
{ "type": "Feature", "properties": { "name": "Il Quadr'ovale" }, "geometry": { "type": "Point", "coordinates": [ 7.6292327, 45.1338695 ] } },
{ "type": "Feature", "properties": { "name": "La Nuova Cernaia" }, "geometry": { "type": "Point", "coordinates": [ 7.6294863, 45.1341539 ] } },
{ "type": "Feature", "properties": { "name": "Osteria al Cantun" }, "geometry": { "type": "Point", "coordinates": [ 7.6285076, 45.1342563 ] } },
{ "type": "Feature", "properties": { "name": "Yang" }, "geometry": { "type": "Point", "coordinates": [ 7.6253889, 45.0666898 ] } },
{ "type": "Feature", "properties": { "name": "Old Building Pub Pizzeria" }, "geometry": { "type": "Point", "coordinates": [ 7.8198061, 45.010479 ] } },
{ "type": "Feature", "properties": { "name": "Pizzeria Ristorante" }, "geometry": { "type": "Point", "coordinates": [ 7.6550853, 45.0306322 ] } },
{ "type": "Feature", "properties": { }, "geometry": { "type": "Point", "coordinates": [ 7.6524213, 45.0828086 ] } },
{ "type": "Feature", "properties": { "name": "New college s.n.c." }, "geometry": { "type": "Point", "coordinates": [ 7.6565754, 45.0661483 ] } },
{ "type": "Feature", "properties": { "name": "Moreno Spazio" }, "geometry": { "type": "Point", "coordinates": [ 7.6518794, 45.0575692 ] } },
{ "type": "Feature", "properties": { "name": "Pizzeria Fratelli Roselli" }, "geometry": { "type": "Point", "coordinates": [ 7.6536785, 45.0568976 ] } },
{ "type": "Feature", "properties": { "name": "Nord Ovest" }, "geometry": { "type": "Point", "coordinates": [ 7.5769883, 45.063161 ] } },
{ "type": "Feature", "properties": { "name": "La Gustosa" }, "geometry": { "type": "Point", "coordinates": [ 7.6605123, 45.0821663 ] } },
{ "type": "Feature", "properties": { "name": "La yogurteria" }, "geometry": { "type": "Point", "coordinates": [ 7.6534872, 45.0824376 ] } },
{ "type": "Feature", "properties": { "name": "El Chico Loco" }, "geometry": { "type": "Point", "coordinates": [ 7.6525759, 45.1307044 ] } },
{ "type": "Feature", "properties": { }, "geometry": { "type": "Point", "coordinates": [ 7.6553101, 45.1558853 ] } },
{ "type": "Feature", "properties": { }, "geometry": { "type": "Point", "coordinates": [ 7.6609015, 45.1516508 ] } },
{ "type": "Feature", "properties": { "name": "Ristorante La Perla" }, "geometry": { "type": "Point", "coordinates": [ 7.6605178, 45.1474065 ] } },
{ "type": "Feature", "properties": { "name": "Oui Baguette" }, "geometry": { "type": "Point", "coordinates": [ 7.6401755, 45.0822825 ] } },
{ "type": "Feature", "properties": { "name": "Kaisen" }, "geometry": { "type": "Point", "coordinates": [ 7.6208179, 45.0138944 ] } },
{ "type": "Feature", "properties": { "name": "Cibo Container" }, "geometry": { "type": "Point", "coordinates": [ 7.6834762, 45.0552825 ] } },
{ "type": "Feature", "properties": { "name": "La Regia Sartoria" }, "geometry": { "type": "Point", "coordinates": [ 7.6884047, 45.0698147 ] } },
{ "type": "Feature", "properties": { "name": "La Caravella" }, "geometry": { "type": "Point", "coordinates": [ 7.6895171, 45.0690346 ] } },
{ "type": "Feature", "properties": { "name": "Tokyo Zen" }, "geometry": { "type": "Point", "coordinates": [ 7.6872982, 45.0616686 ] } },
{ "type": "Feature", "properties": { "name": "Chak'ramen" }, "geometry": { "type": "Point", "coordinates": [ 7.6789822, 45.0652471 ] } },
{ "type": "Feature", "properties": { "name": "Ristorante take away sushi Jin Yuan" }, "geometry": { "type": "Point", "coordinates": [ 7.6838143, 45.0718988 ] } },
{ "type": "Feature", "properties": { "name": "Du Cheng" }, "geometry": { "type": "Point", "coordinates": [ 7.6826201, 45.0701015 ] } },
{ "type": "Feature", "properties": { "name": "Trattoria da Ale" }, "geometry": { "type": "Point", "coordinates": [ 7.6827396, 45.0724651 ] } },
{ "type": "Feature", "properties": { "name": "Caffè Università" }, "geometry": { "type": "Point", "coordinates": [ 7.6815016, 45.0559444 ] } },
{ "type": "Feature", "properties": { "name": "Il Rospetto" }, "geometry": { "type": "Point", "coordinates": [ 7.6838845, 45.0585002 ] } },
{ "type": "Feature", "properties": { "name": "La Fermata" }, "geometry": { "type": "Point", "coordinates": [ 7.6823616, 45.0634213 ] } },
{ "type": "Feature", "properties": { "name": "Ristorante Ratatui" }, "geometry": { "type": "Point", "coordinates": [ 7.6537347, 45.0799158 ] } },
{ "type": "Feature", "properties": { "name": "Nennè pizza lovers" }, "geometry": { "type": "Point", "coordinates": [ 7.6543652, 45.0284673 ] } },
{ "type": "Feature", "properties": { "name": "Cammafà" }, "geometry": { "type": "Point", "coordinates": [ 7.6562068, 45.0333866 ] } },
{ "type": "Feature", "properties": { "name": "CH4 Sporting Club" }, "geometry": { "type": "Point", "coordinates": [ 7.6594799, 45.0216574 ] } },
{ "type": "Feature", "properties": { "name": "Ristorante del Cambio" }, "geometry": { "type": "Point", "coordinates": [ 7.6848651, 45.0694692 ] } },
{ "type": "Feature", "properties": { "name": "Mangiaebevi" }, "geometry": { "type": "Point", "coordinates": [ 7.6713086, 45.1096518 ] } },
{ "type": "Feature", "properties": { "name": "Pizze & Cozze" }, "geometry": { "type": "Point", "coordinates": [ 7.6753874, 45.0528204 ] } },
{ "type": "Feature", "properties": { "name": "Magno" }, "geometry": { "type": "Point", "coordinates": [ 7.6817418, 45.0641834 ] } },
{ "type": "Feature", "properties": { "name": "Pastificio Defilippis" }, "geometry": { "type": "Point", "coordinates": [ 7.6815515, 45.0641265 ] } },
{ "type": "Feature", "properties": { "name": "Cantine Barbaroux" }, "geometry": { "type": "Point", "coordinates": [ 7.6811502, 45.0716506 ] } },
{ "type": "Feature", "properties": { "name": "Soup&Go" }, "geometry": { "type": "Point", "coordinates": [ 7.6774769, 45.0730741 ] } },
{ "type": "Feature", "properties": { "name": "Pizzeria Vicoli Vesuviani" }, "geometry": { "type": "Point", "coordinates": [ 7.6810311, 45.0855945 ] } },
{ "type": "Feature", "properties": { "name": "Pizza Fiorì" }, "geometry": { "type": "Point", "coordinates": [ 7.5205524, 45.0120284 ] } },
{ "type": "Feature", "properties": { "name": "Macherè" }, "geometry": { "type": "Point", "coordinates": [ 7.6644069, 45.0732668 ] } },
{ "type": "Feature", "properties": { "name": "Tommy e Terry" }, "geometry": { "type": "Point", "coordinates": [ 7.6216459, 45.0523404 ] } },
{ "type": "Feature", "properties": { "name": "Foglia d'Acero" }, "geometry": { "type": "Point", "coordinates": [ 7.6055749, 45.0737688 ] } },
{ "type": "Feature", "properties": { "name": "Ristorante Sabaudia" }, "geometry": { "type": "Point", "coordinates": [ 7.6075462, 44.997572 ] } },
{ "type": "Feature", "properties": { "name": "Quadrilatero Romano" }, "geometry": { "type": "Point", "coordinates": [ 7.6802008, 45.0769417 ] } },
{ "type": "Feature", "properties": { "name": "La Paella" }, "geometry": { "type": "Point", "coordinates": [ 7.6665323, 45.1018618 ] } },
{ "type": "Feature", "properties": { "name": "Caprizzia" }, "geometry": { "type": "Point", "coordinates": [ 7.6770029, 45.0752444 ] } },
{ "type": "Feature", "properties": { "name": "Pizzium" }, "geometry": { "type": "Point", "coordinates": [ 7.6782286, 45.0649851 ] } },
{ "type": "Feature", "properties": { "name": "Antica pizzeria da Michele" }, "geometry": { "type": "Point", "coordinates": [ 7.6782711, 45.064306 ] } },
{ "type": "Feature", "properties": { "name": "Sushisound" }, "geometry": { "type": "Point", "coordinates": [ 7.6782345, 45.0646743 ] } },
{ "type": "Feature", "properties": { }, "geometry": { "type": "Point", "coordinates": [ 7.6777117, 45.0651623 ] } },
{ "type": "Feature", "properties": { "name": "'O Marechiaro" }, "geometry": { "type": "Point", "coordinates": [ 7.6767673, 45.0651396 ] } },
{ "type": "Feature", "properties": { "name": "Ramen" }, "geometry": { "type": "Point", "coordinates": [ 7.6765557, 45.0650975 ] } },
{ "type": "Feature", "properties": { "name": "Hao Gourmet" }, "geometry": { "type": "Point", "coordinates": [ 7.6786312, 45.0648485 ] } },
{ "type": "Feature", "properties": { "name": "Ristorante Pastificio \"Il Granaio\"" }, "geometry": { "type": "Point", "coordinates": [ 7.6785952, 45.0693894 ] } },
{ "type": "Feature", "properties": { "name": "Ramen Fusion" }, "geometry": { "type": "Point", "coordinates": [ 7.6788429, 45.068371 ] } },
{ "type": "Feature", "properties": { "name": "Mucca Pazza" }, "geometry": { "type": "Point", "coordinates": [ 7.7637526, 45.0571347 ] } },
{ "type": "Feature", "properties": { "name": "Caffeteria" }, "geometry": { "type": "Point", "coordinates": [ 7.6167846, 45.0372996 ] } },
{ "type": "Feature", "properties": { "name": "Pizzeria 101" }, "geometry": { "type": "Point", "coordinates": [ 7.622938, 45.0411483 ] } },
{ "type": "Feature", "properties": { "name": "Consorzio" }, "geometry": { "type": "Point", "coordinates": [ 7.6793467, 45.0714943 ] } },
{ "type": "Feature", "properties": { "name": "Antica bruschetteria Pautasso" }, "geometry": { "type": "Point", "coordinates": [ 7.6816264, 45.076328 ] } },
{ "type": "Feature", "properties": { "name": "Connubio" }, "geometry": { "type": "Point", "coordinates": [ 7.6609238, 45.0521379 ] } },
{ "type": "Feature", "properties": { "name": "Il Circolo dei Lettori" }, "geometry": { "type": "Point", "coordinates": [ 7.6879725, 45.0685215 ] } },
{ "type": "Feature", "properties": { "name": "Trattoria Spirito Santo" }, "geometry": { "type": "Point", "coordinates": [ 7.6824971, 45.0731695 ] } },
{ "type": "Feature", "properties": { }, "geometry": { "type": "Point", "coordinates": [ 7.7585016, 45.1489129 ] } },
{ "type": "Feature", "properties": { "name": "Alle Lavagne" }, "geometry": { "type": "Point", "coordinates": [ 7.6463162, 45.0399166 ] } },
{ "type": "Feature", "properties": { "name": "Cafe Accorsi Palace" }, "geometry": { "type": "Point", "coordinates": [ 7.6937017, 45.0662705 ] } },
{ "type": "Feature", "properties": { "name": "Pizza and Fish" }, "geometry": { "type": "Point", "coordinates": [ 7.6732865, 45.0753047 ] } },
{ "type": "Feature", "properties": { "name": "Dù Cesari" }, "geometry": { "type": "Point", "coordinates": [ 7.6562187, 45.0395562 ] } },
{ "type": "Feature", "properties": { "name": "PizzaMania" }, "geometry": { "type": "Point", "coordinates": [ 7.6542606, 45.0704635 ] } },
{ "type": "Feature", "properties": { "name": "...dal Falabràch" }, "geometry": { "type": "Point", "coordinates": [ 7.6496109, 45.0492892 ] } },
{ "type": "Feature", "properties": { "name": "Al Castello" }, "geometry": { "type": "Point", "coordinates": [ 7.6864705, 45.0014741 ] } },
{ "type": "Feature", "properties": { "name": "'O Sole Mio" }, "geometry": { "type": "Point", "coordinates": [ 7.6571196, 45.1126033 ] } },
{ "type": "Feature", "properties": { "name": "Todra Griglieria Ristopub" }, "geometry": { "type": "Point", "coordinates": [ 7.8198443, 45.0110535 ] } },
{ "type": "Feature", "properties": { "name": "48" }, "geometry": { "type": "Point", "coordinates": [ 7.66471, 45.0128984 ] } },
{ "type": "Feature", "properties": { "name": "Fassoneria" }, "geometry": { "type": "Point", "coordinates": [ 7.6902432, 45.0654059 ] } },
{ "type": "Feature", "properties": { }, "geometry": { "type": "Point", "coordinates": [ 7.788259, 45.1745676 ] } },
{ "type": "Feature", "properties": { "name": "Pizzeria da Michi" }, "geometry": { "type": "Point", "coordinates": [ 7.6651954, 45.0800856 ] } },
{ "type": "Feature", "properties": { "name": "Blue Bird - Pizzeria Santa Rita Torino" }, "geometry": { "type": "Point", "coordinates": [ 7.6411738, 45.0372027 ] } },
{ "type": "Feature", "properties": { "name": "Casale 93" }, "geometry": { "type": "Point", "coordinates": [ 7.7118961, 45.0678498 ] } },
{ "type": "Feature", "properties": { "name": "Scannabue" }, "geometry": { "type": "Point", "coordinates": [ 7.6791005, 45.0583376 ] } },
{ "type": "Feature", "properties": { "name": "Mezzaluna" }, "geometry": { "type": "Point", "coordinates": [ 7.6812211, 45.0765432 ] } },
{ "type": "Feature", "properties": { "name": "Bistrot Rigatony" }, "geometry": { "type": "Point", "coordinates": [ 7.5117655, 45.0787205 ] } },
{ "type": "Feature", "properties": { }, "geometry": { "type": "Point", "coordinates": [ 7.6274486, 45.134624 ] } },
{ "type": "Feature", "properties": { }, "geometry": { "type": "Point", "coordinates": [ 7.6275102, 45.1347263 ] } },
{ "type": "Feature", "properties": { "name": "Ristorante Pizzeria Vecchia Canosa" }, "geometry": { "type": "Point", "coordinates": [ 7.7031514, 45.0924231 ] } },
{ "type": "Feature", "properties": { "name": "Ou Hua" }, "geometry": { "type": "Point", "coordinates": [ 7.6608998, 45.0515225 ] } },
{ "type": "Feature", "properties": { "name": "Osteria Novecento" }, "geometry": { "type": "Point", "coordinates": [ 7.640546, 45.0658734 ] } },
{ "type": "Feature", "properties": { "name": "Tromlin" }, "geometry": { "type": "Point", "coordinates": [ 7.6874308, 45.028995 ] } },
{ "type": "Feature", "properties": { "name": "CALAVERA" }, "geometry": { "type": "Point", "coordinates": [ 7.6676923, 45.0873886 ] } },
{ "type": "Feature", "properties": { "name": "Old Wild West" }, "geometry": { "type": "Point", "coordinates": [ 7.667553, 45.0874339 ] } },
{ "type": "Feature", "properties": { "name": "Trattoria L'Oca Fola" }, "geometry": { "type": "Point", "coordinates": [ 7.6662467, 45.075428 ] } },
{ "type": "Feature", "properties": { "name": "Linopassamilvino" }, "geometry": { "type": "Point", "coordinates": [ 7.6652708, 45.1021248 ] } },
{ "type": "Feature", "properties": { "name": "Millefiori" }, "geometry": { "type": "Point", "coordinates": [ 7.6663108, 45.1024683 ] } },
{ "type": "Feature", "properties": { "name": "Pizzeria Vincenzo Capuano" }, "geometry": { "type": "Point", "coordinates": [ 7.6707168, 45.0806268 ] } },
{ "type": "Feature", "properties": { "name": "El Shesh Kebab" }, "geometry": { "type": "Point", "coordinates": [ 7.6790303, 45.0526263 ] } },
{ "type": "Feature", "properties": { "name": "Pizzeria Silvestro" }, "geometry": { "type": "Point", "coordinates": [ 7.6375028, 45.0675201 ] } },
{ "type": "Feature", "properties": { "name": "Pizzeria +39" }, "geometry": { "type": "Point", "coordinates": [ 7.6422437, 45.0642797 ] } },
{ "type": "Feature", "properties": { "name": "Ristoro Caffè San Giorgio" }, "geometry": { "type": "Point", "coordinates": [ 7.6369648, 45.0971971 ] } },
{ "type": "Feature", "properties": { "name": "Caffè-Vini Emilio Ranzini" }, "geometry": { "type": "Point", "coordinates": [ 7.6832461, 45.0731896 ] } },
{ "type": "Feature", "properties": { "name": "Pizzeria Rotonda dei Facchinetti 2" }, "geometry": { "type": "Point", "coordinates": [ 7.6330385, 45.0957338 ] } },
{ "type": "Feature", "properties": { "name": "Gandhi" }, "geometry": { "type": "Point", "coordinates": [ 7.6937427, 45.0763467 ] } },
{ "type": "Feature", "properties": { "name": "La Tavernetta" }, "geometry": { "type": "Point", "coordinates": [ 7.5127698, 45.0704541 ] } },
{ "type": "Feature", "properties": { "name": "L'Arrocco" }, "geometry": { "type": "Point", "coordinates": [ 7.5145442, 45.0680886 ] } },
{ "type": "Feature", "properties": { "name": "Bistrot del Castello" }, "geometry": { "type": "Point", "coordinates": [ 7.5115095, 45.0682749 ] } },
{ "type": "Feature", "properties": { "name": "Da Pecchia" }, "geometry": { "type": "Point", "coordinates": [ 7.5201503, 45.0723083 ] } },
{ "type": "Feature", "properties": { "name": "Ossi buchi" }, "geometry": { "type": "Point", "coordinates": [ 7.5158221, 45.0715282 ] } },
{ "type": "Feature", "properties": { "name": "Ristoro Emilia" }, "geometry": { "type": "Point", "coordinates": [ 7.5157131, 45.0711683 ] } },
{ "type": "Feature", "properties": { "name": "Vineria Succo d'uva" }, "geometry": { "type": "Point", "coordinates": [ 7.5160345, 45.071816 ] } },
{ "type": "Feature", "properties": { "name": "Alexander ristorante pizzeria" }, "geometry": { "type": "Point", "coordinates": [ 7.5210218, 45.0688312 ] } },
{ "type": "Feature", "properties": { }, "geometry": { "type": "Point", "coordinates": [ 7.7328299, 45.1386742 ] } },
{ "type": "Feature", "properties": { }, "geometry": { "type": "Point", "coordinates": [ 7.7083028, 45.1473186 ] } },
{ "type": "Feature", "properties": { }, "geometry": { "type": "Point", "coordinates": [ 7.7094718, 45.1507847 ] } },
{ "type": "Feature", "properties": { "name": "Antico Ristorante Porto di Savona" }, "geometry": { "type": "Point", "coordinates": [ 7.6933614, 45.0656978 ] } },
{ "type": "Feature", "properties": { "name": "Ristorante Urbani" }, "geometry": { "type": "Point", "coordinates": [ 7.6805303, 45.0616017 ] } },
{ "type": "Feature", "properties": { "name": "Pizzorante" }, "geometry": { "type": "Point", "coordinates": [ 7.508483, 45.0803462 ] } },
{ "type": "Feature", "properties": { "name": "La casa di Totò" }, "geometry": { "type": "Point", "coordinates": [ 7.5234073, 45.0946033 ] } },
{ "type": "Feature", "properties": { "name": "Circle" }, "geometry": { "type": "Point", "coordinates": [ 7.6952841, 45.0717781 ] } },
{ "type": "Feature", "properties": { "name": "Vibes" }, "geometry": { "type": "Point", "coordinates": [ 7.6933019, 45.0694688 ] } },
{ "type": "Feature", "properties": { "name": "La Locanda nel Parco" }, "geometry": { "type": "Point", "coordinates": [ 7.6484327, 45.0136445 ] } },
{ "type": "Feature", "properties": { "name": "Augusto - Ristorante Pizzeria" }, "geometry": { "type": "Point", "coordinates": [ 7.6752105, 45.0652461 ] } },
{ "type": "Feature", "properties": { "name": "Alle Volte" }, "geometry": { "type": "Point", "coordinates": [ 7.679758, 45.0340677 ] } },
{ "type": "Feature", "properties": { "name": "Il Caminetto" }, "geometry": { "type": "Point", "coordinates": [ 7.5169694, 45.1083855 ] } },
{ "type": "Feature", "properties": { "name": "Ricomincio da Tre" }, "geometry": { "type": "Point", "coordinates": [ 7.5486942, 45.0984867 ] } },
{ "type": "Feature", "properties": { }, "geometry": { "type": "Point", "coordinates": [ 7.5336871, 45.10173 ] } },
{ "type": "Feature", "properties": { }, "geometry": { "type": "Point", "coordinates": [ 7.5413764, 45.103063 ] } },
{ "type": "Feature", "properties": { "name": "Pizzeria da Andrea" }, "geometry": { "type": "Point", "coordinates": [ 7.5491901, 45.0990238 ] } },
{ "type": "Feature", "properties": { "name": "Ristorante Pizzeria Farenheit 451" }, "geometry": { "type": "Point", "coordinates": [ 7.5299932, 45.1006058 ] } },
{ "type": "Feature", "properties": { "name": "L'osrteria del Musicante" }, "geometry": { "type": "Point", "coordinates": [ 7.5496033, 45.098054 ] } },
{ "type": "Feature", "properties": { "name": "Roiyaru" }, "geometry": { "type": "Point", "coordinates": [ 7.6524674, 45.050682 ] } },
{ "type": "Feature", "properties": { "name": "Vecchio Forno Garibaldi" }, "geometry": { "type": "Point", "coordinates": [ 7.6497661, 45.0489272 ] } },
{ "type": "Feature", "properties": { "name": "A' picciridda" }, "geometry": { "type": "Point", "coordinates": [ 7.6705131, 45.0425398 ] } },
{ "type": "Feature", "properties": { "name": "Rossopomodoro" }, "geometry": { "type": "Point", "coordinates": [ 7.667569, 45.0871911 ] } },
{ "type": "Feature", "properties": { "name": "Pizzeria Porcaloca" }, "geometry": { "type": "Point", "coordinates": [ 7.6573118, 45.0400014 ] } },
{ "type": "Feature", "properties": { "name": "Il Gusto" }, "geometry": { "type": "Point", "coordinates": [ 7.6221339, 45.0749235 ] } },
{ "type": "Feature", "properties": { "name": "Pizzeria Cecchi" }, "geometry": { "type": "Point", "coordinates": [ 7.6761275, 45.0485362 ] } },
{ "type": "Feature", "properties": { "name": "Jazz Club" }, "geometry": { "type": "Point", "coordinates": [ 7.6870348, 45.0651587 ] } },
{ "type": "Feature", "properties": { "name": "La Casa di Bacco" }, "geometry": { "type": "Point", "coordinates": [ 7.5661722, 45.0745355 ] } },
{ "type": "Feature", "properties": { "name": "Bar...collo!" }, "geometry": { "type": "Point", "coordinates": [ 7.5804266, 45.0732762 ] } },
{ "type": "Feature", "properties": { "name": "Self service 612" }, "geometry": { "type": "Point", "coordinates": [ 7.6209648, 45.0123051 ] } },
{ "type": "Feature", "properties": { "name": "Pantagruele" }, "geometry": { "type": "Point", "coordinates": [ 7.6812281, 45.0367018 ] } },
{ "type": "Feature", "properties": { "name": "Ristorante Volver" }, "geometry": { "type": "Point", "coordinates": [ 7.6795336, 45.0724609 ] } },
{ "type": "Feature", "properties": { "name": "Il ristoro del Drosso" }, "geometry": { "type": "Point", "coordinates": [ 7.6223802, 45.0139486 ] } },
{ "type": "Feature", "properties": { "name": "Piada Cafè" }, "geometry": { "type": "Point", "coordinates": [ 7.6197728, 45.0134913 ] } },
{ "type": "Feature", "properties": { "name": "Ristorante Bar Alcalyzè" }, "geometry": { "type": "Point", "coordinates": [ 7.6192337, 45.0127709 ] } },
{ "type": "Feature", "properties": { "name": "Ichi" }, "geometry": { "type": "Point", "coordinates": [ 7.6416446, 45.0279946 ] } },
{ "type": "Feature", "properties": { "name": "U-Tub" }, "geometry": { "type": "Point", "coordinates": [ 7.6448648, 45.0622717 ] } },
{ "type": "Feature", "properties": { "name": "Cammafà" }, "geometry": { "type": "Point", "coordinates": [ 7.678407, 45.0571874 ] } },
{ "type": "Feature", "properties": { "name": "Kipling" }, "geometry": { "type": "Point", "coordinates": [ 7.6835893, 45.062972 ] } },
{ "type": "Feature", "properties": { "name": "A Casa di Pulcinella" }, "geometry": { "type": "Point", "coordinates": [ 7.6577022, 45.0528467 ] } },
{ "type": "Feature", "properties": { "name": "Mensa universitaria Olimpia" }, "geometry": { "type": "Point", "coordinates": [ 7.7011419, 45.0745712 ] } },
{ "type": "Feature", "properties": { "name": "Pastis" }, "geometry": { "type": "Point", "coordinates": [ 7.6811062, 45.0761929 ] } },
{ "type": "Feature", "properties": { "name": "Taverna di Biagio" }, "geometry": { "type": "Point", "coordinates": [ 7.7102509, 45.0669181 ] } },
{ "type": "Feature", "properties": { "name": "El Crinet" }, "geometry": { "type": "Point", "coordinates": [ 7.6641455, 45.0742784 ] } },
{ "type": "Feature", "properties": { "name": "Daiichi" }, "geometry": { "type": "Point", "coordinates": [ 7.6834579, 45.0733064 ] } },
{ "type": "Feature", "properties": { "name": "Oriental Daily" }, "geometry": { "type": "Point", "coordinates": [ 7.6494932, 45.0661466 ] } },
{ "type": "Feature", "properties": { "name": "Taverna Greca" }, "geometry": { "type": "Point", "coordinates": [ 7.6507857, 45.0650299 ] } },
{ "type": "Feature", "properties": { "name": "A Casa Ponte" }, "geometry": { "type": "Point", "coordinates": [ 7.658112, 45.0593099 ] } },
{ "type": "Feature", "properties": { "name": "Samurai" }, "geometry": { "type": "Point", "coordinates": [ 7.6513124, 45.0712454 ] } },
{ "type": "Feature", "properties": { "name": "Polpetteria Norma" }, "geometry": { "type": "Point", "coordinates": [ 7.695555, 45.0681017 ] } },
{ "type": "Feature", "properties": { "name": "Decoratori & Imbianchini" }, "geometry": { "type": "Point", "coordinates": [ 7.7026321, 45.0602387 ] } },
{ "type": "Feature", "properties": { "name": "La lanterna" }, "geometry": { "type": "Point", "coordinates": [ 7.6311791, 45.1336351 ] } },
{ "type": "Feature", "properties": { "name": "Goja" }, "geometry": { "type": "Point", "coordinates": [ 7.6981581, 45.0699615 ] } },
{ "type": "Feature", "properties": { "name": "Wasabi" }, "geometry": { "type": "Point", "coordinates": [ 7.6547971, 45.0663733 ] } },
{ "type": "Feature", "properties": { "name": "Il Proverbio" }, "geometry": { "type": "Point", "coordinates": [ 7.652871, 45.0652333 ] } },
{ "type": "Feature", "properties": { "name": "Acqua e Farina" }, "geometry": { "type": "Point", "coordinates": [ 7.6501364, 45.0674426 ] } },
{ "type": "Feature", "properties": { "name": "Pizza Speedy" }, "geometry": { "type": "Point", "coordinates": [ 7.6520166, 45.0678884 ] } },
{ "type": "Feature", "properties": { "name": "Punjab" }, "geometry": { "type": "Point", "coordinates": [ 7.6486599, 45.0637053 ] } },
{ "type": "Feature", "properties": { "name": "Rosso Piccante in cucina" }, "geometry": { "type": "Point", "coordinates": [ 7.6845059, 45.0588443 ] } },
{ "type": "Feature", "properties": { "name": "I frutti di Gaia" }, "geometry": { "type": "Point", "coordinates": [ 7.6795699, 45.0709838 ] } },
{ "type": "Feature", "properties": { "name": "Da Frasi" }, "geometry": { "type": "Point", "coordinates": [ 7.5969728, 45.0286384 ] } },
{ "type": "Feature", "properties": { "name": "Ni Hao" }, "geometry": { "type": "Point", "coordinates": [ 7.6617974, 45.0472044 ] } },
{ "type": "Feature", "properties": { "name": "Officine Bohemien" }, "geometry": { "type": "Point", "coordinates": [ 7.6799126, 45.0699148 ] } },
{ "type": "Feature", "properties": { "name": "Il Porticciolo" }, "geometry": { "type": "Point", "coordinates": [ 7.6445095, 45.0474785 ] } },
{ "type": "Feature", "properties": { "name": "Сибирский" }, "geometry": { "type": "Point", "coordinates": [ 7.6807824, 45.0742228 ] } },
{ "type": "Feature", "properties": { "name": "Da Lisa" }, "geometry": { "type": "Point", "coordinates": [ 7.6778787, 45.0584107 ] } },
{ "type": "Feature", "properties": { "name": "Il Convivio del Queendici" }, "geometry": { "type": "Point", "coordinates": [ 7.6609556, 45.0784501 ] } },
{ "type": "Feature", "properties": { "name": "Sora Gina" }, "geometry": { "type": "Point", "coordinates": [ 7.6817497, 45.0580637 ] } },
{ "type": "Feature", "properties": { "name": "Gran Torino & Co." }, "geometry": { "type": "Point", "coordinates": [ 7.6809517, 45.0584163 ] } },
{ "type": "Feature", "properties": { "name": "Contesto Alimentare" }, "geometry": { "type": "Point", "coordinates": [ 7.6862182, 45.062325 ] } },
{ "type": "Feature", "properties": { "name": "Kirkuk Kaffé" }, "geometry": { "type": "Point", "coordinates": [ 7.6848221, 45.0667185 ] } },
{ "type": "Feature", "properties": { "name": "Flegrea" }, "geometry": { "type": "Point", "coordinates": [ 7.6768296, 45.0430121 ] } },
{ "type": "Feature", "properties": { "name": "Da Mario" }, "geometry": { "type": "Point", "coordinates": [ 7.676515, 45.0432074 ] } },
{ "type": "Feature", "properties": { "name": "10100" }, "geometry": { "type": "Point", "coordinates": [ 7.6789187, 45.0709424 ] } },
{ "type": "Feature", "properties": { "name": "Mei Shi" }, "geometry": { "type": "Point", "coordinates": [ 7.6445025, 45.0342083 ] } },
{ "type": "Feature", "properties": { "name": "Al gufo bianco" }, "geometry": { "type": "Point", "coordinates": [ 7.6830365, 45.0456535 ] } },
{ "type": "Feature", "properties": { "name": "Seven Village" }, "geometry": { "type": "Point", "coordinates": [ 7.7415779, 45.1490459 ] } },
{ "type": "Feature", "properties": { "name": "Osteria Rotonda dei Facchinetti" }, "geometry": { "type": "Point", "coordinates": [ 7.6425454, 45.0961273 ] } },
{ "type": "Feature", "properties": { "name": "Shri Ganesh" }, "geometry": { "type": "Point", "coordinates": [ 7.658944, 45.0592113 ] } },
{ "type": "Feature", "properties": { "name": "America Graffiti" }, "geometry": { "type": "Point", "coordinates": [ 7.6855363, 45.0639512 ] } },
{ "type": "Feature", "properties": { "name": "Tabui" }, "geometry": { "type": "Point", "coordinates": [ 7.6851651, 45.0671538 ] } },
{ "type": "Feature", "properties": { "name": "Old Wild West" }, "geometry": { "type": "Point", "coordinates": [ 7.6663151, 45.0340899 ] } },
{ "type": "Feature", "properties": { "name": "Ristorante Pizzeria Le Due Torri" }, "geometry": { "type": "Point", "coordinates": [ 7.6293406, 45.0722117 ] } },
{ "type": "Feature", "properties": { "name": "Organic Lovers" }, "geometry": { "type": "Point", "coordinates": [ 7.669438, 45.0827109 ] } },
{ "type": "Feature", "properties": { "name": "Nuovo Drago d'Oro" }, "geometry": { "type": "Point", "coordinates": [ 7.6694117, 45.0833109 ] } },
{ "type": "Feature", "properties": { "name": "Pizzeria Hima" }, "geometry": { "type": "Point", "coordinates": [ 7.6325885, 45.0195646 ] } },
{ "type": "Feature", "properties": { "name": "Senza Pretese" }, "geometry": { "type": "Point", "coordinates": [ 7.6781982, 45.0723425 ] } },
{ "type": "Feature", "properties": { "name": "Shabu" }, "geometry": { "type": "Point", "coordinates": [ 7.6661611, 45.0739979 ] } },
{ "type": "Feature", "properties": { "name": "Gusti Sani" }, "geometry": { "type": "Point", "coordinates": [ 7.6659141, 45.0736248 ] } },
{ "type": "Feature", "properties": { "name": "Il Picchio" }, "geometry": { "type": "Point", "coordinates": [ 7.6549757, 45.0580683 ] } },
{ "type": "Feature", "properties": { "name": "Pizzeria Personaggio" }, "geometry": { "type": "Point", "coordinates": [ 7.644398, 45.0608643 ] } },
{ "type": "Feature", "properties": { "name": "Quattro Soldi" }, "geometry": { "type": "Point", "coordinates": [ 7.6628031, 45.0673567 ] } },
{ "type": "Feature", "properties": { "name": "Al Bogino" }, "geometry": { "type": "Point", "coordinates": [ 7.6879755, 45.0691976 ] } },
{ "type": "Feature", "properties": { "name": "La dispensa" }, "geometry": { "type": "Point", "coordinates": [ 7.7017384, 45.1258604 ] } },
{ "type": "Feature", "properties": { "name": "Ristorante Cinese Tientsin" }, "geometry": { "type": "Point", "coordinates": [ 7.6742112, 45.0470716 ] } },
{ "type": "Feature", "properties": { "name": "Broccia Cucina Popolare" }, "geometry": { "type": "Point", "coordinates": [ 7.6766476, 45.0560236 ] } },
{ "type": "Feature", "properties": { "name": "Ristorante Dubai" }, "geometry": { "type": "Point", "coordinates": [ 7.6598331, 45.090473 ] } },
{ "type": "Feature", "properties": { "name": "Taj Mahal" }, "geometry": { "type": "Point", "coordinates": [ 7.676466, 45.0556751 ] } },
{ "type": "Feature", "properties": { "name": "Barbagusto" }, "geometry": { "type": "Point", "coordinates": [ 7.6788048, 45.0553331 ] } },
{ "type": "Feature", "properties": { "name": "Jaipur" }, "geometry": { "type": "Point", "coordinates": [ 7.6358246, 45.0411479 ] } },
{ "type": "Feature", "properties": { }, "geometry": { "type": "Point", "coordinates": [ 7.6722107, 45.0212998 ] } },
{ "type": "Feature", "properties": { "name": "Trattoria" }, "geometry": { "type": "Point", "coordinates": [ 7.6828685, 45.0406715 ] } },
{ "type": "Feature", "properties": { "name": "Crepérie Allantè" }, "geometry": { "type": "Point", "coordinates": [ 7.5259211, 45.0304508 ] } },
{ "type": "Feature", "properties": { "name": "Sa Opera" }, "geometry": { "type": "Point", "coordinates": [ 7.6225039, 45.0725999 ] } },
{ "type": "Feature", "properties": { "name": "3 da 3" }, "geometry": { "type": "Point", "coordinates": [ 7.6931411, 45.0681733 ] } },
{ "type": "Feature", "properties": { "name": "Pizza Flash" }, "geometry": { "type": "Point", "coordinates": [ 7.6412558, 45.0794321 ] } },
{ "type": "Feature", "properties": { "name": "Cantine Risso" }, "geometry": { "type": "Point", "coordinates": [ 7.710231, 45.0675633 ] } },
{ "type": "Feature", "properties": { "name": "Città D'oro" }, "geometry": { "type": "Point", "coordinates": [ 7.7086616, 45.0690801 ] } },
{ "type": "Feature", "properties": { "name": "Au Lapin Agile" }, "geometry": { "type": "Point", "coordinates": [ 7.6418416, 45.0803425 ] } },
{ "type": "Feature", "properties": { "name": "Pizzalandia Di Alu' Pietro" }, "geometry": { "type": "Point", "coordinates": [ 7.6409917, 45.0817202 ] } },
{ "type": "Feature", "properties": { "name": "Turkish kebap Rivoli memis 2" }, "geometry": { "type": "Point", "coordinates": [ 7.5151786, 45.0774528 ] } },
{ "type": "Feature", "properties": { "name": "Pizzeria Vulkania" }, "geometry": { "type": "Point", "coordinates": [ 7.684153, 45.0745825 ] } },
{ "type": "Feature", "properties": { "name": "Pizzeria A' Livella" }, "geometry": { "type": "Point", "coordinates": [ 7.712129, 45.0726242 ] } },
{ "type": "Feature", "properties": { "name": "Acqua farina e sale" }, "geometry": { "type": "Point", "coordinates": [ 7.6652938, 45.0024628 ] } },
{ "type": "Feature", "properties": { "name": "Kombu" }, "geometry": { "type": "Point", "coordinates": [ 7.6578934, 45.0540166 ] } },
{ "type": "Feature", "properties": { "name": "L'Isola del Pescatore" }, "geometry": { "type": "Point", "coordinates": [ 7.7249323, 45.0701447 ] } },
{ "type": "Feature", "properties": { "name": "Miseria e nobiltà" }, "geometry": { "type": "Point", "coordinates": [ 7.6422682, 45.0477846 ] } },
{ "type": "Feature", "properties": { "name": "Aladino" }, "geometry": { "type": "Point", "coordinates": [ 7.6313006, 45.0187472 ] } },
{ "type": "Feature", "properties": { "name": "Hachi 8" }, "geometry": { "type": "Point", "coordinates": [ 7.6396546, 45.0018104 ] } },
{ "type": "Feature", "properties": { "name": "La Vigna" }, "geometry": { "type": "Point", "coordinates": [ 7.5056956, 45.0659179 ] } },
{ "type": "Feature", "properties": { "name": "Ristorante Didu" }, "geometry": { "type": "Point", "coordinates": [ 7.6765951, 45.0798338 ] } },
{ "type": "Feature", "properties": { "name": "BiFrò - La Bistecca Frollata" }, "geometry": { "type": "Point", "coordinates": [ 7.6865795, 45.0620428 ] } },
{ "type": "Feature", "properties": { "name": "Moderno" }, "geometry": { "type": "Point", "coordinates": [ 7.6690968, 45.1001023 ] } },
{ "type": "Feature", "properties": { "name": "Mucca Pazza" }, "geometry": { "type": "Point", "coordinates": [ 7.6832943, 45.06998 ] } },
{ "type": "Feature", "properties": { }, "geometry": { "type": "Point", "coordinates": [ 7.6832577, 45.0557898 ] } },
{ "type": "Feature", "properties": { "name": "Trattoria il trullo" }, "geometry": { "type": "Point", "coordinates": [ 7.7118251, 45.0678433 ] } },
{ "type": "Feature", "properties": { "name": "L'angolo di Parin" }, "geometry": { "type": "Point", "coordinates": [ 7.6851539, 45.0587925 ] } },
{ "type": "Feature", "properties": { "name": "Al Jazira" }, "geometry": { "type": "Point", "coordinates": [ 7.6840178, 45.0800356 ] } },
{ "type": "Feature", "properties": { "name": "Ai 4 assi" }, "geometry": { "type": "Point", "coordinates": [ 7.6348691, 45.048346 ] } },
{ "type": "Feature", "properties": { "name": "La Torrazza" }, "geometry": { "type": "Point", "coordinates": [ 7.5163617, 45.1803988 ] } },
{ "type": "Feature", "properties": { "name": "Pizzikotto" }, "geometry": { "type": "Point", "coordinates": [ 7.6549849, 45.0555872 ] } },
{ "type": "Feature", "properties": { "name": "La Cantinella" }, "geometry": { "type": "Point", "coordinates": [ 7.6979234, 45.0621008 ] } },
{ "type": "Feature", "properties": { "name": "Sfashion Cafè" }, "geometry": { "type": "Point", "coordinates": [ 7.6865059, 45.0691177 ] } },
{ "type": "Feature", "properties": { "name": "Da Giannino L'Angolo d'Abruzzo" }, "geometry": { "type": "Point", "coordinates": [ 7.6737029, 45.0783125 ] } },
{ "type": "Feature", "properties": { "name": "Va Pensiero" }, "geometry": { "type": "Point", "coordinates": [ 7.6831602, 45.0410568 ] } },
{ "type": "Feature", "properties": { "name": "Kebub" }, "geometry": { "type": "Point", "coordinates": [ 7.6691824, 45.0364535 ] } },
{ "type": "Feature", "properties": { "name": "Osteria Castello" }, "geometry": { "type": "Point", "coordinates": [ 7.6250794, 45.1322363 ] } },
{ "type": "Feature", "properties": { "name": "Tre Galline" }, "geometry": { "type": "Point", "coordinates": [ 7.6818547, 45.0759789 ] } },
{ "type": "Feature", "properties": { "name": "L'Acino Ristorante" }, "geometry": { "type": "Point", "coordinates": [ 7.6816555, 45.07437 ] } },
{ "type": "Feature", "properties": { "name": "Enoteca Parlapà" }, "geometry": { "type": "Point", "coordinates": [ 7.6711845, 45.0777529 ] } },
{ "type": "Feature", "properties": { "name": "Santa Polenta" }, "geometry": { "type": "Point", "coordinates": [ 7.6781383, 45.07286 ] } },
{ "type": "Feature", "properties": { "name": "XO Cafe" }, "geometry": { "type": "Point", "coordinates": [ 7.6927168, 45.0663345 ] } },
{ "type": "Feature", "properties": { "name": "Il Timone" }, "geometry": { "type": "Point", "coordinates": [ 7.6752313, 45.0495767 ] } },
{ "type": "Feature", "properties": { "name": "Totò e Peppino" }, "geometry": { "type": "Point", "coordinates": [ 7.6517679, 45.171649 ] } },
{ "type": "Feature", "properties": { "name": "Wok Lin" }, "geometry": { "type": "Point", "coordinates": [ 7.6499367, 45.1786028 ] } },
{ "type": "Feature", "properties": { "name": "Pizza Pazza" }, "geometry": { "type": "Point", "coordinates": [ 7.5871749, 45.0633864 ] } },
{ "type": "Feature", "properties": { "name": "Quanto Pasta" }, "geometry": { "type": "Point", "coordinates": [ 7.6805097, 45.0747038 ] } },
{ "type": "Feature", "properties": { "name": "Roadhouse" }, "geometry": { "type": "Point", "coordinates": [ 7.5748866, 45.0962432 ] } },
{ "type": "Feature", "properties": { "name": "Le Vitel Étonné" }, "geometry": { "type": "Point", "coordinates": [ 7.6887287, 45.0682331 ] } },
{ "type": "Feature", "properties": { "name": "La Casa di Totò" }, "geometry": { "type": "Point", "coordinates": [ 7.5166374, 45.0768701 ] } },
{ "type": "Feature", "properties": { "name": "Pausa Café" }, "geometry": { "type": "Point", "coordinates": [ 7.5861734, 45.0647101 ] } },
{ "type": "Feature", "properties": { "name": "AMO Sushi" }, "geometry": { "type": "Point", "coordinates": [ 7.5863327, 45.0646819 ] } },
{ "type": "Feature", "properties": { "name": "Pizzeria \"Sarchiapone\"" }, "geometry": { "type": "Point", "coordinates": [ 7.6814788, 45.0590458 ] } },
{ "type": "Feature", "properties": { "name": "Osteria Antiche Sere" }, "geometry": { "type": "Point", "coordinates": [ 7.6428825, 45.0709845 ] } },
{ "type": "Feature", "properties": { }, "geometry": { "type": "Point", "coordinates": [ 7.690182, 45.0786891 ] } },
{ "type": "Feature", "properties": { "name": "Pizzeria Stazione Sassi" }, "geometry": { "type": "Point", "coordinates": [ 7.7321726, 45.0807966 ] } },
{ "type": "Feature", "properties": { "name": "Tartifla Bistrot" }, "geometry": { "type": "Point", "coordinates": [ 7.6838653, 45.0787374 ] } },
{ "type": "Feature", "properties": { "name": "Ristorante Pizzeria Fiorita" }, "geometry": { "type": "Point", "coordinates": [ 7.6838318, 45.0803568 ] } },
{ "type": "Feature", "properties": { "name": "Fratelli La Cozza" }, "geometry": { "type": "Point", "coordinates": [ 7.6975124, 45.0783979 ] } },
{ "type": "Feature", "properties": { "name": "Hostaria Barbagia di Ollolai" }, "geometry": { "type": "Point", "coordinates": [ 7.6479204, 45.0591514 ] } },
{ "type": "Feature", "properties": { "name": "Vineria Rosso Di Sera" }, "geometry": { "type": "Point", "coordinates": [ 7.6524717, 45.0648127 ] } },
{ "type": "Feature", "properties": { "name": "Pizzeria da Candido" }, "geometry": { "type": "Point", "coordinates": [ 7.6517932, 45.0652368 ] } },
{ "type": "Feature", "properties": { "name": "Pizzeria da Poldo" }, "geometry": { "type": "Point", "coordinates": [ 7.6488875, 45.0639027 ] } },
{ "type": "Feature", "properties": { "name": "La Gastronomia Veg" }, "geometry": { "type": "Point", "coordinates": [ 7.6475649, 45.0627755 ] } },
{ "type": "Feature", "properties": { "name": "Bistrot Turin" }, "geometry": { "type": "Point", "coordinates": [ 7.6893686, 45.0689252 ] } },
{ "type": "Feature", "properties": { "name": "Quadre" }, "geometry": { "type": "Point", "coordinates": [ 7.6967795, 45.0806996 ] } },
{ "type": "Feature", "properties": { "name": "Capitol" }, "geometry": { "type": "Point", "coordinates": [ 7.6293774, 45.0502075 ] } },
{ "type": "Feature", "properties": { "name": "中餐" }, "geometry": { "type": "Point", "coordinates": [ 7.5560893, 45.0718837 ] } },
{ "type": "Feature", "properties": { "name": "du village" }, "geometry": { "type": "Point", "coordinates": [ 7.6546276, 45.150019 ] } },
{ "type": "Feature", "properties": { "name": "Fujiyama" }, "geometry": { "type": "Point", "coordinates": [ 7.6773492, 45.0575858 ] } },
{ "type": "Feature", "properties": { "name": "Molo 16" }, "geometry": { "type": "Point", "coordinates": [ 7.6788931, 45.0542344 ] } },
{ "type": "Feature", "properties": { "name": "Lampara" }, "geometry": { "type": "Point", "coordinates": [ 7.6856942, 45.0639192 ] } },
{ "type": "Feature", "properties": { "name": "Alragù" }, "geometry": { "type": "Point", "coordinates": [ 7.6819045, 45.0635927 ] } },
{ "type": "Feature", "properties": { "name": "La Balena Blu" }, "geometry": { "type": "Point", "coordinates": [ 7.664149, 45.073159 ] } },
{ "type": "Feature", "properties": { "name": "Ristorante Pizzeria Vecchia Londra" }, "geometry": { "type": "Point", "coordinates": [ 7.6668658, 45.074998 ] } },
{ "type": "Feature", "properties": { "name": "Il Padellino" }, "geometry": { "type": "Point", "coordinates": [ 7.66835, 45.069609 ] } },
{ "type": "Feature", "properties": { "name": "Pizzarò" }, "geometry": { "type": "Point", "coordinates": [ 7.6705463, 45.082417 ] } },
{ "type": "Feature", "properties": { "name": "Il Ciclope" }, "geometry": { "type": "Point", "coordinates": [ 7.7038327, 45.1266921 ] } },
{ "type": "Feature", "properties": { "name": "Via Baltea - Laboratori di Barriera" }, "geometry": { "type": "Point", "coordinates": [ 7.6899513, 45.0912196 ] } },
{ "type": "Feature", "properties": { "name": "Cristina" }, "geometry": { "type": "Point", "coordinates": [ 7.6931743, 45.0884592 ] } },
{ "type": "Feature", "properties": { "name": "La Cucina di Lido" }, "geometry": { "type": "Point", "coordinates": [ 7.6944543, 45.0861175 ] } },
{ "type": "Feature", "properties": { "name": "Pizza Kebab Istanbul Ayasofya" }, "geometry": { "type": "Point", "coordinates": [ 7.6956462, 45.0948821 ] } },
{ "type": "Feature", "properties": { "name": "La Trottola" }, "geometry": { "type": "Point", "coordinates": [ 7.6913194, 45.0744063 ] } },
{ "type": "Feature", "properties": { "name": "KIYOMI" }, "geometry": { "type": "Point", "coordinates": [ 7.7114547, 45.0722947 ] } },
{ "type": "Feature", "properties": { "name": "Circolo Arci Jigeenyi" }, "geometry": { "type": "Point", "coordinates": [ 7.6839007, 45.0786177 ] } },
{ "type": "Feature", "properties": { "name": "Trattoria Valenza" }, "geometry": { "type": "Point", "coordinates": [ 7.6839125, 45.080478 ] } },
{ "type": "Feature", "properties": { "name": "Pizzeria La Spigola" }, "geometry": { "type": "Point", "coordinates": [ 7.6788905, 45.0891266 ] } },
{ "type": "Feature", "properties": { "name": "Saraceno" }, "geometry": { "type": "Point", "coordinates": [ 7.687121, 45.076367 ] } },
{ "type": "Feature", "properties": { "name": "Grande Muraglia" }, "geometry": { "type": "Point", "coordinates": [ 7.6870031, 45.0833225 ] } },
{ "type": "Feature", "properties": { "name": "Pizze & Delizie" }, "geometry": { "type": "Point", "coordinates": [ 7.6540217, 45.0919007 ] } },
{ "type": "Feature", "properties": { "name": "Doppio Malto" }, "geometry": { "type": "Point", "coordinates": [ 7.6742812, 45.0903648 ] } },
{ "type": "Feature", "properties": { "name": "Pizza Phy" }, "geometry": { "type": "Point", "coordinates": [ 7.6782291, 45.1028817 ] } },
{ "type": "Feature", "properties": { "name": "Fresh & Good" }, "geometry": { "type": "Point", "coordinates": [ 7.6757251, 45.1010508 ] } },
{ "type": "Feature", "properties": { "name": "L'antica ricetta" }, "geometry": { "type": "Point", "coordinates": [ 7.6792843, 45.0959378 ] } },
{ "type": "Feature", "properties": { "name": "Trattoria dell' amicizia" }, "geometry": { "type": "Point", "coordinates": [ 7.674076, 45.0953965 ] } },
{ "type": "Feature", "properties": { "name": "Buddha" }, "geometry": { "type": "Point", "coordinates": [ 7.6261483, 45.0750224 ] } },
{ "type": "Feature", "properties": { "name": "Mexico 70" }, "geometry": { "type": "Point", "coordinates": [ 7.6371202, 45.078009 ] } },
{ "type": "Feature", "properties": { "name": "Gastronomia Senegalese Sant Serigne Touba" }, "geometry": { "type": "Point", "coordinates": [ 7.6667175, 45.0832946 ] } },
{ "type": "Feature", "properties": { "name": "Il Gusto di Carmilla" }, "geometry": { "type": "Point", "coordinates": [ 7.6652037, 45.0799404 ] } },
{ "type": "Feature", "properties": { "name": "Sole di Sicilia" }, "geometry": { "type": "Point", "coordinates": [ 7.6670267, 45.0828543 ] } },
{ "type": "Feature", "properties": { "name": "Sapori d'Oriente" }, "geometry": { "type": "Point", "coordinates": [ 7.6691022, 45.0839167 ] } },
{ "type": "Feature", "properties": { "name": "Dù Cesari" }, "geometry": { "type": "Point", "coordinates": [ 7.6615129, 45.0842736 ] } },
{ "type": "Feature", "properties": { "name": "TITANIC — Pizza Kebap" }, "geometry": { "type": "Point", "coordinates": [ 7.6581465, 45.0849068 ] } },
{ "type": "Feature", "properties": { "name": "Osteria Il Torchio" }, "geometry": { "type": "Point", "coordinates": [ 7.6541307, 45.0816682 ] } },
{ "type": "Feature", "properties": { "name": "Cecchi" }, "geometry": { "type": "Point", "coordinates": [ 7.6517339, 45.0798914 ] } },
{ "type": "Feature", "properties": { "name": "Sicily" }, "geometry": { "type": "Point", "coordinates": [ 7.666061, 45.0777922 ] } },
{ "type": "Feature", "properties": { "name": "Trattoria San Domenico" }, "geometry": { "type": "Point", "coordinates": [ 7.6194865, 45.066905 ] } },
{ "type": "Feature", "properties": { "name": "Le Ramine" }, "geometry": { "type": "Point", "coordinates": [ 7.6388706, 45.0638903 ] } },
{ "type": "Feature", "properties": { "name": "Gustosità" }, "geometry": { "type": "Point", "coordinates": [ 7.6218254, 45.0729258 ] } },
{ "type": "Feature", "properties": { "name": "Tomatica Resistente" }, "geometry": { "type": "Point", "coordinates": [ 7.6429556, 45.0638504 ] } },
{ "type": "Feature", "properties": { "name": "Antica Trattoria del Sole" }, "geometry": { "type": "Point", "coordinates": [ 7.6368411, 45.0724227 ] } },
{ "type": "Feature", "properties": { "name": "Da Celso" }, "geometry": { "type": "Point", "coordinates": [ 7.6473317, 45.0669168 ] } },
{ "type": "Feature", "properties": { "name": "Yuki Hana" }, "geometry": { "type": "Point", "coordinates": [ 7.6497434, 45.0652565 ] } },
{ "type": "Feature", "properties": { "name": "Mei Shi Mei Ke" }, "geometry": { "type": "Point", "coordinates": [ 7.6291481, 45.0747303 ] } },
{ "type": "Feature", "properties": { "name": "Whimsy Kitchen" }, "geometry": { "type": "Point", "coordinates": [ 7.6309617, 45.0748057 ] } },
{ "type": "Feature", "properties": { "name": "Greek Passion" }, "geometry": { "type": "Point", "coordinates": [ 7.637069, 45.0750562 ] } },
{ "type": "Feature", "properties": { "name": "60 90 Pizza a Portafoglio" }, "geometry": { "type": "Point", "coordinates": [ 7.6512015, 45.0648671 ] } },
{ "type": "Feature", "properties": { "name": "Zheng Yang" }, "geometry": { "type": "Point", "coordinates": [ 7.6613093, 45.0716339 ] } },
{ "type": "Feature", "properties": { "name": "Gastronomi(a)tipica Rambaldi" }, "geometry": { "type": "Point", "coordinates": [ 7.6614714, 45.0722645 ] } },
{ "type": "Feature", "properties": { "name": "Le Papille" }, "geometry": { "type": "Point", "coordinates": [ 7.6630485, 45.0740994 ] } },
{ "type": "Feature", "properties": { "name": "Kombu" }, "geometry": { "type": "Point", "coordinates": [ 7.6641248, 45.0756257 ] } },
{ "type": "Feature", "properties": { "name": "Made in Perú" }, "geometry": { "type": "Point", "coordinates": [ 7.6512079, 45.065029 ] } },
{ "type": "Feature", "properties": { "name": "La Sarda" }, "geometry": { "type": "Point", "coordinates": [ 7.653455, 45.0648995 ] } },
{ "type": "Feature", "properties": { "name": "Bakery" }, "geometry": { "type": "Point", "coordinates": [ 7.6566552, 45.0736522 ] } },
{ "type": "Feature", "properties": { }, "geometry": { "type": "Point", "coordinates": [ 7.6651727, 45.0724831 ] } },
{ "type": "Feature", "properties": { "name": "Forchetta e Scarpetta" }, "geometry": { "type": "Point", "coordinates": [ 7.6650957, 45.072373 ] } },
{ "type": "Feature", "properties": { "name": "Sotto la Luna" }, "geometry": { "type": "Point", "coordinates": [ 7.6457184, 45.0507294 ] } },
{ "type": "Feature", "properties": { "name": "Sofia pizzeria kebab" }, "geometry": { "type": "Point", "coordinates": [ 7.6435488, 45.0475907 ] } },
{ "type": "Feature", "properties": { "name": "Squisì L'arte di fare la pizza" }, "geometry": { "type": "Point", "coordinates": [ 7.6366733, 45.0499722 ] } },
{ "type": "Feature", "properties": { "name": "La Bufalina" }, "geometry": { "type": "Point", "coordinates": [ 7.6399131, 45.0490531 ] } },
{ "type": "Feature", "properties": { "name": "Pizza Kebab Gastronomia" }, "geometry": { "type": "Point", "coordinates": [ 7.6550138, 45.0384118 ] } },
{ "type": "Feature", "properties": { "name": "Taiyo" }, "geometry": { "type": "Point", "coordinates": [ 7.6592966, 45.0492893 ] } },
{ "type": "Feature", "properties": { "name": "Villa Somis" }, "geometry": { "type": "Point", "coordinates": [ 7.6959785, 45.0340828 ] } },
{ "type": "Feature", "properties": { "name": "Trattoria Fratelli Bravo" }, "geometry": { "type": "Point", "coordinates": [ 7.6782925, 45.0201249 ] } },
{ "type": "Feature", "properties": { "name": "Salsarossa" }, "geometry": { "type": "Point", "coordinates": [ 7.6846782, 45.0432222 ] } },
{ "type": "Feature", "properties": { "name": "Löwengrube" }, "geometry": { "type": "Point", "coordinates": [ 7.7311945, 45.0800116 ] } },
{ "type": "Feature", "properties": { "name": "Monferrato" }, "geometry": { "type": "Point", "coordinates": [ 7.7000997, 45.0630557 ] } },
{ "type": "Feature", "properties": { "name": "Bifrò" }, "geometry": { "type": "Point", "coordinates": [ 7.706039, 45.0529034 ] } },
{ "type": "Feature", "properties": { "name": "Ristorante Monte Dei Cappuccini" }, "geometry": { "type": "Point", "coordinates": [ 7.6974243, 45.0600276 ] } },
{ "type": "Feature", "properties": { "name": "Ostu" }, "geometry": { "type": "Point", "coordinates": [ 7.6576799, 45.0589983 ] } },
{ "type": "Feature", "properties": { "name": "La Choza comedor" }, "geometry": { "type": "Point", "coordinates": [ 7.6590247, 45.0586323 ] } },
{ "type": "Feature", "properties": { "name": "Krabon" }, "geometry": { "type": "Point", "coordinates": [ 7.6641797, 45.0587671 ] } },
{ "type": "Feature", "properties": { "name": "La rustica" }, "geometry": { "type": "Point", "coordinates": [ 7.6608673, 45.0592009 ] } },
{ "type": "Feature", "properties": { "name": "Japs!" }, "geometry": { "type": "Point", "coordinates": [ 7.6626949, 45.0583399 ] } },
{ "type": "Feature", "properties": { "name": "Curry Zone" }, "geometry": { "type": "Point", "coordinates": [ 7.6753282, 45.0633739 ] } },
{ "type": "Feature", "properties": { "name": "Osteria del Tramvai" }, "geometry": { "type": "Point", "coordinates": [ 7.6746089, 45.0591281 ] } },
{ "type": "Feature", "properties": { "name": "Trattoria Cerere" }, "geometry": { "type": "Point", "coordinates": [ 7.6716735, 45.060208 ] } },
{ "type": "Feature", "properties": { "name": "Slurp! tuttociochègusto" }, "geometry": { "type": "Point", "coordinates": [ 7.6730543, 45.0613794 ] } },
{ "type": "Feature", "properties": { "name": "Ristorante Homu" }, "geometry": { "type": "Point", "coordinates": [ 7.6709365, 45.0543076 ] } },
{ "type": "Feature", "properties": { "name": "Trattoria Cinese" }, "geometry": { "type": "Point", "coordinates": [ 7.6767366, 45.0487542 ] } },
{ "type": "Feature", "properties": { "name": "Osteria 'n Cicinin" }, "geometry": { "type": "Point", "coordinates": [ 7.6755988, 45.0474984 ] } },
{ "type": "Feature", "properties": { "name": "TopIt" }, "geometry": { "type": "Point", "coordinates": [ 7.6825445, 45.0458819 ] } },
{ "type": "Feature", "properties": { "name": "La Porcata" }, "geometry": { "type": "Point", "coordinates": [ 7.6684001, 45.0325987 ] } },
{ "type": "Feature", "properties": { "name": "La Stadèra" }, "geometry": { "type": "Point", "coordinates": [ 7.6776587, 45.046706 ] } },
{ "type": "Feature", "properties": { "name": "Kata Radja" }, "geometry": { "type": "Point", "coordinates": [ 7.6701791, 45.0431795 ] } },
{ "type": "Feature", "properties": { "name": "Petit Baladin" }, "geometry": { "type": "Point", "coordinates": [ 7.6791183, 45.0590953 ] } },
{ "type": "Feature", "properties": { "name": "Il Barbabuc" }, "geometry": { "type": "Point", "coordinates": [ 7.682003, 45.0584655 ] } },
{ "type": "Feature", "properties": { "name": "Centocinquanta" }, "geometry": { "type": "Point", "coordinates": [ 7.6775775, 45.0581727 ] } },
{ "type": "Feature", "properties": { "name": "Trattoria Agata Rossa" }, "geometry": { "type": "Point", "coordinates": [ 7.6780228, 45.0591936 ] } },
{ "type": "Feature", "properties": { "name": "Crocca" }, "geometry": { "type": "Point", "coordinates": [ 7.6793965, 45.0525447 ] } },
{ "type": "Feature", "properties": { }, "geometry": { "type": "Point", "coordinates": [ 7.6790601, 45.0524244 ] } },
{ "type": "Feature", "properties": { "name": "Ristorante cinese take-awey" }, "geometry": { "type": "Point", "coordinates": [ 7.6816675, 45.056132 ] } },
{ "type": "Feature", "properties": { "name": "Ibericos Ristorante Spagnolo Torino" }, "geometry": { "type": "Point", "coordinates": [ 7.6807181, 45.0604729 ] } },
{ "type": "Feature", "properties": { "name": "Alma Latina Ristorante latino e Tapas bar" }, "geometry": { "type": "Point", "coordinates": [ 7.6806277, 45.0577394 ] } },
{ "type": "Feature", "properties": { "name": "Mikien Sushi Bar" }, "geometry": { "type": "Point", "coordinates": [ 7.6824858, 45.0595652 ] } },
{ "type": "Feature", "properties": { "name": "Belfood Cucina" }, "geometry": { "type": "Point", "coordinates": [ 7.6796985, 45.0572969 ] } },
{ "type": "Feature", "properties": { "name": "Polpo d'amor" }, "geometry": { "type": "Point", "coordinates": [ 7.6785565, 45.0580983 ] } },
{ "type": "Feature", "properties": { "name": "STR.eat" }, "geometry": { "type": "Point", "coordinates": [ 7.6959972, 45.0714843 ] } },
{ "type": "Feature", "properties": { "name": "Silos" }, "geometry": { "type": "Point", "coordinates": [ 7.6956276, 45.0717253 ] } },
{ "type": "Feature", "properties": { "name": "Soul Kitchen" }, "geometry": { "type": "Point", "coordinates": [ 7.6925726, 45.072788 ] } },
{ "type": "Feature", "properties": { "name": "Mare Nostrum" }, "geometry": { "type": "Point", "coordinates": [ 7.6971313, 45.0651024 ] } },
{ "type": "Feature", "properties": { "name": "Pacifik Poke" }, "geometry": { "type": "Point", "coordinates": [ 7.6973887, 45.0664235 ] } },
{ "type": "Feature", "properties": { "name": "Osteria In vino veritas" }, "geometry": { "type": "Point", "coordinates": [ 7.7006932, 45.0705121 ] } },
{ "type": "Feature", "properties": { "name": "Pizziun" }, "geometry": { "type": "Point", "coordinates": [ 7.6968814, 45.0651208 ] } },
{ "type": "Feature", "properties": { "name": "Opposto" }, "geometry": { "type": "Point", "coordinates": [ 7.6939526, 45.066085 ] } },
{ "type": "Feature", "properties": { "name": "Fòl alla locanda matta" }, "geometry": { "type": "Point", "coordinates": [ 7.6947166, 45.0718381 ] } },
{ "type": "Feature", "properties": { "name": "Da Michele" }, "geometry": { "type": "Point", "coordinates": [ 7.693461, 45.0655897 ] } },
{ "type": "Feature", "properties": { "name": "QOR" }, "geometry": { "type": "Point", "coordinates": [ 7.6841464, 45.0615772 ] } },
{ "type": "Feature", "properties": { "name": "Il Vicolo" }, "geometry": { "type": "Point", "coordinates": [ 7.6842657, 45.0615301 ] } },
{ "type": "Feature", "properties": { "name": "Ballatoio" }, "geometry": { "type": "Point", "coordinates": [ 7.6879856, 45.0675282 ] } },
{ "type": "Feature", "properties": { "name": "Focacceria Tipica Ligure" }, "geometry": { "type": "Point", "coordinates": [ 7.6884288, 45.0691243 ] } },
{ "type": "Feature", "properties": { "name": "Camilla's Kitchen" }, "geometry": { "type": "Point", "coordinates": [ 7.6950841, 45.0636292 ] } },
{ "type": "Feature", "properties": { "name": "Mai Thai" }, "geometry": { "type": "Point", "coordinates": [ 7.6906504, 45.0604741 ] } },
{ "type": "Feature", "properties": { "name": "Pizzaci Sù" }, "geometry": { "type": "Point", "coordinates": [ 7.6871042, 45.0617377 ] } },
{ "type": "Feature", "properties": { "name": "Sweet Lab" }, "geometry": { "type": "Point", "coordinates": [ 7.6884066, 45.0613912 ] } },
{ "type": "Feature", "properties": { "name": "Sestogusto" }, "geometry": { "type": "Point", "coordinates": [ 7.6880222, 45.0615307 ] } },
{ "type": "Feature", "properties": { "name": "Madama della Rocca" }, "geometry": { "type": "Point", "coordinates": [ 7.6935345, 45.064085 ] } },
{ "type": "Feature", "properties": { "name": "Oinos" }, "geometry": { "type": "Point", "coordinates": [ 7.6902925, 45.0603374 ] } },
{ "type": "Feature", "properties": { "name": "WÉMÁ BOGINO" }, "geometry": { "type": "Point", "coordinates": [ 7.6880257, 45.0690211 ] } },
{ "type": "Feature", "properties": { "name": "Cristina Perino" }, "geometry": { "type": "Point", "coordinates": [ 7.6833517, 45.0644868 ] } },
{ "type": "Feature", "properties": { "name": "Selezione Naturale" }, "geometry": { "type": "Point", "coordinates": [ 7.6885481, 45.062298 ] } },
{ "type": "Feature", "properties": { "name": "Ren Asian Bistró" }, "geometry": { "type": "Point", "coordinates": [ 7.6953187, 45.0641314 ] } },
{ "type": "Feature", "properties": { "name": "Noyi" }, "geometry": { "type": "Point", "coordinates": [ 7.6924686, 45.0610983 ] } },
{ "type": "Feature", "properties": { "name": "Cheers Birreria-Bistrot" }, "geometry": { "type": "Point", "coordinates": [ 7.6781914, 45.070769 ] } },
{ "type": "Feature", "properties": { "name": "L'osto del \"Borgh vej\"" }, "geometry": { "type": "Point", "coordinates": [ 7.6827641, 45.0738119 ] } },
{ "type": "Feature", "properties": { "name": "Le Scodelle" }, "geometry": { "type": "Point", "coordinates": [ 7.6780134, 45.0720714 ] } },
{ "type": "Feature", "properties": { "name": "Tre Galli" }, "geometry": { "type": "Point", "coordinates": [ 7.680766, 45.0760537 ] } },
{ "type": "Feature", "properties": { "name": "La Taverna Dei Mercanti" }, "geometry": { "type": "Point", "coordinates": [ 7.6779373, 45.0762469 ] } },
{ "type": "Feature", "properties": { "name": "Tre Qvevri" }, "geometry": { "type": "Point", "coordinates": [ 7.6803336, 45.0747558 ] } },
{ "type": "Feature", "properties": { "name": "Fradiavolo Pizzeria - Torino IV Marzo" }, "geometry": { "type": "Point", "coordinates": [ 7.6833126, 45.0733246 ] } },
{ "type": "Feature", "properties": { "name": "Norman" }, "geometry": { "type": "Point", "coordinates": [ 7.6782735, 45.0704345 ] } },
{ "type": "Feature", "properties": { "name": "Kokoroya" }, "geometry": { "type": "Point", "coordinates": [ 7.675792, 45.0759337 ] } },
{ "type": "Feature", "properties": { "name": "Le Fanfaron Bistrot" }, "geometry": { "type": "Point", "coordinates": [ 7.6753866, 45.0753616 ] } },
{ "type": "Feature", "properties": { "name": "L'articiocc" }, "geometry": { "type": "Point", "coordinates": [ 7.6843286, 45.0721436 ] } },
{ "type": "Feature", "properties": { "name": "Kensho" }, "geometry": { "type": "Point", "coordinates": [ 7.6804859, 45.0709319 ] } },
{ "type": "Feature", "properties": { "name": "Savurè" }, "geometry": { "type": "Point", "coordinates": [ 7.6749836, 45.0748314 ] } },
{ "type": "Feature", "properties": { "name": "Il Cuoppo di Torino" }, "geometry": { "type": "Point", "coordinates": [ 7.6827494, 45.0711654 ] } },
{ "type": "Feature", "properties": { "name": "Banco Vini e Alimenti" }, "geometry": { "type": "Point", "coordinates": [ 7.678865, 45.0714389 ] } },
{ "type": "Feature", "properties": { "name": "Etiko" }, "geometry": { "type": "Point", "coordinates": [ 7.6722799, 45.0738738 ] } },
{ "type": "Feature", "properties": { "name": "Burgheria" }, "geometry": { "type": "Point", "coordinates": [ 7.6721069, 45.0769577 ] } },
{ "type": "Feature", "properties": { "name": "Xi" }, "geometry": { "type": "Point", "coordinates": [ 7.6739033, 45.0717862 ] } },
{ "type": "Feature", "properties": { "name": "Osteria del Frate" }, "geometry": { "type": "Point", "coordinates": [ 7.6709876, 45.0749899 ] } },
{ "type": "Feature", "properties": { "name": "Fugu" }, "geometry": { "type": "Point", "coordinates": [ 7.670531, 45.0737409 ] } },
{ "type": "Feature", "properties": { "name": "La Ristonomia del Bertola" }, "geometry": { "type": "Point", "coordinates": [ 7.6737996, 45.0725836 ] } },
{ "type": "Feature", "properties": { "name": "Goustò" }, "geometry": { "type": "Point", "coordinates": [ 7.6836331, 45.0756058 ] } },
{ "type": "Feature", "properties": { "name": "Pan Cafe" }, "geometry": { "type": "Point", "coordinates": [ 7.6826668, 45.0732471 ] } },
{ "type": "Feature", "properties": { "name": "Chiodi Latini New Food" }, "geometry": { "type": "Point", "coordinates": [ 7.6703086, 45.0669993 ] } },
{ "type": "Feature", "properties": { "name": "Ktchn Lab" }, "geometry": { "type": "Point", "coordinates": [ 7.6784442, 45.0662462 ] } },
{ "type": "Feature", "properties": { "name": "Vintage 1997" }, "geometry": { "type": "Point", "coordinates": [ 7.6763124, 45.0685849 ] } },
{ "type": "Feature", "properties": { "name": "Amici Miei" }, "geometry": { "type": "Point", "coordinates": [ 7.6683434, 45.06682 ] } },
{ "type": "Feature", "properties": { "name": "Da Ciro" }, "geometry": { "type": "Point", "coordinates": [ 7.6687886, 45.0701874 ] } },
{ "type": "Feature", "properties": { "name": "Pizzeria Gli Ulivi" }, "geometry": { "type": "Point", "coordinates": [ 7.6633252, 45.0954475 ] } },
{ "type": "Feature", "properties": { "name": "Pizza Ad Hoc" }, "geometry": { "type": "Point", "coordinates": [ 7.6925838, 45.0641429 ] } },
{ "type": "Feature", "properties": { "name": "Casa Martin" }, "geometry": { "type": "Point", "coordinates": [ 7.6806468, 45.0758326 ] } },
{ "type": "Feature", "properties": { "name": "Al basilico" }, "geometry": { "type": "Point", "coordinates": [ 7.5790192, 45.0641953 ] } },
{ "type": "Feature", "properties": { "name": "Pizzeria Michelangelo" }, "geometry": { "type": "Point", "coordinates": [ 7.5836687, 45.0674315 ] } },
{ "type": "Feature", "properties": { "name": "A6 Sciamadda" }, "geometry": { "type": "Point", "coordinates": [ 7.6908092, 45.0655415 ] } },
{ "type": "Feature", "properties": { "name": "2018 Bar" }, "geometry": { "type": "Point", "coordinates": [ 7.6820816, 45.0607198 ] } },
{ "type": "Feature", "properties": { "name": "L'Osteria di Pierantonio" }, "geometry": { "type": "Point", "coordinates": [ 7.6680898, 45.0381822 ] } },
{ "type": "Feature", "properties": { "name": "Il Circoletto" }, "geometry": { "type": "Point", "coordinates": [ 7.6704055, 45.0325466 ] } },
{ "type": "Feature", "properties": { "name": "Pescheria Ristorante Gallina" }, "geometry": { "type": "Point", "coordinates": [ 7.6851235, 45.0771221 ] } },
{ "type": "Feature", "properties": { "name": "Il signor Panino" }, "geometry": { "type": "Point", "coordinates": [ 7.6810741, 45.0716264 ] } },
{ "type": "Feature", "properties": { "name": "kebabbaro grill" }, "geometry": { "type": "Point", "coordinates": [ 7.6615781, 45.0161569 ] } },
{ "type": "Feature", "properties": { "name": "La Pagoda Sushi & Chinese Restaurant" }, "geometry": { "type": "Point", "coordinates": [ 7.6761462, 45.0642344 ] } },
{ "type": "Feature", "properties": { "name": "Lo Spago" }, "geometry": { "type": "Point", "coordinates": [ 7.6858603, 45.0082909 ] } },
{ "type": "Feature", "properties": { }, "geometry": { "type": "Point", "coordinates": [ 7.5069956, 45.0531897 ] } },
{ "type": "Feature", "properties": { "name": "Risto pizza Kebab EgyOne" }, "geometry": { "type": "Point", "coordinates": [ 7.6345008, 45.0438679 ] } },
{ "type": "Feature", "properties": { "name": "Ne Quitte Pas" }, "geometry": { "type": "Point", "coordinates": [ 7.6877567, 45.0699194 ] } },
{ "type": "Feature", "properties": { "name": "Ristrot Guviol" }, "geometry": { "type": "Point", "coordinates": [ 7.6851725, 45.0627888 ] } },
{ "type": "Feature", "properties": { "name": "Crudo" }, "geometry": { "type": "Point", "coordinates": [ 7.6927281, 45.0690671 ] } },
{ "type": "Feature", "properties": { "name": "Antico Casale" }, "geometry": { "type": "Point", "coordinates": [ 7.730574, 45.0749392 ] } },
{ "type": "Feature", "properties": { "name": "Wiener Haus" }, "geometry": { "type": "Point", "coordinates": [ 7.6667096, 45.0338647 ] } },
{ "type": "Feature", "properties": { "name": "Osteria degli ottoni" }, "geometry": { "type": "Point", "coordinates": [ 7.6836383, 45.062616 ] } },
{ "type": "Feature", "properties": { "name": "koi" }, "geometry": { "type": "Point", "coordinates": [ 7.6809268, 45.066873 ] } },
{ "type": "Feature", "properties": { "name": "La Pergola Rosa" }, "geometry": { "type": "Point", "coordinates": [ 7.6795058, 45.0654709 ] } },
{ "type": "Feature", "properties": { "name": "Focacceria San Francesco" }, "geometry": { "type": "Point", "coordinates": [ 7.6844252, 45.0690161 ] } },
{ "type": "Feature", "properties": { "name": "The Loft Bistrò" }, "geometry": { "type": "Point", "coordinates": [ 7.68653, 45.0680497 ] } },
{ "type": "Feature", "properties": { "name": "La Drogheria Pugliese" }, "geometry": { "type": "Point", "coordinates": [ 7.6790087, 45.0642727 ] } },
{ "type": "Feature", "properties": { "name": "Gramsci" }, "geometry": { "type": "Point", "coordinates": [ 7.6810357, 45.0644394 ] } },
{ "type": "Feature", "properties": { "name": "Casa del barolo" }, "geometry": { "type": "Point", "coordinates": [ 7.6822619, 45.06422 ] } },
{ "type": "Feature", "properties": { "name": "Da Betty Locanda" }, "geometry": { "type": "Point", "coordinates": [ 7.6870306, 45.0674857 ] } },
{ "type": "Feature", "properties": { "name": "Donaz" }, "geometry": { "type": "Point", "coordinates": [ 7.6807528, 45.0697672 ] } },
{ "type": "Feature", "properties": { "name": "Yokohama Udon" }, "geometry": { "type": "Point", "coordinates": [ 7.6869977, 45.0694411 ] } },
{ "type": "Feature", "properties": { "name": "Al Garamond" }, "geometry": { "type": "Point", "coordinates": [ 7.6846835, 45.0641579 ] } },
{ "type": "Feature", "properties": { }, "geometry": { "type": "Point", "coordinates": [ 7.6843131, 45.0663754 ] } },
{ "type": "Feature", "properties": { "name": "Taberna Libraria" }, "geometry": { "type": "Point", "coordinates": [ 7.6879756, 45.0688913 ] } },
{ "type": "Feature", "properties": { "name": "Luogo Divino" }, "geometry": { "type": "Point", "coordinates": [ 7.6906636, 45.0657365 ] } },
{ "type": "Feature", "properties": { "name": "Zhenbao" }, "geometry": { "type": "Point", "coordinates": [ 7.6825351, 45.0657609 ] } },
{ "type": "Feature", "properties": { "name": "Street Fish" }, "geometry": { "type": "Point", "coordinates": [ 7.6877505, 45.0688589 ] } },
{ "type": "Feature", "properties": { "name": "Fratò" }, "geometry": { "type": "Point", "coordinates": [ 7.6850511, 45.0639838 ] } },
{ "type": "Feature", "properties": { "name": "Bol house" }, "geometry": { "type": "Point", "coordinates": [ 7.6888036, 45.0683786 ] } },
{ "type": "Feature", "properties": { "name": "Caffè Vittorio Veneto" }, "geometry": { "type": "Point", "coordinates": [ 7.6934201, 45.06591 ] } },
{ "type": "Feature", "properties": { "name": "Ristorante da Mauro" }, "geometry": { "type": "Point", "coordinates": [ 7.6869029, 45.0670571 ] } },
{ "type": "Feature", "properties": { "name": "Riso Zafferano" }, "geometry": { "type": "Point", "coordinates": [ 7.6880951, 45.0670578 ] } },
{ "type": "Feature", "properties": { "name": "Yaki Sushi" }, "geometry": { "type": "Point", "coordinates": [ 7.6686832, 45.0751576 ] } },
{ "type": "Feature", "properties": { "name": "Ristoritaly" }, "geometry": { "type": "Point", "coordinates": [ 7.6683342, 45.0746526 ] } },
{ "type": "Feature", "properties": { "name": "TAKE AWAY Street Food" }, "geometry": { "type": "Point", "coordinates": [ 7.6809228, 45.0725165 ] } },
{ "type": "Feature", "properties": { "name": "Da Pecchia" }, "geometry": { "type": "Point", "coordinates": [ 7.6752921, 45.0699047 ] } },
{ "type": "Feature", "properties": { "name": "DB" }, "geometry": { "type": "Point", "coordinates": [ 7.6769884, 45.0495368 ] } },
{ "type": "Feature", "properties": { "name": "Ristorante Lagrange" }, "geometry": { "type": "Point", "coordinates": [ 7.6813261, 45.063784 ] } },
{ "type": "Feature", "properties": { "name": "Mano Po" }, "geometry": { "type": "Point", "coordinates": [ 7.6855497, 45.0605834 ] } },
{ "type": "Feature", "properties": { "name": "Ristorante Solferino" }, "geometry": { "type": "Point", "coordinates": [ 7.6782765, 45.0696059 ] } },
{ "type": "Feature", "properties": { "name": "Il Tabisca" }, "geometry": { "type": "Point", "coordinates": [ 7.6949347, 45.0643391 ] } },
{ "type": "Feature", "properties": { "name": "Il Cavaliere" }, "geometry": { "type": "Point", "coordinates": [ 7.6893567, 45.0913722 ] } },
{ "type": "Feature", "properties": { "name": "Salbora" }, "geometry": { "type": "Point", "coordinates": [ 7.68094, 45.090075 ] } },
{ "type": "Feature", "properties": { "name": "Ristorante Cinese Giapponese Dinastia" }, "geometry": { "type": "Point", "coordinates": [ 7.6820773, 45.0894522 ] } },
{ "type": "Feature", "properties": { "name": "Berberè" }, "geometry": { "type": "Point", "coordinates": [ 7.6388899, 45.0674718 ] } },
{ "type": "Feature", "properties": { "name": "Osteria del FIAT" }, "geometry": { "type": "Point", "coordinates": [ 7.6683963, 45.034458 ] } },
{ "type": "Feature", "properties": { "name": "Mordi e Fuggi" }, "geometry": { "type": "Point", "coordinates": [ 7.710102, 45.1238169 ] } },
{ "type": "Feature", "properties": { "name": "hot pot" }, "geometry": { "type": "Point", "coordinates": [ 7.6781544, 45.0645356 ] } },
{ "type": "Feature", "properties": { }, "geometry": { "type": "Point", "coordinates": [ 7.6723228, 45.1014319 ] } },
{ "type": "Feature", "properties": { "name": "Sa Crocoriga" }, "geometry": { "type": "Point", "coordinates": [ 7.671899, 45.0986279 ] } },
{ "type": "Feature", "properties": { "name": "Kadeh Meze Wine Bar" }, "geometry": { "type": "Point", "coordinates": [ 7.6829074, 45.074695 ] } },
{ "type": "Feature", "properties": { "name": "Pizzeria Noè" }, "geometry": { "type": "Point", "coordinates": [ 7.6427452, 45.0231401 ] } },
{ "type": "Feature", "properties": { "name": "Cucineria Berlicabarbis" }, "geometry": { "type": "Point", "coordinates": [ 7.6959014, 45.0754327 ] } },
{ "type": "Feature", "properties": { "name": "Trattoria della posta" }, "geometry": { "type": "Point", "coordinates": [ 7.7337605, 45.0795053 ] } },
{ "type": "Feature", "properties": { "name": "Pizzeria Ristorante Vesuvio" }, "geometry": { "type": "Point", "coordinates": [ 7.6996845, 45.0686485 ] } },
{ "type": "Feature", "properties": { "name": "Trattoria Cinese" }, "geometry": { "type": "Point", "coordinates": [ 7.6824703, 45.0751391 ] } },
{ "type": "Feature", "properties": { "name": "Napples antica pizzeria partenopea" }, "geometry": { "type": "Point", "coordinates": [ 7.6802106, 45.0572166 ] } },
{ "type": "Feature", "properties": { "name": "Gaudenzio Vino e Cucina" }, "geometry": { "type": "Point", "coordinates": [ 7.691935, 45.0697416 ] } },
{ "type": "Feature", "properties": { "name": "Edit" }, "geometry": { "type": "Point", "coordinates": [ 7.6854346, 45.0907135 ] } },
{ "type": "Feature", "properties": { "name": "Papille" }, "geometry": { "type": "Point", "coordinates": [ 7.6629316, 45.0739224 ] } },
{ "type": "Feature", "properties": { "name": "Pizzeria Bella Napoli" }, "geometry": { "type": "Point", "coordinates": [ 7.7012086, 45.092904 ] } },
{ "type": "Feature", "properties": { "name": "Affini" }, "geometry": { "type": "Point", "coordinates": [ 7.6799256, 45.0583047 ] } },
{ "type": "Feature", "properties": { "name": "Al Bona" }, "geometry": { "type": "Point", "coordinates": [ 7.6948768, 45.0637633 ] } },
{ "type": "Feature", "properties": { "name": "L'Ancora" }, "geometry": { "type": "Point", "coordinates": [ 7.6772765, 45.0699562 ] } },
{ "type": "Feature", "properties": { "name": "Magorabin" }, "geometry": { "type": "Point", "coordinates": [ 7.6961165, 45.0685565 ] } },
{ "type": "Feature", "properties": { "name": "Spazio 7" }, "geometry": { "type": "Point", "coordinates": [ 7.6514273, 45.0571955 ] } },
{ "type": "Feature", "properties": { "name": "Coco's" }, "geometry": { "type": "Point", "coordinates": [ 7.6849432, 45.0587095 ] } },
{ "type": "Feature", "properties": { "name": "Casa Amélie" }, "geometry": { "type": "Point", "coordinates": [ 7.679777, 45.0768237 ] } },
{ "type": "Feature", "properties": { "name": "Trattoria d'Agata" }, "geometry": { "type": "Point", "coordinates": [ 7.6967338, 45.0651815 ] } },
{ "type": "Feature", "properties": { "name": "King Hua" }, "geometry": { "type": "Point", "coordinates": [ 7.6466262, 45.0712189 ] } },
{ "type": "Feature", "properties": { "name": "Da Peppino" }, "geometry": { "type": "Point", "coordinates": [ 7.6810723, 45.0715527 ] } },
{ "type": "Feature", "properties": { "name": "Bottega Baretti" }, "geometry": { "type": "Point", "coordinates": [ 7.6804862, 45.0579775 ] } },
{ "type": "Feature", "properties": { "name": "Dash Kitchen" }, "geometry": { "type": "Point", "coordinates": [ 7.6786003, 45.0584915 ] } },
{ "type": "Feature", "properties": { "name": "Sciabà" }, "geometry": { "type": "Point", "coordinates": [ 7.5492932, 45.067325 ] } },
{ "type": "Feature", "properties": { "name": "Geranio" }, "geometry": { "type": "Point", "coordinates": [ 7.8110011, 44.9990225 ] } },
{ "type": "Feature", "properties": { "name": "Riko Sushi" }, "geometry": { "type": "Point", "coordinates": [ 7.6051945, 45.0748787 ] } },
{ "type": "Feature", "properties": { "name": "IL Leone" }, "geometry": { "type": "Point", "coordinates": [ 7.6506424, 45.0964024 ] } },
{ "type": "Feature", "properties": { "name": "Caffetteria Bistrot" }, "geometry": { "type": "Point", "coordinates": [ 7.7024033, 45.0927361 ] } },
{ "type": "Feature", "properties": { "name": "OGR Snodo" }, "geometry": { "type": "Point", "coordinates": [ 7.659651, 45.0666858 ] } },
{ "type": "Feature", "properties": { "name": "Il Cortiletto" }, "geometry": { "type": "Point", "coordinates": [ 7.6828925, 45.0795107 ] } },
{ "type": "Feature", "properties": { "name": "Bicchierdivino Tavern" }, "geometry": { "type": "Point", "coordinates": [ 7.6739301, 45.0656903 ] } },
{ "type": "Feature", "properties": { "name": "Da Cianci" }, "geometry": { "type": "Point", "coordinates": [ 7.6829235, 45.0733158 ] } },
{ "type": "Feature", "properties": { "name": "La Piola d’le 2 Sorele" }, "geometry": { "type": "Point", "coordinates": [ 7.7275419, 45.0962561 ] } },
{ "type": "Feature", "properties": { "name": "La Piola di Alfredo" }, "geometry": { "type": "Point", "coordinates": [ 7.6964101, 45.0702895 ] } },
{ "type": "Feature", "properties": { "name": "Trattoria Coco’s" }, "geometry": { "type": "Point", "coordinates": [ 7.684783, 45.0589038 ] } },
{ "type": "Feature", "properties": { "name": "Gusto Madre" }, "geometry": { "type": "Point", "coordinates": [ 7.6882537, 45.0615089 ] } },
{ "type": "Feature", "properties": { "name": "Ristorante Carignano" }, "geometry": { "type": "Point", "coordinates": [ 7.6840594, 45.0652074 ] } },
{ "type": "Feature", "properties": { "name": "Casa Crimea" }, "geometry": { "type": "Point", "coordinates": [ 7.6931562, 45.057127 ] } },
{ "type": "Feature", "properties": { "name": "La Giunca" }, "geometry": { "type": "Point", "coordinates": [ 7.6937596, 45.0579124 ] } },
{ "type": "Feature", "properties": { "name": "Taverna dell'Oca" }, "geometry": { "type": "Point", "coordinates": [ 7.6872938, 45.0625452 ] } },
{ "type": "Feature", "properties": { "name": "Pizza Mania" }, "geometry": { "type": "Point", "coordinates": [ 7.8123292, 45.0195958 ] } },
{ "type": "Feature", "properties": { "name": "Da Dino" }, "geometry": { "type": "Point", "coordinates": [ 7.5996631, 45.0518874 ] } },
{ "type": "Feature", "properties": { "name": "L'Assommoir" }, "geometry": { "type": "Point", "coordinates": [ 7.6790669, 45.0708991 ] } },
{ "type": "Feature", "properties": { "name": "Chun Cheng" }, "geometry": { "type": "Point", "coordinates": [ 7.654803, 45.0171599 ] } },
{ "type": "Feature", "properties": { "name": "Revolucion" }, "geometry": { "type": "Point", "coordinates": [ 7.7242351, 45.0698401 ] } },
{ "type": "Feature", "properties": { "name": "La ferramenta del gusto emiliano" }, "geometry": { "type": "Point", "coordinates": [ 7.6787889, 45.0557203 ] } },
{ "type": "Feature", "properties": { "name": "Te la do io la pizza...Ristò" }, "geometry": { "type": "Point", "coordinates": [ 7.55455, 45.1067578 ] } },
{ "type": "Feature", "properties": { "name": "Fratelli Pummaro" }, "geometry": { "type": "Point", "coordinates": [ 7.6824065, 45.0590608 ] } },
{ "type": "Feature", "properties": { "name": "Freevolo" }, "geometry": { "type": "Point", "coordinates": [ 7.6812824, 45.0761377 ] } },
{ "type": "Feature", "properties": { "name": "Mamasita" }, "geometry": { "type": "Point", "coordinates": [ 7.6646552, 45.0505611 ] } },
{ "type": "Feature", "properties": { "name": "Matteo e Mattia" }, "geometry": { "type": "Point", "coordinates": [ 7.6167421, 45.1978193 ] } },
{ "type": "Feature", "properties": { "name": "La Costa" }, "geometry": { "type": "Point", "coordinates": [ 7.6668001, 45.0673642 ] } },
{ "type": "Feature", "properties": { "name": "La Taverna del Bergè" }, "geometry": { "type": "Point", "coordinates": [ 7.6709951, 45.0821269 ] } },
{ "type": "Feature", "properties": { "name": "La Vela" }, "geometry": { "type": "Point", "coordinates": [ 7.6405223, 45.0216247 ] } },
{ "type": "Feature", "properties": { "name": "Paltò" }, "geometry": { "type": "Point", "coordinates": [ 7.6927855, 45.0633105 ] } },
{ "type": "Feature", "properties": { "name": "Porto Urbano" }, "geometry": { "type": "Point", "coordinates": [ 7.6930659, 45.0608084 ] } },
{ "type": "Feature", "properties": { "name": "Sweet Lab" }, "geometry": { "type": "Point", "coordinates": [ 7.6916144, 45.0662871 ] } },
{ "type": "Feature", "properties": { "name": "Il Melograno" }, "geometry": { "type": "Point", "coordinates": [ 7.6935818, 45.0693189 ] } },
{ "type": "Feature", "properties": { "name": "Bastimento" }, "geometry": { "type": "Point", "coordinates": [ 7.6932375, 45.0638383 ] } },
{ "type": "Feature", "properties": { "name": "Caffè & cucina" }, "geometry": { "type": "Point", "coordinates": [ 7.6866397, 45.0680056 ] } },
{ "type": "Feature", "properties": { "name": "Serranos" }, "geometry": { "type": "Point", "coordinates": [ 7.6906682, 45.065941 ] } },
{ "type": "Feature", "properties": { "name": "Ichiban Sushi" }, "geometry": { "type": "Point", "coordinates": [ 7.6934066, 45.0648095 ] } },
{ "type": "Feature", "properties": { "name": "Chiosto" }, "geometry": { "type": "Point", "coordinates": [ 7.684088, 45.066293 ] } },
{ "type": "Feature", "properties": { "name": "Magazzini'oz" }, "geometry": { "type": "Point", "coordinates": [ 7.687305, 45.0652747 ] } },
{ "type": "Feature", "properties": { "name": "Barca's" }, "geometry": { "type": "Point", "coordinates": [ 7.6865308, 45.060253 ] } },
{ "type": "Feature", "properties": { "name": "La spade Reale" }, "geometry": { "type": "Point", "coordinates": [ 7.6929828, 45.065786 ] } },
{ "type": "Feature", "properties": { "name": "da convertino" }, "geometry": { "type": "Point", "coordinates": [ 7.6852751, 45.0660113 ] } },
{ "type": "Feature", "properties": { "name": "BoMaki" }, "geometry": { "type": "Point", "coordinates": [ 7.6945154, 45.0621306 ] } },
{ "type": "Feature", "properties": { "name": "il postaccio" }, "geometry": { "type": "Point", "coordinates": [ 7.694275, 45.0627687 ] } },
{ "type": "Feature", "properties": { "name": "Ristorante giaponese" }, "geometry": { "type": "Point", "coordinates": [ 7.6908227, 45.0661435 ] } },
{ "type": "Feature", "properties": { "name": "Fratellini's" }, "geometry": { "type": "Point", "coordinates": [ 7.6954748, 45.0640076 ] } },
{ "type": "Feature", "properties": { "name": "La rusnenta" }, "geometry": { "type": "Point", "coordinates": [ 7.6828817, 45.0796721 ] } },
{ "type": "Feature", "properties": { "name": "Pizza Pazza" }, "geometry": { "type": "Point", "coordinates": [ 7.5853376, 45.0632453 ] } },
{ "type": "Feature", "properties": { "name": "Hi Mi" }, "geometry": { "type": "Point", "coordinates": [ 7.6821879, 45.0739719 ] } },
{ "type": "Feature", "properties": { "name": "Don Giovanni Verde" }, "geometry": { "type": "Point", "coordinates": [ 7.6825691, 45.0732161 ] } },
{ "type": "Feature", "properties": { "name": "Osteria Al Tagliere" }, "geometry": { "type": "Point", "coordinates": [ 7.68059, 45.0738846 ] } },
{ "type": "Feature", "properties": { "name": "Osteria Il Porto" }, "geometry": { "type": "Point", "coordinates": [ 7.6803274, 45.0738395 ] } },
{ "type": "Feature", "properties": { "name": "Luce&Gas" }, "geometry": { "type": "Point", "coordinates": [ 7.6820627, 45.0735392 ] } },
{ "type": "Feature", "properties": { "name": "Recina" }, "geometry": { "type": "Point", "coordinates": [ 7.6772245, 45.0736219 ] } },
{ "type": "Feature", "properties": { "name": "La Piada" }, "geometry": { "type": "Point", "coordinates": [ 7.6778454, 45.0734884 ] } },
{ "type": "Feature", "properties": { "name": "Mr Ang" }, "geometry": { "type": "Point", "coordinates": [ 7.7011089, 45.1025348 ] } },
{ "type": "Feature", "properties": { "name": "Nuovo Jubin" }, "geometry": { "type": "Point", "coordinates": [ 7.6983087, 45.1058156 ] } },
{ "type": "Feature", "properties": { "name": "Tourlé" }, "geometry": { "type": "Point", "coordinates": [ 7.7009185, 45.1053424 ] } },
{ "type": "Feature", "properties": { "name": "Mamma Ester" }, "geometry": { "type": "Point", "coordinates": [ 7.656996, 45.0527112 ] } },
{ "type": "Feature", "properties": { "name": "Poormanger" }, "geometry": { "type": "Point", "coordinates": [ 7.6820601, 45.0728925 ] } },
{ "type": "Feature", "properties": { "name": "Uchu & Cachi" }, "geometry": { "type": "Point", "coordinates": [ 7.65115, 45.0765521 ] } },
{ "type": "Feature", "properties": { "name": "Trattoria Primavera" }, "geometry": { "type": "Point", "coordinates": [ 7.6932776, 45.0791241 ] } },
{ "type": "Feature", "properties": { "name": "Umi Sushi" }, "geometry": { "type": "Point", "coordinates": [ 7.6575514, 45.05413 ] } },
{ "type": "Feature", "properties": { "name": "La Famosa Pizzeria" }, "geometry": { "type": "Point", "coordinates": [ 7.6050602, 45.0770002 ] } },
{ "type": "Feature", "properties": { "name": "Tacos Locos" }, "geometry": { "type": "Point", "coordinates": [ 7.732079, 45.0771857 ] } },
{ "type": "Feature", "properties": { "name": "La Medusa" }, "geometry": { "type": "Point", "coordinates": [ 7.7298421, 45.0757481 ] } },
{ "type": "Feature", "properties": { "name": "Che Bolle in Pentola?" }, "geometry": { "type": "Point", "coordinates": [ 7.6537076, 45.0809347 ] } },
{ "type": "Feature", "properties": { "name": "Mijuna Wasy" }, "geometry": { "type": "Point", "coordinates": [ 7.6666261, 45.0793485 ] } },
{ "type": "Feature", "properties": { "name": "Da Frasca" }, "geometry": { "type": "Point", "coordinates": [ 7.6814241, 45.07442 ] } },
{ "type": "Feature", "properties": { "name": "La rustica" }, "geometry": { "type": "Point", "coordinates": [ 7.6512537, 45.0614814 ] } },
{ "type": "Feature", "properties": { "name": "Angeli del Caffé" }, "geometry": { "type": "Point", "coordinates": [ 7.7167703, 45.0759477 ] } },
{ "type": "Feature", "properties": { "name": "Sonamu" }, "geometry": { "type": "Point", "coordinates": [ 7.6518745, 45.0639763 ] } },
{ "type": "Feature", "properties": { "name": "Yoshi Yoshi" }, "geometry": { "type": "Point", "coordinates": [ 7.5487124, 45.0095623 ] } },
{ "type": "Feature", "properties": { "name": "Pizzeria dell'Angolo" }, "geometry": { "type": "Point", "coordinates": [ 7.622397, 45.0145398 ] } },
{ "type": "Feature", "properties": { "name": "Officina del Gusto" }, "geometry": { "type": "Point", "coordinates": [ 7.7251611, 45.1022695 ] } },
{ "type": "Feature", "properties": { "name": "Caribbean Bistrot" }, "geometry": { "type": "Point", "coordinates": [ 7.6771515, 45.0497792 ] } },
{ "type": "Feature", "properties": { "name": "Klec" }, "geometry": { "type": "Point", "coordinates": [ 7.695904, 45.0700723 ] } },
{ "type": "Feature", "properties": { "name": "Ciccio Paranza" }, "geometry": { "type": "Point", "coordinates": [ 7.6816488, 45.075535 ] } },
{ "type": "Feature", "properties": { "name": "Trattoria Almondo" }, "geometry": { "type": "Point", "coordinates": [ 7.6985849, 45.0621704 ] } },
{ "type": "Feature", "properties": { "name": "Raffaleo" }, "geometry": { "type": "Point", "coordinates": [ 7.675521, 45.0755693 ] } },
{ "type": "Feature", "properties": { "name": "Cot’ Cos" }, "geometry": { "type": "Point", "coordinates": [ 7.6727076, 45.0459967 ] } },
{ "type": "Feature", "properties": { "name": "Pizzeria da Pecchia" }, "geometry": { "type": "Point", "coordinates": [ 7.6699088, 45.0328731 ] } },
{ "type": "Feature", "properties": { "name": "Solera" }, "geometry": { "type": "Point", "coordinates": [ 7.69509, 45.0598707 ] } },
{ "type": "Feature", "properties": { "name": "Trattoria Port Dij Gai" }, "geometry": { "type": "Point", "coordinates": [ 7.6379442, 45.1586248 ] } },
{ "type": "Feature", "properties": { "name": "Sapore di pizza" }, "geometry": { "type": "Point", "coordinates": [ 7.6237911, 45.0801167 ] } },
{ "type": "Feature", "properties": { "name": "Ramen-Ya Luca" }, "geometry": { "type": "Point", "coordinates": [ 7.6775506, 45.075754 ] } },
{ "type": "Feature", "properties": { "name": "CuoreSapore" }, "geometry": { "type": "Point", "coordinates": [ 7.6722457, 45.0397783 ] } },
{ "type": "Feature", "properties": { "name": "Roadhouse" }, "geometry": { "type": "Point", "coordinates": [ 7.6442984, 45.107912 ] } },
{ "type": "Feature", "properties": { "name": "Shari" }, "geometry": { "type": "Point", "coordinates": [ 7.6795975, 45.071024 ] } },
{ "type": "Feature", "properties": { "name": "Pizzeria Tre Scalini" }, "geometry": { "type": "Point", "coordinates": [ 7.6293223, 45.0496922 ] } },
{ "type": "Feature", "properties": { "name": "Coven 125" }, "geometry": { "type": "Point", "coordinates": [ 7.6581209, 45.0428066 ] } },
{ "type": "Feature", "properties": { "name": "La Coccinellla" }, "geometry": { "type": "Point", "coordinates": [ 7.5056506, 45.1552769 ] } },
{ "type": "Feature", "properties": { "name": "Ramen Station" }, "geometry": { "type": "Point", "coordinates": [ 7.6830004, 45.0632123 ] } },
{ "type": "Feature", "properties": { "name": "WeMà Fortunato" }, "geometry": { "type": "Point", "coordinates": [ 7.6628132, 45.0723317 ] } },
{ "type": "Feature", "properties": { "name": "Enò" }, "geometry": { "type": "Point", "coordinates": [ 7.6819956, 45.059729 ] } },
{ "type": "Feature", "properties": { "name": "I quattro spicchi" }, "geometry": { "type": "Point", "coordinates": [ 7.7006016, 45.0934386 ] } },
{ "type": "Feature", "properties": { "name": "Xiao Si Chuan" }, "geometry": { "type": "Point", "coordinates": [ 7.676693, 45.0562082 ] } },
{ "type": "Feature", "properties": { "name": "Pizzeria Roma 4" }, "geometry": { "type": "Point", "coordinates": [ 7.6718624, 45.0063387 ] } },
{ "type": "Feature", "properties": { "name": "8 sapori" }, "geometry": { "type": "Point", "coordinates": [ 7.6912545, 45.0672905 ] } },
{ "type": "Feature", "properties": { "name": "Sushiko" }, "geometry": { "type": "Point", "coordinates": [ 7.552545, 45.0094804 ] } },
{ "type": "Feature", "properties": { "name": "Kayi" }, "geometry": { "type": "Point", "coordinates": [ 7.5525666, 45.0094334 ] } },
{ "type": "Feature", "properties": { "name": "Caribbean Bistrot" }, "geometry": { "type": "Point", "coordinates": [ 7.6800402, 45.0580976 ] } },
{ "type": "Feature", "properties": { "name": "Bel Andi" }, "geometry": { "type": "Point", "coordinates": [ 7.6797834, 45.0579569 ] } },
{ "type": "Feature", "properties": { "name": "New Pasta e Basta" }, "geometry": { "type": "Point", "coordinates": [ 7.6740632, 45.0453858 ] } },
{ "type": "Feature", "properties": { "name": "Area Nova" }, "geometry": { "type": "Point", "coordinates": [ 7.6748173, 45.0464743 ] } },
{ "type": "Feature", "properties": { "name": "Il Bric" }, "geometry": { "type": "Point", "coordinates": [ 7.7231457, 45.0300532 ] } },
{ "type": "Feature", "properties": { "name": "Koya" }, "geometry": { "type": "Point", "coordinates": [ 7.649423, 45.0486873 ] } },
{ "type": "Feature", "properties": { "name": "La Via del Sale" }, "geometry": { "type": "Point", "coordinates": [ 7.6888994, 45.0684868 ] } },
{ "type": "Feature", "properties": { }, "geometry": { "type": "Point", "coordinates": [ 7.6844252, 45.0690161 ] } },
{ "type": "Feature", "properties": { "name": "Arcadia" }, "geometry": { "type": "Point", "coordinates": [ 7.6864269, 45.0694498 ] } },
{ "type": "Feature", "properties": { "name": "Alla Mole" }, "geometry": { "type": "Point", "coordinates": [ 7.690347, 45.0691395 ] } },
{ "type": "Feature", "properties": { "name": "Focacceria22 - Pizza Romana in teglia" }, "geometry": { "type": "Point", "coordinates": [ 7.6906524, 45.0688877 ] } },
{ "type": "Feature", "properties": { "name": "Don Savino" }, "geometry": { "type": "Point", "coordinates": [ 7.6910061, 45.0691598 ] } },
{ "type": "Feature", "properties": { "name": "Da Camisa" }, "geometry": { "type": "Point", "coordinates": [ 7.6915082, 45.0698805 ] } },
{ "type": "Feature", "properties": { "name": "Panperfocaccia" }, "geometry": { "type": "Point", "coordinates": [ 7.6823038, 45.0735976 ] } },
{ "type": "Feature", "properties": { "name": "Wang Jiao" }, "geometry": { "type": "Point", "coordinates": [ 7.6689785, 45.0755813 ] } },
{ "type": "Feature", "properties": { "name": "Greek Food Lab" }, "geometry": { "type": "Point", "coordinates": [ 7.6798874, 45.059442 ] } },
{ "type": "Feature", "properties": { "name": "Antojitos Peruanos" }, "geometry": { "type": "Point", "coordinates": [ 7.6760615, 45.0531757 ] } },
{ "type": "Feature", "properties": { "name": "La fermata" }, "geometry": { "type": "Point", "coordinates": [ 7.6592764, 45.0551876 ] } },
{ "type": "Feature", "properties": { "name": "Osteria Giowine" }, "geometry": { "type": "Point", "coordinates": [ 7.6580362, 45.0563486 ] } },
{ "type": "Feature", "properties": { "name": "Inside" }, "geometry": { "type": "Point", "coordinates": [ 7.6802228, 45.0752153 ] } },
{ "type": "Feature", "properties": { "name": "Ramen Bar Akira" }, "geometry": { "type": "Point", "coordinates": [ 7.6826193, 45.0611417 ] } },
{ "type": "Feature", "properties": { "name": "Ristorante 0086" }, "geometry": { "type": "Point", "coordinates": [ 7.6828002, 45.0610585 ] } },
{ "type": "Feature", "properties": { "name": "Mai Thai" }, "geometry": { "type": "Point", "coordinates": [ 7.5202452, 45.0714856 ] } },
{ "type": "Feature", "properties": { "name": "Il Pacchero" }, "geometry": { "type": "Point", "coordinates": [ 7.508377, 45.0811339 ] } },
{ "type": "Feature", "properties": { "name": "Cannavacciuolo Bistrot" }, "geometry": { "type": "Point", "coordinates": [ 7.7009721, 45.0626963 ] } },
{ "type": "Feature", "properties": { "name": "Grande Oriente" }, "geometry": { "type": "Point", "coordinates": [ 7.6571125, 45.0591986 ] } },
{ "type": "Feature", "properties": { "name": "Feroza" }, "geometry": { "type": "Point", "coordinates": [ 7.6785269, 45.0722008 ] } },
{ "type": "Feature", "properties": { "name": "O' Pizza" }, "geometry": { "type": "Point", "coordinates": [ 7.6544938, 45.0866506 ] } },
{ "type": "Feature", "properties": { "name": "Rock Burger" }, "geometry": { "type": "Point", "coordinates": [ 7.6953585, 45.0677053 ] } },
{ "type": "Feature", "properties": { "name": "Quisimangia" }, "geometry": { "type": "Point", "coordinates": [ 7.6531688, 45.0522601 ] } },
{ "type": "Feature", "properties": { "name": "Hanabi" }, "geometry": { "type": "Point", "coordinates": [ 7.6861911, 45.0640406 ] } },
{ "type": "Feature", "properties": { "name": "Miss 2" }, "geometry": { "type": "Point", "coordinates": [ 7.5964172, 45.0739022 ] } },
{ "type": "Feature", "properties": { "name": "Ritual" }, "geometry": { "type": "Point", "coordinates": [ 7.6813501, 45.0761182 ] } },
{ "type": "Feature", "properties": { "name": "Sumo" }, "geometry": { "type": "Point", "coordinates": [ 7.6413558, 45.0285733 ] } },
{ "type": "Feature", "properties": { "name": "Controcorrente" }, "geometry": { "type": "Point", "coordinates": [ 7.6524764, 45.0641247 ] } },
{ "type": "Feature", "properties": { "name": "Cucina di Damasco" }, "geometry": { "type": "Point", "coordinates": [ 7.7012444, 45.0639877 ] } },
{ "type": "Feature", "properties": { "name": "Vecchio Pavone" }, "geometry": { "type": "Point", "coordinates": [ 7.6978684, 45.1491903 ] } },
{ "type": "Feature", "properties": { "name": "Osteria Tripoli" }, "geometry": { "type": "Point", "coordinates": [ 7.6385604, 45.1287508 ] } },
{ "type": "Feature", "properties": { "name": "Xia Sushi" }, "geometry": { "type": "Point", "coordinates": [ 7.6553909, 45.0019811 ] } },
{ "type": "Feature", "properties": { "name": "Imbarco sul Po - Al Pero" }, "geometry": { "type": "Point", "coordinates": [ 7.6876033, 45.0543099 ] } },
{ "type": "Feature", "properties": { "name": "Pizzeria Corso Italia" }, "geometry": { "type": "Point", "coordinates": [ 7.5673684, 45.1990581 ] } },
{ "type": "Feature", "properties": { "name": "Birreria One Route" }, "geometry": { "type": "Point", "coordinates": [ 7.5608171, 45.1962212 ] } },
{ "type": "Feature", "properties": { "name": "Ristorante Pigna d'Oro" }, "geometry": { "type": "Point", "coordinates": [ 7.7751699, 45.0426384 ] } },
{ "type": "Feature", "properties": { "name": "Pizzeria Pinocchio" }, "geometry": { "type": "Point", "coordinates": [ 7.7675664, 45.0434673 ] } },
{ "type": "Feature", "properties": { "name": "Pizzeria La Panoramica" }, "geometry": { "type": "Point", "coordinates": [ 7.7659745, 45.0439416 ] } },
{ "type": "Feature", "properties": { "name": "Gastronomia Ai Fornelli" }, "geometry": { "type": "Point", "coordinates": [ 7.7735679, 45.0431718 ] } },
{ "type": "Feature", "properties": { "name": "Ostaria Di'La Tradission" }, "geometry": { "type": "Point", "coordinates": [ 7.8038275, 45.0494346 ] } },
{ "type": "Feature", "properties": { "name": "La Vignassa" }, "geometry": { "type": "Point", "coordinates": [ 7.7730021, 45.0317473 ] } },
{ "type": "Feature", "properties": { "name": "Jonica" }, "geometry": { "type": "Point", "coordinates": [ 7.5663904, 45.0721463 ] } },
{ "type": "Feature", "properties": { "name": "Bariolé" }, "geometry": { "type": "Point", "coordinates": [ 7.6647223, 45.0754233 ] } },
{ "type": "Feature", "properties": { "name": "Chen Lon" }, "geometry": { "type": "Point", "coordinates": [ 7.663178, 45.0742501 ] } },
{ "type": "Feature", "properties": { "name": "L’Hamburgheria di Eataly" }, "geometry": { "type": "Point", "coordinates": [ 7.7360739, 45.127872 ] } },
{ "type": "Feature", "properties": { "name": "Adonis Crêperie" }, "geometry": { "type": "Point", "coordinates": [ 7.6777591, 45.0526127 ] } },
{ "type": "Feature", "properties": { "name": "La Cipolla Caramellata" }, "geometry": { "type": "Point", "coordinates": [ 7.5217812, 45.0327878 ] } },
{ "type": "Feature", "properties": { }, "geometry": { "type": "Point", "coordinates": [ 7.6486101, 44.9942576 ] } },
{ "type": "Feature", "properties": { "name": "L'orto di Alice" }, "geometry": { "type": "Point", "coordinates": [ 7.59218, 45.0761861 ] } },
{ "type": "Feature", "properties": { "name": "Zhu" }, "geometry": { "type": "Point", "coordinates": [ 7.6721982, 45.0394277 ] } },
{ "type": "Feature", "properties": { "name": "La Resada" }, "geometry": { "type": "Point", "coordinates": [ 7.6927215, 45.0783477 ] } },
{ "type": "Feature", "properties": { "name": "L'Incanto" }, "geometry": { "type": "Point", "coordinates": [ 7.6490827, 45.1747208 ] } },
{ "type": "Feature", "properties": { "name": "Il Falco Rosso" }, "geometry": { "type": "Point", "coordinates": [ 7.6987787, 45.0807686 ] } },
{ "type": "Feature", "properties": { "name": "Moma Italian Food" }, "geometry": { "type": "Point", "coordinates": [ 7.6466739, 45.114134 ] } },
{ "type": "Feature", "properties": { "name": "#Pizzatime" }, "geometry": { "type": "Point", "coordinates": [ 7.6532048, 45.0176676 ] } },
{ "type": "Feature", "properties": { "name": "MOOD" }, "geometry": { "type": "Point", "coordinates": [ 7.6595296, 45.0802999 ] } },
{ "type": "Feature", "properties": { "name": "Nagoya" }, "geometry": { "type": "Point", "coordinates": [ 7.6985412, 45.0836847 ] } },
{ "type": "Feature", "properties": { "name": "Da Ivo" }, "geometry": { "type": "Point", "coordinates": [ 7.6979714, 45.0831116 ] } },
{ "type": "Feature", "properties": { "name": "Cascina Marchesa restaurant & resort" }, "geometry": { "type": "Point", "coordinates": [ 7.6398749, 45.0896795 ] } },
{ "type": "Feature", "properties": { "name": "La Lazzarella" }, "geometry": { "type": "Point", "coordinates": [ 7.6846327, 45.0872554 ] } },
{ "type": "Feature", "properties": { "name": "Crocca" }, "geometry": { "type": "Point", "coordinates": [ 7.6894835, 45.0619098 ] } },
{ "type": "Feature", "properties": { "name": "Delizia" }, "geometry": { "type": "Point", "coordinates": [ 7.6472398, 45.0227617 ] } },
{ "type": "Feature", "properties": { "name": "azz che... pizz..." }, "geometry": { "type": "Point", "coordinates": [ 7.6542435, 45.0195813 ] } },
{ "type": "Feature", "properties": { "name": "Ristorante Grinto" }, "geometry": { "type": "Point", "coordinates": [ 7.6717456, 45.0096681 ] } },
{ "type": "Feature", "properties": { "name": "Andirivieni" }, "geometry": { "type": "Point", "coordinates": [ 7.6249662, 45.0411485 ] } },
{ "type": "Feature", "properties": { "name": "Osteria del Paluch" }, "geometry": { "type": "Point", "coordinates": [ 7.7907255, 45.073371 ] } },
{ "type": "Feature", "properties": { "name": "Haru restaurant" }, "geometry": { "type": "Point", "coordinates": [ 7.7137783, 45.1723185 ] } },
{ "type": "Feature", "properties": { "name": "Pizzeria Fantasy" }, "geometry": { "type": "Point", "coordinates": [ 7.7123862, 45.1847195 ] } },
{ "type": "Feature", "properties": { "name": "Pizzeria Pergolesi" }, "geometry": { "type": "Point", "coordinates": [ 7.7049347, 45.0963569 ] } },
{ "type": "Feature", "properties": { "name": "Cristina pizzeria" }, "geometry": { "type": "Point", "coordinates": [ 7.6932462, 45.0882366 ] } },
{ "type": "Feature", "properties": { "name": "Bistrot Medina" }, "geometry": { "type": "Point", "coordinates": [ 7.7158302, 45.1838584 ] } },
{ "type": "Feature", "properties": { "name": "Il Grifo" }, "geometry": { "type": "Point", "coordinates": [ 7.6412563, 45.048588 ] } },
{ "type": "Feature", "properties": { "name": "Banco di Sicilia" }, "geometry": { "type": "Point", "coordinates": [ 7.65259, 45.0370563 ] } },
{ "type": "Feature", "properties": { "name": "Gonzales" }, "geometry": { "type": "Point", "coordinates": [ 7.6214779, 45.0744092 ] } },
{ "type": "Feature", "properties": { "name": "L'uva e il grano" }, "geometry": { "type": "Point", "coordinates": [ 7.6647943, 45.0984706 ] } },
{ "type": "Feature", "properties": { "name": "Arsenico" }, "geometry": { "type": "Point", "coordinates": [ 7.6809386, 45.0759374 ] } },
{ "type": "Feature", "properties": { "name": "Miscusi" }, "geometry": { "type": "Point", "coordinates": [ 7.66263, 45.073917 ] } },
{ "type": "Feature", "properties": { "name": "Sen Mi Ya" }, "geometry": { "type": "Point", "coordinates": [ 7.6649907, 45.0453358 ] } },
{ "type": "Feature", "properties": { "name": "Cos 'e Pazz - Pizza e Fritti Napoletani" }, "geometry": { "type": "Point", "coordinates": [ 7.6402769, 45.0259755 ] } },
{ "type": "Feature", "properties": { "name": "Takoyaki Minamoto" }, "geometry": { "type": "Point", "coordinates": [ 7.6870446, 45.0675305 ] } },
{ "type": "Feature", "properties": { "name": "Bacalhau Osteria" }, "geometry": { "type": "Point", "coordinates": [ 7.7029681, 45.0705578 ] } },
{ "type": "Feature", "properties": { "name": "La Piola dell'Angolo" }, "geometry": { "type": "Point", "coordinates": [ 7.6317728, 45.0769307 ] } },
{ "type": "Feature", "properties": { "name": "I Sapori" }, "geometry": { "type": "Point", "coordinates": [ 7.5961083, 45.0265617 ] } },
{ "type": "Feature", "properties": { "name": "Le Scuderie della Tesoriera" }, "geometry": { "type": "Point", "coordinates": [ 7.6370643, 45.0763562 ] } },
{ "type": "Feature", "properties": { "name": "Trattoria Alle Volte" }, "geometry": { "type": "Point", "coordinates": [ 7.67779, 45.058677 ] } },
{ "type": "Feature", "properties": { "name": "Made in Italy" }, "geometry": { "type": "Point", "coordinates": [ 7.74753, 45.1023912 ] } },
{ "type": "Feature", "properties": { "name": "Antica Trattoria Con Calma" }, "geometry": { "type": "Point", "coordinates": [ 7.7463085, 45.0739594 ] } },
{ "type": "Feature", "properties": { "name": "Cucina cinese" }, "geometry": { "type": "Point", "coordinates": [ 7.6764844, 45.048371 ] } },
{ "type": "Feature", "properties": { "name": "Trattoria Alba" }, "geometry": { "type": "Point", "coordinates": [ 7.6967026, 45.0649387 ] } },
{ "type": "Feature", "properties": { "name": "Trattoria Cravette" }, "geometry": { "type": "Point", "coordinates": [ 7.6707045, 45.0025088 ] } },
{ "type": "Feature", "properties": { "name": "Giada Splendente" }, "geometry": { "type": "Point", "coordinates": [ 7.6969681, 44.9996833 ] } },
{ "type": "Feature", "properties": { "name": "Tellia" }, "geometry": { "type": "Point", "coordinates": [ 7.6365594, 45.0479254 ] } },
{ "type": "Feature", "properties": { "name": "La Capannina - Ristorante Pizzeria" }, "geometry": { "type": "Point", "coordinates": [ 7.6679546, 45.0669807 ] } },
{ "type": "Feature", "properties": { "name": "Piccolo Lord" }, "geometry": { "type": "Point", "coordinates": [ 7.6976554, 45.0670113 ] } },
{ "type": "Feature", "properties": { "name": "Solo Qui" }, "geometry": { "type": "Point", "coordinates": [ 7.6817083, 45.0633196 ] } },
{ "type": "Feature", "properties": { "name": "La frasca" }, "geometry": { "type": "Point", "coordinates": [ 7.6677398, 45.0238155 ] } },
{ "type": "Feature", "properties": { "name": "La Piola dal 1929" }, "geometry": { "type": "Point", "coordinates": [ 7.6659335, 45.0857526 ] } },
{ "type": "Feature", "properties": { "name": "Casa Broglia" }, "geometry": { "type": "Point", "coordinates": [ 7.6831558, 45.0735894 ] } },
{ "type": "Feature", "properties": { "name": "Casa Armenia" }, "geometry": { "type": "Point", "coordinates": [ 7.7022119, 45.0683818 ] } },
{ "type": "Feature", "properties": { "name": "La Sosta" }, "geometry": { "type": "Point", "coordinates": [ 7.6049191, 45.070344 ] } },
{ "type": "Feature", "properties": { "name": "Sagittario" }, "geometry": { "type": "Point", "coordinates": [ 7.5719267, 45.0632661 ] } },
{ "type": "Feature", "properties": { "name": "Casa Donato" }, "geometry": { "type": "Point", "coordinates": [ 7.6614801, 45.0817518 ] } },
{ "type": "Feature", "properties": { }, "geometry": { "type": "Point", "coordinates": [ 7.8104624, 45.0201376 ] } },
{ "type": "Feature", "properties": { }, "geometry": { "type": "Point", "coordinates": [ 7.810498, 45.0201107 ] } },
{ "type": "Feature", "properties": { "name": "Cala Luna" }, "geometry": { "type": "Point", "coordinates": [ 7.7006359, 45.1017065 ] } },
{ "type": "Feature", "properties": { "name": "Italy Inn" }, "geometry": { "type": "Point", "coordinates": [ 7.6935895, 45.0903997 ] } },
{ "type": "Feature", "properties": { "name": "Touberi" }, "geometry": { "type": "Point", "coordinates": [ 7.6973912, 45.0679298 ] } },
{ "type": "Feature", "properties": { "name": "La favola" }, "geometry": { "type": "Point", "coordinates": [ 7.6531893, 45.0148662 ] } },
{ "type": "Feature", "properties": { "name": "Safarà" }, "geometry": { "type": "Point", "coordinates": [ 7.6835204, 45.0794732 ] } },
{ "type": "Feature", "properties": { "name": "Poormanger" }, "geometry": { "type": "Point", "coordinates": [ 7.6914653, 45.06527 ] } },
{ "type": "Feature", "properties": { "name": "Mango's" }, "geometry": { "type": "Point", "coordinates": [ 7.6378989, 45.0724869 ] } },
{ "type": "Feature", "properties": { "name": "Tropico&Co Pizza Club" }, "geometry": { "type": "Point", "coordinates": [ 7.6516392, 45.0219424 ] } },
{ "type": "Feature", "properties": { "name": "Hong Sheng" }, "geometry": { "type": "Point", "coordinates": [ 7.6898851, 45.0803586 ] } },
{ "type": "Feature", "properties": { "name": "Pizzeria Jasmin" }, "geometry": { "type": "Point", "coordinates": [ 7.7072455, 45.1147858 ] } },
{ "type": "Feature", "properties": { "name": "Old Wild West" }, "geometry": { "type": "Point", "coordinates": [ 7.5950773, 45.0269645 ] } },
{ "type": "Feature", "properties": { "name": "Pizzium" }, "geometry": { "type": "Point", "coordinates": [ 7.6970087, 45.0651493 ] } },
{ "type": "Feature", "properties": { "name": "Fiori e Caffè" }, "geometry": { "type": "Point", "coordinates": [ 7.6822719, 45.0745448 ] } },
{ "type": "Feature", "properties": { "name": "Cinta Rasa" }, "geometry": { "type": "Point", "coordinates": [ 7.6880043, 45.0668961 ] } },
{ "type": "Feature", "properties": { "name": "Amo Poké" }, "geometry": { "type": "Point", "coordinates": [ 7.6685476, 45.0873309 ] } },
{ "type": "Feature", "properties": { "name": "Ben Da" }, "geometry": { "type": "Point", "coordinates": [ 7.7098103, 45.0722398 ] } },
{ "type": "Feature", "properties": { "name": "La Rinascita" }, "geometry": { "type": "Point", "coordinates": [ 7.6326349, 45.0747003 ] } },
{ "type": "Feature", "properties": { "name": "La ciliegia d'oro" }, "geometry": { "type": "Point", "coordinates": [ 7.7504527, 45.0162674 ] } },
{ "type": "Feature", "properties": { "name": "Nara" }, "geometry": { "type": "Point", "coordinates": [ 7.6472165, 45.0754604 ] } },
{ "type": "Feature", "properties": { "name": "Da Pecchia" }, "geometry": { "type": "Point", "coordinates": [ 7.6489165, 45.0354431 ] } },
{ "type": "Feature", "properties": { "name": "Noodlestore" }, "geometry": { "type": "Point", "coordinates": [ 7.6370456, 45.0646727 ] } },
{ "type": "Feature", "properties": { "name": "Bocciofila del Meisino" }, "geometry": { "type": "Point", "coordinates": [ 7.7356371, 45.089853 ] } },
{ "type": "Feature", "properties": { "name": "Fewa" }, "geometry": { "type": "Point", "coordinates": [ 7.6558498, 45.0341081 ] } },
{ "type": "Feature", "properties": { "name": "Trattoria Il pilone del Lupo" }, "geometry": { "type": "Point", "coordinates": [ 7.7481869, 45.0199219 ] } },
{ "type": "Feature", "properties": { "name": "Scacco Matto" }, "geometry": { "type": "Point", "coordinates": [ 7.6100164, 45.0650263 ] } },
{ "type": "Feature", "properties": { "name": "Foody - Healty Kitchen" }, "geometry": { "type": "Point", "coordinates": [ 7.6547316, 45.0657731 ] } },
{ "type": "Feature", "properties": { "name": "Il Capriccio" }, "geometry": { "type": "Point", "coordinates": [ 7.6079826, 45.0647132 ] } },
{ "type": "Feature", "properties": { "name": "Da Gino" }, "geometry": { "type": "Point", "coordinates": [ 7.6473725, 45.0647889 ] } },
{ "type": "Feature", "properties": { "name": "Casa Thai" }, "geometry": { "type": "Point", "coordinates": [ 7.6545961, 45.0650304 ] } },
{ "type": "Feature", "properties": { "name": "Osaka" }, "geometry": { "type": "Point", "coordinates": [ 7.6516677, 45.056252 ] } },
{ "type": "Feature", "properties": { "name": "Il Pachino" }, "geometry": { "type": "Point", "coordinates": [ 7.6114246, 45.0662266 ] } },
{ "type": "Feature", "properties": { "name": "el Beso" }, "geometry": { "type": "Point", "coordinates": [ 7.6832577, 45.0593146 ] } },
{ "type": "Feature", "properties": { }, "geometry": { "type": "Point", "coordinates": [ 7.6733243, 45.047134 ] } },
{ "type": "Feature", "properties": { "name": "I soliti amici" }, "geometry": { "type": "Point", "coordinates": [ 7.6386727, 45.0250438 ] } },
{ "type": "Feature", "properties": { "name": "Bufala" }, "geometry": { "type": "Point", "coordinates": [ 7.6441893, 45.1911114 ] } },
{ "type": "Feature", "properties": { "name": "Kuo Ji" }, "geometry": { "type": "Point", "coordinates": [ 7.6911414, 45.0668533 ] } },
{ "type": "Feature", "properties": { "name": "Mister Tomato" }, "geometry": { "type": "Point", "coordinates": [ 7.6608717, 45.1516907 ] } },
{ "type": "Feature", "properties": { "name": "Monti" }, "geometry": { "type": "Point", "coordinates": [ 7.6518743, 45.0707457 ] } },
{ "type": "Feature", "properties": { "name": "Antoca Trattoria Rosa Rossa" }, "geometry": { "type": "Point", "coordinates": [ 7.6844322, 45.0001629 ] } },
{ "type": "Feature", "properties": { "name": "Griglieria La Chicca" }, "geometry": { "type": "Point", "coordinates": [ 7.5704121, 45.0677375 ] } },
{ "type": "Feature", "properties": { "name": "Trattoria Pizzeria La Grotta degli Elfi" }, "geometry": { "type": "Point", "coordinates": [ 7.5512441, 45.0613662 ] } },
{ "type": "Feature", "properties": { "name": "Bar ristorante campo volo" }, "geometry": { "type": "Point", "coordinates": [ 7.6103698, 45.0864521 ] } },
{ "type": "Feature", "properties": { "name": "Meat grill" }, "geometry": { "type": "Point", "coordinates": [ 7.7220603, 45.1851216 ] } },
{ "type": "Feature", "properties": { "name": "Fame chimica" }, "geometry": { "type": "Point", "coordinates": [ 7.6818571, 45.0574259 ] } },
{ "type": "Feature", "properties": { "name": "Il Filo di Marianna" }, "geometry": { "type": "Point", "coordinates": [ 7.6833037, 45.0604251 ] } },
{ "type": "Feature", "properties": { "name": "Milord" }, "geometry": { "type": "Point", "coordinates": [ 7.6297218, 45.0172364 ] } },
{ "type": "Feature", "properties": { "name": "Fra Diavolo - Torino Gran Madre" }, "geometry": { "type": "Point", "coordinates": [ 7.6988001, 45.0620843 ] } },
{ "type": "Feature", "properties": { "name": "Asiago" }, "geometry": { "type": "Point", "coordinates": [ 7.6123492, 45.0700418 ] } },
{ "type": "Feature", "properties": { "name": "Pizzeria Turati 39" }, "geometry": { "type": "Point", "coordinates": [ 7.6676513, 45.0513337 ] } },
{ "type": "Feature", "properties": { "name": "Aldente" }, "geometry": { "type": "Point", "coordinates": [ 7.679666, 45.0761127 ] } },
{ "type": "Feature", "properties": { "name": "Kobe Zen" }, "geometry": { "type": "Point", "coordinates": [ 7.5028092, 45.0818524 ] } },
{ "type": "Feature", "properties": { "name": "Cucina Casalinga di Chef Rinoò Jr" }, "geometry": { "type": "Point", "coordinates": [ 7.6879442, 45.06683 ] } },
{ "type": "Feature", "properties": { "name": "Casotto del Cervo" }, "geometry": { "type": "Point", "coordinates": [ 7.5707755, 45.1436217 ] } },
{ "type": "Feature", "properties": { "name": "Donburi house" }, "geometry": { "type": "Point", "coordinates": [ 7.5200195, 45.0728236 ] } },
{ "type": "Feature", "properties": { "name": "La Coccinella" }, "geometry": { "type": "Point", "coordinates": [ 7.554223, 45.0715854 ] } },
{ "type": "Feature", "properties": { "name": "Osteria Vanchiglia" }, "geometry": { "type": "Point", "coordinates": [ 7.6982452, 45.0675767 ] } },
{ "type": "Feature", "properties": { "name": "Poké Sunrise" }, "geometry": { "type": "Point", "coordinates": [ 7.6854843, 45.0695646 ] } },
{ "type": "Feature", "properties": { "name": "Ristò - La Trattoria del Buon Mangiare" }, "geometry": { "type": "Point", "coordinates": [ 7.6704088, 45.0737634 ] } },
{ "type": "Feature", "properties": { "name": "E Cucina Torino" }, "geometry": { "type": "Point", "coordinates": [ 7.6781792, 45.0720451 ] } },
{ "type": "Feature", "properties": { "name": "Angolo 16" }, "geometry": { "type": "Point", "coordinates": [ 7.6769954, 45.0724456 ] } },
{ "type": "Feature", "properties": { "name": "La Gastronomia al Naturale" }, "geometry": { "type": "Point", "coordinates": [ 7.7101397, 45.0670196 ] } },
{ "type": "Feature", "properties": { "name": "Cucco" }, "geometry": { "type": "Point", "coordinates": [ 7.7112027, 45.0677394 ] } },
{ "type": "Feature", "properties": { "name": "King Japan Sushi" }, "geometry": { "type": "Point", "coordinates": [ 7.5206005, 45.0707163 ] } },
{ "type": "Feature", "properties": { "name": "Pizza in Piazza" }, "geometry": { "type": "Point", "coordinates": [ 7.5240864, 45.0924974 ] } },
{ "type": "Feature", "properties": { "name": "Assaje" }, "geometry": { "type": "Point", "coordinates": [ 7.6834288, 45.0640299 ] } },
{ "type": "Feature", "properties": { "name": "La taverna greca" }, "geometry": { "type": "Point", "coordinates": [ 7.6686856, 45.0337343 ] } },
{ "type": "Feature", "properties": { "name": "Oh! mioBio" }, "geometry": { "type": "Point", "coordinates": [ 7.700174, 45.0697967 ] } },
{ "type": "Feature", "properties": { "name": "East" }, "geometry": { "type": "Point", "coordinates": [ 7.6332533, 45.0707166 ] } },
{ "type": "Feature", "properties": { "name": "Da Pecchia" }, "geometry": { "type": "Point", "coordinates": [ 7.6613226, 45.0160984 ] } },
{ "type": "Feature", "properties": { "name": "Papillon" }, "geometry": { "type": "Point", "coordinates": [ 7.6328631, 45.0749033 ] } },
{ "type": "Feature", "properties": { "name": "Interesting" }, "geometry": { "type": "Point", "coordinates": [ 7.6337693, 45.0749708 ] } },
{ "type": "Feature", "properties": { "name": "AVgusto Tegamino" }, "geometry": { "type": "Point", "coordinates": [ 7.6422922, 45.0250821 ] } },
{ "type": "Feature", "properties": { "name": "Hua Dou Cheng" }, "geometry": { "type": "Point", "coordinates": [ 7.6430212, 45.0291321 ] } },
{ "type": "Feature", "properties": { "name": "I Mattacchioni" }, "geometry": { "type": "Point", "coordinates": [ 7.5727079, 45.0778111 ] } },
{ "type": "Feature", "properties": { "name": "Ortiga" }, "geometry": { "type": "Point", "coordinates": [ 7.6442671, 45.062964 ] } },
{ "type": "Feature", "properties": { "name": "Pummarò" }, "geometry": { "type": "Point", "coordinates": [ 7.6418601, 45.0580234 ] } },
{ "type": "Feature", "properties": { "name": "Miyo Sushi" }, "geometry": { "type": "Point", "coordinates": [ 7.6722451, 45.0554406 ] } },
{ "type": "Feature", "properties": { "name": "Bell'e Buon Street Food Partenopeo" }, "geometry": { "type": "Point", "coordinates": [ 7.6947534, 45.0751679 ] } },
{ "type": "Feature", "properties": { "name": "Bon Parej" }, "geometry": { "type": "Point", "coordinates": [ 7.696515, 45.0650575 ] } },
{ "type": "Feature", "properties": { "name": "Ristorante Pizzeria Corallo" }, "geometry": { "type": "Point", "coordinates": [ 7.692205, 45.0813203 ] } },
{ "type": "Feature", "properties": { "name": "Mik" }, "geometry": { "type": "Point", "coordinates": [ 7.678316, 45.0698531 ] } },
{ "type": "Feature", "properties": { "name": "Del vecchio macello" }, "geometry": { "type": "Point", "coordinates": [ 7.6221606, 45.1989386 ] } },
{ "type": "Feature", "properties": { "name": "Cibo Colbe" }, "geometry": { "type": "Point", "coordinates": [ 7.6548678, 45.0399175 ] } },
{ "type": "Feature", "properties": { "name": "Mille Restaurant" }, "geometry": { "type": "Point", "coordinates": [ 7.6863926, 45.0628698 ] } },
{ "type": "Feature", "properties": { "name": "Balik" }, "geometry": { "type": "Point", "coordinates": [ 7.6762667, 45.0713303 ] } },
{ "type": "Feature", "properties": { "name": "Temakerio" }, "geometry": { "type": "Point", "coordinates": [ 7.6763408, 45.0714208 ] } },
{ "type": "Feature", "properties": { "name": "Roadhouse" }, "geometry": { "type": "Point", "coordinates": [ 7.5336393, 45.0672316 ] } },
{ "type": "Feature", "properties": { "name": "Il maglio" }, "geometry": { "type": "Point", "coordinates": [ 7.6829978, 45.0806107 ] } },
{ "type": "Feature", "properties": { "name": "Il Mulo" }, "geometry": { "type": "Point", "coordinates": [ 7.6829025, 45.0726822 ] } },
{ "type": "Feature", "properties": { "name": "Mamma Ester" }, "geometry": { "type": "Point", "coordinates": [ 7.6570509, 45.033936 ] } },
{ "type": "Feature", "properties": { "name": "Zushi" }, "geometry": { "type": "Point", "coordinates": [ 7.6715817, 45.0659461 ] } },
{ "type": "Feature", "properties": { "name": "Thai Food" }, "geometry": { "type": "Point", "coordinates": [ 7.6912665, 45.0670357 ] } },
{ "type": "Feature", "properties": { "name": "ZERO 11" }, "geometry": { "type": "Point", "coordinates": [ 7.7614633, 45.1344288 ] } },
{ "type": "Feature", "properties": { "name": "Interesting" }, "geometry": { "type": "Point", "coordinates": [ 7.673609, 45.0627651 ] } },
{ "type": "Feature", "properties": { }, "geometry": { "type": "Point", "coordinates": [ 7.7525018, 45.0181967 ] } },
{ "type": "Feature", "properties": { "name": "Taco Bang" }, "geometry": { "type": "Point", "coordinates": [ 7.5216444, 45.0709385 ] } },
{ "type": "Feature", "properties": { "name": "San Giorgio" }, "geometry": { "type": "Point", "coordinates": [ 7.6356204, 45.0451425 ] } },
{ "type": "Feature", "properties": { "name": "Il Pantagruele" }, "geometry": { "type": "Point", "coordinates": [ 7.6812, 45.0365364 ] } },
{ "type": "Feature", "properties": { "name": "Osteria Passami il sale" }, "geometry": { "type": "Point", "coordinates": [ 7.6262564, 45.1349802 ] } },
{ "type": "Feature", "properties": { "name": "L'Appetito" }, "geometry": { "type": "Point", "coordinates": [ 7.6566828, 45.0055997 ] } },
{ "type": "Feature", "properties": { "name": "Melomangio" }, "geometry": { "type": "Point", "coordinates": [ 7.6815269, 45.0630863 ] } },
{ "type": "Feature", "properties": { "name": "Guarini - Turin food" }, "geometry": { "type": "Point", "coordinates": [ 7.6812338, 45.0630804 ] } },
{ "type": "Feature", "properties": { "name": "Osteria le putrelle" }, "geometry": { "type": "Point", "coordinates": [ 7.6776247, 45.0535961 ] } },
{ "type": "Feature", "properties": { "name": "UÁO Pizza" }, "geometry": { "type": "Point", "coordinates": [ 7.6824893, 45.0585399 ] } },
{ "type": "Feature", "properties": { "name": "L'angolo verde" }, "geometry": { "type": "Point", "coordinates": [ 7.6702099, 45.0558972 ] } },
{ "type": "Feature", "properties": { "name": "Trattoria Alpina" }, "geometry": { "type": "Point", "coordinates": [ 7.6490866, 45.0738796 ] } },
{ "type": "Feature", "properties": { "name": "Fradiavolo" }, "geometry": { "type": "Point", "coordinates": [ 7.519693, 45.069234 ] } },
{ "type": "Feature", "properties": { "name": "La Piola di via Piol" }, "geometry": { "type": "Point", "coordinates": [ 7.5154602, 45.0714287 ] } },
{ "type": "Feature", "properties": { "name": "Fu Qui" }, "geometry": { "type": "Point", "coordinates": [ 7.6403667, 45.0700095 ] } },
{ "type": "Feature", "properties": { "name": "Titanic" }, "geometry": { "type": "Point", "coordinates": [ 7.6410446, 45.070202 ] } },
{ "type": "Feature", "properties": { "name": "La Conca" }, "geometry": { "type": "Point", "coordinates": [ 7.675809, 45.0621342 ] } },
{ "type": "Feature", "properties": { "name": "Pizzeria da Gianni" }, "geometry": { "type": "Point", "coordinates": [ 7.6155032, 45.0746295 ] } },
{ "type": "Feature", "properties": { "name": "Trattoria A Casa Mia" }, "geometry": { "type": "Point", "coordinates": [ 7.5242208, 45.0701589 ] } },
{ "type": "Feature", "properties": { "name": "Contorni e Dintorni" }, "geometry": { "type": "Point", "coordinates": [ 7.5240009, 45.0700534 ] } },
{ "type": "Feature", "properties": { "name": "Sarchiapone" }, "geometry": { "type": "Point", "coordinates": [ 7.5203068, 45.0690291 ] } },
{ "type": "Feature", "properties": { "name": "Allanté Express" }, "geometry": { "type": "Point", "coordinates": [ 7.5235045, 45.0678256 ] } },
{ "type": "Feature", "properties": { "name": "Ha Er" }, "geometry": { "type": "Point", "coordinates": [ 7.651742, 45.0668173 ] } },
{ "type": "Feature", "properties": { "name": "Miscusi" }, "geometry": { "type": "Point", "coordinates": [ 7.689404, 45.0667267 ] } },
{ "type": "Feature", "properties": { "name": "Herz" }, "geometry": { "type": "Point", "coordinates": [ 7.6807463, 45.0741248 ] } },
{ "type": "Feature", "properties": { "name": "Trattoria Toscana" }, "geometry": { "type": "Point", "coordinates": [ 7.6958637, 45.0656978 ] } },
{ "type": "Feature", "properties": { "name": "Al Andalus" }, "geometry": { "type": "Point", "coordinates": [ 7.6880676, 45.076575 ] } },
{ "type": "Feature", "properties": { "name": "Ruràl Pizza" }, "geometry": { "type": "Point", "coordinates": [ 7.6981288, 45.0756659 ] } },
{ "type": "Feature", "properties": { "name": "Bar Trattoria La Taverna" }, "geometry": { "type": "Point", "coordinates": [ 7.6395412, 45.058404 ] } },
{ "type": "Feature", "properties": { "name": "Osteria Nuova" }, "geometry": { "type": "Point", "coordinates": [ 7.6782657, 45.0636806 ] } },
{ "type": "Feature", "properties": { "name": "Il Complice" }, "geometry": { "type": "Point", "coordinates": [ 7.6559368, 45.0334722 ] } },
{ "type": "Feature", "properties": { "name": "Gino Sorbillo Torino" }, "geometry": { "type": "Point", "coordinates": [ 7.6797797, 45.0658195 ] } },
{ "type": "Feature", "properties": { "name": "L' Antica pizzeria da Michele Torino" }, "geometry": { "type": "Point", "coordinates": [ 7.6777689, 45.0644502 ] } },
{ "type": "Feature", "properties": { "name": "Dume" }, "geometry": { "type": "Point", "coordinates": [ 7.6831326, 45.0750893 ] } },
{ "type": "Feature", "properties": { "name": "L'Orchidea" }, "geometry": { "type": "Point", "coordinates": [ 7.6492915, 45.0346786 ] } },
{ "type": "Feature", "properties": { "name": "Mr. Kim" }, "geometry": { "type": "Point", "coordinates": [ 7.6695915, 45.071313 ] } },
{ "type": "Feature", "properties": { "name": "La Casetta" }, "geometry": { "type": "Point", "coordinates": [ 7.6366987, 45.0234238 ] } },
{ "type": "Feature", "properties": { "name": "Mei Shi Mei Ke" }, "geometry": { "type": "Point", "coordinates": [ 7.6678124, 45.0771637 ] } },
{ "type": "Feature", "properties": { "name": "Aroma Trattoria Moderna" }, "geometry": { "type": "Point", "coordinates": [ 7.6721847, 45.0954274 ] } },
{ "type": "Feature", "properties": { "name": "La Nuova Felicità" }, "geometry": { "type": "Point", "coordinates": [ 7.6456373, 45.0644614 ] } },
{ "type": "Feature", "properties": { "name": "Ristò Civassa" }, "geometry": { "type": "Point", "coordinates": [ 7.6466455, 45.0628605 ] } },
{ "type": "Feature", "properties": { "name": "Trattoria Bellini" }, "geometry": { "type": "Point", "coordinates": [ 7.5638815, 45.0731787 ] } },
{ "type": "Feature", "properties": { "name": "Da Varsa - La Capanna dei Nonni" }, "geometry": { "type": "Point", "coordinates": [ 7.6979249, 45.0705266 ] } },
{ "type": "Feature", "properties": { "name": "Cit ma Bon" }, "geometry": { "type": "Point", "coordinates": [ 7.7021811, 45.0643962 ] } },
{ "type": "Feature", "properties": { "name": "La tavola del Re" }, "geometry": { "type": "Point", "coordinates": [ 7.5691369, 45.1520036 ] } },
{ "type": "Feature", "properties": { "name": "Donaya Food & Culture" }, "geometry": { "type": "Point", "coordinates": [ 7.6404219, 44.9933697 ] } },
{ "type": "Feature", "properties": { "name": "Max Pizza" }, "geometry": { "type": "Point", "coordinates": [ 7.6317199, 45.0717618 ] } },
{ "type": "Feature", "properties": { "name": "Hachi" }, "geometry": { "type": "Point", "coordinates": [ 7.66945, 45.0528498 ] } },
{ "type": "Feature", "properties": { "name": "Sora Gina" }, "geometry": { "type": "Point", "coordinates": [ 7.6741045, 45.058456 ] } },
{ "type": "Feature", "properties": { "name": "Da Angelino" }, "geometry": { "type": "Point", "coordinates": [ 7.691174, 45.0539053 ] } },
{ "type": "Feature", "properties": { "name": "La Piola" }, "geometry": { "type": "Point", "coordinates": [ 7.694138, 45.1026195 ] } },
{ "type": "Feature", "properties": { "name": "Crudo fa la pizza!" }, "geometry": { "type": "Point", "coordinates": [ 7.6842148, 45.0720846 ] } },
{ "type": "Feature", "properties": { "name": "Mezbaan biryani" }, "geometry": { "type": "Point", "coordinates": [ 7.6875617, 45.0823231 ] } },
{ "type": "Feature", "properties": { "name": "Kartaj Marrakech" }, "geometry": { "type": "Point", "coordinates": [ 7.6871056, 45.0762788 ] } },
{ "type": "Feature", "properties": { "name": "Ovino Brace Bene Fratelli" }, "geometry": { "type": "Point", "coordinates": [ 7.6713182, 45.0908352 ] } },
{ "type": "Feature", "properties": { "name": "Locanda sul Fiume" }, "geometry": { "type": "Point", "coordinates": [ 7.684202, 45.0832019 ] } },
{ "type": "Feature", "properties": { "name": "Alfiere Osteria" }, "geometry": { "type": "Point", "coordinates": [ 7.7867148, 45.0889314 ] } },
{ "type": "Feature", "properties": { "name": "Idem con Patate" }, "geometry": { "type": "Point", "coordinates": [ 7.6824901, 45.0712046 ] } },
{ "type": "Feature", "properties": { "name": "ZJ Giapponese Ramen" }, "geometry": { "type": "Point", "coordinates": [ 7.6833078, 45.0714196 ] } },
{ "type": "Feature", "properties": { "name": "BENTOrino" }, "geometry": { "type": "Point", "coordinates": [ 7.6795304, 45.0599961 ] } },
{ "type": "Feature", "properties": { "name": "'A Smorfia" }, "geometry": { "type": "Point", "coordinates": [ 7.6804667, 45.0573227 ] } },
{ "type": "Feature", "properties": { "name": "Trattoria Ausiliatrice" }, "geometry": { "type": "Point", "coordinates": [ 7.6743452, 45.0810104 ] } },
{ "type": "Feature", "properties": { "name": "La piola" }, "geometry": { "type": "Point", "coordinates": [ 7.6702422, 45.0721078 ] } },
{ "type": "Feature", "properties": { "name": "Namsan Chicken" }, "geometry": { "type": "Point", "coordinates": [ 7.6938995, 45.0660958 ] } },
{ "type": "Feature", "properties": { "name": "Lowengrube" }, "geometry": { "type": "Point", "coordinates": [ 7.6235622, 45.0051304 ] } },
{ "type": "Feature", "properties": { "name": "Nuts" }, "geometry": { "type": "Point", "coordinates": [ 7.6229534, 45.0051892 ] } },
{ "type": "Feature", "properties": { "name": "Rossopomodoro" }, "geometry": { "type": "Point", "coordinates": [ 7.6226771, 45.0053712 ] } },
{ "type": "Feature", "properties": { "name": "Brün" }, "geometry": { "type": "Point", "coordinates": [ 7.6803286, 45.0694208 ] } },
{ "type": "Feature", "properties": { "name": "Ristorante Massena" }, "geometry": { "type": "Point", "coordinates": [ 7.6680345, 45.0543227 ] } },
{ "type": "Feature", "properties": { "name": "Starita" }, "geometry": { "type": "Point", "coordinates": [ 7.6807485, 45.0669592 ] } },
{ "type": "Feature", "properties": { "name": "Matsurika di Tokyo" }, "geometry": { "type": "Point", "coordinates": [ 7.6870934, 45.061332 ] } },
{ "type": "Feature", "properties": { "name": "Xiao Shi Wu" }, "geometry": { "type": "Point", "coordinates": [ 7.6806361, 45.0617765 ] } },
{ "type": "Feature", "properties": { "name": "Lao" }, "geometry": { "type": "Point", "coordinates": [ 7.6791188, 45.0723502 ] } },
{ "type": "Feature", "properties": { "name": "La Panzerotteria - Apulian Street Food" }, "geometry": { "type": "Point", "coordinates": [ 7.6965851, 45.0672832 ] } },
{ "type": "Feature", "properties": { "name": "Casa Antoine" }, "geometry": { "type": "Point", "coordinates": [ 7.6799674, 45.075712 ] } },
{ "type": "Feature", "properties": { "name": "Da Lia" }, "geometry": { "type": "Point", "coordinates": [ 7.7023841, 45.0727039 ] } },
{ "type": "Feature", "properties": { "name": "Ristorante Caprera 1883" }, "geometry": { "type": "Point", "coordinates": [ 7.6933607, 45.058638 ] } },
{ "type": "Feature", "properties": { "name": "PoDiCiotto" }, "geometry": { "type": "Point", "coordinates": [ 7.6937827, 45.0590914 ] } },
{ "type": "Feature", "properties": { "name": "Pizzium" }, "geometry": { "type": "Point", "coordinates": [ 7.6825897, 45.0738926 ] } },
{ "type": "Feature", "properties": { "name": "Karibu Open, catering sostenibile" }, "geometry": { "type": "Point", "coordinates": [ 7.6984176, 45.0826147 ] } },
{ "type": "Feature", "properties": { "name": "Cinepizza" }, "geometry": { "type": "Point", "coordinates": [ 7.6957924, 45.0762088 ] } },
{ "type": "Feature", "properties": { "name": "Osteria la Cantina vb" }, "geometry": { "type": "Point", "coordinates": [ 7.6923838, 45.0662473 ] } },
{ "type": "Feature", "properties": { "name": "Imo Sushi" }, "geometry": { "type": "Point", "coordinates": [ 7.6666412, 45.0303481 ] } },
{ "type": "Feature", "properties": { "name": "Combo  Bar - Restaurant" }, "geometry": { "type": "Point", "coordinates": [ 7.6856448, 45.0762995 ] } },
{ "type": "Feature", "properties": { "name": "La Società dei Carbonari" }, "geometry": { "type": "Point", "coordinates": [ 7.6821488, 45.0580447 ] } },
{ "type": "Feature", "properties": { "name": "Velò Berlicabarbis" }, "geometry": { "type": "Point", "coordinates": [ 7.7177114, 45.0682825 ] } },
{ "type": "Feature", "properties": { "name": "Ristorante Gruppo Pensionati Vanchiglietta" }, "geometry": { "type": "Point", "coordinates": [ 7.7092544, 45.075673 ] } },
{ "type": "Feature", "properties": { "name": "ailimē" }, "geometry": { "type": "Point", "coordinates": [ 7.6940696, 45.0759876 ] } },
{ "type": "Feature", "properties": { "name": "Melomangio" }, "geometry": { "type": "Point", "coordinates": [ 7.6827591, 45.0722171 ] } },
{ "type": "Feature", "properties": { "name": "Trattoria Mombercell" }, "geometry": { "type": "Point", "coordinates": [ 7.6537284, 45.0644962 ] } },
{ "type": "Feature", "properties": { "name": "La Via della Seta" }, "geometry": { "type": "Point", "coordinates": [ 7.7196187, 45.0690017 ] } },
{ "type": "Feature", "properties": { "name": "Impasto" }, "geometry": { "type": "Point", "coordinates": [ 7.6780923, 45.0304785 ] } },
{ "type": "Feature", "properties": { "name": "Da Paolo" }, "geometry": { "type": "Point", "coordinates": [ 7.5372306, 45.1020025 ] } },
{ "type": "Feature", "properties": { "name": "GreenWood" }, "geometry": { "type": "Point", "coordinates": [ 7.693851, 45.0673263 ] } },
{ "type": "Feature", "properties": { "name": "Crazy Pizza" }, "geometry": { "type": "Point", "coordinates": [ 7.6169881, 45.0717825 ] } },
{ "type": "Feature", "properties": { "name": "Bene e Benvenuti" }, "geometry": { "type": "Point", "coordinates": [ 7.6145188, 45.0716201 ] } },
{ "type": "Feature", "properties": { "name": "La locanda di Lori" }, "geometry": { "type": "Point", "coordinates": [ 7.661668, 45.0487821 ] } },
{ "type": "Feature", "properties": { "name": "Kombu Sushi" }, "geometry": { "type": "Point", "coordinates": [ 7.683136, 45.0456366 ] } },
{ "type": "Feature", "properties": { "name": "Savurè" }, "geometry": { "type": "Point", "coordinates": [ 7.6838296, 45.0592929 ] } },
{ "type": "Feature", "properties": { "name": "La Perla Ionica" }, "geometry": { "type": "Point", "coordinates": [ 7.6669429, 45.0970718 ] } },
{ "type": "Feature", "properties": { "name": "Donburi House" }, "geometry": { "type": "Point", "coordinates": [ 7.6781282, 45.0722139 ] } },
{ "type": "Feature", "properties": { "name": "Shizen" }, "geometry": { "type": "Point", "coordinates": [ 7.6970253, 45.0549599 ] } },
{ "type": "Feature", "properties": { "name": "Gallina" }, "geometry": { "type": "Point", "coordinates": [ 7.6820637, 45.0573534 ] } },
{ "type": "Feature", "properties": { "name": "Circolo Risorgimento" }, "geometry": { "type": "Point", "coordinates": [ 7.6964691, 45.0990354 ] } },
{ "type": "Feature", "properties": { "name": "La Taverna di Frà Fiusch" }, "geometry": { "type": "Point", "coordinates": [ 7.7362795, 45.0181102 ] } },
{ "type": "Feature", "properties": { "name": "el Tiki" }, "geometry": { "type": "Point", "coordinates": [ 7.6823585, 45.0612051 ] } },
{ "type": "Feature", "properties": { "name": "Trattoria Carmen" }, "geometry": { "type": "Point", "coordinates": [ 7.6849459, 45.0580958 ] } },
{ "type": "Feature", "properties": { "name": "Floating Panfuwa" }, "geometry": { "type": "Point", "coordinates": [ 7.6836568, 45.0680888 ] } },
{ "type": "Feature", "properties": { "name": "Il rosso di sera" }, "geometry": { "type": "Point", "coordinates": [ 7.5809894, 45.0220834 ] } },
{ "type": "Feature", "properties": { }, "geometry": { "type": "Point", "coordinates": [ 7.6204676, 45.0675189 ] } },
{ "type": "Feature", "properties": { }, "geometry": { "type": "Point", "coordinates": [ 7.8163226, 45.1221438 ] } },
{ "type": "Feature", "properties": { "name": "Sushi del Manzò" }, "geometry": { "type": "Point", "coordinates": [ 7.6794244, 45.0651974 ] } },
{ "type": "Feature", "properties": { "name": "Terra d'oriente" }, "geometry": { "type": "Point", "coordinates": [ 7.6268455, 45.0643872 ] } },
{ "type": "Feature", "properties": { "name": "Ispera" }, "geometry": { "type": "Point", "coordinates": [ 7.6211794, 45.0828315 ] } },
{ "type": "Feature", "properties": { "name": "Ling Hotpot & BBQ" }, "geometry": { "type": "Point", "coordinates": [ 7.6806581, 45.0696747 ] } },
{ "type": "Feature", "properties": { "name": "Ristorante Ventuno" }, "geometry": { "type": "Point", "coordinates": [ 7.6824062, 45.0914867 ] } },
{ "type": "Feature", "properties": { "name": "Fradiavolo" }, "geometry": { "type": "Point", "coordinates": [ 7.6977788, 45.0703823 ] } },
{ "type": "Feature", "properties": { "name": "Pizze e delizie" }, "geometry": { "type": "Point", "coordinates": [ 7.6716549, 45.0419498 ] } },
{ "type": "Feature", "properties": { "name": "Dingji ramen" }, "geometry": { "type": "Point", "coordinates": [ 7.6784276, 45.0639176 ] } },
{ "type": "Feature", "properties": { "name": "Suki" }, "geometry": { "type": "Point", "coordinates": [ 7.6862469, 45.0598004 ] } },
{ "type": "Feature", "properties": { "name": "Bocciofila Crimea" }, "geometry": { "type": "Point", "coordinates": [ 7.6899277, 45.0540272 ] } },
{ "type": "Feature", "properties": { "name": "Me gusta" }, "geometry": { "type": "Point", "coordinates": [ 7.6591164, 45.0107852 ] } },
{ "type": "Feature", "properties": { "name": "Rubino" }, "geometry": { "type": "Point", "coordinates": [ 7.6543609, 45.1529891 ] } },
{ "type": "Feature", "properties": { "name": "Portamivia" }, "geometry": { "type": "Point", "coordinates": [ 7.6545584, 45.1573186 ] } },
{ "type": "Feature", "properties": { "name": "Birichin - The egg" }, "geometry": { "type": "Point", "coordinates": [ 7.6759061, 45.0486204 ] } },
{ "type": "Feature", "properties": { "name": "Bengasi" }, "geometry": { "type": "Point", "coordinates": [ 7.6622238, 45.0165895 ] } },
{ "type": "Feature", "properties": { "name": "Tutto Fa Brodo" }, "geometry": { "type": "Point", "coordinates": [ 7.6933255, 45.0647475 ] } },
{ "type": "Feature", "properties": { "name": "Clapsy.it" }, "geometry": { "type": "Point", "coordinates": [ 7.6842224, 45.0640099 ] } },
{ "type": "Feature", "properties": { "name": "Ristorante Caciucco" }, "geometry": { "type": "Point", "coordinates": [ 7.626482, 45.1357514 ] } },
{ "type": "Feature", "properties": { "name": "Da Irene e Mary" }, "geometry": { "type": "Point", "coordinates": [ 7.7348033, 45.0806323 ] } },
{ "type": "Feature", "properties": { "name": "tayō" }, "geometry": { "type": "Point", "coordinates": [ 7.6592992, 45.0493646 ] } },
{ "type": "Feature", "properties": { "name": "Shi Shang Xuan" }, "geometry": { "type": "Point", "coordinates": [ 7.6866028, 45.0859684 ] } },
{ "type": "Feature", "properties": { "name": "Old Wild West" }, "geometry": { "type": "Point", "coordinates": [ 7.6785607, 45.0617966 ] } },
{ "type": "Feature", "properties": { "name": "Rossopomodoro" }, "geometry": { "type": "Point", "coordinates": [ 7.6781172, 45.0620314 ] } },
{ "type": "Feature", "properties": { "name": "Berberè" }, "geometry": { "type": "Point", "coordinates": [ 7.6820769, 45.076029 ] } },
{ "type": "Feature", "properties": { "name": "La Lenza" }, "geometry": { "type": "Point", "coordinates": [ 7.773301, 45.1770994 ] } },
{ "type": "Feature", "properties": { "name": "Sportello" }, "geometry": { "type": "Point", "coordinates": [ 7.6610259, 45.0795291 ] } },
{ "type": "Feature", "properties": { "name": "Trattoria Tarassaco" }, "geometry": { "type": "Point", "coordinates": [ 7.6618058, 45.0714295 ] } },
{ "type": "Feature", "properties": { "name": "Trattoria San Pietro" }, "geometry": { "type": "Point", "coordinates": [ 7.7617916, 45.0086897 ] } },
{ "type": "Feature", "properties": { "name": "Suki" }, "geometry": { "type": "Point", "coordinates": [ 7.6802567, 45.0658257 ] } },
{ "type": "Feature", "properties": { "name": "Potro" }, "geometry": { "type": "Point", "coordinates": [ 7.6848783, 45.0623753 ] } },
{ "type": "Feature", "properties": { "name": "L'orto bistrò" }, "geometry": { "type": "Point", "coordinates": [ 7.6814684, 45.0727581 ] } },
{ "type": "Feature", "properties": { "name": "La capricciosa" }, "geometry": { "type": "Point", "coordinates": [ 7.6723318, 45.0401349 ] } },
{ "type": "Feature", "properties": { "name": "Saluce" }, "geometry": { "type": "Point", "coordinates": [ 7.6855299, 45.0592037 ] } },
{ "type": "Feature", "properties": { "name": "Trattoria Superga" }, "geometry": { "type": "Point", "coordinates": [ 7.7711923, 45.0782132 ] } },
{ "type": "Feature", "properties": { "name": "Bel Deuit" }, "geometry": { "type": "Point", "coordinates": [ 7.7712889, 45.0783004 ] } },
{ "type": "Feature", "properties": { "name": "Osteria dell'Amicizia" }, "geometry": { "type": "Point", "coordinates": [ 7.7270468, 45.0708264 ] } },
{ "type": "Feature", "properties": { "name": "Carlina" }, "geometry": { "type": "Point", "coordinates": [ 7.6894531, 45.0657571 ] } },
{ "type": "Feature", "properties": { }, "geometry": { "type": "Point", "coordinates": [ 7.5611785, 45.0130611 ] } },
{ "type": "Feature", "properties": { "name": "Aijo by Tokyo" }, "geometry": { "type": "Point", "coordinates": [ 7.5933179, 45.076053 ] } },
{ "type": "Feature", "properties": { "name": "Fanfaluch" }, "geometry": { "type": "Point", "coordinates": [ 7.6934408, 45.0654453 ] } },
{ "type": "Feature", "properties": { "name": "Bontà da Re ristopiccolo" }, "geometry": { "type": "Point", "coordinates": [ 7.6934459, 45.0697007 ] } },
{ "type": "Feature", "properties": { "name": "Trattoria Ultima Spiaggia" }, "geometry": { "type": "Point", "coordinates": [ 7.7433633, 45.0591771 ] } },
{ "type": "Feature", "properties": { "name": "Pan" }, "geometry": { "type": "Point", "coordinates": [ 7.7261853, 45.0702777 ] } },
{ "type": "Feature", "properties": { "name": "cRust" }, "geometry": { "type": "Point", "coordinates": [ 7.6943089, 45.0696277 ] } },
{ "type": "Feature", "properties": { "name": "Kenjo" }, "geometry": { "type": "Point", "coordinates": [ 7.6946326, 45.0701593 ] } },
{ "type": "Feature", "properties": { "name": "Pizzeria Bella'Mbriana" }, "geometry": { "type": "Point", "coordinates": [ 7.5971347, 45.0712656 ] } },
{ "type": "Feature", "properties": { "name": "Ristorante cinese Hong Fu" }, "geometry": { "type": "Point", "coordinates": [ 7.5974482, 45.0733935 ] } },
{ "type": "Feature", "properties": { "name": "Colapasta" }, "geometry": { "type": "Point", "coordinates": [ 7.5960229, 45.0738537 ] } },
{ "type": "Feature", "properties": { "name": "Sole" }, "geometry": { "type": "Point", "coordinates": [ 7.6504616, 45.0639251 ] } },
{ "type": "Feature", "properties": { "name": "Mai Thai" }, "geometry": { "type": "Point", "coordinates": [ 7.6638238, 45.0741954 ] } },
{ "type": "Feature", "properties": { "name": "Lo Staglio" }, "geometry": { "type": "Point", "coordinates": [ 7.6808146, 45.0581841 ] } },
{ "type": "Feature", "properties": { }, "geometry": { "type": "Point", "coordinates": [ 7.6809296, 45.0585291 ] } },
{ "type": "Feature", "properties": { "name": "Boka" }, "geometry": { "type": "Point", "coordinates": [ 7.681224, 45.0761563 ] } },
{ "type": "Feature", "properties": { "name": "Picros" }, "geometry": { "type": "Point", "coordinates": [ 7.6901117, 45.0668255 ] } },
{ "type": "Feature", "properties": { "name": "E'den" }, "geometry": { "type": "Point", "coordinates": [ 7.6761635, 45.0650356 ] } },
{ "type": "Feature", "properties": { "name": "Tirami Su" }, "geometry": { "type": "Point", "coordinates": [ 7.5850389, 45.0748062 ] } },
{ "type": "Feature", "properties": { "name": "Pizzificio Saraceno" }, "geometry": { "type": "Point", "coordinates": [ 7.6583749, 45.0372334 ] } },
{ "type": "Feature", "properties": { "name": "Chinino food ristorante sociale" }, "geometry": { "type": "Point", "coordinates": [ 7.6570072, 45.0352455 ] } },
{ "type": "Feature", "properties": { "name": "T-Bone Station" }, "geometry": { "type": "Point", "coordinates": [ 7.6770343, 45.0703549 ] } },
{ "type": "Feature", "properties": { "name": "Il Cantinone" }, "geometry": { "type": "Point", "coordinates": [ 7.6945577, 45.0639421 ] } },
{ "type": "Feature", "properties": { "name": "La Pista Bistrot" }, "geometry": { "type": "Point", "coordinates": [ 7.6836817, 45.0742337 ] } },
{ "type": "Feature", "properties": { "name": "Cacio e Pepe" }, "geometry": { "type": "Point", "coordinates": [ 7.6710787, 45.036409 ] } },
{ "type": "Feature", "properties": { "name": "Pizzeria Lo Smeraldo" }, "geometry": { "type": "Point", "coordinates": [ 7.6026526, 45.0740866 ] } },
{ "type": "Feature", "properties": { "name": "Pasticceria Micci Roberto" }, "geometry": { "type": "Point", "coordinates": [ 7.6036066, 45.0737133 ] } },
{ "type": "Feature", "properties": { "name": "Kebap Paradiso" }, "geometry": { "type": "Point", "coordinates": [ 7.6015714, 45.0736007 ] } },
{ "type": "Feature", "properties": { }, "geometry": { "type": "Point", "coordinates": [ 7.6757894, 45.0781107 ] } },
{ "type": "Feature", "properties": { "name": "Wi.De" }, "geometry": { "type": "Point", "coordinates": [ 7.6791973, 45.0752719 ] } },
{ "type": "Feature", "properties": { "name": "Ristoro Viareggio" }, "geometry": { "type": "Point", "coordinates": [ 7.6737488, 45.0606028 ] } },
{ "type": "Feature", "properties": { "name": "Bottega Flegrea" }, "geometry": { "type": "Point", "coordinates": [ 7.5393881, 45.0714653 ] } },
{ "type": "Feature", "properties": { "name": "Bogianen - Pizzeria piemontese" }, "geometry": { "type": "Point", "coordinates": [ 7.6949572, 45.0706589 ] } },
{ "type": "Feature", "properties": { "name": "Nuovi Orizzonti" }, "geometry": { "type": "Point", "coordinates": [ 7.6677737, 45.0784971 ] } },
{ "type": "Feature", "properties": { "name": "Smocking bar" }, "geometry": { "type": "Point", "coordinates": [ 7.7129105, 45.0639095 ] } },
{ "type": "Feature", "properties": { "name": "Renatino" }, "geometry": { "type": "Point", "coordinates": [ 7.6782469, 45.0573256 ] } },
{ "type": "Feature", "properties": { "name": "Osteria contemporanea - La bottega 'd Mentin" }, "geometry": { "type": "Point", "coordinates": [ 7.7526417, 45.013232 ] } },
{ "type": "Feature", "properties": { "name": "Mik Sushi" }, "geometry": { "type": "Point", "coordinates": [ 7.5922464, 45.025518 ] } },
{ "type": "Feature", "properties": { "name": "Roadhouse" }, "geometry": { "type": "Point", "coordinates": [ 7.5895427, 45.0256755 ] } },
{ "type": "Feature", "properties": { "name": "Sharazad" }, "geometry": { "type": "Point", "coordinates": [ 7.6814422, 45.072068 ] } },
{ "type": "Feature", "properties": { "name": "Osteria Barcellona" }, "geometry": { "type": "Point", "coordinates": [ 7.6649686, 45.0814192 ] } },
{ "type": "Feature", "properties": { "name": "Antica Trattoria dei Tetti" }, "geometry": { "type": "Point", "coordinates": [ 7.5779821, 45.0022221 ] } },
{ "type": "Feature", "properties": { "name": "Trattoria del Borgo" }, "geometry": { "type": "Point", "coordinates": [ 7.5763527, 45.0208232 ] } },
{ "type": "Feature", "properties": { "name": "Cedro del Libano" }, "geometry": { "type": "Point", "coordinates": [ 7.6768819, 45.0473878 ] } },
{ "type": "Feature", "properties": { "name": "Dawat" }, "geometry": { "type": "Point", "coordinates": [ 7.6817576, 45.0737631 ] } },
{ "type": "Feature", "properties": { "name": "Sa Corte Noa" }, "geometry": { "type": "Point", "coordinates": [ 7.6822041, 45.0744664 ] } },
{ "type": "Feature", "properties": { "name": "PlinTO" }, "geometry": { "type": "Point", "coordinates": [ 7.6698616, 45.0732227 ] } },
{ "type": "Feature", "properties": { "name": "Bitnada" }, "geometry": { "type": "Point", "coordinates": [ 7.6765485, 45.0638786 ] } },
{ "type": "Feature", "properties": { "name": "Fujienn e Magnann by Totò Pizza e sfizi napoletani" }, "geometry": { "type": "Point", "coordinates": [ 7.671976, 45.0383493 ] } },
{ "type": "Feature", "properties": { "name": "Grande Asportazione Vini - Erminio" }, "geometry": { "type": "Point", "coordinates": [ 7.6974984, 45.0663425 ] } },
{ "type": "Feature", "properties": { "name": "Osteria e Gastronomia la Cadrega" }, "geometry": { "type": "Point", "coordinates": [ 7.6841761, 45.0009429 ] } },
{ "type": "Feature", "properties": { "name": "Sushi del maslè" }, "geometry": { "type": "Point", "coordinates": [ 7.6849365, 45.000708 ] } },
{ "type": "Feature", "properties": { "name": "Jiang Noodles & Sishi" }, "geometry": { "type": "Point", "coordinates": [ 7.6847834, 45.0006309 ] } },
{ "type": "Feature", "properties": { "name": "Osteria Papi" }, "geometry": { "type": "Point", "coordinates": [ 7.6846354, 45.000567 ] } },
{ "type": "Feature", "properties": { "name": "Ai Tetti Blu" }, "geometry": { "type": "Point", "coordinates": [ 7.5484225, 45.0744776 ] } },
{ "type": "Feature", "properties": { "name": "Mondo Pizza" }, "geometry": { "type": "Point", "coordinates": [ 7.7042182, 44.9972629 ] } },
{ "type": "Feature", "properties": { "name": "Kombu" }, "geometry": { "type": "Point", "coordinates": [ 7.6850925, 45.0017292 ] } },
{ "type": "Feature", "properties": { "name": "Ristorante al Borgo Antico" }, "geometry": { "type": "Point", "coordinates": [ 7.687895, 45.0008017 ] } },
{ "type": "Feature", "properties": { "name": "il Rione" }, "geometry": { "type": "Point", "coordinates": [ 7.6797453, 45.0007749 ] } },
{ "type": "Feature", "properties": { "name": "Da Pecchia" }, "geometry": { "type": "Point", "coordinates": [ 7.7761807, 45.1383707 ] } },
{ "type": "Feature", "properties": { "name": "Oscar Wilde" }, "geometry": { "type": "Point", "coordinates": [ 7.6529437, 45.0819352 ] } },
{ "type": "Feature", "properties": { "name": "Ristorante Piazza dei Mestieri" }, "geometry": { "type": "Point", "coordinates": [ 7.6597077, 45.0820494 ] } },
{ "type": "Feature", "properties": { "name": "Il quadrifoglio" }, "geometry": { "type": "Point", "coordinates": [ 7.7754919, 45.1089132 ] } },
{ "type": "Feature", "properties": { "name": "In Primis" }, "geometry": { "type": "Point", "coordinates": [ 7.5926628, 45.0773126 ] } },
{ "type": "Feature", "properties": { "name": "Bao Pokè" }, "geometry": { "type": "Point", "coordinates": [ 7.5927599, 45.0777298 ] } },
{ "type": "Feature", "properties": { "name": "Chak'Ramen" }, "geometry": { "type": "Point", "coordinates": [ 7.6788928, 45.0651254 ] } },
{ "type": "Feature", "properties": { "name": "Pizzeria Quick dei Giovani" }, "geometry": { "type": "Point", "coordinates": [ 7.66198, 45.0724869 ] } },
{ "type": "Feature", "properties": { "name": "Signorvino" }, "geometry": { "type": "Point", "coordinates": [ 7.6129599, 45.05657 ] } },
{ "type": "Feature", "properties": { "name": "Bomaki" }, "geometry": { "type": "Point", "coordinates": [ 7.6128194, 45.0565041 ] } },
{ "type": "Feature", "properties": { "name": "Dispensa Emilia" }, "geometry": { "type": "Point", "coordinates": [ 7.6125405, 45.0546024 ] } },
{ "type": "Feature", "properties": { "name": "Old Wild West" }, "geometry": { "type": "Point", "coordinates": [ 7.6123181, 45.0558468 ] } },
{ "type": "Feature", "properties": { "name": "Old Wild West" }, "geometry": { "type": "Point", "coordinates": [ 7.6124336, 45.0557048 ] } },
{ "type": "Feature", "properties": { "name": "Old Wild West" }, "geometry": { "type": "Point", "coordinates": [ 7.612757, 45.0559563 ] } },
{ "type": "Feature", "properties": { "name": "Ponte Barra" }, "geometry": { "type": "Point", "coordinates": [ 7.7323923, 45.0786789 ] } },
{ "type": "Feature", "properties": { "name": "Japs!" }, "geometry": { "type": "Point", "coordinates": [ 7.6727634, 45.0477366 ] } },
{ "type": "Feature", "properties": { "name": "Trattoria Nonna Angela" }, "geometry": { "type": "Point", "coordinates": [ 7.6669272, 45.0856104 ] } },
{ "type": "Feature", "properties": { "name": "Ciao Cara" }, "geometry": { "type": "Point", "coordinates": [ 7.6958912, 45.0713884 ] } },
{ "type": "Feature", "properties": { "name": "Pizza Factory" }, "geometry": { "type": "Point", "coordinates": [ 7.8178731, 45.0140329 ] } },
{ "type": "Feature", "properties": { "name": "Ris - Storie di riso" }, "geometry": { "type": "Point", "coordinates": [ 7.6943788, 45.0671059 ] } },
{ "type": "Feature", "properties": { "name": "Karmacola" }, "geometry": { "type": "Point", "coordinates": [ 7.692211, 45.0746636 ] } },
{ "type": "Feature", "properties": { "name": "Donburi House" }, "geometry": { "type": "Point", "coordinates": [ 7.6910903, 45.0654401 ] } },
{ "type": "Feature", "properties": { "name": "La volpe e l'uva" }, "geometry": { "type": "Point", "coordinates": [ 7.7590124, 45.0010423 ] } },
{ "type": "Feature", "properties": { "name": "Piadino" }, "geometry": { "type": "Point", "coordinates": [ 7.57294, 45.0648615 ] } },
{ "type": "Feature", "properties": { "name": "Marò" }, "geometry": { "type": "Point", "coordinates": [ 7.6199387, 45.0802691 ] } },
{ "type": "Feature", "properties": { "name": "Kuma" }, "geometry": { "type": "Point", "coordinates": [ 7.6751087, 45.0750062 ] } },
{ "type": "Feature", "properties": { "name": "Xu Jia Bao" }, "geometry": { "type": "Point", "coordinates": [ 7.6787412, 45.0785904 ] } },
{ "type": "Feature", "properties": { "name": "Fradiavolo Pizzeria - Torino San Salvario" }, "geometry": { "type": "Point", "coordinates": [ 7.6822962, 45.0610177 ] } },
{ "type": "Feature", "properties": { "name": "Trattoria Anna" }, "geometry": { "type": "Point", "coordinates": [ 7.6815853, 45.0753415 ] } },
{ "type": "Feature", "properties": { "name": "Toshkent" }, "geometry": { "type": "Point", "coordinates": [ 7.707997, 45.0719191 ] } },
{ "type": "Feature", "properties": { "name": "Le Salette" }, "geometry": { "type": "Point", "coordinates": [ 7.680898, 45.0607026 ] } },
{ "type": "Feature", "properties": { "name": "Barbagnam" }, "geometry": { "type": "Point", "coordinates": [ 7.6261303, 45.0800259 ] } },
{ "type": "Feature", "properties": { "name": "Piola 1706" }, "geometry": { "type": "Point", "coordinates": [ 7.6881571, 45.0616945 ] } },
{ "type": "Feature", "properties": { "name": "Calavera" }, "geometry": { "type": "Point", "coordinates": [ 7.7335379, 45.1413343 ] } },
{ "type": "Feature", "properties": { "name": "Kinshi Japanese Restaurant" }, "geometry": { "type": "Point", "coordinates": [ 7.6946861, 44.9976123 ] } },
{ "type": "Feature", "properties": { "name": "Fragole e Barbera" }, "geometry": { "type": "Point", "coordinates": [ 7.6564462, 45.0378746 ] } },
{ "type": "Feature", "properties": { "name": "WorkEat" }, "geometry": { "type": "Point", "coordinates": [ 7.644065, 45.1911185 ] } },
{ "type": "Feature", "properties": { "name": "Jinjiang" }, "geometry": { "type": "Point", "coordinates": [ 7.6325529, 45.0620476 ] } },
{ "type": "Feature", "properties": { "name": "Il Discorante" }, "geometry": { "type": "Point", "coordinates": [ 7.6320163, 45.0614784 ] } },
{ "type": "Feature", "properties": { "name": "Signorvino" }, "geometry": { "type": "Point", "coordinates": [ 7.6941685, 45.0662418 ] } },
{ "type": "Feature", "properties": { "name": "Cheers Bistrot Superga" }, "geometry": { "type": "Point", "coordinates": [ 7.7664688, 45.0795016 ] } },
{ "type": "Feature", "properties": { "name": "Mil Sabores" }, "geometry": { "type": "Point", "coordinates": [ 7.6659227, 45.083532 ] } },
{ "type": "Feature", "properties": { "name": "Cantine Vittoria" }, "geometry": { "type": "Point", "coordinates": [ 7.6768203, 45.095752 ] } },
{ "type": "Feature", "properties": { "name": "Plin & Tajarin" }, "geometry": { "type": "Point", "coordinates": [ 7.6579142, 45.0740043 ] } },
{ "type": "Feature", "properties": { "name": "Hong Kong" }, "geometry": { "type": "Point", "coordinates": [ 7.6817714, 45.0691696 ] } },
{ "type": "Feature", "properties": { "name": "Nom Nom" }, "geometry": { "type": "Point", "coordinates": [ 7.7203956, 44.990342 ] } },
{ "type": "Feature", "properties": { "name": "Da Zero" }, "geometry": { "type": "Point", "coordinates": [ 7.6732881, 45.0770668 ] } },
{ "type": "Feature", "properties": { "name": "Mr. Pizza" }, "geometry": { "type": "Point", "coordinates": [ 7.5495476, 45.0743871 ] } },
{ "type": "Feature", "properties": { "name": "Pizza ad Hoc" }, "geometry": { "type": "Point", "coordinates": [ 7.5544893, 45.1039726 ] } },
{ "type": "Feature", "properties": { "name": "9 3/4" }, "geometry": { "type": "Point", "coordinates": [ 7.7131763, 44.9935082 ] } },
{ "type": "Feature", "properties": { "name": "San Secondo" }, "geometry": { "type": "Point", "coordinates": [ 7.6726163, 45.0581843 ] } },
{ "type": "Feature", "properties": { "name": "Sorriso" }, "geometry": { "type": "Point", "coordinates": [ 7.6718993, 45.0571984 ] } },
{ "type": "Feature", "properties": { "name": "Ristorante del Circolo" }, "geometry": { "type": "Point", "coordinates": [ 7.5751611, 45.0860812 ] } },
{ "type": "Feature", "properties": { "name": "Fantasia di Gusto" }, "geometry": { "type": "Point", "coordinates": [ 7.6484964, 45.0707249 ] } },
{ "type": "Feature", "properties": { "name": "Al primo piano" }, "geometry": { "type": "Point", "coordinates": [ 7.7292218, 45.1004301 ] } },
{ "type": "Feature", "properties": { "name": "SP 143 Pizzeria Contemporanea" }, "geometry": { "type": "Point", "coordinates": [ 7.5735684, 45.0021432 ] } },
{ "type": "Feature", "properties": { "name": "Peperosso" }, "geometry": { "type": "Point", "coordinates": [ 7.6543996, 45.0799892 ] } },
{ "type": "Feature", "properties": { "name": "Il Povero Felice" }, "geometry": { "type": "Point", "coordinates": [ 7.6213066, 45.0718742 ] } },
{ "type": "Feature", "properties": { "name": "La Locanda sul Po" }, "geometry": { "type": "Point", "coordinates": [ 7.7078392, 45.067516 ] } },
{ "type": "Feature", "properties": { "name": "Pizzeria Zero Gluten" }, "geometry": { "type": "Point", "coordinates": [ 7.6480362, 45.0647028 ] } },
{ "type": "Feature", "properties": { "name": "O' Guaglione" }, "geometry": { "type": "Point", "coordinates": [ 7.6883979, 45.0604298 ] } },
{ "type": "Feature", "properties": { "name": "PANDA-Q" }, "geometry": { "type": "Point", "coordinates": [ 7.6473561, 45.0732194 ] } },
{ "type": "Feature", "properties": { "name": "Il Galeone" }, "geometry": { "type": "Point", "coordinates": [ 7.5957813, 45.0750192 ] } },
{ "type": "Feature", "properties": { "name": "Trattoria Fermata Nizza" }, "geometry": { "type": "Point", "coordinates": [ 7.6750018, 45.0508929 ] } },
{ "type": "Feature", "properties": { "name": "Frumento" }, "geometry": { "type": "Point", "coordinates": [ 7.6157106, 45.0701615 ] } },
{ "type": "Feature", "properties": { "name": "Benvenuti al Sud" }, "geometry": { "type": "Point", "coordinates": [ 7.6205215, 45.0704943 ] } },
{ "type": "Feature", "properties": { "name": "da Simo" }, "geometry": { "type": "Point", "coordinates": [ 7.570345, 45.0768464 ] } },
{ "type": "Feature", "properties": { "name": "La Costanza" }, "geometry": { "type": "Point", "coordinates": [ 7.6317642, 45.0702869 ] } },
{ "type": "Feature", "properties": { "name": "La Limonaia" }, "geometry": { "type": "Point", "coordinates": [ 7.6232597, 45.0675224 ] } },
{ "type": "Feature", "properties": { "name": "Pescherie Riunite" }, "geometry": { "type": "Point", "coordinates": [ 7.6950527, 45.0707213 ] } },
{ "type": "Feature", "properties": { "name": "Marcello" }, "geometry": { "type": "Point", "coordinates": [ 7.6754769, 45.0612378 ] } },
{ "type": "Feature", "properties": { "name": "L'Acciuga" }, "geometry": { "type": "Point", "coordinates": [ 7.6753253, 45.0752797 ] } },
{ "type": "Feature", "properties": { "name": "Trattoria Piemontese" }, "geometry": { "type": "Point", "coordinates": [ 7.7033672, 45.0692846 ] } },
{ "type": "Feature", "properties": { "name": "O' Cuorn" }, "geometry": { "type": "Point", "coordinates": [ 7.6539885, 45.0780709 ] } },
{ "type": "Feature", "properties": { "name": "Evò" }, "geometry": { "type": "Point", "coordinates": [ 7.6510254, 45.0760801 ] } },
{ "type": "Feature", "properties": { "name": "Da Ciccillo" }, "geometry": { "type": "Point", "coordinates": [ 7.6754082, 45.0529388 ] } },
{ "type": "Feature", "properties": { "name": "Via Beirut" }, "geometry": { "type": "Point", "coordinates": [ 7.6943886, 45.0629205 ] } },
{ "type": "Feature", "properties": { "name": "Maniman" }, "geometry": { "type": "Point", "coordinates": [ 7.6823125, 45.0713303 ] } },
{ "type": "Feature", "properties": { "name": "Max Pomodoro" }, "geometry": { "type": "Point", "coordinates": [ 7.6334339, 45.0357261 ] } },
{ "type": "Feature", "properties": { "name": "Da Mimmo" }, "geometry": { "type": "Point", "coordinates": [ 7.6335709, 45.0388321 ] } },
{ "type": "Feature", "properties": { "name": "La Crocetta Ville" }, "geometry": { "type": "Point", "coordinates": [ 7.6710959, 45.0609251 ] } },
{ "type": "Feature", "properties": { "name": "Locanda Bellezia" }, "geometry": { "type": "Point", "coordinates": [ 7.6816138, 45.0756805 ] } },
{ "type": "Feature", "properties": { "name": "Caipirinha RistoPub Brasil" }, "geometry": { "type": "Point", "coordinates": [ 7.815607, 45.0111943 ] } },
{ "type": "Feature", "properties": { "name": "Yue" }, "geometry": { "type": "Point", "coordinates": [ 7.677595, 45.0643824 ] } },
{ "type": "Feature", "properties": { "name": "Il cucinino" }, "geometry": { "type": "Point", "coordinates": [ 7.6484372, 45.0604222 ] } },
{ "type": "Feature", "properties": { "name": "Il cucinino" }, "geometry": { "type": "Point", "coordinates": [ 7.6894007, 45.0609123 ] } },
{ "type": "Feature", "properties": { "name": "Osteria Civassa" }, "geometry": { "type": "Point", "coordinates": [ 7.6470064, 45.0451019 ] } },
{ "type": "Feature", "properties": { "name": "Pizziche 'e Vase" }, "geometry": { "type": "Point", "coordinates": [ 7.6818186, 45.0607749 ] } },
{ "type": "Feature", "properties": { }, "geometry": { "type": "Point", "coordinates": [ 7.6807651, 45.0576654 ] } },
{ "type": "Feature", "properties": { "name": "L'Ostu del Feramiu'" }, "geometry": { "type": "Point", "coordinates": [ 7.6817349, 45.0573182 ] } },
{ "type": "Feature", "properties": { "name": "Junior Grill" }, "geometry": { "type": "Point", "coordinates": [ 7.679218, 45.0456485 ] } },
{ "type": "Feature", "properties": { "name": "Sole D'Oro" }, "geometry": { "type": "Point", "coordinates": [ 7.6822981, 45.0585766 ] } },
{ "type": "Feature", "properties": { "name": "Ravi" }, "geometry": { "type": "Point", "coordinates": [ 7.695451, 45.0672999 ] } },
{ "type": "Feature", "properties": { "name": "Las Lineas de Nasca" }, "geometry": { "type": "Point", "coordinates": [ 7.6939743, 45.0918639 ] } },
{ "type": "Feature", "properties": { "name": "la Carne" }, "geometry": { "type": "Point", "coordinates": [ 7.6831205, 45.0775339 ] } },
{ "type": "Feature", "properties": { "name": "il Girarrosto" }, "geometry": { "type": "Point", "coordinates": [ 7.6832604, 45.0776168 ] } },
{ "type": "Feature", "properties": { "name": "I Sapori del Brasile" }, "geometry": { "type": "Point", "coordinates": [ 7.6830232, 45.0773888 ] } },
{ "type": "Feature", "properties": { "name": "la Cucina Marocchina" }, "geometry": { "type": "Point", "coordinates": [ 7.6834995, 45.0775629 ] } },
{ "type": "Feature", "properties": { "name": "il Ramen e i Gyōza" }, "geometry": { "type": "Point", "coordinates": [ 7.682952, 45.0773017 ] } },
{ "type": "Feature", "properties": { "name": "La Pasta Fresca" }, "geometry": { "type": "Point", "coordinates": [ 7.6830831, 45.0774601 ] } },
{ "type": "Feature", "properties": { "name": "la Stogliatella Napoletana" }, "geometry": { "type": "Point", "coordinates": [ 7.6835172, 45.0772281 ] } },
{ "type": "Feature", "properties": { "name": "Uè Uè" }, "geometry": { "type": "Point", "coordinates": [ 7.6764859, 45.0493617 ] } },
{ "type": "Feature", "properties": { "name": "Rabarè" }, "geometry": { "type": "Point", "coordinates": [ 7.6951444, 45.0633586 ] } },
{ "type": "Feature", "properties": { "name": "Sale e Pepe" }, "geometry": { "type": "Point", "coordinates": [ 7.5946895, 45.0731973 ] } },
{ "type": "Feature", "properties": { "name": "El Sabor de mi Tierra" }, "geometry": { "type": "Point", "coordinates": [ 7.6515735, 45.0662524 ] } },
{ "type": "Feature", "properties": { "name": "Cantinone San Paolo" }, "geometry": { "type": "Point", "coordinates": [ 7.6525822, 45.066509 ] } },
{ "type": "Feature", "properties": { "name": "L'Orto Già Salsamentario - Ristorante Vegetale Plant-Based" }, "geometry": { "type": "Point", "coordinates": [ 7.7005026, 45.063342 ] } },
{ "type": "Feature", "properties": { "name": "La Trattoria" }, "geometry": { "type": "Point", "coordinates": [ 7.5023069, 45.0138225 ] } },
{ "type": "Feature", "properties": { "name": "Havana" }, "geometry": { "type": "Point", "coordinates": [ 7.5568367, 45.0627705 ] } },
{ "type": "Feature", "properties": { "name": "Sale & Pepe" }, "geometry": { "type": "Point", "coordinates": [ 7.8136497, 45.0129759 ] } },
{ "type": "Feature", "properties": { "name": "Emporio Gastronomico" }, "geometry": { "type": "Point", "coordinates": [ 7.6695969, 45.0663554 ] } },
{ "type": "Feature", "properties": { "name": "Wuarke" }, "geometry": { "type": "Point", "coordinates": [ 7.647951, 45.0708363 ] } },
{ "type": "Feature", "properties": { "name": "Jamm Bell" }, "geometry": { "type": "Point", "coordinates": [ 7.625273, 45.0802682 ] } },
{ "type": "Feature", "properties": { "name": "Osteria Rabezzana" }, "geometry": { "type": "Point", "coordinates": [ 7.6788224, 45.0697507 ] } },
{ "type": "Feature", "properties": { "name": "Mon Tacos" }, "geometry": { "type": "Point", "coordinates": [ 7.6657193, 45.0733169 ] } },
{ "type": "Feature", "properties": { "name": "Harrods Pizza Kebab" }, "geometry": { "type": "Point", "coordinates": [ 7.6655701, 45.0730794 ] } },
{ "type": "Feature", "properties": { "name": "Gusto in Movimento" }, "geometry": { "type": "Point", "coordinates": [ 7.5597199, 45.0984593 ] } },
{ "type": "Feature", "properties": { "name": "Trattoria PoP Lingotto" }, "geometry": { "type": "Point", "coordinates": [ 7.6674807, 45.0305189 ] } },
{ "type": "Feature", "properties": { "name": "La Sueva" }, "geometry": { "type": "Point", "coordinates": [ 7.6604097, 45.0746813 ] } },
{ "type": "Feature", "properties": { "name": "La Sidreria" }, "geometry": { "type": "Point", "coordinates": [ 7.6626849, 45.0895125 ] } },
{ "type": "Feature", "properties": { }, "geometry": { "type": "Point", "coordinates": [ 7.7254976, 45.0807317 ] } },
{ "type": "Feature", "properties": { "name": "Casa Vicina" }, "geometry": { "type": "Point", "coordinates": [ 7.6667564, 45.0352456 ] } },
{ "type": "Feature", "properties": { "name": "Il Bacareto L'Aciugheta" }, "geometry": { "type": "Point", "coordinates": [ 7.679282, 45.0762059 ] } },
{ "type": "Feature", "properties": { "name": "Deposito" }, "geometry": { "type": "Point", "coordinates": [ 7.6927555, 45.0741395 ] } },
{ "type": "Feature", "properties": { "name": "Suki" }, "geometry": { "type": "Point", "coordinates": [ 7.6776477, 45.0709685 ] } },
{ "type": "Feature", "properties": { "name": "Dispensa Emilia" }, "geometry": { "type": "Point", "coordinates": [ 7.6667431, 45.0339737 ] } },
{ "type": "Feature", "properties": { "name": "Giovanni Rana" }, "geometry": { "type": "Point", "coordinates": [ 7.6667377, 45.0339196 ] } },
{ "type": "Feature", "properties": { "name": "Rossopomodoro" }, "geometry": { "type": "Point", "coordinates": [ 7.6662362, 45.0339575 ] } },
{ "type": "Feature", "properties": { "name": "Rossopomodoro" }, "geometry": { "type": "Point", "coordinates": [ 7.6647583, 45.0308138 ] } },
{ "type": "Feature", "properties": { "name": "Roadhouse" }, "geometry": { "type": "Point", "coordinates": [ 7.6670945, 45.034438 ] } },
{ "type": "Feature", "properties": { "name": "Vinoriente" }, "geometry": { "type": "Point", "coordinates": [ 7.6803126, 45.0706809 ] } },
{ "type": "Feature", "properties": { "name": "Pappamondo" }, "geometry": { "type": "Point", "coordinates": [ 7.5945889, 45.0070903 ] } },
{ "type": "Feature", "properties": { "name": "Le suocere del pozzo" }, "geometry": { "type": "Point", "coordinates": [ 7.6351436, 45.0685163 ] } },
{ "type": "Feature", "properties": { "name": "Piattarello" }, "geometry": { "type": "Point", "coordinates": [ 7.6411782, 45.0752228 ] } },
{ "type": "Feature", "properties": { "name": "StraFud" }, "geometry": { "type": "Point", "coordinates": [ 7.57434, 45.0724355 ] } },
{ "type": "Feature", "properties": { "name": "Matsuri" }, "geometry": { "type": "Point", "coordinates": [ 7.7545015, 45.1031602 ] } },
{ "type": "Feature", "properties": { "name": "Pizzeria Roma 81 di Ceravolo Fabiana" }, "geometry": { "type": "Point", "coordinates": [ 7.7544868, 45.1028967 ] } },
{ "type": "Feature", "properties": { "name": "Ristorante Cinese" }, "geometry": { "type": "Point", "coordinates": [ 7.6770735, 45.0625919 ] } },
{ "type": "Feature", "properties": { "name": "Il Buon Gustaio" }, "geometry": { "type": "Point", "coordinates": [ 7.6812627, 45.0571131 ] } },
{ "type": "Feature", "properties": { "name": "Ristorante Vittoria" }, "geometry": { "type": "Point", "coordinates": [ 7.6826957, 45.0635676 ] } },
{ "type": "Feature", "properties": { "name": "La Casarola" }, "geometry": { "type": "Point", "coordinates": [ 7.7658563, 45.1024646 ] } },
{ "type": "Feature", "properties": { "name": "ReManzo" }, "geometry": { "type": "Point", "coordinates": [ 7.5565325, 45.0623933 ] } },
{ "type": "Feature", "properties": { "name": "Palazzo di Loto" }, "geometry": { "type": "Point", "coordinates": [ 7.5828732, 45.0728136 ] } },
{ "type": "Feature", "properties": { "name": "Mei Shi Mei Ke" }, "geometry": { "type": "Point", "coordinates": [ 7.6673305, 45.0773179 ] } },
{ "type": "Feature", "properties": { "name": "La dolce vita" }, "geometry": { "type": "Point", "coordinates": [ 7.6736167, 45.060985 ] } },
{ "type": "Feature", "properties": { "name": "Galfer Bistrot & Café" }, "geometry": { "type": "Point", "coordinates": [ 7.669148, 45.0639086 ] } },
{ "type": "Feature", "properties": { "name": "La Terrasanta" }, "geometry": { "type": "Point", "coordinates": [ 7.67887, 45.0517567 ] } },
{ "type": "Feature", "properties": { "name": "Gustus - La bottega del padellino" }, "geometry": { "type": "Point", "coordinates": [ 7.6765253, 45.0469266 ] } },
{ "type": "Feature", "properties": { }, "geometry": { "type": "Point", "coordinates": [ 7.693067, 45.0760735 ] } },
{ "type": "Feature", "properties": { "name": "Farinata Panozzi" }, "geometry": { "type": "Point", "coordinates": [ 7.6840799, 44.9983441 ] } },
{ "type": "Feature", "properties": { "name": "Muro" }, "geometry": { "type": "Point", "coordinates": [ 7.6856631, 45.092063 ] } },
{ "type": "Feature", "properties": { "name": "Ristorante Sushi LUNA" }, "geometry": { "type": "Point", "coordinates": [ 7.6594642, 45.1038752 ] } },
{ "type": "Feature", "properties": { "name": "Jia Yuan" }, "geometry": { "type": "Point", "coordinates": [ 7.6208172, 45.0748345 ] } },
{ "type": "Feature", "properties": { "name": "Antico Balon" }, "geometry": { "type": "Point", "coordinates": [ 7.6815993, 45.0761006 ] } },
{ "type": "Feature", "properties": { "name": "una gemma" }, "geometry": { "type": "Point", "coordinates": [ 7.7086115, 45.0692595 ] } },
{ "type": "Feature", "properties": { "name": "Grattacielo" }, "geometry": { "type": "Point", "coordinates": [ 7.6648522, 45.0689198 ] } },
{ "type": "Feature", "properties": { "name": "Antonio Chiodi Latini" }, "geometry": { "type": "Point", "coordinates": [ 7.6798072, 45.0706435 ] } },
{ "type": "Feature", "properties": { "name": "To.To Torino.Otranto" }, "geometry": { "type": "Point", "coordinates": [ 7.5351294, 45.1012766 ] } },
{ "type": "Feature", "properties": { "name": "Peruanito" }, "geometry": { "type": "Point", "coordinates": [ 7.6747755, 45.0633044 ] } },
{ "type": "Feature", "properties": { "name": "Dozo" }, "geometry": { "type": "Point", "coordinates": [ 7.6739615, 45.0638811 ] } },
{ "type": "Feature", "properties": { "name": "Meucci" }, "geometry": { "type": "Point", "coordinates": [ 7.6114947, 45.073971 ] } },
{ "type": "Feature", "properties": { "name": "Ristorante Pizzeria Giolitti" }, "geometry": { "type": "Point", "coordinates": [ 7.6846726, 45.0660019 ] } },
{ "type": "Feature", "properties": { "name": "Carlo Alberto Bistrot" }, "geometry": { "type": "Point", "coordinates": [ 7.6794867, 45.0740317 ] } },
{ "type": "Feature", "properties": { "name": "Chez Camille" }, "geometry": { "type": "Point", "coordinates": [ 7.6877151, 45.0688311 ] } },
{ "type": "Feature", "properties": { "name": "L'Ancora" }, "geometry": { "type": "Point", "coordinates": [ 7.6389668, 45.0822124 ] } },
{ "type": "Feature", "properties": { "name": "Sharm el Sheikh Pizza e Kebab" }, "geometry": { "type": "Point", "coordinates": [ 7.5405632, 45.0702034 ] } },
{ "type": "Feature", "properties": { }, "geometry": { "type": "Point", "coordinates": [ 7.6746249, 45.0423236 ] } },
{ "type": "Feature", "properties": { }, "geometry": { "type": "Point", "coordinates": [ 7.5444782, 45.0520448 ] } },
{ "type": "Feature", "properties": { "name": "La Cantina Cusina & Vini" }, "geometry": { "type": "Point", "coordinates": [ 7.6768114, 45.0693465 ] } },
{ "type": "Feature", "properties": { "name": "I Camini" }, "geometry": { "type": "Point", "coordinates": [ 7.720953, 45.1598857 ] } },
{ "type": "Feature", "properties": { "name": "Casa tua" }, "geometry": { "type": "Point", "coordinates": [ 7.6943981, 45.0820703 ] } },
{ "type": "Feature", "properties": { "name": "Da Marcolino Pizza Gourmet" }, "geometry": { "type": "Point", "coordinates": [ 7.6499489, 45.0677573 ] } },
{ "type": "Feature", "properties": { "name": "Pizza Boom" }, "geometry": { "type": "Point", "coordinates": [ 7.5355281, 45.0708424 ] } },
{ "type": "Feature", "properties": { "name": "Cheese.TO" }, "geometry": { "type": "Point", "coordinates": [ 7.6881783, 45.0671729 ] } },
{ "type": "Feature", "properties": { "name": "Mario's House" }, "geometry": { "type": "Point", "coordinates": [ 7.6610195, 45.0042432 ] } },
{ "type": "Feature", "properties": { "name": "Fratelli Bruzzone BIB Michelin. 2026" }, "geometry": { "type": "Point", "coordinates": [ 7.690938, 45.0654942 ] } },
{ "type": "Feature", "properties": { }, "geometry": { "type": "Point", "coordinates": [ 7.6698027, 45.0732482 ] } },
{ "type": "Feature", "properties": { "name": "Hua Li Du" }, "geometry": { "type": "Point", "coordinates": [ 7.6678428, 45.0782135 ] } },
{ "type": "Feature", "properties": { "name": "Sasaki Ramen Izakaya" }, "geometry": { "type": "Point", "coordinates": [ 7.6783142, 45.0569049 ] } },
{ "type": "Feature", "properties": { "name": "Pizzeria Da Rosso" }, "geometry": { "type": "Point", "coordinates": [ 7.6365511, 45.0806577 ] } },
{ "type": "Feature", "properties": { "name": "Ai Suma" }, "geometry": { "type": "Point", "coordinates": [ 7.6859785, 45.0679941 ] } },
{ "type": "Feature", "properties": { "name": "House Jia" }, "geometry": { "type": "Point", "coordinates": [ 7.6704215, 45.0751481 ] } },
{ "type": "Feature", "properties": { "name": "Dafulan 大弗兰" }, "geometry": { "type": "Point", "coordinates": [ 7.6934947, 45.081694 ] } },
{ "type": "Feature", "properties": { "name": "Follja" }, "geometry": { "type": "Point", "coordinates": [ 7.6585705, 45.1535943 ] } },
{ "type": "Feature", "properties": { "name": "Il Gatto & la Volpe" }, "geometry": { "type": "Point", "coordinates": [ 7.7090244, 45.0736499 ] } },
{ "type": "Feature", "properties": { "name": "Il Tegamino" }, "geometry": { "type": "Point", "coordinates": [ 7.6747772, 45.061537 ] } },
{ "type": "Feature", "properties": { "name": "Zaatarito" }, "geometry": { "type": "Point", "coordinates": [ 7.6976216, 45.0662294 ] } },
{ "type": "Feature", "properties": { "name": "Kiri Hana Izakaya" }, "geometry": { "type": "Point", "coordinates": [ 7.6814212, 45.0735819 ] } },
{ "type": "Feature", "properties": { "name": "Shoro Italian Open Sushi - Torino" }, "geometry": { "type": "Point", "coordinates": [ 7.68073, 45.0741046 ] } },
{ "type": "Feature", "properties": { "name": "Family Bar & Pizza" }, "geometry": { "type": "Point", "coordinates": [ 7.7186075, 45.0733727 ] } },
{ "type": "Feature", "properties": { "name": "Mongrando Pizza & Street food" }, "geometry": { "type": "Point", "coordinates": [ 7.7090945, 45.0717914 ] } },
{ "type": "Feature", "properties": { "name": "Gari Sushi in Turin" }, "geometry": { "type": "Point", "coordinates": [ 7.6767153, 45.0742556 ] } },
{ "type": "Feature", "properties": { "name": "POKE WOOD TORINO" }, "geometry": { "type": "Point", "coordinates": [ 7.6780946, 45.0710783 ] } },
{ "type": "Feature", "properties": { "name": "Gari Sushi in Turin" }, "geometry": { "type": "Point", "coordinates": [ 7.6765708, 45.074293 ] } },
{ "type": "Feature", "properties": { "name": "Il Mannarino della Rocca" }, "geometry": { "type": "Point", "coordinates": [ 7.6935948, 45.0641722 ] } },
{ "type": "Feature", "properties": { "name": "La Cabaña del Sabor" }, "geometry": { "type": "Point", "coordinates": [ 7.6797316, 45.0595154 ] } },
{ "type": "Feature", "properties": { "name": "Yamamoto" }, "geometry": { "type": "Point", "coordinates": [ 7.6802086, 45.0597037 ] } },
{ "type": "Feature", "properties": { "name": "Pizzeria Piramid" }, "geometry": { "type": "Point", "coordinates": [ 7.5087005, 45.0128238 ] } },
{ "type": "Feature", "properties": { "name": "Bocciofila Portofino" }, "geometry": { "type": "Point", "coordinates": [ 7.6363019, 45.0204779 ] } },
{ "type": "Feature", "properties": { "name": "Le Donzelle" }, "geometry": { "type": "Point", "coordinates": [ 7.6774488, 45.0727575 ] } },
{ "type": "Feature", "properties": { "name": "Locanda Odilon" }, "geometry": { "type": "Point", "coordinates": [ 7.7664626, 45.1036501 ] } },
{ "type": "Feature", "properties": { "name": "Tre scalini" }, "geometry": { "type": "Point", "coordinates": [ 7.6493605, 45.1736323 ] } },
{ "type": "Feature", "properties": { "name": "Fierabras" }, "geometry": { "type": "Point", "coordinates": [ 7.6374184, 45.1675119 ] } },
{ "type": "Feature", "properties": { }, "geometry": { "type": "Point", "coordinates": [ 7.649299, 45.1735834 ] } },
{ "type": "Feature", "properties": { "name": "Tre Scalini" }, "geometry": { "type": "Point", "coordinates": [ 7.6493576, 45.1736286 ] } }
]
}
