{
"type": "FeatureCollection",
"name": "services.raw",
"features": [
{ "type": "Feature", "properties": { "name": "Coop" }, "geometry": { "type": "Point", "coordinates": [ 7.7036213, 45.0923795 ] } },
{ "type": "Feature", "properties": { }, "geometry": { "type": "Point", "coordinates": [ 7.6803092, 45.079243 ] } },
{ "type": "Feature", "properties": { "name": "Aumai" }, "geometry": { "type": "Point", "coordinates": [ 7.7421289, 45.1230232 ] } },
{ "type": "Feature", "properties": { "name": "Farmacia delle Maddalene" }, "geometry": { "type": "Point", "coordinates": [ 7.7039847, 45.0930426 ] } },
{ "type": "Feature", "properties": { "name": "Cesano" }, "geometry": { "type": "Point", "coordinates": [ 7.713761, 45.092 ] } },
{ "type": "Feature", "properties": { "name": "Farmacia Nazionale" }, "geometry": { "type": "Point", "coordinates": [ 7.6998815, 45.069025 ] } },
{ "type": "Feature", "properties": { "name": "Porinelli" }, "geometry": { "type": "Point", "coordinates": [ 7.6971035, 45.0675499 ] } },
{ "type": "Feature", "properties": { "name": "Crai" }, "geometry": { "type": "Point", "coordinates": [ 7.6987576, 45.0679781 ] } },
{ "type": "Feature", "properties": { "name": "Conad" }, "geometry": { "type": "Point", "coordinates": [ 7.6960475, 45.0712147 ] } },
{ "type": "Feature", "properties": { }, "geometry": { "type": "Point", "coordinates": [ 7.7141297, 45.0939972 ] } },
{ "type": "Feature", "properties": { "name": "De Angeli" }, "geometry": { "type": "Point", "coordinates": [ 7.691839, 45.080921 ] } },
{ "type": "Feature", "properties": { "name": "Unes" }, "geometry": { "type": "Point", "coordinates": [ 7.6077706, 45.0713843 ] } },
{ "type": "Feature", "properties": { "name": "Farmacia popolare" }, "geometry": { "type": "Point", "coordinates": [ 7.538907, 45.0082329 ] } },
{ "type": "Feature", "properties": { "name": "Farmacia Comunale 1" }, "geometry": { "type": "Point", "coordinates": [ 7.5412926, 45.0057732 ] } },
{ "type": "Feature", "properties": { "name": "Farmacia Comunale 2" }, "geometry": { "type": "Point", "coordinates": [ 7.5308171, 45.0089973 ] } },
{ "type": "Feature", "properties": { }, "geometry": { "type": "Point", "coordinates": [ 7.7512587, 45.1073577 ] } },
{ "type": "Feature", "properties": { "name": "Carrefour Market" }, "geometry": { "type": "Point", "coordinates": [ 7.817126, 45.0138646 ] } },
{ "type": "Feature", "properties": { "name": "Porta Nuova" }, "geometry": { "type": "Point", "coordinates": [ 7.6770144, 45.0625208 ] } },
{ "type": "Feature", "properties": { "name": "Farmacia comunale" }, "geometry": { "type": "Point", "coordinates": [ 7.6476465, 45.022597 ] } },
{ "type": "Feature", "properties": { "name": "Prestofresco" }, "geometry": { "type": "Point", "coordinates": [ 7.6715305, 45.0413826 ] } },
{ "type": "Feature", "properties": { "name": "Farmacia Comunale 1" }, "geometry": { "type": "Point", "coordinates": [ 7.6363823, 45.0409789 ] } },
{ "type": "Feature", "properties": { "name": "Farmacia dottor Trombetta" }, "geometry": { "type": "Point", "coordinates": [ 7.6369872, 45.0417404 ] } },
{ "type": "Feature", "properties": { "name": "Althea" }, "geometry": { "type": "Point", "coordinates": [ 7.6402334, 45.0423243 ] } },
{ "type": "Feature", "properties": { "name": "Dottor Roagna" }, "geometry": { "type": "Point", "coordinates": [ 7.6435999, 45.0349413 ] } },
{ "type": "Feature", "properties": { "name": "Farmacia Borgo Po \"Aicardi\"" }, "geometry": { "type": "Point", "coordinates": [ 7.7016886, 45.0640414 ] } },
{ "type": "Feature", "properties": { "name": "Farmacia Pitagora S.N.C." }, "geometry": { "type": "Point", "coordinates": [ 7.634444, 45.039091 ] } },
{ "type": "Feature", "properties": { "name": "Farmacia Santi Cosma e Damiano" }, "geometry": { "type": "Point", "coordinates": [ 7.629028, 45.038418 ] } },
{ "type": "Feature", "properties": { "name": "Ekom" }, "geometry": { "type": "Point", "coordinates": [ 7.6312465, 45.0390891 ] } },
{ "type": "Feature", "properties": { "name": "Farmacia Gottardo" }, "geometry": { "type": "Point", "coordinates": [ 7.701466, 45.09484 ] } },
{ "type": "Feature", "properties": { }, "geometry": { "type": "Point", "coordinates": [ 7.6293661, 45.0439804 ] } },
{ "type": "Feature", "properties": { "name": "Pam" }, "geometry": { "type": "Point", "coordinates": [ 7.6655454, 45.0348668 ] } },
{ "type": "Feature", "properties": { "name": "è il mio mercato" }, "geometry": { "type": "Point", "coordinates": [ 7.7330649, 45.1007943 ] } },
{ "type": "Feature", "properties": { "name": "Farmacia della Salute" }, "geometry": { "type": "Point", "coordinates": [ 7.553291, 45.010539 ] } },
{ "type": "Feature", "properties": { "name": "Facci Tosatti" }, "geometry": { "type": "Point", "coordinates": [ 7.6036683, 45.0052114 ] } },
{ "type": "Feature", "properties": { "name": "Comunale" }, "geometry": { "type": "Point", "coordinates": [ 7.5999161, 45.0045654 ] } },
{ "type": "Feature", "properties": { "name": "Sigma" }, "geometry": { "type": "Point", "coordinates": [ 7.6255219, 45.0398493 ] } },
{ "type": "Feature", "properties": { "name": "Mercatò" }, "geometry": { "type": "Point", "coordinates": [ 7.6207969, 45.0411248 ] } },
{ "type": "Feature", "properties": { "name": "Farmacia Accademia" }, "geometry": { "type": "Point", "coordinates": [ 7.5971712, 45.0276231 ] } },
{ "type": "Feature", "properties": { }, "geometry": { "type": "Point", "coordinates": [ 7.7024015, 45.10281 ] } },
{ "type": "Feature", "properties": { "name": "Lidl" }, "geometry": { "type": "Point", "coordinates": [ 7.6840939, 45.0656923 ] } },
{ "type": "Feature", "properties": { }, "geometry": { "type": "Point", "coordinates": [ 7.6673166, 45.0786187 ] } },
{ "type": "Feature", "properties": { }, "geometry": { "type": "Point", "coordinates": [ 7.6988138, 45.0971503 ] } },
{ "type": "Feature", "properties": { }, "geometry": { "type": "Point", "coordinates": [ 7.6395979, 45.0515955 ] } },
{ "type": "Feature", "properties": { "name": "Daniele" }, "geometry": { "type": "Point", "coordinates": [ 7.6584159, 45.0568874 ] } },
{ "type": "Feature", "properties": { }, "geometry": { "type": "Point", "coordinates": [ 7.6451712, 45.0438343 ] } },
{ "type": "Feature", "properties": { "name": "Lidl" }, "geometry": { "type": "Point", "coordinates": [ 7.6234736, 45.0688153 ] } },
{ "type": "Feature", "properties": { "name": "In's Mercato" }, "geometry": { "type": "Point", "coordinates": [ 7.6497562, 45.0513084 ] } },
{ "type": "Feature", "properties": { }, "geometry": { "type": "Point", "coordinates": [ 7.6532331, 45.0539176 ] } },
{ "type": "Feature", "properties": { "name": "Carrefour Market" }, "geometry": { "type": "Point", "coordinates": [ 7.6608846, 45.0577298 ] } },
{ "type": "Feature", "properties": { "name": "Regio Parco" }, "geometry": { "type": "Point", "coordinates": [ 7.7154125, 45.0946764 ] } },
{ "type": "Feature", "properties": { "name": "Farmacia Novara" }, "geometry": { "type": "Point", "coordinates": [ 7.7119631, 45.0955342 ] } },
{ "type": "Feature", "properties": { "name": "Mercatò" }, "geometry": { "type": "Point", "coordinates": [ 7.7512741, 45.1075425 ] } },
{ "type": "Feature", "properties": { "name": "Offertissima" }, "geometry": { "type": "Point", "coordinates": [ 7.7400107, 45.1020894 ] } },
{ "type": "Feature", "properties": { "name": "EuroSpin" }, "geometry": { "type": "Point", "coordinates": [ 7.6506251, 45.0581153 ] } },
{ "type": "Feature", "properties": { "name": "Farmacia San Salvario" }, "geometry": { "type": "Point", "coordinates": [ 7.6831173, 45.0582612 ] } },
{ "type": "Feature", "properties": { "name": "Farmacia Comunale 9" }, "geometry": { "type": "Point", "coordinates": [ 7.5478688, 45.071164 ] } },
{ "type": "Feature", "properties": { "name": "Azienda Sanitaria Locale TO3" }, "geometry": { "type": "Point", "coordinates": [ 7.5758101, 45.0800215 ] } },
{ "type": "Feature", "properties": { "name": "Crios" }, "geometry": { "type": "Point", "coordinates": [ 7.6689058, 45.0362076 ] } },
{ "type": "Feature", "properties": { "name": "Farmacia Comunale 16" }, "geometry": { "type": "Point", "coordinates": [ 7.5836701, 45.1285321 ] } },
{ "type": "Feature", "properties": { "name": "Farmacia Montegrappa" }, "geometry": { "type": "Point", "coordinates": [ 7.6375677, 45.0804014 ] } },
{ "type": "Feature", "properties": { "name": "Farmacia San Benedetto" }, "geometry": { "type": "Point", "coordinates": [ 7.6349567, 45.0723583 ] } },
{ "type": "Feature", "properties": { "name": "Crai" }, "geometry": { "type": "Point", "coordinates": [ 7.6828733, 45.0594169 ] } },
{ "type": "Feature", "properties": { "name": "Crai" }, "geometry": { "type": "Point", "coordinates": [ 7.6811547, 45.0589764 ] } },
{ "type": "Feature", "properties": { "name": "Borello Supermercati" }, "geometry": { "type": "Point", "coordinates": [ 7.6812389, 45.0612167 ] } },
{ "type": "Feature", "properties": { "name": "Farmacia Bullio Dranzon" }, "geometry": { "type": "Point", "coordinates": [ 7.6465587, 45.0582605 ] } },
{ "type": "Feature", "properties": { "name": "Farmacia Bernardi" }, "geometry": { "type": "Point", "coordinates": [ 7.662771, 45.073677 ] } },
{ "type": "Feature", "properties": { "name": "Farmacia Tesoriera" }, "geometry": { "type": "Point", "coordinates": [ 7.6353026, 45.0754231 ] } },
{ "type": "Feature", "properties": { }, "geometry": { "type": "Point", "coordinates": [ 7.547045, 45.0055782 ] } },
{ "type": "Feature", "properties": { }, "geometry": { "type": "Point", "coordinates": [ 7.5527551, 45.0264142 ] } },
{ "type": "Feature", "properties": { "name": "Farmacia Omeopatica Dabbene" }, "geometry": { "type": "Point", "coordinates": [ 7.6994135, 45.0843452 ] } },
{ "type": "Feature", "properties": { }, "geometry": { "type": "Point", "coordinates": [ 7.577217, 45.1326676 ] } },
{ "type": "Feature", "properties": { "name": "Conad Superstore" }, "geometry": { "type": "Point", "coordinates": [ 7.6699678, 45.093684 ] } },
{ "type": "Feature", "properties": { "name": "il Gigante" }, "geometry": { "type": "Point", "coordinates": [ 7.672861, 45.0906976 ] } },
{ "type": "Feature", "properties": { "name": "Borello" }, "geometry": { "type": "Point", "coordinates": [ 7.6574912, 45.0526224 ] } },
{ "type": "Feature", "properties": { "name": "Carrefour" }, "geometry": { "type": "Point", "coordinates": [ 7.6311876, 45.1326121 ] } },
{ "type": "Feature", "properties": { "name": "Ekom" }, "geometry": { "type": "Point", "coordinates": [ 7.6407872, 45.1286178 ] } },
{ "type": "Feature", "properties": { "name": "Farmacia Comunale 2" }, "geometry": { "type": "Point", "coordinates": [ 7.6315402, 45.1333823 ] } },
{ "type": "Feature", "properties": { "name": "Farmacia Mazzoli" }, "geometry": { "type": "Point", "coordinates": [ 7.6536944, 45.0538256 ] } },
{ "type": "Feature", "properties": { }, "geometry": { "type": "Point", "coordinates": [ 7.543502, 45.1092131 ] } },
{ "type": "Feature", "properties": { }, "geometry": { "type": "Point", "coordinates": [ 7.5476341, 45.1012088 ] } },
{ "type": "Feature", "properties": { "name": "Crai" }, "geometry": { "type": "Point", "coordinates": [ 7.6010379, 45.0067241 ] } },
{ "type": "Feature", "properties": { "name": "Prestofresco" }, "geometry": { "type": "Point", "coordinates": [ 7.603197, 45.0687498 ] } },
{ "type": "Feature", "properties": { }, "geometry": { "type": "Point", "coordinates": [ 7.6764644, 45.0419228 ] } },
{ "type": "Feature", "properties": { "name": "Farmacia Brunelleschi" }, "geometry": { "type": "Point", "coordinates": [ 7.6244507, 45.068588 ] } },
{ "type": "Feature", "properties": { "name": "Farmacia Santa Silvia" }, "geometry": { "type": "Point", "coordinates": [ 7.6324584, 45.0498716 ] } },
{ "type": "Feature", "properties": { "name": "Sant'Alfonso" }, "geometry": { "type": "Point", "coordinates": [ 7.656165, 45.084485 ] } },
{ "type": "Feature", "properties": { "name": "Farmacia Crida" }, "geometry": { "type": "Point", "coordinates": [ 7.6539448, 45.0822594 ] } },
{ "type": "Feature", "properties": { }, "geometry": { "type": "Point", "coordinates": [ 7.6506414, 45.1248879 ] } },
{ "type": "Feature", "properties": { "name": "San Gregorio" }, "geometry": { "type": "Point", "coordinates": [ 7.5696513, 45.1994731 ] } },
{ "type": "Feature", "properties": { "name": "Farmacia Comunale 1" }, "geometry": { "type": "Point", "coordinates": [ 7.6297485, 45.1276918 ] } },
{ "type": "Feature", "properties": { "name": "GS" }, "geometry": { "type": "Point", "coordinates": [ 7.5761867, 45.0636461 ] } },
{ "type": "Feature", "properties": { "name": "Santa Cristina" }, "geometry": { "type": "Point", "coordinates": [ 7.5433381, 45.0715429 ] } },
{ "type": "Feature", "properties": { "name": "Compro Qui" }, "geometry": { "type": "Point", "coordinates": [ 7.579089, 45.063142 ] } },
{ "type": "Feature", "properties": { "name": "Conad" }, "geometry": { "type": "Point", "coordinates": [ 7.6440611, 45.1096635 ] } },
{ "type": "Feature", "properties": { "name": "Farmacia Comunale" }, "geometry": { "type": "Point", "coordinates": [ 7.5057605, 45.0754355 ] } },
{ "type": "Feature", "properties": { "name": "Farmacia Beato Angelico" }, "geometry": { "type": "Point", "coordinates": [ 7.6423663, 45.0386239 ] } },
{ "type": "Feature", "properties": { }, "geometry": { "type": "Point", "coordinates": [ 7.6582035, 45.1526253 ] } },
{ "type": "Feature", "properties": { "name": "Farmacia Comunale 13" }, "geometry": { "type": "Point", "coordinates": [ 7.6600113, 45.1522281 ] } },
{ "type": "Feature", "properties": { }, "geometry": { "type": "Point", "coordinates": [ 7.6550918, 45.1504828 ] } },
{ "type": "Feature", "properties": { "name": "Farmacia Comunale 44" }, "geometry": { "type": "Point", "coordinates": [ 7.6563435, 45.0814237 ] } },
{ "type": "Feature", "properties": { "name": "Farmacia San Rocco" }, "geometry": { "type": "Point", "coordinates": [ 7.6375932, 45.1291613 ] } },
{ "type": "Feature", "properties": { "name": "Esselunga" }, "geometry": { "type": "Point", "coordinates": [ 7.6571864, 45.0095687 ] } },
{ "type": "Feature", "properties": { "name": "Esselunga" }, "geometry": { "type": "Point", "coordinates": [ 7.5541498, 45.0096331 ] } },
{ "type": "Feature", "properties": { "name": "Il Gigante" }, "geometry": { "type": "Point", "coordinates": [ 7.6833595, 45.0900826 ] } },
{ "type": "Feature", "properties": { }, "geometry": { "type": "Point", "coordinates": [ 7.5073065, 45.0114773 ] } },
{ "type": "Feature", "properties": { }, "geometry": { "type": "Point", "coordinates": [ 7.6840135, 45.0574244 ] } },
{ "type": "Feature", "properties": { "name": "Ipercoop" }, "geometry": { "type": "Point", "coordinates": [ 7.6687764, 45.0875837 ] } },
{ "type": "Feature", "properties": { "name": "Farmacia Villa Giusti" }, "geometry": { "type": "Point", "coordinates": [ 7.6240989, 45.063151 ] } },
{ "type": "Feature", "properties": { "name": "XX Settembre" }, "geometry": { "type": "Point", "coordinates": [ 7.6844736, 45.0732049 ] } },
{ "type": "Feature", "properties": { "name": "S. Salvatore" }, "geometry": { "type": "Point", "coordinates": [ 7.6777588, 45.0585688 ] } },
{ "type": "Feature", "properties": { }, "geometry": { "type": "Point", "coordinates": [ 7.6784046, 45.0642593 ] } },
{ "type": "Feature", "properties": { "name": "Farmacia Portis" }, "geometry": { "type": "Point", "coordinates": [ 7.6818893, 45.0560444 ] } },
{ "type": "Feature", "properties": { "name": "Farmacia Anedda" }, "geometry": { "type": "Point", "coordinates": [ 7.6849772, 45.0608037 ] } },
{ "type": "Feature", "properties": { "name": "Farmacia del Conservatorio" }, "geometry": { "type": "Point", "coordinates": [ 7.6855513, 45.0623194 ] } },
{ "type": "Feature", "properties": { "name": "Farmacia San Carlo" }, "geometry": { "type": "Point", "coordinates": [ 7.6828342, 45.0667522 ] } },
{ "type": "Feature", "properties": { "name": "Farmacia San Bernardino" }, "geometry": { "type": "Point", "coordinates": [ 7.6458526, 45.0605068 ] } },
{ "type": "Feature", "properties": { "name": "Ipercoop" }, "geometry": { "type": "Point", "coordinates": [ 7.5928186, 45.023853 ] } },
{ "type": "Feature", "properties": { "name": "Farmacia Mauriziana" }, "geometry": { "type": "Point", "coordinates": [ 7.6681566, 45.0523908 ] } },
{ "type": "Feature", "properties": { "name": "Sant'Anna" }, "geometry": { "type": "Point", "coordinates": [ 7.6696935, 45.0563214 ] } },
{ "type": "Feature", "properties": { "name": "Nizza" }, "geometry": { "type": "Point", "coordinates": [ 7.6754412, 45.0531567 ] } },
{ "type": "Feature", "properties": { "name": "Farmacia Vecco" }, "geometry": { "type": "Point", "coordinates": [ 7.6832464, 45.0695144 ] } },
{ "type": "Feature", "properties": { "name": "Farmacia San Giacomo" }, "geometry": { "type": "Point", "coordinates": [ 7.6675936, 45.0279573 ] } },
{ "type": "Feature", "properties": { "name": "Medi-Market" }, "geometry": { "type": "Point", "coordinates": [ 7.6784932, 45.0631972 ] } },
{ "type": "Feature", "properties": { "name": "Farmacia Santa Maria" }, "geometry": { "type": "Point", "coordinates": [ 7.6798051, 45.0713185 ] } },
{ "type": "Feature", "properties": { }, "geometry": { "type": "Point", "coordinates": [ 7.7008766, 45.096726 ] } },
{ "type": "Feature", "properties": { "name": "DICO" }, "geometry": { "type": "Point", "coordinates": [ 7.6779624, 45.0857801 ] } },
{ "type": "Feature", "properties": { "name": "Farmacia Don Bosco" }, "geometry": { "type": "Point", "coordinates": [ 7.6790645, 45.0826847 ] } },
{ "type": "Feature", "properties": { "name": "Farmacia Cigna SAS" }, "geometry": { "type": "Point", "coordinates": [ 7.6809266, 45.0857974 ] } },
{ "type": "Feature", "properties": { "name": "Conad" }, "geometry": { "type": "Point", "coordinates": [ 7.6493706, 45.0656002 ] } },
{ "type": "Feature", "properties": { "name": "Farmacia Maria Cristina" }, "geometry": { "type": "Point", "coordinates": [ 7.6569302, 45.0533909 ] } },
{ "type": "Feature", "properties": { "name": "Comunale" }, "geometry": { "type": "Point", "coordinates": [ 7.6218374, 45.0717418 ] } },
{ "type": "Feature", "properties": { "name": "Ro Market" }, "geometry": { "type": "Point", "coordinates": [ 7.5870945, 45.0772767 ] } },
{ "type": "Feature", "properties": { "name": "Istituto Oftalmico Europeo \"Clinica Baviera\"" }, "geometry": { "type": "Point", "coordinates": [ 7.6775505, 45.0683819 ] } },
{ "type": "Feature", "properties": { "name": "Crai" }, "geometry": { "type": "Point", "coordinates": [ 7.6784357, 45.0691315 ] } },
{ "type": "Feature", "properties": { "name": "In's Mercato" }, "geometry": { "type": "Point", "coordinates": [ 7.652349, 45.0692877 ] } },
{ "type": "Feature", "properties": { "name": "Carrefour" }, "geometry": { "type": "Point", "coordinates": [ 7.6528065, 45.0739004 ] } },
{ "type": "Feature", "properties": { "name": "Borello" }, "geometry": { "type": "Point", "coordinates": [ 7.5544953, 45.1040238 ] } },
{ "type": "Feature", "properties": { "name": "Farmacia Comunale 17" }, "geometry": { "type": "Point", "coordinates": [ 7.5479119, 45.1039425 ] } },
{ "type": "Feature", "properties": { }, "geometry": { "type": "Point", "coordinates": [ 7.6184744, 45.040226 ] } },
{ "type": "Feature", "properties": { "name": "Farmacia Comunale" }, "geometry": { "type": "Point", "coordinates": [ 7.6182531, 45.0403616 ] } },
{ "type": "Feature", "properties": { "name": "Farmacia San Fabio" }, "geometry": { "type": "Point", "coordinates": [ 7.6669472, 45.1017901 ] } },
{ "type": "Feature", "properties": { "name": "Farmacia Superga" }, "geometry": { "type": "Point", "coordinates": [ 7.6652485, 45.0120073 ] } },
{ "type": "Feature", "properties": { "name": "Farmacia Sant'Edoardo" }, "geometry": { "type": "Point", "coordinates": [ 7.6474985, 45.0021217 ] } },
{ "type": "Feature", "properties": { "name": "Coop" }, "geometry": { "type": "Point", "coordinates": [ 7.6627566, 45.1018876 ] } },
{ "type": "Feature", "properties": { "name": "Farmacia Lucento" }, "geometry": { "type": "Point", "coordinates": [ 7.6504956, 45.0946421 ] } },
{ "type": "Feature", "properties": { "name": "Bennet" }, "geometry": { "type": "Point", "coordinates": [ 7.657993, 45.0366602 ] } },
{ "type": "Feature", "properties": { }, "geometry": { "type": "Point", "coordinates": [ 7.6878954, 45.0635579 ] } },
{ "type": "Feature", "properties": { "name": "Farmacia Giaccone" }, "geometry": { "type": "Point", "coordinates": [ 7.6396089, 45.0489677 ] } },
{ "type": "Feature", "properties": { "name": "Dell'Orso" }, "geometry": { "type": "Point", "coordinates": [ 7.6404246, 45.0374714 ] } },
{ "type": "Feature", "properties": { "name": "San Pietro" }, "geometry": { "type": "Point", "coordinates": [ 7.6346519, 45.0467386 ] } },
{ "type": "Feature", "properties": { "name": "Ghezzo" }, "geometry": { "type": "Point", "coordinates": [ 7.6545391, 45.0240504 ] } },
{ "type": "Feature", "properties": { "name": "Farmacia comunale" }, "geometry": { "type": "Point", "coordinates": [ 7.641132, 45.0249267 ] } },
{ "type": "Feature", "properties": { "name": "Monviso" }, "geometry": { "type": "Point", "coordinates": [ 7.648686, 45.032323 ] } },
{ "type": "Feature", "properties": { "name": "Farm" }, "geometry": { "type": "Point", "coordinates": [ 7.6503159, 45.034202 ] } },
{ "type": "Feature", "properties": { "name": "Delle Molinette" }, "geometry": { "type": "Point", "coordinates": [ 7.670813, 45.040648 ] } },
{ "type": "Feature", "properties": { "name": "Boniscontro" }, "geometry": { "type": "Point", "coordinates": [ 7.676202, 45.063994 ] } },
{ "type": "Feature", "properties": { "name": "Farmacia Vagnino" }, "geometry": { "type": "Point", "coordinates": [ 7.6894553, 45.0908422 ] } },
{ "type": "Feature", "properties": { "name": "Farmacia Calandra" }, "geometry": { "type": "Point", "coordinates": [ 7.6980196, 45.0912579 ] } },
{ "type": "Feature", "properties": { "name": "Farmacia Comunale 37" }, "geometry": { "type": "Point", "coordinates": [ 7.64636, 45.0399782 ] } },
{ "type": "Feature", "properties": { "name": "Farmacia San Giorgio" }, "geometry": { "type": "Point", "coordinates": [ 7.6351613, 45.0362458 ] } },
{ "type": "Feature", "properties": { }, "geometry": { "type": "Point", "coordinates": [ 7.5162857, 45.0271827 ] } },
{ "type": "Feature", "properties": { "name": "Crai" }, "geometry": { "type": "Point", "coordinates": [ 7.5241333, 45.0683859 ] } },
{ "type": "Feature", "properties": { }, "geometry": { "type": "Point", "coordinates": [ 7.5088528, 45.0800712 ] } },
{ "type": "Feature", "properties": { "name": "Farmacia Cavoretto" }, "geometry": { "type": "Point", "coordinates": [ 7.6874672, 45.0291728 ] } },
{ "type": "Feature", "properties": { "name": "Conad" }, "geometry": { "type": "Point", "coordinates": [ 7.6028682, 45.0087559 ] } },
{ "type": "Feature", "properties": { }, "geometry": { "type": "Point", "coordinates": [ 7.5218327, 45.0737908 ] } },
{ "type": "Feature", "properties": { "name": "Sansovino" }, "geometry": { "type": "Point", "coordinates": [ 7.6409714, 45.1014422 ] } },
{ "type": "Feature", "properties": { "name": "Crai" }, "geometry": { "type": "Point", "coordinates": [ 7.5202014, 45.0678995 ] } },
{ "type": "Feature", "properties": { "name": "Farmacia Maestra" }, "geometry": { "type": "Point", "coordinates": [ 7.516004, 45.0715105 ] } },
{ "type": "Feature", "properties": { "name": "Farmacia Centrale" }, "geometry": { "type": "Point", "coordinates": [ 7.5212327, 45.070204 ] } },
{ "type": "Feature", "properties": { "name": "Farmacia Vittoria" }, "geometry": { "type": "Point", "coordinates": [ 7.5184709, 45.0631393 ] } },
{ "type": "Feature", "properties": { "name": "PrestoFresco" }, "geometry": { "type": "Point", "coordinates": [ 7.6185095, 45.0403504 ] } },
{ "type": "Feature", "properties": { "name": "Medi Market" }, "geometry": { "type": "Point", "coordinates": [ 7.7336757, 45.13913 ] } },
{ "type": "Feature", "properties": { "name": "Il Giglio" }, "geometry": { "type": "Point", "coordinates": [ 7.7084211, 45.1507983 ] } },
{ "type": "Feature", "properties": { "name": "I.R.M. Indagini Ricerche Mediche" }, "geometry": { "type": "Point", "coordinates": [ 7.5565018, 45.0956291 ] } },
{ "type": "Feature", "properties": { }, "geometry": { "type": "Point", "coordinates": [ 7.6698607, 45.0740925 ] } },
{ "type": "Feature", "properties": { "name": "Unes" }, "geometry": { "type": "Point", "coordinates": [ 7.521881, 45.0954159 ] } },
{ "type": "Feature", "properties": { "name": "Farmacia Stella" }, "geometry": { "type": "Point", "coordinates": [ 7.5226441, 45.0998536 ] } },
{ "type": "Feature", "properties": { "name": "Parafarmacia San Pancrazio" }, "geometry": { "type": "Point", "coordinates": [ 7.5455036, 45.1033424 ] } },
{ "type": "Feature", "properties": { "name": "Farmacia San Giacomo" }, "geometry": { "type": "Point", "coordinates": [ 7.5233654, 45.0953613 ] } },
{ "type": "Feature", "properties": { "name": "Farmacia Comunale 5" }, "geometry": { "type": "Point", "coordinates": [ 7.5268277, 45.1003912 ] } },
{ "type": "Feature", "properties": { "name": "Crai" }, "geometry": { "type": "Point", "coordinates": [ 7.5149455, 45.0799003 ] } },
{ "type": "Feature", "properties": { "name": "Farmacia Peschiera" }, "geometry": { "type": "Point", "coordinates": [ 7.6307669, 45.0716679 ] } },
{ "type": "Feature", "properties": { "name": "Lidl" }, "geometry": { "type": "Point", "coordinates": [ 7.6766104, 45.0901481 ] } },
{ "type": "Feature", "properties": { "name": "MD" }, "geometry": { "type": "Point", "coordinates": [ 7.5345945, 45.1012928 ] } },
{ "type": "Feature", "properties": { "name": "A.O.U. CITTÀ DELLA SALUTE E DELLA SCIENZA DI TORINO – OSPEDALE OSTETRICO GINECOLOGICO SANT’ANNA" }, "geometry": { "type": "Point", "coordinates": [ 7.6740203, 45.0361441 ] } },
{ "type": "Feature", "properties": { "name": "Mix Markt" }, "geometry": { "type": "Point", "coordinates": [ 7.6784268, 45.0597155 ] } },
{ "type": "Feature", "properties": { "name": "Ospedale Civico di Settimo Torinese" }, "geometry": { "type": "Point", "coordinates": [ 7.755517, 45.125807 ] } },
{ "type": "Feature", "properties": { }, "geometry": { "type": "Point", "coordinates": [ 7.5483787, 45.098466 ] } },
{ "type": "Feature", "properties": { "name": "Farmacia Comunale 36" }, "geometry": { "type": "Point", "coordinates": [ 7.6432305, 45.0427986 ] } },
{ "type": "Feature", "properties": { "name": "Madonna dell'Aiuto" }, "geometry": { "type": "Point", "coordinates": [ 7.6496074, 45.0510127 ] } },
{ "type": "Feature", "properties": { "name": "Carrefour Market" }, "geometry": { "type": "Point", "coordinates": [ 7.6493516, 45.0511937 ] } },
{ "type": "Feature", "properties": { "name": "U2" }, "geometry": { "type": "Point", "coordinates": [ 7.6307368, 45.0779204 ] } },
{ "type": "Feature", "properties": { "name": "Cavallo" }, "geometry": { "type": "Point", "coordinates": [ 7.6804992, 45.0592284 ] } },
{ "type": "Feature", "properties": { }, "geometry": { "type": "Point", "coordinates": [ 7.6707837, 45.0744382 ] } },
{ "type": "Feature", "properties": { "name": "Presidio Sanitario Circoscrizione 7" }, "geometry": { "type": "Point", "coordinates": [ 7.6895177, 45.0775261 ] } },
{ "type": "Feature", "properties": { "name": "San Camillo" }, "geometry": { "type": "Point", "coordinates": [ 7.6482671, 45.0184746 ] } },
{ "type": "Feature", "properties": { "name": "Farmacia Borgo Navile" }, "geometry": { "type": "Point", "coordinates": [ 7.6807222, 44.9990291 ] } },
{ "type": "Feature", "properties": { "name": "Crai" }, "geometry": { "type": "Point", "coordinates": [ 7.6626968, 45.0203123 ] } },
{ "type": "Feature", "properties": { "name": "Farmacia Porta Palazzo" }, "geometry": { "type": "Point", "coordinates": [ 7.6843464, 45.078061 ] } },
{ "type": "Feature", "properties": { "name": "Farmacia Aurora" }, "geometry": { "type": "Point", "coordinates": [ 7.6879352, 45.0826917 ] } },
{ "type": "Feature", "properties": { "name": "Farmacia Anglesio" }, "geometry": { "type": "Point", "coordinates": [ 7.6821926, 45.0748259 ] } },
{ "type": "Feature", "properties": { "name": "Azienda Asl TO2 Circoscrizione 7" }, "geometry": { "type": "Point", "coordinates": [ 7.703882, 45.0689313 ] } },
{ "type": "Feature", "properties": { "name": "Farmacia del Benessere" }, "geometry": { "type": "Point", "coordinates": [ 7.6544487, 45.0722302 ] } },
{ "type": "Feature", "properties": { "name": "Farmacia S. Rosa" }, "geometry": { "type": "Point", "coordinates": [ 7.6522962, 45.0681911 ] } },
{ "type": "Feature", "properties": { }, "geometry": { "type": "Point", "coordinates": [ 7.6470807, 45.0705694 ] } },
{ "type": "Feature", "properties": { "name": "Porta Susa SNC" }, "geometry": { "type": "Point", "coordinates": [ 7.667317, 45.076274 ] } },
{ "type": "Feature", "properties": { "name": "Frejus" }, "geometry": { "type": "Point", "coordinates": [ 7.6589874, 45.0759447 ] } },
{ "type": "Feature", "properties": { }, "geometry": { "type": "Point", "coordinates": [ 7.6638988, 45.0678859 ] } },
{ "type": "Feature", "properties": { "name": "Farmacia Chimica S. Giovanni" }, "geometry": { "type": "Point", "coordinates": [ 7.6428585, 45.0702166 ] } },
{ "type": "Feature", "properties": { "name": "Comunale 7 - Afc" }, "geometry": { "type": "Point", "coordinates": [ 7.6363222, 45.0648189 ] } },
{ "type": "Feature", "properties": { "name": "Farmacia Monari" }, "geometry": { "type": "Point", "coordinates": [ 7.6546431, 45.0201681 ] } },
{ "type": "Feature", "properties": { "name": "Ottone" }, "geometry": { "type": "Point", "coordinates": [ 7.631664, 45.0189807 ] } },
{ "type": "Feature", "properties": { }, "geometry": { "type": "Point", "coordinates": [ 7.6435365, 45.0285762 ] } },
{ "type": "Feature", "properties": { "name": "Farmacia Ordine Mauriziano" }, "geometry": { "type": "Point", "coordinates": [ 7.6840056, 45.0755865 ] } },
{ "type": "Feature", "properties": { "name": "Farmacia Comunale 3 ASM Venaria" }, "geometry": { "type": "Point", "coordinates": [ 7.6326308, 45.1235787 ] } },
{ "type": "Feature", "properties": { "name": "Farmacia Comunale 6" }, "geometry": { "type": "Point", "coordinates": [ 7.6462431, 45.1136905 ] } },
{ "type": "Feature", "properties": { "name": "Farmacia Baggio-Roba" }, "geometry": { "type": "Point", "coordinates": [ 7.6461035, 45.0237365 ] } },
{ "type": "Feature", "properties": { "name": "Madonna delle rose" }, "geometry": { "type": "Point", "coordinates": [ 7.654046, 45.034012 ] } },
{ "type": "Feature", "properties": { "name": "Farmacia Giardini Guala" }, "geometry": { "type": "Point", "coordinates": [ 7.6415587, 45.0205489 ] } },
{ "type": "Feature", "properties": { "name": "Regina Margherita" }, "geometry": { "type": "Point", "coordinates": [ 7.6331566, 45.0944273 ] } },
{ "type": "Feature", "properties": { }, "geometry": { "type": "Point", "coordinates": [ 7.6368882, 45.098774 ] } },
{ "type": "Feature", "properties": { "name": "Comunale 21- Afc" }, "geometry": { "type": "Point", "coordinates": [ 7.7227153, 45.075018 ] } },
{ "type": "Feature", "properties": { "name": "Comunale 3" }, "geometry": { "type": "Point", "coordinates": [ 7.8060951, 44.9943556 ] } },
{ "type": "Feature", "properties": { "name": "In's Mercato" }, "geometry": { "type": "Point", "coordinates": [ 7.63903, 45.0744381 ] } },
{ "type": "Feature", "properties": { "name": "Pam Jolly" }, "geometry": { "type": "Point", "coordinates": [ 7.6363079, 45.0674415 ] } },
{ "type": "Feature", "properties": { }, "geometry": { "type": "Point", "coordinates": [ 7.6561697, 45.0821891 ] } },
{ "type": "Feature", "properties": { }, "geometry": { "type": "Point", "coordinates": [ 7.6562721, 45.0815352 ] } },
{ "type": "Feature", "properties": { }, "geometry": { "type": "Point", "coordinates": [ 7.6571928, 45.0816868 ] } },
{ "type": "Feature", "properties": { }, "geometry": { "type": "Point", "coordinates": [ 7.6574338, 45.0820655 ] } },
{ "type": "Feature", "properties": { "name": "Crai" }, "geometry": { "type": "Point", "coordinates": [ 7.6381708, 45.0730626 ] } },
{ "type": "Feature", "properties": { "name": "Borello Supermercati" }, "geometry": { "type": "Point", "coordinates": [ 7.7082699, 45.063855 ] } },
{ "type": "Feature", "properties": { "name": "Parafarmacia Marconi" }, "geometry": { "type": "Point", "coordinates": [ 7.6768269, 45.0565304 ] } },
{ "type": "Feature", "properties": { "name": "Poliambulatorio Statuto" }, "geometry": { "type": "Point", "coordinates": [ 7.6777089, 45.0558839 ] } },
{ "type": "Feature", "properties": { "name": "Discount" }, "geometry": { "type": "Point", "coordinates": [ 7.5830638, 45.1293815 ] } },
{ "type": "Feature", "properties": { "name": "Crai" }, "geometry": { "type": "Point", "coordinates": [ 7.6760344, 45.0545686 ] } },
{ "type": "Feature", "properties": { "name": "Poliambulatorio ASL TO1" }, "geometry": { "type": "Point", "coordinates": [ 7.6492885, 45.0155181 ] } },
{ "type": "Feature", "properties": { "name": "Farmacia Corso Francia" }, "geometry": { "type": "Point", "coordinates": [ 7.6393187, 45.0751653 ] } },
{ "type": "Feature", "properties": { "name": "Farmacia Santa Marta" }, "geometry": { "type": "Point", "coordinates": [ 7.6431668, 45.081235 ] } },
{ "type": "Feature", "properties": { "name": "In's Mercato" }, "geometry": { "type": "Point", "coordinates": [ 7.6445223, 45.0801097 ] } },
{ "type": "Feature", "properties": { "name": "Sigma" }, "geometry": { "type": "Point", "coordinates": [ 7.6446235, 45.0805538 ] } },
{ "type": "Feature", "properties": { "name": "Pam" }, "geometry": { "type": "Point", "coordinates": [ 7.6507743, 45.080545 ] } },
{ "type": "Feature", "properties": { "name": "Gelmarket Torino Fabrizi" }, "geometry": { "type": "Point", "coordinates": [ 7.6513515, 45.0800426 ] } },
{ "type": "Feature", "properties": { "name": "Farmacia Baina" }, "geometry": { "type": "Point", "coordinates": [ 7.6425815, 45.0751879 ] } },
{ "type": "Feature", "properties": { "name": "Farmacia Comunale 40" }, "geometry": { "type": "Point", "coordinates": [ 7.6326557, 45.0144983 ] } },
{ "type": "Feature", "properties": { }, "geometry": { "type": "Point", "coordinates": [ 7.6634395, 45.0812756 ] } },
{ "type": "Feature", "properties": { "name": "In's Mercato" }, "geometry": { "type": "Point", "coordinates": [ 7.6323997, 45.0192895 ] } },
{ "type": "Feature", "properties": { "name": "OK Sigma" }, "geometry": { "type": "Point", "coordinates": [ 7.6760371, 45.0628821 ] } },
{ "type": "Feature", "properties": { "name": "Pam" }, "geometry": { "type": "Point", "coordinates": [ 7.6933542, 45.0698504 ] } },
{ "type": "Feature", "properties": { "name": "U2" }, "geometry": { "type": "Point", "coordinates": [ 7.6537746, 45.0343351 ] } },
{ "type": "Feature", "properties": { "name": "Centro Medico Cgr" }, "geometry": { "type": "Point", "coordinates": [ 7.691833, 45.0861751 ] } },
{ "type": "Feature", "properties": { "name": "Centro medico sportivo Svb" }, "geometry": { "type": "Point", "coordinates": [ 7.7017025, 45.1018147 ] } },
{ "type": "Feature", "properties": { "name": "Istituto di Medicina dello Sport di Torino" }, "geometry": { "type": "Point", "coordinates": [ 7.65097, 45.0407387 ] } },
{ "type": "Feature", "properties": { "name": "Lamat - Poliambulatorio Cibrario" }, "geometry": { "type": "Point", "coordinates": [ 7.6592521, 45.0802055 ] } },
{ "type": "Feature", "properties": { "name": "Poliambulatorio Fisio Spa - Centro medico Lingotto" }, "geometry": { "type": "Point", "coordinates": [ 7.6684221, 45.0357468 ] } },
{ "type": "Feature", "properties": { "name": "Med & Sport 2000 Srl" }, "geometry": { "type": "Point", "coordinates": [ 7.6710839, 45.0455697 ] } },
{ "type": "Feature", "properties": { "name": "Poliambulatorio Vitalia Srl" }, "geometry": { "type": "Point", "coordinates": [ 7.6910742, 45.0615319 ] } },
{ "type": "Feature", "properties": { "name": "Pam" }, "geometry": { "type": "Point", "coordinates": [ 7.6766986, 45.0752776 ] } },
{ "type": "Feature", "properties": { "name": "Parafarmacia Chironi" }, "geometry": { "type": "Point", "coordinates": [ 7.6418352, 45.0794295 ] } },
{ "type": "Feature", "properties": { "name": "Carrefour" }, "geometry": { "type": "Point", "coordinates": [ 7.6944664, 44.9972862 ] } },
{ "type": "Feature", "properties": { "name": "ASL Torino 2" }, "geometry": { "type": "Point", "coordinates": [ 7.6287581, 45.079684 ] } },
{ "type": "Feature", "properties": { "name": "Farmacia Mirafiori" }, "geometry": { "type": "Point", "coordinates": [ 7.6376101, 45.0344364 ] } },
{ "type": "Feature", "properties": { "name": "MOD - Centro medico chirurgico" }, "geometry": { "type": "Point", "coordinates": [ 7.6785506, 45.0451185 ] } },
{ "type": "Feature", "properties": { "name": "Presto fresco" }, "geometry": { "type": "Point", "coordinates": [ 7.5213527, 45.0711011 ] } },
{ "type": "Feature", "properties": { }, "geometry": { "type": "Point", "coordinates": [ 7.6377324, 45.0420787 ] } },
{ "type": "Feature", "properties": { "name": "Comunale" }, "geometry": { "type": "Point", "coordinates": [ 7.5192005, 45.0670829 ] } },
{ "type": "Feature", "properties": { "name": "Pam Local" }, "geometry": { "type": "Point", "coordinates": [ 7.6823263, 45.0570932 ] } },
{ "type": "Feature", "properties": { "name": "In's Mercato" }, "geometry": { "type": "Point", "coordinates": [ 7.6661447, 45.0865341 ] } },
{ "type": "Feature", "properties": { "name": "Farmacia Futura" }, "geometry": { "type": "Point", "coordinates": [ 7.5164866, 45.1083428 ] } },
{ "type": "Feature", "properties": { "name": "Farmacia Balocco" }, "geometry": { "type": "Point", "coordinates": [ 7.6535087, 45.0633465 ] } },
{ "type": "Feature", "properties": { "name": "Carrefour Market" }, "geometry": { "type": "Point", "coordinates": [ 7.6785965, 45.0518007 ] } },
{ "type": "Feature", "properties": { "name": "Pam" }, "geometry": { "type": "Point", "coordinates": [ 7.71668, 45.1794146 ] } },
{ "type": "Feature", "properties": { "name": "Carrefour" }, "geometry": { "type": "Point", "coordinates": [ 7.5920387, 45.1006605 ] } },
{ "type": "Feature", "properties": { "name": "Action" }, "geometry": { "type": "Point", "coordinates": [ 7.6686668, 45.0373573 ] } },
{ "type": "Feature", "properties": { "name": "Farmacia Leva" }, "geometry": { "type": "Point", "coordinates": [ 7.6749565, 45.0611405 ] } },
{ "type": "Feature", "properties": { "name": "EuroSpin" }, "geometry": { "type": "Point", "coordinates": [ 7.6270742, 45.1935719 ] } },
{ "type": "Feature", "properties": { "name": "Absolute Store - Calcio e materiale sportivo" }, "geometry": { "type": "Point", "coordinates": [ 7.7005567, 44.9981547 ] } },
{ "type": "Feature", "properties": { "name": "Steffanone" }, "geometry": { "type": "Point", "coordinates": [ 7.637726, 45.02448 ] } },
{ "type": "Feature", "properties": { "name": "Gelmarket" }, "geometry": { "type": "Point", "coordinates": [ 7.6829959, 45.0710136 ] } },
{ "type": "Feature", "properties": { "name": "Mercatò" }, "geometry": { "type": "Point", "coordinates": [ 7.8154394, 45.0130028 ] } },
{ "type": "Feature", "properties": { "name": "Moderna" }, "geometry": { "type": "Point", "coordinates": [ 7.6475888, 45.0483311 ] } },
{ "type": "Feature", "properties": { "name": "Pam" }, "geometry": { "type": "Point", "coordinates": [ 7.6465224, 45.0471333 ] } },
{ "type": "Feature", "properties": { "name": "PKT Poliambulatorio" }, "geometry": { "type": "Point", "coordinates": [ 7.6149785, 45.07367 ] } },
{ "type": "Feature", "properties": { "name": "Penny market" }, "geometry": { "type": "Point", "coordinates": [ 7.6727618, 45.1044348 ] } },
{ "type": "Feature", "properties": { }, "geometry": { "type": "Point", "coordinates": [ 7.6341334, 45.0017379 ] } },
{ "type": "Feature", "properties": { "name": "Farmacia del Borgo" }, "geometry": { "type": "Point", "coordinates": [ 7.6420155, 45.0483349 ] } },
{ "type": "Feature", "properties": { "name": "Farmacia della Stura" }, "geometry": { "type": "Point", "coordinates": [ 7.70895, 45.126582 ] } },
{ "type": "Feature", "properties": { "name": "Sant'Agnese" }, "geometry": { "type": "Point", "coordinates": [ 7.7271977, 45.1000292 ] } },
{ "type": "Feature", "properties": { "name": "In's Mercato" }, "geometry": { "type": "Point", "coordinates": [ 7.7110114, 45.1302284 ] } },
{ "type": "Feature", "properties": { "name": "Farmacia Policlinico" }, "geometry": { "type": "Point", "coordinates": [ 7.6937382, 45.0985888 ] } },
{ "type": "Feature", "properties": { "name": "Porpora SNC" }, "geometry": { "type": "Point", "coordinates": [ 7.6970194, 45.1003851 ] } },
{ "type": "Feature", "properties": { "name": "Farmacia Dora" }, "geometry": { "type": "Point", "coordinates": [ 7.6860267, 45.0926327 ] } },
{ "type": "Feature", "properties": { "name": "Comunale 12 - Afc" }, "geometry": { "type": "Point", "coordinates": [ 7.6974406, 45.1079787 ] } },
{ "type": "Feature", "properties": { "name": "Farmacia Santi Angeli Custodi S.N.C." }, "geometry": { "type": "Point", "coordinates": [ 7.6942622, 45.1017341 ] } },
{ "type": "Feature", "properties": { "name": "Farmacia Cervino" }, "geometry": { "type": "Point", "coordinates": [ 7.6911169, 45.0950255 ] } },
{ "type": "Feature", "properties": { "name": "Borello Supermercati" }, "geometry": { "type": "Point", "coordinates": [ 7.6949988, 45.0902949 ] } },
{ "type": "Feature", "properties": { "name": "Granero SNC" }, "geometry": { "type": "Point", "coordinates": [ 7.702485, 45.0902127 ] } },
{ "type": "Feature", "properties": { "name": "San Michele" }, "geometry": { "type": "Point", "coordinates": [ 7.701867, 45.100943 ] } },
{ "type": "Feature", "properties": { "name": "Sempione" }, "geometry": { "type": "Point", "coordinates": [ 7.6944058, 45.0929813 ] } },
{ "type": "Feature", "properties": { "name": "Marinello" }, "geometry": { "type": "Point", "coordinates": [ 7.7173744, 45.0738263 ] } },
{ "type": "Feature", "properties": { "name": "Borgo Rossini" }, "geometry": { "type": "Point", "coordinates": [ 7.694284, 45.074459 ] } },
{ "type": "Feature", "properties": { "name": "Farmacia dei Fiori" }, "geometry": { "type": "Point", "coordinates": [ 7.696084, 45.077416 ] } },
{ "type": "Feature", "properties": { "name": "Squillario" }, "geometry": { "type": "Point", "coordinates": [ 7.7079183, 45.0722071 ] } },
{ "type": "Feature", "properties": { "name": "Santa Giustina" }, "geometry": { "type": "Point", "coordinates": [ 7.6883826, 45.0754143 ] } },
{ "type": "Feature", "properties": { "name": "Dutto SNC" }, "geometry": { "type": "Point", "coordinates": [ 7.6896729, 45.0857295 ] } },
{ "type": "Feature", "properties": { "name": "Ethnic Supermarket" }, "geometry": { "type": "Point", "coordinates": [ 7.6880035, 45.0838407 ] } },
{ "type": "Feature", "properties": { "name": "Delle Vallette SNC" }, "geometry": { "type": "Point", "coordinates": [ 7.6331207, 45.1031358 ] } },
{ "type": "Feature", "properties": { "name": "Piccardo" }, "geometry": { "type": "Point", "coordinates": [ 7.630944, 45.1044356 ] } },
{ "type": "Feature", "properties": { "name": "Farmacia Comunale 29 - Afc" }, "geometry": { "type": "Point", "coordinates": [ 7.670796, 45.09162 ] } },
{ "type": "Feature", "properties": { "name": "Santa Teresa SNC" }, "geometry": { "type": "Point", "coordinates": [ 7.6545325, 45.0995579 ] } },
{ "type": "Feature", "properties": { "name": "Farmacia Piazza Villari" }, "geometry": { "type": "Point", "coordinates": [ 7.6625127, 45.0995485 ] } },
{ "type": "Feature", "properties": { "name": "Sardi" }, "geometry": { "type": "Point", "coordinates": [ 7.6631964, 45.0967491 ] } },
{ "type": "Feature", "properties": { "name": "Santa Chiara" }, "geometry": { "type": "Point", "coordinates": [ 7.6627768, 45.1020794 ] } },
{ "type": "Feature", "properties": { "name": "Calvo" }, "geometry": { "type": "Point", "coordinates": [ 7.6671894, 45.0971791 ] } },
{ "type": "Feature", "properties": { "name": "In's Mercato" }, "geometry": { "type": "Point", "coordinates": [ 7.6677018, 45.0974822 ] } },
{ "type": "Feature", "properties": { "name": "Igea" }, "geometry": { "type": "Point", "coordinates": [ 7.6575894, 45.0974216 ] } },
{ "type": "Feature", "properties": { "name": "Vela S.A.S." }, "geometry": { "type": "Point", "coordinates": [ 7.6571115, 45.0950645 ] } },
{ "type": "Feature", "properties": { "name": "Comunale 11 - Afc" }, "geometry": { "type": "Point", "coordinates": [ 7.6592273, 45.1116947 ] } },
{ "type": "Feature", "properties": { "name": "Farmacia Santa Elisabetta" }, "geometry": { "type": "Point", "coordinates": [ 7.6832268, 45.1044377 ] } },
{ "type": "Feature", "properties": { "name": "Madonna" }, "geometry": { "type": "Point", "coordinates": [ 7.6637587, 45.1055549 ] } },
{ "type": "Feature", "properties": { "name": "Del Mercato" }, "geometry": { "type": "Point", "coordinates": [ 7.6675741, 45.1055618 ] } },
{ "type": "Feature", "properties": { "name": "San Rocco dottor Arese Gianpiero" }, "geometry": { "type": "Point", "coordinates": [ 7.6755867, 45.1043757 ] } },
{ "type": "Feature", "properties": { "name": "Borgo Vittoria SNC" }, "geometry": { "type": "Point", "coordinates": [ 7.6801001, 45.0976725 ] } },
{ "type": "Feature", "properties": { "name": "Farmacia Breglio" }, "geometry": { "type": "Point", "coordinates": [ 7.683737, 45.0986852 ] } },
{ "type": "Feature", "properties": { "name": "Farmacia Prof. Cavanna S.N.C." }, "geometry": { "type": "Point", "coordinates": [ 7.677329, 45.1011823 ] } },
{ "type": "Feature", "properties": { "name": "Chierici SNC" }, "geometry": { "type": "Point", "coordinates": [ 7.6809247, 45.101853 ] } },
{ "type": "Feature", "properties": { "name": "Comunale 19 - Afc" }, "geometry": { "type": "Point", "coordinates": [ 7.678921, 45.094208 ] } },
{ "type": "Feature", "properties": { "name": "Farmacia Stradella SRL" }, "geometry": { "type": "Point", "coordinates": [ 7.6768964, 45.0924102 ] } },
{ "type": "Feature", "properties": { "name": "Borello Supermercati" }, "geometry": { "type": "Point", "coordinates": [ 7.6792686, 45.0963315 ] } },
{ "type": "Feature", "properties": { "name": "Farmacia Madonna della Salute" }, "geometry": { "type": "Point", "coordinates": [ 7.6767925, 45.095669 ] } },
{ "type": "Feature", "properties": { "name": "Corso Grosseto" }, "geometry": { "type": "Point", "coordinates": [ 7.6696972, 45.104714 ] } },
{ "type": "Feature", "properties": { "name": "Pietro Cossa SNC" }, "geometry": { "type": "Point", "coordinates": [ 7.6246336, 45.0827788 ] } },
{ "type": "Feature", "properties": { "name": "Castaldi" }, "geometry": { "type": "Point", "coordinates": [ 7.6322551, 45.082301 ] } },
{ "type": "Feature", "properties": { "name": "Serravalle Eredi" }, "geometry": { "type": "Point", "coordinates": [ 7.6470021, 45.0830704 ] } },
{ "type": "Feature", "properties": { "name": "Farmacia Santa Zita" }, "geometry": { "type": "Point", "coordinates": [ 7.6623909, 45.0790836 ] } },
{ "type": "Feature", "properties": { "name": "Stroppiana" }, "geometry": { "type": "Point", "coordinates": [ 7.6504479, 45.0799442 ] } },
{ "type": "Feature", "properties": { }, "geometry": { "type": "Point", "coordinates": [ 7.6335564, 45.0941047 ] } },
{ "type": "Feature", "properties": { "name": "Comunale 5 - Afc" }, "geometry": { "type": "Point", "coordinates": [ 7.6097274, 45.0699952 ] } },
{ "type": "Feature", "properties": { "name": "Borgata Lesna Sas" }, "geometry": { "type": "Point", "coordinates": [ 7.6211973, 45.0643913 ] } },
{ "type": "Feature", "properties": { "name": "Donato" }, "geometry": { "type": "Point", "coordinates": [ 7.6087233, 45.0738929 ] } },
{ "type": "Feature", "properties": { "name": "Gillone" }, "geometry": { "type": "Point", "coordinates": [ 7.6397715, 45.064465 ] } },
{ "type": "Feature", "properties": { "name": "Sant'Emilio" }, "geometry": { "type": "Point", "coordinates": [ 7.6434304, 45.060815 ] } },
{ "type": "Feature", "properties": { "name": "Borgo San Paolo" }, "geometry": { "type": "Point", "coordinates": [ 7.650387, 45.062767 ] } },
{ "type": "Feature", "properties": { "name": "Delle Erbe" }, "geometry": { "type": "Point", "coordinates": [ 7.6491017, 45.0572283 ] } },
{ "type": "Feature", "properties": { "name": "Busatti Borgo San Paolo Sas" }, "geometry": { "type": "Point", "coordinates": [ 7.6463411, 45.0645434 ] } },
{ "type": "Feature", "properties": { "name": "Ekom" }, "geometry": { "type": "Point", "coordinates": [ 7.6413483, 45.0702244 ] } },
{ "type": "Feature", "properties": { "name": "Pozzo Strada SNC" }, "geometry": { "type": "Point", "coordinates": [ 7.6279013, 45.0746801 ] } },
{ "type": "Feature", "properties": { "name": "Comunale 17 - Afc" }, "geometry": { "type": "Point", "coordinates": [ 7.6500075, 45.0733419 ] } },
{ "type": "Feature", "properties": { "name": "Farmacia Pramollo" }, "geometry": { "type": "Point", "coordinates": [ 7.6240904, 45.0213803 ] } },
{ "type": "Feature", "properties": { "name": "Farmacia Comunale 13" }, "geometry": { "type": "Point", "coordinates": [ 7.6114812, 45.0208731 ] } },
{ "type": "Feature", "properties": { "name": "San Domenico" }, "geometry": { "type": "Point", "coordinates": [ 7.6265493, 45.0144537 ] } },
{ "type": "Feature", "properties": { "name": "Farmacia San Martino Dottori Gennero" }, "geometry": { "type": "Point", "coordinates": [ 7.6584749, 45.041258 ] } },
{ "type": "Feature", "properties": { "name": "Amici SNC" }, "geometry": { "type": "Point", "coordinates": [ 7.6460218, 45.037173 ] } },
{ "type": "Feature", "properties": { "name": "In's Mercato" }, "geometry": { "type": "Point", "coordinates": [ 7.6533259, 45.0381999 ] } },
{ "type": "Feature", "properties": { "name": "Farmacia Bramante" }, "geometry": { "type": "Point", "coordinates": [ 7.661083, 45.045339 ] } },
{ "type": "Feature", "properties": { "name": "Farmacia Alchemica" }, "geometry": { "type": "Point", "coordinates": [ 7.663232, 45.0480518 ] } },
{ "type": "Feature", "properties": { "name": "Comunale 28 - Afc" }, "geometry": { "type": "Point", "coordinates": [ 7.6528905, 45.0321815 ] } },
{ "type": "Feature", "properties": { "name": "Antoniotti" }, "geometry": { "type": "Point", "coordinates": [ 7.6910765, 45.0537353 ] } },
{ "type": "Feature", "properties": { "name": "Farmacia Pilonetto S.A.S." }, "geometry": { "type": "Point", "coordinates": [ 7.68105, 45.036252 ] } },
{ "type": "Feature", "properties": { "name": "Borgo Crimea" }, "geometry": { "type": "Point", "coordinates": [ 7.693764, 45.0571429 ] } },
{ "type": "Feature", "properties": { "name": "Farmacia Subalpina" }, "geometry": { "type": "Point", "coordinates": [ 7.7097767, 45.0670093 ] } },
{ "type": "Feature", "properties": { "name": "Farmacia Sassi" }, "geometry": { "type": "Point", "coordinates": [ 7.731788, 45.079581 ] } },
{ "type": "Feature", "properties": { "name": "Santa Croce" }, "geometry": { "type": "Point", "coordinates": [ 7.7254265, 45.069994 ] } },
{ "type": "Feature", "properties": { "name": "Magno Francone Roberta" }, "geometry": { "type": "Point", "coordinates": [ 7.658927, 45.05867 ] } },
{ "type": "Feature", "properties": { "name": "Prestofresco" }, "geometry": { "type": "Point", "coordinates": [ 7.6582037, 45.0581314 ] } },
{ "type": "Feature", "properties": { "name": "CDC" }, "geometry": { "type": "Point", "coordinates": [ 7.6685801, 45.0627103 ] } },
{ "type": "Feature", "properties": { "name": "Borgo Crocetta" }, "geometry": { "type": "Point", "coordinates": [ 7.662757, 45.058428 ] } },
{ "type": "Feature", "properties": { "name": "Farmacia San Secondo" }, "geometry": { "type": "Point", "coordinates": [ 7.675359, 45.061999 ] } },
{ "type": "Feature", "properties": { "name": "Del Leone" }, "geometry": { "type": "Point", "coordinates": [ 7.672761, 45.058642 ] } },
{ "type": "Feature", "properties": { "name": "Picco Tavano" }, "geometry": { "type": "Point", "coordinates": [ 7.673273, 45.057244 ] } },
{ "type": "Feature", "properties": { "name": "Panetteria Minimarket Garofalo" }, "geometry": { "type": "Point", "coordinates": [ 7.6636262, 45.0671553 ] } },
{ "type": "Feature", "properties": { "name": "Galileo Farmabivi SNC" }, "geometry": { "type": "Point", "coordinates": [ 7.6637851, 45.0528492 ] } },
{ "type": "Feature", "properties": { "name": "NaturaSì" }, "geometry": { "type": "Point", "coordinates": [ 7.6696181, 45.0538525 ] } },
{ "type": "Feature", "properties": { "name": "Lingottofarma S.A.S." }, "geometry": { "type": "Point", "coordinates": [ 7.6630185, 45.0217012 ] } },
{ "type": "Feature", "properties": { "name": "San Dario" }, "geometry": { "type": "Point", "coordinates": [ 7.6659189, 45.023322 ] } },
{ "type": "Feature", "properties": { "name": "Farmacia Torino Spezia" }, "geometry": { "type": "Point", "coordinates": [ 7.6686386, 45.0362558 ] } },
{ "type": "Feature", "properties": { "name": "Santa Gemma" }, "geometry": { "type": "Point", "coordinates": [ 7.668902, 45.030478 ] } },
{ "type": "Feature", "properties": { "name": "In's Mercato" }, "geometry": { "type": "Point", "coordinates": [ 7.6781654, 45.0498388 ] } },
{ "type": "Feature", "properties": { "name": "Promea S.p.A." }, "geometry": { "type": "Point", "coordinates": [ 7.6747725, 45.0427436 ] } },
{ "type": "Feature", "properties": { "name": "Comunale 46 Afc" }, "geometry": { "type": "Point", "coordinates": [ 7.672196, 45.037133 ] } },
{ "type": "Feature", "properties": { "name": "Farmacia Torino Esposizioni SNC" }, "geometry": { "type": "Point", "coordinates": [ 7.6774446, 45.0445078 ] } },
{ "type": "Feature", "properties": { "name": "Dante" }, "geometry": { "type": "Point", "coordinates": [ 7.6771244, 45.0465376 ] } },
{ "type": "Feature", "properties": { "name": "I Portici" }, "geometry": { "type": "Point", "coordinates": [ 7.678863, 45.060239 ] } },
{ "type": "Feature", "properties": { "name": "Borgarelli" }, "geometry": { "type": "Point", "coordinates": [ 7.6791789, 45.0525939 ] } },
{ "type": "Feature", "properties": { "name": "Santa Giulia" }, "geometry": { "type": "Point", "coordinates": [ 7.6976433, 45.0702401 ] } },
{ "type": "Feature", "properties": { "name": "Farmacia Operti" }, "geometry": { "type": "Point", "coordinates": [ 7.695272, 45.0655931 ] } },
{ "type": "Feature", "properties": { "name": "Farmacia San Francesco da Paola" }, "geometry": { "type": "Point", "coordinates": [ 7.6883319, 45.0676621 ] } },
{ "type": "Feature", "properties": { "name": "Po" }, "geometry": { "type": "Point", "coordinates": [ 7.6876742, 45.0696167 ] } },
{ "type": "Feature", "properties": { "name": "Università Giorda" }, "geometry": { "type": "Point", "coordinates": [ 7.6888747, 45.0688613 ] } },
{ "type": "Feature", "properties": { "name": "Europea" }, "geometry": { "type": "Point", "coordinates": [ 7.687871, 45.061473 ] } },
{ "type": "Feature", "properties": { "name": "Internazionale" }, "geometry": { "type": "Point", "coordinates": [ 7.684037, 45.065468 ] } },
{ "type": "Feature", "properties": { "name": "Farmacia Chimica Algostino & De Michelis" }, "geometry": { "type": "Point", "coordinates": [ 7.693959, 45.065033 ] } },
{ "type": "Feature", "properties": { "name": "Farmacia San Simone" }, "geometry": { "type": "Point", "coordinates": [ 7.682509, 45.071999 ] } },
{ "type": "Feature", "properties": { "name": "Comunale 43 - Afc" }, "geometry": { "type": "Point", "coordinates": [ 7.6724725, 45.0760515 ] } },
{ "type": "Feature", "properties": { "name": "Almasio SNC" }, "geometry": { "type": "Point", "coordinates": [ 7.6719691, 45.0754063 ] } },
{ "type": "Feature", "properties": { }, "geometry": { "type": "Point", "coordinates": [ 7.6786992, 45.0698573 ] } },
{ "type": "Feature", "properties": { "name": "Farmacia Montanaro" }, "geometry": { "type": "Point", "coordinates": [ 7.667382, 45.068206 ] } },
{ "type": "Feature", "properties": { "name": "Europa" }, "geometry": { "type": "Point", "coordinates": [ 7.6263419, 45.0365699 ] } },
{ "type": "Feature", "properties": { "name": "Farmacia Cosenza" }, "geometry": { "type": "Point", "coordinates": [ 7.6403228, 45.0359633 ] } },
{ "type": "Feature", "properties": { "name": "Dpiù" }, "geometry": { "type": "Point", "coordinates": [ 7.61156, 45.0186563 ] } },
{ "type": "Feature", "properties": { "name": "Monginevro" }, "geometry": { "type": "Point", "coordinates": [ 7.6288064, 45.0643189 ] } },
{ "type": "Feature", "properties": { "name": "Sburlati" }, "geometry": { "type": "Point", "coordinates": [ 7.6351045, 45.0646733 ] } },
{ "type": "Feature", "properties": { "name": "Vecco" }, "geometry": { "type": "Point", "coordinates": [ 7.5784452, 45.0641574 ] } },
{ "type": "Feature", "properties": { "name": "In's Mercato" }, "geometry": { "type": "Point", "coordinates": [ 7.6655461, 45.0105651 ] } },
{ "type": "Feature", "properties": { "name": "Farmacia De Grazia" }, "geometry": { "type": "Point", "coordinates": [ 7.6650191, 45.0024367 ] } },
{ "type": "Feature", "properties": { }, "geometry": { "type": "Point", "coordinates": [ 7.806559, 44.9940952 ] } },
{ "type": "Feature", "properties": { "name": "Farmacia Sambuy" }, "geometry": { "type": "Point", "coordinates": [ 7.7794796, 45.1126718 ] } },
{ "type": "Feature", "properties": { "name": "Asl" }, "geometry": { "type": "Point", "coordinates": [ 7.7581611, 45.1072133 ] } },
{ "type": "Feature", "properties": { "name": "Basko" }, "geometry": { "type": "Point", "coordinates": [ 7.693534, 45.0814143 ] } },
{ "type": "Feature", "properties": { "name": "Farmacia Madonna degli Angeli" }, "geometry": { "type": "Point", "coordinates": [ 7.6843738, 45.0663612 ] } },
{ "type": "Feature", "properties": { "name": "Gruner S.A.S." }, "geometry": { "type": "Point", "coordinates": [ 7.6811817, 45.0701698 ] } },
{ "type": "Feature", "properties": { "name": "Pam" }, "geometry": { "type": "Point", "coordinates": [ 7.6872593, 45.0677858 ] } },
{ "type": "Feature", "properties": { "name": "Caddy's" }, "geometry": { "type": "Point", "coordinates": [ 7.6795934, 45.0658928 ] } },
{ "type": "Feature", "properties": { "name": "Farmacia Bosio" }, "geometry": { "type": "Point", "coordinates": [ 7.67753, 45.0739415 ] } },
{ "type": "Feature", "properties": { "name": "Fiorshop" }, "geometry": { "type": "Point", "coordinates": [ 7.6827322, 45.0691579 ] } },
{ "type": "Feature", "properties": { }, "geometry": { "type": "Point", "coordinates": [ 7.6850647, 45.0922238 ] } },
{ "type": "Feature", "properties": { "name": "Farmacia Dottoressa Robino" }, "geometry": { "type": "Point", "coordinates": [ 7.6878407, 45.0945208 ] } },
{ "type": "Feature", "properties": { "name": "In's Mercato" }, "geometry": { "type": "Point", "coordinates": [ 7.6896311, 45.092075 ] } },
{ "type": "Feature", "properties": { "name": "Farmacia Comunale 26" }, "geometry": { "type": "Point", "coordinates": [ 7.6437498, 45.1913462 ] } },
{ "type": "Feature", "properties": { "name": "Farmacia della Rocca" }, "geometry": { "type": "Point", "coordinates": [ 7.690824, 45.0612589 ] } },
{ "type": "Feature", "properties": { "name": "Borello" }, "geometry": { "type": "Point", "coordinates": [ 7.6713459, 45.0594447 ] } },
{ "type": "Feature", "properties": { "name": "Farmacia Comunale Porta Nuova" }, "geometry": { "type": "Point", "coordinates": [ 7.6792228, 45.0621355 ] } },
{ "type": "Feature", "properties": { "name": "NaturaSì" }, "geometry": { "type": "Point", "coordinates": [ 7.5150889, 45.0778299 ] } },
{ "type": "Feature", "properties": { "name": "In's Mercato" }, "geometry": { "type": "Point", "coordinates": [ 7.6841983, 45.0605892 ] } },
{ "type": "Feature", "properties": { "name": "Alimentari & Casalinghi Xu Aiqin" }, "geometry": { "type": "Point", "coordinates": [ 7.698943, 45.0910099 ] } },
{ "type": "Feature", "properties": { "name": "Farmacia dei Bastioni" }, "geometry": { "type": "Point", "coordinates": [ 7.5244409, 45.0666169 ] } },
{ "type": "Feature", "properties": { "name": "Farmacia Carlo Felice" }, "geometry": { "type": "Point", "coordinates": [ 7.6801139, 45.0632286 ] } },
{ "type": "Feature", "properties": { "name": "Farmacia Magnani" }, "geometry": { "type": "Point", "coordinates": [ 7.6964412, 44.9998814 ] } },
{ "type": "Feature", "properties": { "name": "Carrefour" }, "geometry": { "type": "Point", "coordinates": [ 7.6222563, 45.0069515 ] } },
{ "type": "Feature", "properties": { }, "geometry": { "type": "Point", "coordinates": [ 7.6458643, 44.9993052 ] } },
{ "type": "Feature", "properties": { "name": "Di Piu" }, "geometry": { "type": "Point", "coordinates": [ 7.5866616, 45.0579775 ] } },
{ "type": "Feature", "properties": { "name": "Prestofresco" }, "geometry": { "type": "Point", "coordinates": [ 7.6586057, 45.0953511 ] } },
{ "type": "Feature", "properties": { }, "geometry": { "type": "Point", "coordinates": [ 7.6266283, 45.0372428 ] } },
{ "type": "Feature", "properties": { "name": "Penny Market" }, "geometry": { "type": "Point", "coordinates": [ 7.5690946, 45.0586485 ] } },
{ "type": "Feature", "properties": { "name": "Parafarmacia Crocetta" }, "geometry": { "type": "Point", "coordinates": [ 7.660574, 45.0562638 ] } },
{ "type": "Feature", "properties": { "name": "In's Mercato" }, "geometry": { "type": "Point", "coordinates": [ 7.6884919, 45.0873208 ] } },
{ "type": "Feature", "properties": { "name": "Crai" }, "geometry": { "type": "Point", "coordinates": [ 7.6593146, 45.0751786 ] } },
{ "type": "Feature", "properties": { "name": "PrestoFresco" }, "geometry": { "type": "Point", "coordinates": [ 7.6120714, 45.0191858 ] } },
{ "type": "Feature", "properties": { "name": "Farmacia Comunale 24" }, "geometry": { "type": "Point", "coordinates": [ 7.6222315, 45.075112 ] } },
{ "type": "Feature", "properties": { "name": "Borello" }, "geometry": { "type": "Point", "coordinates": [ 7.6618424, 45.071936 ] } },
{ "type": "Feature", "properties": { "name": "Madonna delle Rose" }, "geometry": { "type": "Point", "coordinates": [ 7.6052572, 45.0776121 ] } },
{ "type": "Feature", "properties": { "name": "In's Mercato" }, "geometry": { "type": "Point", "coordinates": [ 7.665669, 45.0781344 ] } },
{ "type": "Feature", "properties": { }, "geometry": { "type": "Point", "coordinates": [ 7.7135693, 45.1178741 ] } },
{ "type": "Feature", "properties": { "name": "Crai" }, "geometry": { "type": "Point", "coordinates": [ 7.6432177, 45.1919416 ] } },
{ "type": "Feature", "properties": { "name": "Asia market" }, "geometry": { "type": "Point", "coordinates": [ 7.6856272, 45.0832424 ] } },
{ "type": "Feature", "properties": { "name": "Farmacia San Martino" }, "geometry": { "type": "Point", "coordinates": [ 7.7358777, 45.0184755 ] } },
{ "type": "Feature", "properties": { "name": "Carrefour" }, "geometry": { "type": "Point", "coordinates": [ 7.6635371, 45.0733803 ] } },
{ "type": "Feature", "properties": { "name": "Pam" }, "geometry": { "type": "Point", "coordinates": [ 7.6728492, 45.0772073 ] } },
{ "type": "Feature", "properties": { "name": "Poliambulatorio medical pro" }, "geometry": { "type": "Point", "coordinates": [ 7.5524938, 44.999258 ] } },
{ "type": "Feature", "properties": { "name": "MD" }, "geometry": { "type": "Point", "coordinates": [ 7.6962239, 45.0722753 ] } },
{ "type": "Feature", "properties": { "name": "Despar" }, "geometry": { "type": "Point", "coordinates": [ 7.6681906, 45.0668771 ] } },
{ "type": "Feature", "properties": { "name": "Farmacia Garelli" }, "geometry": { "type": "Point", "coordinates": [ 7.6713163, 45.0986466 ] } },
{ "type": "Feature", "properties": { "name": "Bennet" }, "geometry": { "type": "Point", "coordinates": [ 7.6573392, 45.0364998 ] } },
{ "type": "Feature", "properties": { "name": "Bennet" }, "geometry": { "type": "Point", "coordinates": [ 7.6582512, 45.036181 ] } },
{ "type": "Feature", "properties": { "name": "Parafarmacia È Qui Torino Millecity" }, "geometry": { "type": "Point", "coordinates": [ 7.6578914, 45.0362538 ] } },
{ "type": "Feature", "properties": { "name": "Examina" }, "geometry": { "type": "Point", "coordinates": [ 7.6672541, 45.0636151 ] } },
{ "type": "Feature", "properties": { "name": "Regia Farmacia Masino" }, "geometry": { "type": "Point", "coordinates": [ 7.6836386, 45.0682488 ] } },
{ "type": "Feature", "properties": { "name": "Farmacia Comunale 25" }, "geometry": { "type": "Point", "coordinates": [ 7.6416882, 45.1726193 ] } },
{ "type": "Feature", "properties": { }, "geometry": { "type": "Point", "coordinates": [ 7.6371251, 44.9952921 ] } },
{ "type": "Feature", "properties": { "name": "Crociera" }, "geometry": { "type": "Point", "coordinates": [ 7.6560984, 45.0019893 ] } },
{ "type": "Feature", "properties": { "name": "ASL TO4" }, "geometry": { "type": "Point", "coordinates": [ 7.7624819, 45.0990976 ] } },
{ "type": "Feature", "properties": { "name": "Farmacia San Mauro" }, "geometry": { "type": "Point", "coordinates": [ 7.7624604, 45.0992169 ] } },
{ "type": "Feature", "properties": { "name": "Farmacia Dr.Max" }, "geometry": { "type": "Point", "coordinates": [ 7.5156559, 45.0777359 ] } },
{ "type": "Feature", "properties": { "name": "C.D.C." }, "geometry": { "type": "Point", "coordinates": [ 7.6715847, 45.0699064 ] } },
{ "type": "Feature", "properties": { "name": "In's Mercato" }, "geometry": { "type": "Point", "coordinates": [ 7.7512783, 45.0922377 ] } },
{ "type": "Feature", "properties": { "name": "Farmacia S. Anna" }, "geometry": { "type": "Point", "coordinates": [ 7.7565139, 45.0965786 ] } },
{ "type": "Feature", "properties": { "name": "Farmacia Peirano" }, "geometry": { "type": "Point", "coordinates": [ 7.5623705, 45.0675334 ] } },
{ "type": "Feature", "properties": { "name": "Farmacia Rinetti Dr. Paolo" }, "geometry": { "type": "Point", "coordinates": [ 7.646011, 45.0797875 ] } },
{ "type": "Feature", "properties": { }, "geometry": { "type": "Point", "coordinates": [ 7.6377753, 45.0420997 ] } },
{ "type": "Feature", "properties": { }, "geometry": { "type": "Point", "coordinates": [ 7.6377841, 45.042104 ] } },
{ "type": "Feature", "properties": { "name": "Penny Market" }, "geometry": { "type": "Point", "coordinates": [ 7.8113239, 45.0191312 ] } },
{ "type": "Feature", "properties": { "name": "Farmacia Comunale" }, "geometry": { "type": "Point", "coordinates": [ 7.6561537, 45.1001046 ] } },
{ "type": "Feature", "properties": { "name": "Farmacia comunale" }, "geometry": { "type": "Point", "coordinates": [ 7.6567586, 45.1048757 ] } },
{ "type": "Feature", "properties": { "name": "J|medical" }, "geometry": { "type": "Point", "coordinates": [ 7.6428446, 45.1090026 ] } },
{ "type": "Feature", "properties": { "name": "Monterosa SNC" }, "geometry": { "type": "Point", "coordinates": [ 7.6964681, 45.0961059 ] } },
{ "type": "Feature", "properties": { "name": "Parfarmacia degli Stemmi" }, "geometry": { "type": "Point", "coordinates": [ 7.6928777, 45.0666125 ] } },
{ "type": "Feature", "properties": { "name": "Gran Madre" }, "geometry": { "type": "Point", "coordinates": [ 7.6991263, 45.0630299 ] } },
{ "type": "Feature", "properties": { "name": "Caruso" }, "geometry": { "type": "Point", "coordinates": [ 7.7258793, 45.0749613 ] } },
{ "type": "Feature", "properties": { "name": "Farmacia Dr. Max" }, "geometry": { "type": "Point", "coordinates": [ 7.7137004, 45.0679991 ] } },
{ "type": "Feature", "properties": { "name": "Boccaccio" }, "geometry": { "type": "Point", "coordinates": [ 7.7211413, 45.0685635 ] } },
{ "type": "Feature", "properties": { "name": "Sacro Cuore SNC" }, "geometry": { "type": "Point", "coordinates": [ 7.6734549, 45.0479965 ] } },
{ "type": "Feature", "properties": { "name": "Pensa" }, "geometry": { "type": "Point", "coordinates": [ 7.6760091, 45.0710339 ] } },
{ "type": "Feature", "properties": { "name": "Gani SNC" }, "geometry": { "type": "Point", "coordinates": [ 7.671474, 45.043589 ] } },
{ "type": "Feature", "properties": { "name": "Santa Rita SNC" }, "geometry": { "type": "Point", "coordinates": [ 7.6487637, 45.0437123 ] } },
{ "type": "Feature", "properties": { "name": "Gay" }, "geometry": { "type": "Point", "coordinates": [ 7.6560435, 45.0374322 ] } },
{ "type": "Feature", "properties": { "name": "Braccio S.N.C." }, "geometry": { "type": "Point", "coordinates": [ 7.6525793, 45.075682 ] } },
{ "type": "Feature", "properties": { "name": "Monge" }, "geometry": { "type": "Point", "coordinates": [ 7.6668484, 45.0825312 ] } },
{ "type": "Feature", "properties": { "name": "Farmacia Scotti" }, "geometry": { "type": "Point", "coordinates": [ 7.654081, 45.079399 ] } },
{ "type": "Feature", "properties": { "name": "Farmacia Bonanno" }, "geometry": { "type": "Point", "coordinates": [ 7.661245, 45.084332 ] } },
{ "type": "Feature", "properties": { "name": "Minerva Sas" }, "geometry": { "type": "Point", "coordinates": [ 7.6370248, 45.1024938 ] } },
{ "type": "Feature", "properties": { "name": "Balossino" }, "geometry": { "type": "Point", "coordinates": [ 7.74379, 45.101386 ] } },
{ "type": "Feature", "properties": { "name": "Massaua" }, "geometry": { "type": "Point", "coordinates": [ 7.6206246, 45.0743788 ] } },
{ "type": "Feature", "properties": { "name": "Santa Barbara" }, "geometry": { "type": "Point", "coordinates": [ 7.6735774, 45.0718942 ] } },
{ "type": "Feature", "properties": { "name": "Gancia Dimitri" }, "geometry": { "type": "Point", "coordinates": [ 7.6140078, 45.0699397 ] } },
{ "type": "Feature", "properties": { "name": "Farmacia San Paolo Sas" }, "geometry": { "type": "Point", "coordinates": [ 7.6557124, 45.1186114 ] } },
{ "type": "Feature", "properties": { "name": "Farmacia Madonna della Pace" }, "geometry": { "type": "Point", "coordinates": [ 7.693291, 45.090182 ] } },
{ "type": "Feature", "properties": { "name": "Guarino" }, "geometry": { "type": "Point", "coordinates": [ 7.6442392, 45.0278133 ] } },
{ "type": "Feature", "properties": { "name": "Farmacia Degli Stemmi" }, "geometry": { "type": "Point", "coordinates": [ 7.6907991, 45.0679614 ] } },
{ "type": "Feature", "properties": { "name": "Vigliani" }, "geometry": { "type": "Point", "coordinates": [ 7.6516007, 45.0170735 ] } },
{ "type": "Feature", "properties": { "name": "Sennacheribbo" }, "geometry": { "type": "Point", "coordinates": [ 7.6550277, 45.0145207 ] } },
{ "type": "Feature", "properties": { "name": "Manenti" }, "geometry": { "type": "Point", "coordinates": [ 7.66059, 45.0771155 ] } },
{ "type": "Feature", "properties": { }, "geometry": { "type": "Point", "coordinates": [ 7.5163372, 45.181094 ] } },
{ "type": "Feature", "properties": { }, "geometry": { "type": "Point", "coordinates": [ 7.535821, 45.1415721 ] } },
{ "type": "Feature", "properties": { "name": "Farmacia dell'Assunta" }, "geometry": { "type": "Point", "coordinates": [ 7.6453239, 45.1799366 ] } },
{ "type": "Feature", "properties": { }, "geometry": { "type": "Point", "coordinates": [ 7.714814, 45.1819846 ] } },
{ "type": "Feature", "properties": { }, "geometry": { "type": "Point", "coordinates": [ 7.718075, 45.1865747 ] } },
{ "type": "Feature", "properties": { "name": "Sant'Edoardo" }, "geometry": { "type": "Point", "coordinates": [ 7.7186019, 45.1806269 ] } },
{ "type": "Feature", "properties": { }, "geometry": { "type": "Point", "coordinates": [ 7.7163443, 45.1835581 ] } },
{ "type": "Feature", "properties": { }, "geometry": { "type": "Point", "coordinates": [ 7.6535942, 45.1683404 ] } },
{ "type": "Feature", "properties": { }, "geometry": { "type": "Point", "coordinates": [ 7.6867346, 45.1355195 ] } },
{ "type": "Feature", "properties": { "name": "Bertolone" }, "geometry": { "type": "Point", "coordinates": [ 7.6477742, 45.1766161 ] } },
{ "type": "Feature", "properties": { }, "geometry": { "type": "Point", "coordinates": [ 7.6552029, 45.1547787 ] } },
{ "type": "Feature", "properties": { }, "geometry": { "type": "Point", "coordinates": [ 7.7082365, 45.147325 ] } },
{ "type": "Feature", "properties": { }, "geometry": { "type": "Point", "coordinates": [ 7.7741655, 45.1944781 ] } },
{ "type": "Feature", "properties": { "name": "Sant'Anna" }, "geometry": { "type": "Point", "coordinates": [ 7.7745467, 45.1994815 ] } },
{ "type": "Feature", "properties": { }, "geometry": { "type": "Point", "coordinates": [ 7.7106401, 45.1305926 ] } },
{ "type": "Feature", "properties": { }, "geometry": { "type": "Point", "coordinates": [ 7.6319227, 45.1314725 ] } },
{ "type": "Feature", "properties": { }, "geometry": { "type": "Point", "coordinates": [ 7.7411916, 45.1219752 ] } },
{ "type": "Feature", "properties": { }, "geometry": { "type": "Point", "coordinates": [ 7.7618795, 45.1395543 ] } },
{ "type": "Feature", "properties": { "name": "Farmacia Monviso" }, "geometry": { "type": "Point", "coordinates": [ 7.7552655, 45.1397483 ] } },
{ "type": "Feature", "properties": { "name": "Spada" }, "geometry": { "type": "Point", "coordinates": [ 7.7611625, 45.1353708 ] } },
{ "type": "Feature", "properties": { }, "geometry": { "type": "Point", "coordinates": [ 7.7612556, 45.1353628 ] } },
{ "type": "Feature", "properties": { }, "geometry": { "type": "Point", "coordinates": [ 7.6487669, 45.0991438 ] } },
{ "type": "Feature", "properties": { }, "geometry": { "type": "Point", "coordinates": [ 7.7041892, 45.1168378 ] } },
{ "type": "Feature", "properties": { }, "geometry": { "type": "Point", "coordinates": [ 7.6754152, 45.0964497 ] } },
{ "type": "Feature", "properties": { }, "geometry": { "type": "Point", "coordinates": [ 7.6455174, 45.1000223 ] } },
{ "type": "Feature", "properties": { }, "geometry": { "type": "Point", "coordinates": [ 7.7049427, 45.1012729 ] } },
{ "type": "Feature", "properties": { }, "geometry": { "type": "Point", "coordinates": [ 7.6800434, 45.0924101 ] } },
{ "type": "Feature", "properties": { }, "geometry": { "type": "Point", "coordinates": [ 7.6371227, 45.0982673 ] } },
{ "type": "Feature", "properties": { }, "geometry": { "type": "Point", "coordinates": [ 7.664115, 45.0784744 ] } },
{ "type": "Feature", "properties": { "name": "Farmacia" }, "geometry": { "type": "Point", "coordinates": [ 7.6676458, 45.0783399 ] } },
{ "type": "Feature", "properties": { "name": "San Donato" }, "geometry": { "type": "Point", "coordinates": [ 7.6615869, 45.0814703 ] } },
{ "type": "Feature", "properties": { "name": "Farma-Donna" }, "geometry": { "type": "Point", "coordinates": [ 7.6635867, 45.081432 ] } },
{ "type": "Feature", "properties": { "name": "Farmacia dell'Ausiliatrice" }, "geometry": { "type": "Point", "coordinates": [ 7.6718683, 45.0809958 ] } },
{ "type": "Feature", "properties": { }, "geometry": { "type": "Point", "coordinates": [ 7.6817772, 45.0775909 ] } },
{ "type": "Feature", "properties": { }, "geometry": { "type": "Point", "coordinates": [ 7.6263042, 45.1290265 ] } },
{ "type": "Feature", "properties": { }, "geometry": { "type": "Point", "coordinates": [ 7.623319, 45.1178113 ] } },
{ "type": "Feature", "properties": { }, "geometry": { "type": "Point", "coordinates": [ 7.6146682, 45.115336 ] } },
{ "type": "Feature", "properties": { }, "geometry": { "type": "Point", "coordinates": [ 7.6768844, 45.0750647 ] } },
{ "type": "Feature", "properties": { "name": "Farmacia della Consolata" }, "geometry": { "type": "Point", "coordinates": [ 7.6802018, 45.0768945 ] } },
{ "type": "Feature", "properties": { "name": "Experta" }, "geometry": { "type": "Point", "coordinates": [ 7.6253276, 45.0773736 ] } },
{ "type": "Feature", "properties": { "name": "Parafarmacia Olistica Melograno" }, "geometry": { "type": "Point", "coordinates": [ 7.6524213, 45.0665436 ] } },
{ "type": "Feature", "properties": { }, "geometry": { "type": "Point", "coordinates": [ 7.6470265, 45.0710191 ] } },
{ "type": "Feature", "properties": { }, "geometry": { "type": "Point", "coordinates": [ 7.6297234, 45.0477969 ] } },
{ "type": "Feature", "properties": { "name": "Farmacia Ciotta" }, "geometry": { "type": "Point", "coordinates": [ 7.6829862, 45.0710902 ] } },
{ "type": "Feature", "properties": { "name": "Farmacia del Monumento" }, "geometry": { "type": "Point", "coordinates": [ 7.6709796, 45.066251 ] } },
{ "type": "Feature", "properties": { "name": "Parafarmacia degli Angeli" }, "geometry": { "type": "Point", "coordinates": [ 7.6940947, 45.0575642 ] } },
{ "type": "Feature", "properties": { "name": "Parafarmacia Gran Madre s.n.c." }, "geometry": { "type": "Point", "coordinates": [ 7.7001518, 45.0631056 ] } },
{ "type": "Feature", "properties": { }, "geometry": { "type": "Point", "coordinates": [ 7.550859, 45.1051033 ] } },
{ "type": "Feature", "properties": { }, "geometry": { "type": "Point", "coordinates": [ 7.5695486, 45.0947773 ] } },
{ "type": "Feature", "properties": { "name": "Parafarmacia Conad" }, "geometry": { "type": "Point", "coordinates": [ 7.6469027, 45.1129301 ] } },
{ "type": "Feature", "properties": { }, "geometry": { "type": "Point", "coordinates": [ 7.5915334, 45.1007808 ] } },
{ "type": "Feature", "properties": { }, "geometry": { "type": "Point", "coordinates": [ 7.5718376, 45.0925716 ] } },
{ "type": "Feature", "properties": { "name": "Farmacia Comunale" }, "geometry": { "type": "Point", "coordinates": [ 7.6338289, 45.0791626 ] } },
{ "type": "Feature", "properties": { "name": "Farmacia Parini" }, "geometry": { "type": "Point", "coordinates": [ 7.6187232, 45.069607 ] } },
{ "type": "Feature", "properties": { "name": "Farmacia Comunale N. 10" }, "geometry": { "type": "Point", "coordinates": [ 7.6248032, 45.0803704 ] } },
{ "type": "Feature", "properties": { }, "geometry": { "type": "Point", "coordinates": [ 7.6875149, 45.0944406 ] } },
{ "type": "Feature", "properties": { }, "geometry": { "type": "Point", "coordinates": [ 7.6687582, 45.0877654 ] } },
{ "type": "Feature", "properties": { "name": "Parafarmacia Dott.ssa Oberto" }, "geometry": { "type": "Point", "coordinates": [ 7.6841501, 45.0724401 ] } },
{ "type": "Feature", "properties": { }, "geometry": { "type": "Point", "coordinates": [ 7.6457232, 45.1263585 ] } },
{ "type": "Feature", "properties": { "name": "Zara" }, "geometry": { "type": "Point", "coordinates": [ 7.6820848, 45.0385617 ] } },
{ "type": "Feature", "properties": { }, "geometry": { "type": "Point", "coordinates": [ 7.6667273, 45.0321434 ] } },
{ "type": "Feature", "properties": { }, "geometry": { "type": "Point", "coordinates": [ 7.6624653, 45.0187221 ] } },
{ "type": "Feature", "properties": { "name": "Parafarmacia Dell'Edera" }, "geometry": { "type": "Point", "coordinates": [ 7.6321452, 45.0394146 ] } },
{ "type": "Feature", "properties": { "name": "Parafarmacia dott. Nouri Ali" }, "geometry": { "type": "Point", "coordinates": [ 7.6439993, 45.044986 ] } },
{ "type": "Feature", "properties": { }, "geometry": { "type": "Point", "coordinates": [ 7.6220823, 45.0408998 ] } },
{ "type": "Feature", "properties": { }, "geometry": { "type": "Point", "coordinates": [ 7.642215, 45.0445975 ] } },
{ "type": "Feature", "properties": { }, "geometry": { "type": "Point", "coordinates": [ 7.6394127, 45.0688032 ] } },
{ "type": "Feature", "properties": { "name": "Parafarmacia punto salute" }, "geometry": { "type": "Point", "coordinates": [ 7.6357436, 45.0690237 ] } },
{ "type": "Feature", "properties": { }, "geometry": { "type": "Point", "coordinates": [ 7.6304593, 45.0660639 ] } },
{ "type": "Feature", "properties": { }, "geometry": { "type": "Point", "coordinates": [ 7.6509051, 45.0649939 ] } },
{ "type": "Feature", "properties": { }, "geometry": { "type": "Point", "coordinates": [ 7.6521187, 45.065256 ] } },
{ "type": "Feature", "properties": { }, "geometry": { "type": "Point", "coordinates": [ 7.5234258, 45.0924517 ] } },
{ "type": "Feature", "properties": { }, "geometry": { "type": "Point", "coordinates": [ 7.5130025, 44.998508 ] } },
{ "type": "Feature", "properties": { "name": "E.C.P. S.N.C." }, "geometry": { "type": "Point", "coordinates": [ 7.5459799, 45.0076815 ] } },
{ "type": "Feature", "properties": { "name": "Farmacia degli Angeli" }, "geometry": { "type": "Point", "coordinates": [ 7.5330607, 45.0064355 ] } },
{ "type": "Feature", "properties": { }, "geometry": { "type": "Point", "coordinates": [ 7.5361933, 45.0029651 ] } },
{ "type": "Feature", "properties": { "name": "Dr.Max Farmacia" }, "geometry": { "type": "Point", "coordinates": [ 7.5370489, 45.0075593 ] } },
{ "type": "Feature", "properties": { "name": "Équì" }, "geometry": { "type": "Point", "coordinates": [ 7.5927859, 45.0240495 ] } },
{ "type": "Feature", "properties": { }, "geometry": { "type": "Point", "coordinates": [ 7.5821608, 45.0217629 ] } },
{ "type": "Feature", "properties": { }, "geometry": { "type": "Point", "coordinates": [ 7.5093154, 45.0125093 ] } },
{ "type": "Feature", "properties": { "name": "Farmacia San Vittore" }, "geometry": { "type": "Point", "coordinates": [ 7.5231117, 45.0329355 ] } },
{ "type": "Feature", "properties": { }, "geometry": { "type": "Point", "coordinates": [ 7.5256436, 45.0301918 ] } },
{ "type": "Feature", "properties": { }, "geometry": { "type": "Point", "coordinates": [ 7.5553639, 45.0757168 ] } },
{ "type": "Feature", "properties": { "name": "Mamone" }, "geometry": { "type": "Point", "coordinates": [ 7.6727487, 45.0656131 ] } },
{ "type": "Feature", "properties": { "name": "Farmacia San Paolo" }, "geometry": { "type": "Point", "coordinates": [ 7.5400723, 45.0693425 ] } },
{ "type": "Feature", "properties": { "name": "Parafarmacia Dottor Zona" }, "geometry": { "type": "Point", "coordinates": [ 7.5236512, 45.0677976 ] } },
{ "type": "Feature", "properties": { }, "geometry": { "type": "Point", "coordinates": [ 7.5369521, 45.0501195 ] } },
{ "type": "Feature", "properties": { "name": "Farmacia dell'Erica" }, "geometry": { "type": "Point", "coordinates": [ 7.6506625, 45.0659262 ] } },
{ "type": "Feature", "properties": { }, "geometry": { "type": "Point", "coordinates": [ 7.5222653, 45.073991 ] } },
{ "type": "Feature", "properties": { "name": "Antica Certosa" }, "geometry": { "type": "Point", "coordinates": [ 7.5633954, 45.0836552 ] } },
{ "type": "Feature", "properties": { "name": "Centro commerciale Piazza Paradiso" }, "geometry": { "type": "Point", "coordinates": [ 7.593286, 45.0773565 ] } },
{ "type": "Feature", "properties": { }, "geometry": { "type": "Point", "coordinates": [ 7.5654192, 45.0746633 ] } },
{ "type": "Feature", "properties": { }, "geometry": { "type": "Point", "coordinates": [ 7.5144776, 45.0680031 ] } },
{ "type": "Feature", "properties": { "name": "Farmacia Invernizzi" }, "geometry": { "type": "Point", "coordinates": [ 7.5687444, 45.0765646 ] } },
{ "type": "Feature", "properties": { }, "geometry": { "type": "Point", "coordinates": [ 7.5750997, 45.0768419 ] } },
{ "type": "Feature", "properties": { }, "geometry": { "type": "Point", "coordinates": [ 7.5751201, 45.0724954 ] } },
{ "type": "Feature", "properties": { "name": "Farmacia Centrale" }, "geometry": { "type": "Point", "coordinates": [ 7.574234, 45.0750685 ] } },
{ "type": "Feature", "properties": { }, "geometry": { "type": "Point", "coordinates": [ 7.5985103, 45.0732908 ] } },
{ "type": "Feature", "properties": { }, "geometry": { "type": "Point", "coordinates": [ 7.5815207, 45.0570568 ] } },
{ "type": "Feature", "properties": { }, "geometry": { "type": "Point", "coordinates": [ 7.5993888, 45.0748867 ] } },
{ "type": "Feature", "properties": { }, "geometry": { "type": "Point", "coordinates": [ 7.569047, 45.0587497 ] } },
{ "type": "Feature", "properties": { }, "geometry": { "type": "Point", "coordinates": [ 7.5800821, 45.069936 ] } },
{ "type": "Feature", "properties": { }, "geometry": { "type": "Point", "coordinates": [ 7.5852544, 45.0701197 ] } },
{ "type": "Feature", "properties": { "name": "Farmacia Santa Giulia" }, "geometry": { "type": "Point", "coordinates": [ 7.6113984, 45.0658132 ] } },
{ "type": "Feature", "properties": { }, "geometry": { "type": "Point", "coordinates": [ 7.6167434, 45.0446614 ] } },
{ "type": "Feature", "properties": { }, "geometry": { "type": "Point", "coordinates": [ 7.6235947, 45.0555714 ] } },
{ "type": "Feature", "properties": { "name": "Farmacia Nuova di Grugliasco" }, "geometry": { "type": "Point", "coordinates": [ 7.6038633, 45.0687056 ] } },
{ "type": "Feature", "properties": { }, "geometry": { "type": "Point", "coordinates": [ 7.7490928, 45.0919854 ] } },
{ "type": "Feature", "properties": { "name": "Parafarmacia Dott.ssa Duce Elena" }, "geometry": { "type": "Point", "coordinates": [ 7.7649964, 45.1018021 ] } },
{ "type": "Feature", "properties": { "name": "Oltre Po" }, "geometry": { "type": "Point", "coordinates": [ 7.7604622, 45.1039026 ] } },
{ "type": "Feature", "properties": { }, "geometry": { "type": "Point", "coordinates": [ 7.6226905, 45.0067755 ] } },
{ "type": "Feature", "properties": { }, "geometry": { "type": "Point", "coordinates": [ 7.6318971, 45.0019571 ] } },
{ "type": "Feature", "properties": { "name": "Farmacia Xxv Aprile" }, "geometry": { "type": "Point", "coordinates": [ 7.6395, 45.0018066 ] } },
{ "type": "Feature", "properties": { "name": "Farmacia Erbetta" }, "geometry": { "type": "Point", "coordinates": [ 7.6518756, 44.9991611 ] } },
{ "type": "Feature", "properties": { "name": "Farmacia Della Stazione" }, "geometry": { "type": "Point", "coordinates": [ 7.6434195, 44.9923024 ] } },
{ "type": "Feature", "properties": { }, "geometry": { "type": "Point", "coordinates": [ 7.6564008, 45.0046772 ] } },
{ "type": "Feature", "properties": { "name": "Farmacia Dallocchio" }, "geometry": { "type": "Point", "coordinates": [ 7.6480309, 44.9957311 ] } },
{ "type": "Feature", "properties": { "name": "Farmacia Largo Giusti" }, "geometry": { "type": "Point", "coordinates": [ 7.6543417, 44.9927685 ] } },
{ "type": "Feature", "properties": { "name": "Farmacia San Quirico" }, "geometry": { "type": "Point", "coordinates": [ 7.6559937, 44.9987488 ] } },
{ "type": "Feature", "properties": { }, "geometry": { "type": "Point", "coordinates": [ 7.680317, 45.0157732 ] } },
{ "type": "Feature", "properties": { }, "geometry": { "type": "Point", "coordinates": [ 7.6594137, 45.012578 ] } },
{ "type": "Feature", "properties": { "name": "Farmacia Salus" }, "geometry": { "type": "Point", "coordinates": [ 7.6587329, 44.9907693 ] } },
{ "type": "Feature", "properties": { }, "geometry": { "type": "Point", "coordinates": [ 7.6588821, 45.0101669 ] } },
{ "type": "Feature", "properties": { "name": "Santa Maria" }, "geometry": { "type": "Point", "coordinates": [ 7.6692681, 45.0074684 ] } },
{ "type": "Feature", "properties": { "name": "Farmacia Armonia" }, "geometry": { "type": "Point", "coordinates": [ 7.6650271, 44.993132 ] } },
{ "type": "Feature", "properties": { }, "geometry": { "type": "Point", "coordinates": [ 7.6947239, 44.997309 ] } },
{ "type": "Feature", "properties": { "name": "Farmacia Castelvecchio" }, "geometry": { "type": "Point", "coordinates": [ 7.7085679, 44.9954844 ] } },
{ "type": "Feature", "properties": { "name": "Farmacia Maldini" }, "geometry": { "type": "Point", "coordinates": [ 7.685124, 45.0008327 ] } },
{ "type": "Feature", "properties": { "name": "Farmacia Parizia" }, "geometry": { "type": "Point", "coordinates": [ 7.6930397, 45.0004631 ] } },
{ "type": "Feature", "properties": { "name": "Farmacia Ceriana" }, "geometry": { "type": "Point", "coordinates": [ 7.6719112, 45.0002151 ] } },
{ "type": "Feature", "properties": { }, "geometry": { "type": "Point", "coordinates": [ 7.5373797, 45.0713158 ] } },
{ "type": "Feature", "properties": { "name": "Farmacia Del Pietro" }, "geometry": { "type": "Point", "coordinates": [ 7.7494191, 45.0174914 ] } },
{ "type": "Feature", "properties": { "name": "Parafarmacia Santa Rita" }, "geometry": { "type": "Point", "coordinates": [ 7.7735575, 45.0433131 ] } },
{ "type": "Feature", "properties": { }, "geometry": { "type": "Point", "coordinates": [ 7.7728308, 45.044157 ] } },
{ "type": "Feature", "properties": { "name": "Cento Torri" }, "geometry": { "type": "Point", "coordinates": [ 7.8125014, 45.0190765 ] } },
{ "type": "Feature", "properties": { }, "geometry": { "type": "Point", "coordinates": [ 7.8157906, 45.0681759 ] } },
{ "type": "Feature", "properties": { "name": "Nuova Farmacia Claretti Pacioni" }, "geometry": { "type": "Point", "coordinates": [ 7.8165087, 45.0129156 ] } },
{ "type": "Feature", "properties": { }, "geometry": { "type": "Point", "coordinates": [ 7.8158225, 45.1211764 ] } },
{ "type": "Feature", "properties": { "name": "Farmacia Millefonti S.N.C." }, "geometry": { "type": "Point", "coordinates": [ 7.6681774, 45.0343191 ] } },
{ "type": "Feature", "properties": { }, "geometry": { "type": "Point", "coordinates": [ 7.7626381, 45.1345074 ] } },
{ "type": "Feature", "properties": { "name": "Farmacia Centrale" }, "geometry": { "type": "Point", "coordinates": [ 7.768674, 45.1362615 ] } },
{ "type": "Feature", "properties": { }, "geometry": { "type": "Point", "coordinates": [ 7.7749085, 45.1393724 ] } },
{ "type": "Feature", "properties": { }, "geometry": { "type": "Point", "coordinates": [ 7.7714123, 45.1383346 ] } },
{ "type": "Feature", "properties": { }, "geometry": { "type": "Point", "coordinates": [ 7.7619615, 45.1421129 ] } },
{ "type": "Feature", "properties": { "name": "Santa Chiara" }, "geometry": { "type": "Point", "coordinates": [ 7.7706572, 45.1493395 ] } },
{ "type": "Feature", "properties": { }, "geometry": { "type": "Point", "coordinates": [ 7.7675727, 45.1317689 ] } },
{ "type": "Feature", "properties": { }, "geometry": { "type": "Point", "coordinates": [ 7.7598533, 45.1329383 ] } },
{ "type": "Feature", "properties": { }, "geometry": { "type": "Point", "coordinates": [ 7.7719474, 45.1363839 ] } },
{ "type": "Feature", "properties": { }, "geometry": { "type": "Point", "coordinates": [ 7.7550817, 45.1298785 ] } },
{ "type": "Feature", "properties": { }, "geometry": { "type": "Point", "coordinates": [ 7.7771831, 45.1422387 ] } },
{ "type": "Feature", "properties": { "name": "Parafarmacia Conad" }, "geometry": { "type": "Point", "coordinates": [ 7.6440107, 45.1094644 ] } },
{ "type": "Feature", "properties": { "name": "Parafarmacia Conad" }, "geometry": { "type": "Point", "coordinates": [ 7.5486834, 45.0718247 ] } },
{ "type": "Feature", "properties": { "name": "Parafarmacia È Qui" }, "geometry": { "type": "Point", "coordinates": [ 7.6654614, 45.0313476 ] } },
{ "type": "Feature", "properties": { "name": "Presto Fresco" }, "geometry": { "type": "Point", "coordinates": [ 7.6977705, 45.0891298 ] } },
{ "type": "Feature", "properties": { "name": "Borello Supermercati" }, "geometry": { "type": "Point", "coordinates": [ 7.8172084, 45.1215571 ] } },
{ "type": "Feature", "properties": { }, "geometry": { "type": "Point", "coordinates": [ 7.6699581, 45.0657017 ] } },
{ "type": "Feature", "properties": { "name": "Mercatò" }, "geometry": { "type": "Point", "coordinates": [ 7.5770977, 45.072358 ] } },
{ "type": "Feature", "properties": { }, "geometry": { "type": "Point", "coordinates": [ 7.7186487, 45.1804007 ] } },
{ "type": "Feature", "properties": { "name": "Borello" }, "geometry": { "type": "Point", "coordinates": [ 7.8148314, 45.0691854 ] } },
{ "type": "Feature", "properties": { "name": "Banco Fresco - Torino" }, "geometry": { "type": "Point", "coordinates": [ 7.6457499, 45.103263 ] } },
{ "type": "Feature", "properties": { "name": "Ipercoop" }, "geometry": { "type": "Point", "coordinates": [ 7.5931598, 45.0240089 ] } },
{ "type": "Feature", "properties": { "name": "In's Mercato" }, "geometry": { "type": "Point", "coordinates": [ 7.6326121, 45.0172329 ] } },
{ "type": "Feature", "properties": { "name": "Coop Salute" }, "geometry": { "type": "Point", "coordinates": [ 7.697915, 45.0817117 ] } },
{ "type": "Feature", "properties": { "name": "Farmacia Parella" }, "geometry": { "type": "Point", "coordinates": [ 7.6341309, 45.0810652 ] } },
{ "type": "Feature", "properties": { }, "geometry": { "type": "Point", "coordinates": [ 7.5215549, 45.0723434 ] } },
{ "type": "Feature", "properties": { }, "geometry": { "type": "Point", "coordinates": [ 7.5211524, 45.0721551 ] } },
{ "type": "Feature", "properties": { "name": "Lucente" }, "geometry": { "type": "Point", "coordinates": [ 7.6278974, 45.0801953 ] } },
{ "type": "Feature", "properties": { "name": "EuroSpin" }, "geometry": { "type": "Point", "coordinates": [ 7.7176809, 45.1817551 ] } },
{ "type": "Feature", "properties": { }, "geometry": { "type": "Point", "coordinates": [ 7.6406251, 45.0777798 ] } },
{ "type": "Feature", "properties": { "name": "Pam" }, "geometry": { "type": "Point", "coordinates": [ 7.6826576, 45.0701367 ] } },
{ "type": "Feature", "properties": { "name": "Crai" }, "geometry": { "type": "Point", "coordinates": [ 7.7144247, 45.1821096 ] } },
{ "type": "Feature", "properties": { }, "geometry": { "type": "Point", "coordinates": [ 7.548775, 45.0722353 ] } },
{ "type": "Feature", "properties": { "name": "Crai" }, "geometry": { "type": "Point", "coordinates": [ 7.539819, 45.0686306 ] } },
{ "type": "Feature", "properties": { "name": "In's Mercato" }, "geometry": { "type": "Point", "coordinates": [ 7.6659607, 45.0212647 ] } },
{ "type": "Feature", "properties": { }, "geometry": { "type": "Point", "coordinates": [ 7.6307267, 45.0811416 ] } },
{ "type": "Feature", "properties": { "name": "Despar Express" }, "geometry": { "type": "Point", "coordinates": [ 7.6627246, 45.0577198 ] } },
{ "type": "Feature", "properties": { "name": "Crai" }, "geometry": { "type": "Point", "coordinates": [ 7.6482876, 45.0450762 ] } },
{ "type": "Feature", "properties": { "name": "In's Mercato" }, "geometry": { "type": "Point", "coordinates": [ 7.6794699, 45.054021 ] } },
{ "type": "Feature", "properties": { "name": "U2" }, "geometry": { "type": "Point", "coordinates": [ 7.6749968, 45.050477 ] } },
{ "type": "Feature", "properties": { "name": "Conad City" }, "geometry": { "type": "Point", "coordinates": [ 7.6312214, 45.1230847 ] } },
{ "type": "Feature", "properties": { "name": "Dpiù" }, "geometry": { "type": "Point", "coordinates": [ 7.6959738, 44.99572 ] } },
{ "type": "Feature", "properties": { "name": "Re Umberto SNC" }, "geometry": { "type": "Point", "coordinates": [ 7.6706947, 45.0604404 ] } },
{ "type": "Feature", "properties": { }, "geometry": { "type": "Point", "coordinates": [ 7.6078217, 45.075404 ] } },
{ "type": "Feature", "properties": { }, "geometry": { "type": "Point", "coordinates": [ 7.5729852, 45.0651561 ] } },
{ "type": "Feature", "properties": { "name": "Farmacia Dei Tetti" }, "geometry": { "type": "Point", "coordinates": [ 7.5353211, 45.0504424 ] } },
{ "type": "Feature", "properties": { "name": "Farmacia Leumann" }, "geometry": { "type": "Point", "coordinates": [ 7.5639148, 45.0720154 ] } },
{ "type": "Feature", "properties": { "name": "Esselunga" }, "geometry": { "type": "Point", "coordinates": [ 7.6775952, 45.0619481 ] } },
{ "type": "Feature", "properties": { }, "geometry": { "type": "Point", "coordinates": [ 7.6314509, 45.1237388 ] } },
{ "type": "Feature", "properties": { "name": "Farmacia Corso Regina" }, "geometry": { "type": "Point", "coordinates": [ 7.6955387, 45.0730445 ] } },
{ "type": "Feature", "properties": { "name": "MD" }, "geometry": { "type": "Point", "coordinates": [ 7.7086038, 45.1806203 ] } },
{ "type": "Feature", "properties": { "name": "Europa supermarket" }, "geometry": { "type": "Point", "coordinates": [ 7.6525086, 45.0132418 ] } },
{ "type": "Feature", "properties": { }, "geometry": { "type": "Point", "coordinates": [ 7.5222426, 45.0721657 ] } },
{ "type": "Feature", "properties": { "name": "LARC" }, "geometry": { "type": "Point", "coordinates": [ 7.6103981, 45.0712383 ] } },
{ "type": "Feature", "properties": { "name": "Despar" }, "geometry": { "type": "Point", "coordinates": [ 7.6731728, 45.0467521 ] } },
{ "type": "Feature", "properties": { "name": "Presto Fresco" }, "geometry": { "type": "Point", "coordinates": [ 7.6215901, 45.0169703 ] } },
{ "type": "Feature", "properties": { "name": "Crai" }, "geometry": { "type": "Point", "coordinates": [ 7.6810567, 45.0360662 ] } },
{ "type": "Feature", "properties": { "name": "Pinoy Saver's Mart" }, "geometry": { "type": "Point", "coordinates": [ 7.6803008, 45.0598591 ] } },
{ "type": "Feature", "properties": { }, "geometry": { "type": "Point", "coordinates": [ 7.6852376, 45.0923442 ] } },
{ "type": "Feature", "properties": { "name": "Borello Supermercati" }, "geometry": { "type": "Point", "coordinates": [ 7.6941044, 45.067135 ] } },
{ "type": "Feature", "properties": { "name": "Punto di Primo Intervento" }, "geometry": { "type": "Point", "coordinates": [ 7.6131057, 45.118685 ] } },
{ "type": "Feature", "properties": { }, "geometry": { "type": "Point", "coordinates": [ 7.8170323, 44.9995465 ] } },
{ "type": "Feature", "properties": { }, "geometry": { "type": "Point", "coordinates": [ 7.8165871, 44.9988089 ] } },
{ "type": "Feature", "properties": { "name": "In's Mercato" }, "geometry": { "type": "Point", "coordinates": [ 7.7015546, 45.0701455 ] } },
{ "type": "Feature", "properties": { "name": "Farmacia Comunale" }, "geometry": { "type": "Point", "coordinates": [ 7.6358075, 45.0486247 ] } },
{ "type": "Feature", "properties": { "name": "Minati" }, "geometry": { "type": "Point", "coordinates": [ 7.6427831, 45.0462456 ] } },
{ "type": "Feature", "properties": { "name": "Borello" }, "geometry": { "type": "Point", "coordinates": [ 7.7022396, 45.0703008 ] } },
{ "type": "Feature", "properties": { "name": "Pam" }, "geometry": { "type": "Point", "coordinates": [ 7.6736698, 45.0485553 ] } },
{ "type": "Feature", "properties": { "name": "EuroSpin" }, "geometry": { "type": "Point", "coordinates": [ 7.5347658, 45.0673139 ] } },
{ "type": "Feature", "properties": { "name": "MD" }, "geometry": { "type": "Point", "coordinates": [ 7.5390834, 45.0720034 ] } },
{ "type": "Feature", "properties": { "name": "C.D.C Gruppo Affidea" }, "geometry": { "type": "Point", "coordinates": [ 7.5214858, 45.0702023 ] } },
{ "type": "Feature", "properties": { "name": "NaturaSì" }, "geometry": { "type": "Point", "coordinates": [ 7.6814873, 45.0688174 ] } },
{ "type": "Feature", "properties": { "name": "Corso Siracusa" }, "geometry": { "type": "Point", "coordinates": [ 7.6338985, 45.04522 ] } },
{ "type": "Feature", "properties": { }, "geometry": { "type": "Point", "coordinates": [ 7.6541902, 45.0359602 ] } },
{ "type": "Feature", "properties": { "name": "Supermercato Ipercoop" }, "geometry": { "type": "Point", "coordinates": [ 7.7746298, 45.1909677 ] } },
{ "type": "Feature", "properties": { }, "geometry": { "type": "Point", "coordinates": [ 7.6235718, 45.0709255 ] } },
{ "type": "Feature", "properties": { }, "geometry": { "type": "Point", "coordinates": [ 7.6234863, 45.0717885 ] } },
{ "type": "Feature", "properties": { "name": "Coop" }, "geometry": { "type": "Point", "coordinates": [ 7.7052555, 45.102293 ] } },
{ "type": "Feature", "properties": { "name": "CDC SpA" }, "geometry": { "type": "Point", "coordinates": [ 7.6741181, 45.0720917 ] } },
{ "type": "Feature", "properties": { "name": "CDC Medicina del Lavoro" }, "geometry": { "type": "Point", "coordinates": [ 7.6741446, 45.0721343 ] } },
{ "type": "Feature", "properties": { "name": "U2" }, "geometry": { "type": "Point", "coordinates": [ 7.6842395, 45.1023316 ] } },
{ "type": "Feature", "properties": { "name": "In's Mercato" }, "geometry": { "type": "Point", "coordinates": [ 7.6750748, 45.097132 ] } },
{ "type": "Feature", "properties": { "name": "Crai" }, "geometry": { "type": "Point", "coordinates": [ 7.6464382, 45.0585197 ] } },
{ "type": "Feature", "properties": { "name": "PENNY" }, "geometry": { "type": "Point", "coordinates": [ 7.6813369, 45.1030253 ] } },
{ "type": "Feature", "properties": { "name": "Lidl" }, "geometry": { "type": "Point", "coordinates": [ 7.6414809, 45.0617297 ] } },
{ "type": "Feature", "properties": { "name": "Istituto Fisioterapico Torino -1898" }, "geometry": { "type": "Point", "coordinates": [ 7.6752654, 45.0600922 ] } },
{ "type": "Feature", "properties": { }, "geometry": { "type": "Point", "coordinates": [ 7.6308201, 45.0737703 ] } },
{ "type": "Feature", "properties": { "name": "Borello" }, "geometry": { "type": "Point", "coordinates": [ 7.6327633, 45.0143654 ] } },
{ "type": "Feature", "properties": { "name": "Parafarmacia Sant'Ignazio" }, "geometry": { "type": "Point", "coordinates": [ 7.6738257, 45.0905864 ] } },
{ "type": "Feature", "properties": { "name": "Rigenera Lab" }, "geometry": { "type": "Point", "coordinates": [ 7.6556444, 45.0405582 ] } },
{ "type": "Feature", "properties": { "name": "Smart Clinic" }, "geometry": { "type": "Point", "coordinates": [ 7.6722824, 45.0416784 ] } },
{ "type": "Feature", "properties": { "name": "Lidl" }, "geometry": { "type": "Point", "coordinates": [ 7.5596171, 45.0715365 ] } },
{ "type": "Feature", "properties": { "name": "iPharma" }, "geometry": { "type": "Point", "coordinates": [ 7.7148274, 45.1186278 ] } },
{ "type": "Feature", "properties": { }, "geometry": { "type": "Point", "coordinates": [ 7.6314739, 45.0008755 ] } },
{ "type": "Feature", "properties": { }, "geometry": { "type": "Point", "coordinates": [ 7.6314424, 45.0009113 ] } },
{ "type": "Feature", "properties": { }, "geometry": { "type": "Point", "coordinates": [ 7.6962124, 45.1077965 ] } },
{ "type": "Feature", "properties": { "name": "Spazio Conad" }, "geometry": { "type": "Point", "coordinates": [ 7.7143645, 45.1175376 ] } },
{ "type": "Feature", "properties": { "name": "Pam" }, "geometry": { "type": "Point", "coordinates": [ 7.6859856, 45.0622791 ] } },
{ "type": "Feature", "properties": { "name": "In's Mercato" }, "geometry": { "type": "Point", "coordinates": [ 7.6722952, 45.0419385 ] } },
{ "type": "Feature", "properties": { "name": "Pharmaesse" }, "geometry": { "type": "Point", "coordinates": [ 7.6175118, 45.0717981 ] } },
{ "type": "Feature", "properties": { "name": "Chiros" }, "geometry": { "type": "Point", "coordinates": [ 7.6703113, 45.071555 ] } },
{ "type": "Feature", "properties": { "name": "Borello" }, "geometry": { "type": "Point", "coordinates": [ 7.6722058, 45.0669397 ] } },
{ "type": "Feature", "properties": { "name": "Crai" }, "geometry": { "type": "Point", "coordinates": [ 7.6715239, 45.0439676 ] } },
{ "type": "Feature", "properties": { "name": "Crai" }, "geometry": { "type": "Point", "coordinates": [ 7.6765141, 45.0648088 ] } },
{ "type": "Feature", "properties": { "name": "Crai" }, "geometry": { "type": "Point", "coordinates": [ 7.633898, 45.0456464 ] } },
{ "type": "Feature", "properties": { "name": "Borello Supermercati" }, "geometry": { "type": "Point", "coordinates": [ 7.5764958, 45.1965106 ] } },
{ "type": "Feature", "properties": { "name": "Penny" }, "geometry": { "type": "Point", "coordinates": [ 7.6572241, 45.1463496 ] } },
{ "type": "Feature", "properties": { "name": "Farmacia Comunale Mappano" }, "geometry": { "type": "Point", "coordinates": [ 7.7070131, 45.1443242 ] } },
{ "type": "Feature", "properties": { }, "geometry": { "type": "Point", "coordinates": [ 7.6425359, 45.1089063 ] } },
{ "type": "Feature", "properties": { "name": "Crai" }, "geometry": { "type": "Point", "coordinates": [ 7.6712795, 45.0319159 ] } },
{ "type": "Feature", "properties": { "name": "Idee sfuse" }, "geometry": { "type": "Point", "coordinates": [ 7.6811999, 45.0373739 ] } },
{ "type": "Feature", "properties": { "name": "Fermi" }, "geometry": { "type": "Point", "coordinates": [ 7.5872386, 45.0774401 ] } },
{ "type": "Feature", "properties": { }, "geometry": { "type": "Point", "coordinates": [ 7.6643413, 45.0456764 ] } },
{ "type": "Feature", "properties": { "name": "Parafarmacia Tuttofarma" }, "geometry": { "type": "Point", "coordinates": [ 7.6543766, 45.1570139 ] } },
{ "type": "Feature", "properties": { "name": "Coop" }, "geometry": { "type": "Point", "coordinates": [ 7.6542587, 45.1552416 ] } },
{ "type": "Feature", "properties": { }, "geometry": { "type": "Point", "coordinates": [ 7.6999801, 45.0687865 ] } },
{ "type": "Feature", "properties": { }, "geometry": { "type": "Point", "coordinates": [ 7.7002662, 45.0685994 ] } },
{ "type": "Feature", "properties": { }, "geometry": { "type": "Point", "coordinates": [ 7.7002777, 45.0685919 ] } },
{ "type": "Feature", "properties": { }, "geometry": { "type": "Point", "coordinates": [ 7.6798603, 45.0471038 ] } },
{ "type": "Feature", "properties": { "name": "Farmacia Santa Matilde" }, "geometry": { "type": "Point", "coordinates": [ 7.6773977, 45.0501044 ] } },
{ "type": "Feature", "properties": { "name": "Mix Market Mini Market" }, "geometry": { "type": "Point", "coordinates": [ 7.6956168, 45.0954056 ] } },
{ "type": "Feature", "properties": { "name": "Lafarmacia. Della Mole" }, "geometry": { "type": "Point", "coordinates": [ 7.6937077, 45.0710444 ] } },
{ "type": "Feature", "properties": { "name": "Ipercoop" }, "geometry": { "type": "Point", "coordinates": [ 7.5931492, 45.0777179 ] } },
{ "type": "Feature", "properties": { "name": "In's Mercato" }, "geometry": { "type": "Point", "coordinates": [ 7.6555931, 45.0372565 ] } },
{ "type": "Feature", "properties": { }, "geometry": { "type": "Point", "coordinates": [ 7.678078, 45.0851371 ] } },
{ "type": "Feature", "properties": { }, "geometry": { "type": "Point", "coordinates": [ 7.6781246, 45.0852604 ] } },
{ "type": "Feature", "properties": { "name": "GR Medical" }, "geometry": { "type": "Point", "coordinates": [ 7.6802751, 44.9974561 ] } },
{ "type": "Feature", "properties": { "name": "Penny" }, "geometry": { "type": "Point", "coordinates": [ 7.6534103, 45.0796486 ] } },
{ "type": "Feature", "properties": { "name": "Centro di Medicina Preventiva e dello Sport dell'Università degli Studi di Torino" }, "geometry": { "type": "Point", "coordinates": [ 7.6805218, 45.0442582 ] } },
{ "type": "Feature", "properties": { "name": "Action Discount" }, "geometry": { "type": "Point", "coordinates": [ 7.5923212, 45.0267721 ] } },
{ "type": "Feature", "properties": { "name": "Farmacia \"I Gelsi\"" }, "geometry": { "type": "Point", "coordinates": [ 7.6127131, 45.0546035 ] } },
{ "type": "Feature", "properties": { "name": "Carrefour" }, "geometry": { "type": "Point", "coordinates": [ 7.611839, 45.0553309 ] } },
{ "type": "Feature", "properties": { "name": "Pam Local" }, "geometry": { "type": "Point", "coordinates": [ 7.6271751, 45.0730677 ] } },
{ "type": "Feature", "properties": { "name": "Pam" }, "geometry": { "type": "Point", "coordinates": [ 7.6962293, 45.0696333 ] } },
{ "type": "Feature", "properties": { "name": "PENNY" }, "geometry": { "type": "Point", "coordinates": [ 7.6810667, 45.0622406 ] } },
{ "type": "Feature", "properties": { "name": "Negozio leggero la spesa alla spina" }, "geometry": { "type": "Point", "coordinates": [ 7.519939, 45.0688191 ] } },
{ "type": "Feature", "properties": { }, "geometry": { "type": "Point", "coordinates": [ 7.7569497, 45.1415489 ] } },
{ "type": "Feature", "properties": { "name": "Para-market" }, "geometry": { "type": "Point", "coordinates": [ 7.6824007, 45.0700448 ] } },
{ "type": "Feature", "properties": { }, "geometry": { "type": "Point", "coordinates": [ 7.6593884, 45.0400531 ] } },
{ "type": "Feature", "properties": { "name": "MD" }, "geometry": { "type": "Point", "coordinates": [ 7.6380687, 45.0473316 ] } },
{ "type": "Feature", "properties": { "name": "Farmacia Ospedaliera" }, "geometry": { "type": "Point", "coordinates": [ 7.5570652, 45.0285626 ] } },
{ "type": "Feature", "properties": { "name": "Ortopedia Badanti" }, "geometry": { "type": "Point", "coordinates": [ 7.6754852, 45.0421438 ] } },
{ "type": "Feature", "properties": { }, "geometry": { "type": "Point", "coordinates": [ 7.6641623, 45.08405 ] } },
{ "type": "Feature", "properties": { "name": "Farmacia - Uffici" }, "geometry": { "type": "Point", "coordinates": [ 7.6669847, 45.0515898 ] } },
{ "type": "Feature", "properties": { "name": "Salus Project" }, "geometry": { "type": "Point", "coordinates": [ 7.5219092, 45.0717694 ] } },
{ "type": "Feature", "properties": { "name": "Crai" }, "geometry": { "type": "Point", "coordinates": [ 7.5554356, 45.0753333 ] } },
{ "type": "Feature", "properties": { "name": "Medicina Santa Rita" }, "geometry": { "type": "Point", "coordinates": [ 7.6423861, 45.048222 ] } },
{ "type": "Feature", "properties": { "name": "Pam" }, "geometry": { "type": "Point", "coordinates": [ 7.6727838, 45.058406 ] } },
{ "type": "Feature", "properties": { }, "geometry": { "type": "Point", "coordinates": [ 7.6817524, 45.0785285 ] } },
{ "type": "Feature", "properties": { "name": "Coop" }, "geometry": { "type": "Point", "coordinates": [ 7.6980214, 45.0815987 ] } },
{ "type": "Feature", "properties": { "name": "Crai" }, "geometry": { "type": "Point", "coordinates": [ 7.6525212, 45.0714336 ] } },
{ "type": "Feature", "properties": { "name": "Conad Superstore" }, "geometry": { "type": "Point", "coordinates": [ 7.7734665, 45.1440352 ] } },
{ "type": "Feature", "properties": { }, "geometry": { "type": "Point", "coordinates": [ 7.7008252, 45.0967471 ] } },
{ "type": "Feature", "properties": { "name": "MD" }, "geometry": { "type": "Point", "coordinates": [ 7.6188708, 45.0711964 ] } },
{ "type": "Feature", "properties": { "name": "IperBimbo" }, "geometry": { "type": "Point", "coordinates": [ 7.6184285, 45.0715942 ] } },
{ "type": "Feature", "properties": { "name": "Mercatò" }, "geometry": { "type": "Point", "coordinates": [ 7.633595, 45.0731923 ] } },
{ "type": "Feature", "properties": { "name": "Centro Oncologico Ematologico Subalpino" }, "geometry": { "type": "Point", "coordinates": [ 7.673741, 45.038443 ] } },
{ "type": "Feature", "properties": { }, "geometry": { "type": "Point", "coordinates": [ 7.6742452, 45.0395897 ] } },
{ "type": "Feature", "properties": { }, "geometry": { "type": "Point", "coordinates": [ 7.6733023, 45.0420669 ] } },
{ "type": "Feature", "properties": { }, "geometry": { "type": "Point", "coordinates": [ 7.6736208, 45.042009 ] } },
{ "type": "Feature", "properties": { }, "geometry": { "type": "Point", "coordinates": [ 7.6735177, 45.0420278 ] } },
{ "type": "Feature", "properties": { "name": "Farmacia Reale" }, "geometry": { "type": "Point", "coordinates": [ 7.5195559, 45.072419 ] } },
{ "type": "Feature", "properties": { "name": "PiùMe" }, "geometry": { "type": "Point", "coordinates": [ 7.6395669, 45.0813187 ] } },
{ "type": "Feature", "properties": { "name": "RisparmioCasa" }, "geometry": { "type": "Point", "coordinates": [ 7.6413003, 45.0626284 ] } },
{ "type": "Feature", "properties": { "name": "In's Mercato" }, "geometry": { "type": "Point", "coordinates": [ 7.7304986, 45.0791161 ] } },
{ "type": "Feature", "properties": { "name": "Dr. Max+" }, "geometry": { "type": "Point", "coordinates": [ 7.673212, 45.0719637 ] } },
{ "type": "Feature", "properties": { "name": "Farmacia delle dimissioni" }, "geometry": { "type": "Point", "coordinates": [ 7.6747864, 45.0408742 ] } },
{ "type": "Feature", "properties": { "name": "Medi Market" }, "geometry": { "type": "Point", "coordinates": [ 7.664777, 45.0315739 ] } },
{ "type": "Feature", "properties": { "name": "Tuday Conad" }, "geometry": { "type": "Point", "coordinates": [ 7.6848917, 45.0660038 ] } },
{ "type": "Feature", "properties": { }, "geometry": { "type": "Point", "coordinates": [ 7.7535773, 45.1010144 ] } },
{ "type": "Feature", "properties": { "name": "Crai" }, "geometry": { "type": "Point", "coordinates": [ 7.6843002, 45.0711041 ] } },
{ "type": "Feature", "properties": { "name": "In's Mercato" }, "geometry": { "type": "Point", "coordinates": [ 7.6629975, 45.0826625 ] } },
{ "type": "Feature", "properties": { "name": "COOP Drive" }, "geometry": { "type": "Point", "coordinates": [ 7.6363557, 45.0563469 ] } },
{ "type": "Feature", "properties": { "name": "LARC" }, "geometry": { "type": "Point", "coordinates": [ 7.6417083, 45.0741829 ] } },
{ "type": "Feature", "properties": { "name": "NaturaSì" }, "geometry": { "type": "Point", "coordinates": [ 7.6843014, 45.0427566 ] } },
{ "type": "Feature", "properties": { "name": "In's Mercato" }, "geometry": { "type": "Point", "coordinates": [ 7.6819139, 45.0775507 ] } },
{ "type": "Feature", "properties": { }, "geometry": { "type": "Point", "coordinates": [ 7.690778, 45.0837679 ] } },
{ "type": "Feature", "properties": { "name": "Farmacia San Vito" }, "geometry": { "type": "Point", "coordinates": [ 7.7730322, 45.1446889 ] } },
{ "type": "Feature", "properties": { }, "geometry": { "type": "Point", "coordinates": [ 7.6758743, 45.0420416 ] } },
{ "type": "Feature", "properties": { "name": "EuroSpin" }, "geometry": { "type": "Point", "coordinates": [ 7.5733531, 45.0165562 ] } },
{ "type": "Feature", "properties": { "name": "Ospedalino Casa di cura Koelliker" }, "geometry": { "type": "Point", "coordinates": [ 7.6542498, 45.0408193 ] } },
{ "type": "Feature", "properties": { "name": "Koelliker Fisio" }, "geometry": { "type": "Point", "coordinates": [ 7.6550566, 45.0407803 ] } },
{ "type": "Feature", "properties": { "name": "Meta" }, "geometry": { "type": "Point", "coordinates": [ 7.6774374, 45.057704 ] } },
{ "type": "Feature", "properties": { "name": "Eurospin Borgaro Torinese" }, "geometry": { "type": "Point", "coordinates": [ 7.6564954, 45.1453307 ] } },
{ "type": "Feature", "properties": { "name": "Eataly" }, "geometry": { "type": "Point", "coordinates": [ 7.6443826, 45.1910911 ] } },
{ "type": "Feature", "properties": { "name": "Carrefour" }, "geometry": { "type": "Point", "coordinates": [ 7.7249872, 45.0734601 ] } },
{ "type": "Feature", "properties": { "name": "Prestofresco" }, "geometry": { "type": "Point", "coordinates": [ 7.7100089, 45.071887 ] } },
{ "type": "Feature", "properties": { "name": "Crai" }, "geometry": { "type": "Point", "coordinates": [ 7.67153, 45.0581537 ] } }
]
}
