{
"type": "FeatureCollection",
"name": "transit.raw",
"features": [
{ "type": "Feature", "properties": { "name": "Porta Nuova" }, "geometry": { "type": "Point", "coordinates": [ 7.6789575, 45.0627539 ] } },
{ "type": "Feature", "properties": { "name": "Re Umberto" }, "geometry": { "type": "Point", "coordinates": [ 7.6741445, 45.0644868 ] } },
{ "type": "Feature", "properties": { "name": "Bernini" }, "geometry": { "type": "Point", "coordinates": [ 7.6557921, 45.0760262 ] } },
{ "type": "Feature", "properties": { "name": "Rivoli" }, "geometry": { "type": "Point", "coordinates": [ 7.6442219, 45.0755539 ] } },
{ "type": "Feature", "properties": { "name": "Paradiso" }, "geometry": { "type": "Point", "coordinates": [ 7.6023968, 45.0738513 ] } },
{ "type": "Feature", "properties": { "name": "XVIII Dicembre" }, "geometry": { "type": "Point", "coordinates": [ 7.6679848, 45.0737673 ] } },
{ "type": "Feature", "properties": { "name": "Porta Susa" }, "geometry": { "type": "Point", "coordinates": [ 7.6652976, 45.0706476 ] } },
{ "type": "Feature", "properties": { "name": "Filadelfia" }, "geometry": { "type": "Point", "coordinates": [ 7.6475073, 45.0408626 ] } },
{ "type": "Feature", "properties": { "name": "Sebastopoli" }, "geometry": { "type": "Point", "coordinates": [ 7.6495573, 45.0441167 ] } },
{ "type": "Feature", "properties": { "name": "Sebastopoli" }, "geometry": { "type": "Point", "coordinates": [ 7.6493087, 45.0434116 ] } },
{ "type": "Feature", "properties": { "name": "Stazione di Superga (Basilica)" }, "geometry": { "type": "Point", "coordinates": [ 7.7663407, 45.081432 ] } },
{ "type": "Feature", "properties": { "name": "Stazione Sassi" }, "geometry": { "type": "Point", "coordinates": [ 7.7319223, 45.0806294 ] } },
{ "type": "Feature", "properties": { "name": "Pian Gambino" }, "geometry": { "type": "Point", "coordinates": [ 7.7608217, 45.0786523 ] } },
{ "type": "Feature", "properties": { "name": "Caselle Torinese" }, "geometry": { "type": "Point", "coordinates": [ 7.6445223, 45.1760902 ] } },
{ "type": "Feature", "properties": { "name": "Cervi" }, "geometry": { "type": "Point", "coordinates": [ 7.5166347, 45.0274988 ] } },
{ "type": "Feature", "properties": { "name": "Monte Grappa" }, "geometry": { "type": "Point", "coordinates": [ 7.6364023, 45.0752393 ] } },
{ "type": "Feature", "properties": { "name": "Pozzo Strada" }, "geometry": { "type": "Point", "coordinates": [ 7.6291804, 45.0749418 ] } },
{ "type": "Feature", "properties": { "name": "Massaua" }, "geometry": { "type": "Point", "coordinates": [ 7.62014, 45.0745688 ] } },
{ "type": "Feature", "properties": { "name": "Marche" }, "geometry": { "type": "Point", "coordinates": [ 7.6147998, 45.0743535 ] } },
{ "type": "Feature", "properties": { "name": "Vinzaglio" }, "geometry": { "type": "Point", "coordinates": [ 7.6663568, 45.0672906 ] } },
{ "type": "Feature", "properties": { "name": "Borgo Medioevale" }, "geometry": { "type": "Point", "coordinates": [ 7.6856179, 45.048838 ] } },
{ "type": "Feature", "properties": { "name": "Venaria Reale Reggia" }, "geometry": { "type": "Point", "coordinates": [ 7.6348063, 45.1320437 ] } },
{ "type": "Feature", "properties": { "name": "Dante" }, "geometry": { "type": "Point", "coordinates": [ 7.6728829, 45.0469037 ] } },
{ "type": "Feature", "properties": { "name": "Linea Cumiana Torino" }, "geometry": { "type": "Point", "coordinates": [ 7.5166183, 44.9995597 ] } },
{ "type": "Feature", "properties": { "name": "Castellazzo" }, "geometry": { "type": "Point", "coordinates": [ 7.5382542, 45.0056884 ] } },
{ "type": "Feature", "properties": { "name": "Volturno Capolinea" }, "geometry": { "type": "Point", "coordinates": [ 7.5277014, 45.0131244 ] } },
{ "type": "Feature", "properties": { "name": "Giolitti" }, "geometry": { "type": "Point", "coordinates": [ 7.536073, 45.0054557 ] } },
{ "type": "Feature", "properties": { "name": "Piossasco" }, "geometry": { "type": "Point", "coordinates": [ 7.5347903, 45.0058678 ] } },
{ "type": "Feature", "properties": { "name": "Trento" }, "geometry": { "type": "Point", "coordinates": [ 7.5308286, 45.0101623 ] } },
{ "type": "Feature", "properties": { "name": "Piave" }, "geometry": { "type": "Point", "coordinates": [ 7.5318618, 45.0068229 ] } },
{ "type": "Feature", "properties": { "name": "Malosnà" }, "geometry": { "type": "Point", "coordinates": [ 7.5473389, 45.0037757 ] } },
{ "type": "Feature", "properties": { "name": "Gozzano" }, "geometry": { "type": "Point", "coordinates": [ 7.5502215, 45.0092972 ] } },
{ "type": "Feature", "properties": { "name": "Pascoli" }, "geometry": { "type": "Point", "coordinates": [ 7.553461, 45.0102006 ] } },
{ "type": "Feature", "properties": { "name": "Riesi" }, "geometry": { "type": "Point", "coordinates": [ 7.545232, 45.0058974 ] } },
{ "type": "Feature", "properties": { "name": "Calvino Nord" }, "geometry": { "type": "Point", "coordinates": [ 7.5389211, 45.0057958 ] } },
{ "type": "Feature", "properties": { "name": "Vittorio Veneto" }, "geometry": { "type": "Point", "coordinates": [ 7.5408124, 45.0055987 ] } },
{ "type": "Feature", "properties": { "name": "Pendina" }, "geometry": { "type": "Point", "coordinates": [ 7.5443672, 45.002766 ] } },
{ "type": "Feature", "properties": { "name": "Calvino" }, "geometry": { "type": "Point", "coordinates": [ 7.5471051, 45.0018164 ] } },
{ "type": "Feature", "properties": { "name": "Ospedale San Luigi" }, "geometry": { "type": "Point", "coordinates": [ 7.5596897, 45.0286642 ] } },
{ "type": "Feature", "properties": { "name": "Caserma Brevi" }, "geometry": { "type": "Point", "coordinates": [ 7.560488, 45.0260513 ] } },
{ "type": "Feature", "properties": { "name": "Torino" }, "geometry": { "type": "Point", "coordinates": [ 7.5470497, 45.0075199 ] } },
{ "type": "Feature", "properties": { "name": "Calvino 11B" }, "geometry": { "type": "Point", "coordinates": [ 7.5473351, 45.0021168 ] } },
{ "type": "Feature", "properties": { "name": "Malosnà" }, "geometry": { "type": "Point", "coordinates": [ 7.5478383, 45.0035304 ] } },
{ "type": "Feature", "properties": { "name": "Frejus" }, "geometry": { "type": "Point", "coordinates": [ 7.5349922, 45.0059083 ] } },
{ "type": "Feature", "properties": { "name": "Molini" }, "geometry": { "type": "Point", "coordinates": [ 7.5317656, 45.0096153 ] } },
{ "type": "Feature", "properties": { "name": "Piave" }, "geometry": { "type": "Point", "coordinates": [ 7.5325846, 45.0067351 ] } },
{ "type": "Feature", "properties": { "name": "Volturno" }, "geometry": { "type": "Point", "coordinates": [ 7.5256512, 45.0136901 ] } },
{ "type": "Feature", "properties": { "name": "San Rocco 14" }, "geometry": { "type": "Point", "coordinates": [ 7.5414779, 45.0055273 ] } },
{ "type": "Feature", "properties": { "name": "Gozzano" }, "geometry": { "type": "Point", "coordinates": [ 7.5481917, 45.0088868 ] } },
{ "type": "Feature", "properties": { "name": "San Rocco 33" }, "geometry": { "type": "Point", "coordinates": [ 7.5437032, 45.0033478 ] } },
{ "type": "Feature", "properties": { "name": "Marconi" }, "geometry": { "type": "Point", "coordinates": [ 7.5450675, 45.0058419 ] } },
{ "type": "Feature", "properties": { "name": "Umberto 1°" }, "geometry": { "type": "Point", "coordinates": [ 7.5366616, 45.0070815 ] } },
{ "type": "Feature", "properties": { "name": "Neghelli" }, "geometry": { "type": "Point", "coordinates": [ 7.5322462, 45.0083166 ] } },
{ "type": "Feature", "properties": { "name": "Roma" }, "geometry": { "type": "Point", "coordinates": [ 7.5386216, 45.0073123 ] } },
{ "type": "Feature", "properties": { "name": "INPS" }, "geometry": { "type": "Point", "coordinates": [ 7.5303353, 45.0114313 ] } },
{ "type": "Feature", "properties": { "name": "Pascoli" }, "geometry": { "type": "Point", "coordinates": [ 7.5515437, 45.0098431 ] } },
{ "type": "Feature", "properties": { "name": "Giolitti" }, "geometry": { "type": "Point", "coordinates": [ 7.536162, 45.0055207 ] } },
{ "type": "Feature", "properties": { "name": "Fraschei" }, "geometry": { "type": "Point", "coordinates": [ 7.5231107, 45.0014295 ] } },
{ "type": "Feature", "properties": { "name": "Monte Grappa" }, "geometry": { "type": "Point", "coordinates": [ 7.5285966, 45.0076802 ] } },
{ "type": "Feature", "properties": { "name": "Volvera" }, "geometry": { "type": "Point", "coordinates": [ 7.5328297, 44.9991861 ] } },
{ "type": "Feature", "properties": { "name": "Amendola" }, "geometry": { "type": "Point", "coordinates": [ 7.5348152, 45.0011364 ] } },
{ "type": "Feature", "properties": { "name": "Giaveno" }, "geometry": { "type": "Point", "coordinates": [ 7.517471, 45.0102875 ] } },
{ "type": "Feature", "properties": { "name": "Rosselli" }, "geometry": { "type": "Point", "coordinates": [ 7.5292316, 45.0002196 ] } },
{ "type": "Feature", "properties": { "name": "Pinerolo" }, "geometry": { "type": "Point", "coordinates": [ 7.5166093, 44.9995763 ] } },
{ "type": "Feature", "properties": { "name": "Lamarmora" }, "geometry": { "type": "Point", "coordinates": [ 7.5248424, 45.0085683 ] } },
{ "type": "Feature", "properties": { "name": "Gerbidi" }, "geometry": { "type": "Point", "coordinates": [ 7.5236401, 45.0295593 ] } },
{ "type": "Feature", "properties": { "name": "Amendola" }, "geometry": { "type": "Point", "coordinates": [ 7.5343959, 45.0007463 ] } },
{ "type": "Feature", "properties": { "name": "Griva" }, "geometry": { "type": "Point", "coordinates": [ 7.5231642, 45.0342942 ] } },
{ "type": "Feature", "properties": { "name": "Giaveno" }, "geometry": { "type": "Point", "coordinates": [ 7.5012974, 45.0133893 ] } },
{ "type": "Feature", "properties": { "name": "Regina Margherita" }, "geometry": { "type": "Point", "coordinates": [ 7.5248192, 45.0318837 ] } },
{ "type": "Feature", "properties": { "name": "Marconi" }, "geometry": { "type": "Point", "coordinates": [ 7.5174661, 45.0250244 ] } },
{ "type": "Feature", "properties": { "name": "Frejus" }, "geometry": { "type": "Point", "coordinates": [ 7.5282953, 45.0076409 ] } },
{ "type": "Feature", "properties": { "name": "San Massimo" }, "geometry": { "type": "Point", "coordinates": [ 7.5227707, 45.0245674 ] } },
{ "type": "Feature", "properties": { "name": "Piossasco N.135" }, "geometry": { "type": "Point", "coordinates": [ 7.5110773, 45.0216859 ] } },
{ "type": "Feature", "properties": { "name": "Rosselli" }, "geometry": { "type": "Point", "coordinates": [ 7.5294661, 45.0002536 ] } },
{ "type": "Feature", "properties": { "name": "Marconi" }, "geometry": { "type": "Point", "coordinates": [ 7.5184628, 45.024973 ] } },
{ "type": "Feature", "properties": { "name": "Prabernasca" }, "geometry": { "type": "Point", "coordinates": [ 7.5083076, 45.0194316 ] } },
{ "type": "Feature", "properties": { "name": "Pigafetta" }, "geometry": { "type": "Point", "coordinates": [ 7.5148666, 45.0256744 ] } },
{ "type": "Feature", "properties": { "name": "San Massimo" }, "geometry": { "type": "Point", "coordinates": [ 7.5226224, 45.0245687 ] } },
{ "type": "Feature", "properties": { "name": "Carignano" }, "geometry": { "type": "Point", "coordinates": [ 7.5034805, 45.0036208 ] } },
{ "type": "Feature", "properties": { "name": "Volvera" }, "geometry": { "type": "Point", "coordinates": [ 7.5328922, 44.9992725 ] } },
{ "type": "Feature", "properties": { "name": "Gobetti" }, "geometry": { "type": "Point", "coordinates": [ 7.5057656, 45.0066645 ] } },
{ "type": "Feature", "properties": { "name": "Alfieri" }, "geometry": { "type": "Point", "coordinates": [ 7.5097159, 45.0113155 ] } },
{ "type": "Feature", "properties": { "name": "Pinerolo" }, "geometry": { "type": "Point", "coordinates": [ 7.5172762, 44.9999248 ] } },
{ "type": "Feature", "properties": { "name": "Carignano" }, "geometry": { "type": "Point", "coordinates": [ 7.5038942, 45.0039652 ] } },
{ "type": "Feature", "properties": { "name": "Vif" }, "geometry": { "type": "Point", "coordinates": [ 7.5238722, 45.0282643 ] } },
{ "type": "Feature", "properties": { "name": "Marconi Sud" }, "geometry": { "type": "Point", "coordinates": [ 7.5146995, 45.025329 ] } },
{ "type": "Feature", "properties": { "name": "Gramsci" }, "geometry": { "type": "Point", "coordinates": [ 7.5246913, 45.0084746 ] } },
{ "type": "Feature", "properties": { "name": "Alfieri" }, "geometry": { "type": "Point", "coordinates": [ 7.5095681, 45.0113998 ] } },
{ "type": "Feature", "properties": { "name": "Prabernasca" }, "geometry": { "type": "Point", "coordinates": [ 7.508546, 45.0195432 ] } },
{ "type": "Feature", "properties": { "name": "Alfieri N. 30" }, "geometry": { "type": "Point", "coordinates": [ 7.5056485, 45.0063427 ] } },
{ "type": "Feature", "properties": { "name": "Fraschei" }, "geometry": { "type": "Point", "coordinates": [ 7.522342, 45.0013584 ] } },
{ "type": "Feature", "properties": { "name": "Regina Margherita" }, "geometry": { "type": "Point", "coordinates": [ 7.5247128, 45.0316297 ] } },
{ "type": "Feature", "properties": { "name": "Giaveno" }, "geometry": { "type": "Point", "coordinates": [ 7.5170114, 45.0102338 ] } },
{ "type": "Feature", "properties": { "name": "Giaveno Sud" }, "geometry": { "type": "Point", "coordinates": [ 7.5016436, 45.0134971 ] } },
{ "type": "Feature", "properties": { "name": "Griva" }, "geometry": { "type": "Point", "coordinates": [ 7.5230283, 45.034238 ] } },
{ "type": "Feature", "properties": { "name": "Piossasco N.135" }, "geometry": { "type": "Point", "coordinates": [ 7.5109713, 45.0217298 ] } },
{ "type": "Feature", "properties": { "name": "San Paolo" }, "geometry": { "type": "Point", "coordinates": [ 7.5910884, 45.0467591 ] } },
{ "type": "Feature", "properties": { "name": "Gorini" }, "geometry": { "type": "Point", "coordinates": [ 7.593821, 45.0415701 ] } },
{ "type": "Feature", "properties": { "name": "Allamano" }, "geometry": { "type": "Point", "coordinates": [ 7.5946797, 45.0513459 ] } },
{ "type": "Feature", "properties": { "name": "Pancalieri" }, "geometry": { "type": "Point", "coordinates": [ 7.6027833, 45.0366631 ] } },
{ "type": "Feature", "properties": { "name": "Settembrini Cancello 18" }, "geometry": { "type": "Point", "coordinates": [ 7.621681, 45.0282513 ] } },
{ "type": "Feature", "properties": { "name": "Portone N.175" }, "geometry": { "type": "Point", "coordinates": [ 7.5968468, 45.0401792 ] } },
{ "type": "Feature", "properties": { "name": "Settembrini Cancello 19" }, "geometry": { "type": "Point", "coordinates": [ 7.6183283, 45.0295692 ] } },
{ "type": "Feature", "properties": { "name": "Settembrini Cancello 15" }, "geometry": { "type": "Point", "coordinates": [ 7.6312578, 45.0245213 ] } },
{ "type": "Feature", "properties": { "name": "Settembrini Cancello 8" }, "geometry": { "type": "Point", "coordinates": [ 7.6337425, 45.0235803 ] } },
{ "type": "Feature", "properties": { "name": "Settembrini Cancello 16" }, "geometry": { "type": "Point", "coordinates": [ 7.6287882, 45.0255052 ] } },
{ "type": "Feature", "properties": { "name": "Leonardo da Vinci" }, "geometry": { "type": "Point", "coordinates": [ 7.5870333, 45.0523421 ] } },
{ "type": "Feature", "properties": { "name": "Settembrini" }, "geometry": { "type": "Point", "coordinates": [ 7.6141103, 45.0316021 ] } },
{ "type": "Feature", "properties": { "name": "Motorizzazione" }, "geometry": { "type": "Point", "coordinates": [ 7.6056616, 45.0341215 ] } },
{ "type": "Feature", "properties": { "name": "Settembrini Cancello 20" }, "geometry": { "type": "Point", "coordinates": [ 7.6163941, 45.0302996 ] } },
{ "type": "Feature", "properties": { "name": "Portone Ovest" }, "geometry": { "type": "Point", "coordinates": [ 7.5894536, 45.044639 ] } },
{ "type": "Feature", "properties": { "name": "Settembrini Cancello 17" }, "geometry": { "type": "Point", "coordinates": [ 7.6264322, 45.0264067 ] } },
{ "type": "Feature", "properties": { "name": "San Martino" }, "geometry": { "type": "Point", "coordinates": [ 7.5829629, 45.0524841 ] } },
{ "type": "Feature", "properties": { "name": "Gorini Ovest" }, "geometry": { "type": "Point", "coordinates": [ 7.5918365, 45.0425424 ] } },
{ "type": "Feature", "properties": { "name": "Allamano N.47" }, "geometry": { "type": "Point", "coordinates": [ 7.5906301, 45.0522194 ] } },
{ "type": "Feature", "properties": { "name": "Caio Mario" }, "geometry": { "type": "Point", "coordinates": [ 7.63627, 45.0237125 ] } },
{ "type": "Feature", "properties": { "name": "Cervi N.87" }, "geometry": { "type": "Point", "coordinates": [ 7.5720357, 45.0575054 ] } },
{ "type": "Feature", "properties": { "name": "Cimarosa" }, "geometry": { "type": "Point", "coordinates": [ 7.5704914, 45.076965 ] } },
{ "type": "Feature", "properties": { "name": "Perotti" }, "geometry": { "type": "Point", "coordinates": [ 7.5754402, 45.0572737 ] } },
{ "type": "Feature", "properties": { "name": "Francia" }, "geometry": { "type": "Point", "coordinates": [ 7.5728825, 45.0720479 ] } },
{ "type": "Feature", "properties": { "name": "Rivalta Sud" }, "geometry": { "type": "Point", "coordinates": [ 7.5776796, 45.0527141 ] } },
{ "type": "Feature", "properties": { "name": "Papa Giovanni XXIII" }, "geometry": { "type": "Point", "coordinates": [ 7.5714137, 45.0631896 ] } },
{ "type": "Feature", "properties": { "name": "Echirolles" }, "geometry": { "type": "Point", "coordinates": [ 7.5733623, 45.0663708 ] } },
{ "type": "Feature", "properties": { "name": "Francia Nord" }, "geometry": { "type": "Point", "coordinates": [ 7.5638367, 45.0730836 ] } },
{ "type": "Feature", "properties": { "name": "Giovanni XXIII" }, "geometry": { "type": "Point", "coordinates": [ 7.5660976, 45.078267 ] } },
{ "type": "Feature", "properties": { "name": "Costituzione" }, "geometry": { "type": "Point", "coordinates": [ 7.5698151, 45.0786961 ] } },
{ "type": "Feature", "properties": { "name": "Francia Capolinea" }, "geometry": { "type": "Point", "coordinates": [ 7.539607, 45.0728544 ] } },
{ "type": "Feature", "properties": { "name": "Rivalta" }, "geometry": { "type": "Point", "coordinates": [ 7.5780017, 45.0549939 ] } },
{ "type": "Feature", "properties": { "name": "Rossini" }, "geometry": { "type": "Point", "coordinates": [ 7.5707043, 45.0741077 ] } },
{ "type": "Feature", "properties": { "name": "Latina" }, "geometry": { "type": "Point", "coordinates": [ 7.5731565, 45.0688641 ] } },
{ "type": "Feature", "properties": { "name": "Novalesa" }, "geometry": { "type": "Point", "coordinates": [ 7.5585834, 45.0720934 ] } },
{ "type": "Feature", "properties": { "name": "Olevano" }, "geometry": { "type": "Point", "coordinates": [ 7.570939, 45.0592614 ] } },
{ "type": "Feature", "properties": { "name": "Tevere" }, "geometry": { "type": "Point", "coordinates": [ 7.5536375, 45.07188 ] } },
{ "type": "Feature", "properties": { "name": "Sestriere" }, "geometry": { "type": "Point", "coordinates": [ 7.5514532, 45.0742605 ] } },
{ "type": "Feature", "properties": { "name": "Donizetti" }, "geometry": { "type": "Point", "coordinates": [ 7.5656638, 45.0750706 ] } },
{ "type": "Feature", "properties": { "name": "Goito" }, "geometry": { "type": "Point", "coordinates": [ 7.5732579, 45.0649159 ] } },
{ "type": "Feature", "properties": { "name": "Togliatti" }, "geometry": { "type": "Point", "coordinates": [ 7.5672481, 45.0789881 ] } },
{ "type": "Feature", "properties": { "name": "Tagliamento" }, "geometry": { "type": "Point", "coordinates": [ 7.5483623, 45.0710956 ] } },
{ "type": "Feature", "properties": { "name": "Echirolles" }, "geometry": { "type": "Point", "coordinates": [ 7.5732957, 45.0663841 ] } },
{ "type": "Feature", "properties": { "name": "Rossini" }, "geometry": { "type": "Point", "coordinates": [ 7.5726297, 45.0741521 ] } },
{ "type": "Feature", "properties": { "name": "Giovanni XXIII" }, "geometry": { "type": "Point", "coordinates": [ 7.5663201, 45.0781777 ] } },
{ "type": "Feature", "properties": { "name": "Donizetti" }, "geometry": { "type": "Point", "coordinates": [ 7.5657807, 45.0758904 ] } },
{ "type": "Feature", "properties": { "name": "Francia Nord" }, "geometry": { "type": "Point", "coordinates": [ 7.5640162, 45.0729092 ] } },
{ "type": "Feature", "properties": { "name": "Goito" }, "geometry": { "type": "Point", "coordinates": [ 7.5729692, 45.06436 ] } },
{ "type": "Feature", "properties": { "name": "IV Novembre" }, "geometry": { "type": "Point", "coordinates": [ 7.54371, 45.0712305 ] } },
{ "type": "Feature", "properties": { "name": "Michiardi" }, "geometry": { "type": "Point", "coordinates": [ 7.5711479, 45.0618874 ] } },
{ "type": "Feature", "properties": { "name": "Francia" }, "geometry": { "type": "Point", "coordinates": [ 7.572796, 45.0721384 ] } },
{ "type": "Feature", "properties": { "name": "Latina" }, "geometry": { "type": "Point", "coordinates": [ 7.5730316, 45.0690895 ] } },
{ "type": "Feature", "properties": { "name": "Cimarosa" }, "geometry": { "type": "Point", "coordinates": [ 7.5723934, 45.0767009 ] } },
{ "type": "Feature", "properties": { "name": "Scalenghe" }, "geometry": { "type": "Point", "coordinates": [ 7.5562158, 45.0717672 ] } },
{ "type": "Feature", "properties": { "name": "Olevano" }, "geometry": { "type": "Point", "coordinates": [ 7.5707522, 45.0592375 ] } },
{ "type": "Feature", "properties": { "name": "Togliatti" }, "geometry": { "type": "Point", "coordinates": [ 7.5676943, 45.0787398 ] } },
{ "type": "Feature", "properties": { "name": "Papa Giovanni XXIII" }, "geometry": { "type": "Point", "coordinates": [ 7.5720261, 45.0635001 ] } },
{ "type": "Feature", "properties": { "name": "Novalesa" }, "geometry": { "type": "Point", "coordinates": [ 7.5593564, 45.0719195 ] } },
{ "type": "Feature", "properties": { "name": "Tevere" }, "geometry": { "type": "Point", "coordinates": [ 7.5525092, 45.0716106 ] } },
{ "type": "Feature", "properties": { "name": "Settembrini Cancello 8" }, "geometry": { "type": "Point", "coordinates": [ 7.6338284, 45.0231384 ] } },
{ "type": "Feature", "properties": { "name": "Settembrini Cancello 20" }, "geometry": { "type": "Point", "coordinates": [ 7.617522, 45.0294416 ] } },
{ "type": "Feature", "properties": { "name": "Settembrini Cancello 15" }, "geometry": { "type": "Point", "coordinates": [ 7.6321842, 45.0237552 ] } },
{ "type": "Feature", "properties": { "name": "Settembrini" }, "geometry": { "type": "Point", "coordinates": [ 7.6120275, 45.0310179 ] } },
{ "type": "Feature", "properties": { "name": "Gorini" }, "geometry": { "type": "Point", "coordinates": [ 7.5927878, 45.0417376 ] } },
{ "type": "Feature", "properties": { "name": "Settembrini Cancello 16" }, "geometry": { "type": "Point", "coordinates": [ 7.6298484, 45.0246879 ] } },
{ "type": "Feature", "properties": { "name": "Cervi N.87" }, "geometry": { "type": "Point", "coordinates": [ 7.5722996, 45.0573808 ] } },
{ "type": "Feature", "properties": { "name": "Settembrini Cancello 17" }, "geometry": { "type": "Point", "coordinates": [ 7.627587, 45.0255604 ] } },
{ "type": "Feature", "properties": { "name": "Portone N.175" }, "geometry": { "type": "Point", "coordinates": [ 7.5974716, 45.0396096 ] } },
{ "type": "Feature", "properties": { "name": "Portone Ovest" }, "geometry": { "type": "Point", "coordinates": [ 7.5894221, 45.0449751 ] } },
{ "type": "Feature", "properties": { "name": "Allamano" }, "geometry": { "type": "Point", "coordinates": [ 7.5944443, 45.0513707 ] } },
{ "type": "Feature", "properties": { "name": "Pancalieri" }, "geometry": { "type": "Point", "coordinates": [ 7.6033231, 45.0362859 ] } },
{ "type": "Feature", "properties": { "name": "San Paolo" }, "geometry": { "type": "Point", "coordinates": [ 7.5913986, 45.0474305 ] } },
{ "type": "Feature", "properties": { "name": "San Martino" }, "geometry": { "type": "Point", "coordinates": [ 7.5841563, 45.0521216 ] } },
{ "type": "Feature", "properties": { "name": "Perotti" }, "geometry": { "type": "Point", "coordinates": [ 7.5748116, 45.0572266 ] } },
{ "type": "Feature", "properties": { "name": "Settembrini Cancello 18" }, "geometry": { "type": "Point", "coordinates": [ 7.6206434, 45.0282516 ] } },
{ "type": "Feature", "properties": { "name": "Rivalta" }, "geometry": { "type": "Point", "coordinates": [ 7.5777019, 45.0545606 ] } },
{ "type": "Feature", "properties": { "name": "Rivalta Sud" }, "geometry": { "type": "Point", "coordinates": [ 7.5776499, 45.0523726 ] } },
{ "type": "Feature", "properties": { "name": "Settembrini Cancello 19" }, "geometry": { "type": "Point", "coordinates": [ 7.6191904, 45.02884 ] } },
{ "type": "Feature", "properties": { "name": "Cimitero Parco" }, "geometry": { "type": "Point", "coordinates": [ 7.6035496, 45.0321247 ] } },
{ "type": "Feature", "properties": { "name": "Leonardo da Vinci" }, "geometry": { "type": "Point", "coordinates": [ 7.5871062, 45.0520131 ] } },
{ "type": "Feature", "properties": { "name": "Torino" }, "geometry": { "type": "Point", "coordinates": [ 7.5860306, 45.0224774 ] } },
{ "type": "Feature", "properties": { "name": "Santa Rita" }, "geometry": { "type": "Point", "coordinates": [ 7.6455286, 45.0459762 ] } },
{ "type": "Feature", "properties": { "name": "Fornaci" }, "geometry": { "type": "Point", "coordinates": [ 7.5979962, 45.027263 ] } },
{ "type": "Feature", "properties": { "name": "Cattaneo Sud" }, "geometry": { "type": "Point", "coordinates": [ 7.6239518, 45.0349592 ] } },
{ "type": "Feature", "properties": { "name": "Circonvallazione" }, "geometry": { "type": "Point", "coordinates": [ 7.5593962, 45.0123417 ] } },
{ "type": "Feature", "properties": { "name": "Pitagora" }, "geometry": { "type": "Point", "coordinates": [ 7.6350449, 45.0406838 ] } },
{ "type": "Feature", "properties": { "name": "Monti" }, "geometry": { "type": "Point", "coordinates": [ 7.5263035, 45.0057099 ] } },
{ "type": "Feature", "properties": { "name": "Boston" }, "geometry": { "type": "Point", "coordinates": [ 7.6383584, 45.042339 ] } },
{ "type": "Feature", "properties": { "name": "Risorgimento" }, "geometry": { "type": "Point", "coordinates": [ 7.5883829, 45.0232836 ] } },
{ "type": "Feature", "properties": { "name": "Ferrara" }, "geometry": { "type": "Point", "coordinates": [ 7.5996244, 45.0278792 ] } },
{ "type": "Feature", "properties": { "name": "Cavour" }, "geometry": { "type": "Point", "coordinates": [ 7.5382265, 45.0106622 ] } },
{ "type": "Feature", "properties": { "name": "Omero" }, "geometry": { "type": "Point", "coordinates": [ 7.6301431, 45.0383475 ] } },
{ "type": "Feature", "properties": { "name": "Piossasco" }, "geometry": { "type": "Point", "coordinates": [ 7.5250224, 45.0016748 ] } },
{ "type": "Feature", "properties": { "name": "Gandhi" }, "geometry": { "type": "Point", "coordinates": [ 7.5452012, 45.0087312 ] } },
{ "type": "Feature", "properties": { "name": "Filadelfia" }, "geometry": { "type": "Point", "coordinates": [ 7.6411673, 45.0437149 ] } },
{ "type": "Feature", "properties": { "name": "Ferrara" }, "geometry": { "type": "Point", "coordinates": [ 7.6017364, 45.0282493 ] } },
{ "type": "Feature", "properties": { "name": "Fornaci" }, "geometry": { "type": "Point", "coordinates": [ 7.5972068, 45.0272552 ] } },
{ "type": "Feature", "properties": { "name": "Santa Rita" }, "geometry": { "type": "Point", "coordinates": [ 7.6452889, 45.0460014 ] } },
{ "type": "Feature", "properties": { "name": "Centro Ricerche FIAT" }, "geometry": { "type": "Point", "coordinates": [ 7.5662371, 45.0145157 ] } },
{ "type": "Feature", "properties": { "name": "Omero" }, "geometry": { "type": "Point", "coordinates": [ 7.6304422, 45.0382119 ] } },
{ "type": "Feature", "properties": { "name": "Risorgimento" }, "geometry": { "type": "Point", "coordinates": [ 7.5889, 45.023307 ] } },
{ "type": "Feature", "properties": { "name": "Filadelfia" }, "geometry": { "type": "Point", "coordinates": [ 7.6414443, 45.0436974 ] } },
{ "type": "Feature", "properties": { "name": "De Gasperi" }, "geometry": { "type": "Point", "coordinates": [ 7.5426494, 45.0080706 ] } },
{ "type": "Feature", "properties": { "name": "Orbassano Cancello 11" }, "geometry": { "type": "Point", "coordinates": [ 7.6177605, 45.0321862 ] } },
{ "type": "Feature", "properties": { "name": "Pitagora" }, "geometry": { "type": "Point", "coordinates": [ 7.6351419, 45.0405212 ] } },
{ "type": "Feature", "properties": { "name": "Cottolengo" }, "geometry": { "type": "Point", "coordinates": [ 7.5337105, 45.0104393 ] } },
{ "type": "Feature", "properties": { "name": "Fermi" }, "geometry": { "type": "Point", "coordinates": [ 7.5739229, 45.0173774 ] } },
{ "type": "Feature", "properties": { "name": "Centro Ricerche FIAT" }, "geometry": { "type": "Point", "coordinates": [ 7.5670581, 45.0150126 ] } },
{ "type": "Feature", "properties": { "name": "De Nicola" }, "geometry": { "type": "Point", "coordinates": [ 7.5796941, 45.0191864 ] } },
{ "type": "Feature", "properties": { "name": "Cattaneo" }, "geometry": { "type": "Point", "coordinates": [ 7.6257122, 45.0361604 ] } },
{ "type": "Feature", "properties": { "name": "Cavour" }, "geometry": { "type": "Point", "coordinates": [ 7.5825487, 45.0218328 ] } },
{ "type": "Feature", "properties": { "name": "Gramsci" }, "geometry": { "type": "Point", "coordinates": [ 7.5302418, 45.0035945 ] } },
{ "type": "Feature", "properties": { "name": "Cavour" }, "geometry": { "type": "Point", "coordinates": [ 7.5831951, 45.0217695 ] } },
{ "type": "Feature", "properties": { "name": "Mombarcaro" }, "geometry": { "type": "Point", "coordinates": [ 7.6475009, 45.0473878 ] } },
{ "type": "Feature", "properties": { "name": "Dalla Chiesa Capolinea" }, "geometry": { "type": "Point", "coordinates": [ 7.545264, 45.007832 ] } },
{ "type": "Feature", "properties": { "name": "Cavour" }, "geometry": { "type": "Point", "coordinates": [ 7.5385348, 45.0107411 ] } },
{ "type": "Feature", "properties": { "name": "VIII Marzo" }, "geometry": { "type": "Point", "coordinates": [ 7.5925825, 45.025142 ] } },
{ "type": "Feature", "properties": { "name": "Svincolo Mirafiori" }, "geometry": { "type": "Point", "coordinates": [ 7.6072144, 45.0297333 ] } },
{ "type": "Feature", "properties": { "name": "Nallino" }, "geometry": { "type": "Point", "coordinates": [ 7.62819, 45.0371057 ] } },
{ "type": "Feature", "properties": { "name": "De Gasperi" }, "geometry": { "type": "Point", "coordinates": [ 7.5422081, 45.009412 ] } },
{ "type": "Feature", "properties": { "name": "Fermi" }, "geometry": { "type": "Point", "coordinates": [ 7.5751794, 45.0175829 ] } },
{ "type": "Feature", "properties": { "name": "Boston" }, "geometry": { "type": "Point", "coordinates": [ 7.6380336, 45.0419704 ] } },
{ "type": "Feature", "properties": { "name": "VIII Marzo" }, "geometry": { "type": "Point", "coordinates": [ 7.5922386, 45.0252368 ] } },
{ "type": "Feature", "properties": { "name": "Omero Ovest" }, "geometry": { "type": "Point", "coordinates": [ 7.6278245, 45.0371944 ] } },
{ "type": "Feature", "properties": { "name": "Caprera" }, "geometry": { "type": "Point", "coordinates": [ 7.6497655, 45.0488756 ] } },
{ "type": "Feature", "properties": { "name": "Cattaneo Sud" }, "geometry": { "type": "Point", "coordinates": [ 7.6233209, 45.035073 ] } },
{ "type": "Feature", "properties": { "name": "Mombarcaro" }, "geometry": { "type": "Point", "coordinates": [ 7.6476807, 45.0473327 ] } },
{ "type": "Feature", "properties": { "name": "Cattaneo" }, "geometry": { "type": "Point", "coordinates": [ 7.626308, 45.036117 ] } },
{ "type": "Feature", "properties": { "name": "Orbassano Cancello 11" }, "geometry": { "type": "Point", "coordinates": [ 7.617008, 45.0322546 ] } },
{ "type": "Feature", "properties": { "name": "Caprera" }, "geometry": { "type": "Point", "coordinates": [ 7.6508615, 45.0494385 ] } },
{ "type": "Feature", "properties": { "name": "De Nicola" }, "geometry": { "type": "Point", "coordinates": [ 7.5795065, 45.0193039 ] } },
{ "type": "Feature", "properties": { "name": "Cottolengo" }, "geometry": { "type": "Point", "coordinates": [ 7.5338271, 45.0107364 ] } },
{ "type": "Feature", "properties": { "name": "Einaudi" }, "geometry": { "type": "Point", "coordinates": [ 7.6660804, 45.0588449 ] } },
{ "type": "Feature", "properties": { "name": "Cassini" }, "geometry": { "type": "Point", "coordinates": [ 7.6594548, 45.0521682 ] } },
{ "type": "Feature", "properties": { "name": "Siccardi Capolinea" }, "geometry": { "type": "Point", "coordinates": [ 7.6756655, 45.0729557 ] } },
{ "type": "Feature", "properties": { "name": "Orbassano" }, "geometry": { "type": "Point", "coordinates": [ 7.6569449, 45.0530116 ] } },
{ "type": "Feature", "properties": { "name": "Pastrengo" }, "geometry": { "type": "Point", "coordinates": [ 7.6675842, 45.0610072 ] } },
{ "type": "Feature", "properties": { "name": "Stati Uniti" }, "geometry": { "type": "Point", "coordinates": [ 7.6689422, 45.0629879 ] } },
{ "type": "Feature", "properties": { "name": "Revel" }, "geometry": { "type": "Point", "coordinates": [ 7.6731548, 45.0683905 ] } },
{ "type": "Feature", "properties": { "name": "Gessi" }, "geometry": { "type": "Point", "coordinates": [ 7.6527373, 45.0508698 ] } },
{ "type": "Feature", "properties": { "name": "Caboto" }, "geometry": { "type": "Point", "coordinates": [ 7.6632521, 45.0543401 ] } },
{ "type": "Feature", "properties": { "name": "Gessi" }, "geometry": { "type": "Point", "coordinates": [ 7.6534986, 45.0511922 ] } },
{ "type": "Feature", "properties": { "name": "Vela - G.A.M." }, "geometry": { "type": "Point", "coordinates": [ 7.6701094, 45.0642737 ] } },
{ "type": "Feature", "properties": { "name": "Vela - G.A.M." }, "geometry": { "type": "Point", "coordinates": [ 7.6698581, 45.0643148 ] } },
{ "type": "Feature", "properties": { "name": "Vittorio Emanuele II" }, "geometry": { "type": "Point", "coordinates": [ 7.6712113, 45.0663362 ] } },
{ "type": "Feature", "properties": { "name": "Colombo" }, "geometry": { "type": "Point", "coordinates": [ 7.6645226, 45.0561769 ] } },
{ "type": "Feature", "properties": { "name": "Cernaia" }, "geometry": { "type": "Point", "coordinates": [ 7.674141, 45.0706837 ] } },
{ "type": "Feature", "properties": { "name": "Einaudi" }, "geometry": { "type": "Point", "coordinates": [ 7.666417, 45.058832 ] } },
{ "type": "Feature", "properties": { "name": "Cassini" }, "geometry": { "type": "Point", "coordinates": [ 7.6606696, 45.0521263 ] } },
{ "type": "Feature", "properties": { "name": "Colombo" }, "geometry": { "type": "Point", "coordinates": [ 7.6642265, 45.056122 ] } },
{ "type": "Feature", "properties": { "name": "Caboto" }, "geometry": { "type": "Point", "coordinates": [ 7.6629796, 45.0542963 ] } },
{ "type": "Feature", "properties": { "name": "Cernaia" }, "geometry": { "type": "Point", "coordinates": [ 7.674733, 45.0706801 ] } },
{ "type": "Feature", "properties": { "name": "Pastrengo" }, "geometry": { "type": "Point", "coordinates": [ 7.6678728, 45.0609753 ] } },
{ "type": "Feature", "properties": { "name": "Revel" }, "geometry": { "type": "Point", "coordinates": [ 7.6726373, 45.0686043 ] } },
{ "type": "Feature", "properties": { "name": "Stati Uniti" }, "geometry": { "type": "Point", "coordinates": [ 7.6692434, 45.0629909 ] } },
{ "type": "Feature", "properties": { "name": "Orbassano" }, "geometry": { "type": "Point", "coordinates": [ 7.6568669, 45.0527907 ] } },
{ "type": "Feature", "properties": { "name": "Statuto" }, "geometry": { "type": "Point", "coordinates": [ 7.6695545, 45.0764672 ] } },
{ "type": "Feature", "properties": { "name": "Siccardi" }, "geometry": { "type": "Point", "coordinates": [ 7.6752691, 45.0711903 ] } },
{ "type": "Feature", "properties": { "name": "Schina" }, "geometry": { "type": "Point", "coordinates": [ 7.6638039, 45.078664 ] } },
{ "type": "Feature", "properties": { "name": "XVIII Dicembre" }, "geometry": { "type": "Point", "coordinates": [ 7.6681887, 45.0741152 ] } },
{ "type": "Feature", "properties": { "name": "Pastrengo" }, "geometry": { "type": "Point", "coordinates": [ 7.6740699, 45.0580738 ] } },
{ "type": "Feature", "properties": { "name": "Pastrengo" }, "geometry": { "type": "Point", "coordinates": [ 7.6742889, 45.058305 ] } },
{ "type": "Feature", "properties": { "name": "Emilia" }, "geometry": { "type": "Point", "coordinates": [ 7.6870526, 45.0819574 ] } },
{ "type": "Feature", "properties": { "name": "Park Caio Mario" }, "geometry": { "type": "Point", "coordinates": [ 7.6404955, 45.0275089 ] } },
{ "type": "Feature", "properties": { "name": "Pavese" }, "geometry": { "type": "Point", "coordinates": [ 7.6303857, 45.018386 ] } },
{ "type": "Feature", "properties": { "name": "Castello di Mirafiori" }, "geometry": { "type": "Point", "coordinates": [ 7.6248742, 45.0135057 ] } },
{ "type": "Feature", "properties": { "name": "Giambone" }, "geometry": { "type": "Point", "coordinates": [ 7.6467146, 45.0330656 ] } },
{ "type": "Feature", "properties": { "name": "Biscaretti" }, "geometry": { "type": "Point", "coordinates": [ 7.6313141, 45.0192637 ] } },
{ "type": "Feature", "properties": { "name": "Farinelli" }, "geometry": { "type": "Point", "coordinates": [ 7.6283329, 45.0165555 ] } },
{ "type": "Feature", "properties": { "name": "Settembrini" }, "geometry": { "type": "Point", "coordinates": [ 7.6344459, 45.0222469 ] } },
{ "type": "Feature", "properties": { "name": "Traiano" }, "geometry": { "type": "Point", "coordinates": [ 7.6382758, 45.0256015 ] } },
{ "type": "Feature", "properties": { "name": "Caio Mario" }, "geometry": { "type": "Point", "coordinates": [ 7.6354355, 45.0241257 ] } },
{ "type": "Feature", "properties": { "name": "Pavese" }, "geometry": { "type": "Point", "coordinates": [ 7.6295064, 45.0176544 ] } },
{ "type": "Feature", "properties": { "name": "Park Caio Mario" }, "geometry": { "type": "Point", "coordinates": [ 7.6409694, 45.02802 ] } },
{ "type": "Feature", "properties": { "name": "Giambone" }, "geometry": { "type": "Point", "coordinates": [ 7.6460298, 45.032527 ] } },
{ "type": "Feature", "properties": { "name": "Plava" }, "geometry": { "type": "Point", "coordinates": [ 7.6274351, 45.015801 ] } },
{ "type": "Feature", "properties": { "name": "Barbera" }, "geometry": { "type": "Point", "coordinates": [ 7.632191, 45.0200036 ] } },
{ "type": "Feature", "properties": { "name": "Traiano" }, "geometry": { "type": "Point", "coordinates": [ 7.6391513, 45.0263063 ] } },
{ "type": "Feature", "properties": { "name": "Vigliani" }, "geometry": { "type": "Point", "coordinates": [ 7.6346701, 45.0223821 ] } },
{ "type": "Feature", "properties": { "name": "Tazzoli" }, "geometry": { "type": "Point", "coordinates": [ 7.6424275, 45.0293033 ] } },
{ "type": "Feature", "properties": { "name": "Drosso Capolinea" }, "geometry": { "type": "Point", "coordinates": [ 7.6251673, 45.0137035 ] } },
{ "type": "Feature", "properties": { "name": "Corte d'Appello" }, "geometry": { "type": "Point", "coordinates": [ 7.6816175, 45.0737194 ] } },
{ "type": "Feature", "properties": { "name": "Stati Uniti" }, "geometry": { "type": "Point", "coordinates": [ 7.6759612, 45.0606457 ] } },
{ "type": "Feature", "properties": { "name": "Vespucci" }, "geometry": { "type": "Point", "coordinates": [ 7.6692569, 45.0532085 ] } },
{ "type": "Feature", "properties": { "name": "Lepanto" }, "geometry": { "type": "Point", "coordinates": [ 7.6624004, 45.0470508 ] } },
{ "type": "Feature", "properties": { "name": "Filadelfia" }, "geometry": { "type": "Point", "coordinates": [ 7.6537182, 45.0394029 ] } },
{ "type": "Feature", "properties": { "name": "Bertola" }, "geometry": { "type": "Point", "coordinates": [ 7.6821508, 45.0694161 ] } },
{ "type": "Feature", "properties": { "name": "Carmagnola" }, "geometry": { "type": "Point", "coordinates": [ 7.6890932, 45.0850784 ] } },
{ "type": "Feature", "properties": { "name": "Montevideo" }, "geometry": { "type": "Point", "coordinates": [ 7.6508616, 45.0368431 ] } },
{ "type": "Feature", "properties": { "name": "San Marino" }, "geometry": { "type": "Point", "coordinates": [ 7.6491697, 45.0353316 ] } },
{ "type": "Feature", "properties": { "name": "Porta Nuova" }, "geometry": { "type": "Point", "coordinates": [ 7.6772134, 45.0623575 ] } },
{ "type": "Feature", "properties": { "name": "Bertola" }, "geometry": { "type": "Point", "coordinates": [ 7.6807949, 45.0695607 ] } },
{ "type": "Feature", "properties": { "name": "Sommeiller" }, "geometry": { "type": "Point", "coordinates": [ 7.6717974, 45.0553698 ] } },
{ "type": "Feature", "properties": { "name": "Stati Uniti" }, "geometry": { "type": "Point", "coordinates": [ 7.6756302, 45.0602635 ] } },
{ "type": "Feature", "properties": { "name": "Sebastopoli" }, "geometry": { "type": "Point", "coordinates": [ 7.6563908, 45.0416975 ] } },
{ "type": "Feature", "properties": { "name": "Vespucci" }, "geometry": { "type": "Point", "coordinates": [ 7.6689015, 45.0529601 ] } },
{ "type": "Feature", "properties": { "name": "San Quintino" }, "geometry": { "type": "Point", "coordinates": [ 7.6772752, 45.0647509 ] } },
{ "type": "Feature", "properties": { "name": "Montevideo" }, "geometry": { "type": "Point", "coordinates": [ 7.6513743, 45.0372274 ] } },
{ "type": "Feature", "properties": { "name": "Ospedale Mauriziano" }, "geometry": { "type": "Point", "coordinates": [ 7.6657809, 45.0500906 ] } },
{ "type": "Feature", "properties": { "name": "Duomo - Musei Reali" }, "geometry": { "type": "Point", "coordinates": [ 7.6852852, 45.0743305 ] } },
{ "type": "Feature", "properties": { "name": "San Marino" }, "geometry": { "type": "Point", "coordinates": [ 7.6495312, 45.0355777 ] } },
{ "type": "Feature", "properties": { "name": "Lepanto" }, "geometry": { "type": "Point", "coordinates": [ 7.6617557, 45.0465493 ] } },
{ "type": "Feature", "properties": { "name": "Emilia" }, "geometry": { "type": "Point", "coordinates": [ 7.6868978, 45.0818068 ] } },
{ "type": "Feature", "properties": { "name": "Sebastopoli" }, "geometry": { "type": "Point", "coordinates": [ 7.6556928, 45.0411672 ] } },
{ "type": "Feature", "properties": { "name": "Caserma Morelli" }, "geometry": { "type": "Point", "coordinates": [ 7.658645, 45.043797 ] } },
{ "type": "Feature", "properties": { "name": "Carmagnola" }, "geometry": { "type": "Point", "coordinates": [ 7.6885572, 45.0843654 ] } },
{ "type": "Feature", "properties": { "name": "Filadelfia" }, "geometry": { "type": "Point", "coordinates": [ 7.6540465, 45.039609 ] } },
{ "type": "Feature", "properties": { "name": "Sommeiller" }, "geometry": { "type": "Point", "coordinates": [ 7.6721885, 45.0556733 ] } },
{ "type": "Feature", "properties": { "name": "Porta Nuova" }, "geometry": { "type": "Point", "coordinates": [ 7.6775152, 45.0626952 ] } },
{ "type": "Feature", "properties": { "name": "Ospedale Mauriziano" }, "geometry": { "type": "Point", "coordinates": [ 7.6652944, 45.0497235 ] } },
{ "type": "Feature", "properties": { "name": "Caserma Morelli" }, "geometry": { "type": "Point", "coordinates": [ 7.6588924, 45.043935 ] } },
{ "type": "Feature", "properties": { "name": "Borgo Dora" }, "geometry": { "type": "Point", "coordinates": [ 7.6852979, 45.0794123 ] } },
{ "type": "Feature", "properties": { "name": "Monte di Pietà" }, "geometry": { "type": "Point", "coordinates": [ 7.6799862, 45.0714322 ] } },
{ "type": "Feature", "properties": { "name": "Ulivi" }, "geometry": { "type": "Point", "coordinates": [ 7.7141582, 45.1271418 ] } },
{ "type": "Feature", "properties": { "name": "Derna" }, "geometry": { "type": "Point", "coordinates": [ 7.699401, 45.10087 ] } },
{ "type": "Feature", "properties": { "name": "Tigli" }, "geometry": { "type": "Point", "coordinates": [ 7.7075711, 45.1290086 ] } },
{ "type": "Feature", "properties": { "name": "Palermo" }, "geometry": { "type": "Point", "coordinates": [ 7.6927589, 45.0907611 ] } },
{ "type": "Feature", "properties": { "name": "Lauro Rossi" }, "geometry": { "type": "Point", "coordinates": [ 7.6948912, 45.0940319 ] } },
{ "type": "Feature", "properties": { "name": "Abeti" }, "geometry": { "type": "Point", "coordinates": [ 7.7105577, 45.128595 ] } },
{ "type": "Feature", "properties": { "name": "Ivrea" }, "geometry": { "type": "Point", "coordinates": [ 7.7071423, 45.1127855 ] } },
{ "type": "Feature", "properties": { "name": "Scotellaro" }, "geometry": { "type": "Point", "coordinates": [ 7.704518, 45.1086905 ] } },
{ "type": "Feature", "properties": { "name": "Abeti" }, "geometry": { "type": "Point", "coordinates": [ 7.7102528, 45.128793 ] } },
{ "type": "Feature", "properties": { "name": "Ulivi" }, "geometry": { "type": "Point", "coordinates": [ 7.7145602, 45.1270495 ] } },
{ "type": "Feature", "properties": { "name": "Novara" }, "geometry": { "type": "Point", "coordinates": [ 7.6912336, 45.0883699 ] } },
{ "type": "Feature", "properties": { "name": "Cascinette" }, "geometry": { "type": "Point", "coordinates": [ 7.7090548, 45.1157194 ] } },
{ "type": "Feature", "properties": { "name": "Stura Lazio" }, "geometry": { "type": "Point", "coordinates": [ 7.7073519, 45.1130331 ] } },
{ "type": "Feature", "properties": { "name": "Falchera Capolinea" }, "geometry": { "type": "Point", "coordinates": [ 7.708037, 45.1290013 ] } },
{ "type": "Feature", "properties": { "name": "Scotellaro" }, "geometry": { "type": "Point", "coordinates": [ 7.7043065, 45.10845 ] } },
{ "type": "Feature", "properties": { "name": "Palermo" }, "geometry": { "type": "Point", "coordinates": [ 7.6933503, 45.0915881 ] } },
{ "type": "Feature", "properties": { "name": "Oxilia" }, "geometry": { "type": "Point", "coordinates": [ 7.701488, 45.1041509 ] } },
{ "type": "Feature", "properties": { "name": "Novara" }, "geometry": { "type": "Point", "coordinates": [ 7.6904432, 45.0872157 ] } },
{ "type": "Feature", "properties": { "name": "Stazione Stura" }, "geometry": { "type": "Point", "coordinates": [ 7.7120452, 45.1211589 ] } },
{ "type": "Feature", "properties": { "name": "Derna" }, "geometry": { "type": "Point", "coordinates": [ 7.6991897, 45.1006338 ] } },
{ "type": "Feature", "properties": { "name": "Cascinette" }, "geometry": { "type": "Point", "coordinates": [ 7.7092638, 45.1159543 ] } },
{ "type": "Feature", "properties": { "name": "Lauro Rossi" }, "geometry": { "type": "Point", "coordinates": [ 7.6954536, 45.0948119 ] } },
{ "type": "Feature", "properties": { "name": "Oxilia" }, "geometry": { "type": "Point", "coordinates": [ 7.7016746, 45.1043667 ] } },
{ "type": "Feature", "properties": { "name": "Stazione Stura" }, "geometry": { "type": "Point", "coordinates": [ 7.7120895, 45.1211516 ] } },
{ "type": "Feature", "properties": { "name": "Motorizzazione" }, "geometry": { "type": "Point", "coordinates": [ 7.6050438, 45.0338277 ] } },
{ "type": "Feature", "properties": { "name": "Orbassano" }, "geometry": { "type": "Point", "coordinates": [ 7.6134201, 45.0327586 ] } },
{ "type": "Feature", "properties": { "name": "Bertani Capolinea" }, "geometry": { "type": "Point", "coordinates": [ 7.6028548, 45.031644 ] } },
{ "type": "Feature", "properties": { "name": "Monte Grappa" }, "geometry": { "type": "Point", "coordinates": [ 7.6386769, 45.0815013 ] } },
{ "type": "Feature", "properties": { "name": "Svizzera" }, "geometry": { "type": "Point", "coordinates": [ 7.6498666, 45.0802456 ] } },
{ "type": "Feature", "properties": { "name": "Svizzera" }, "geometry": { "type": "Point", "coordinates": [ 7.6507413, 45.0800948 ] } },
{ "type": "Feature", "properties": { "name": "Monte Grappa" }, "geometry": { "type": "Point", "coordinates": [ 7.6380349, 45.0815175 ] } },
{ "type": "Feature", "properties": { "name": "Ghemme" }, "geometry": { "type": "Point", "coordinates": [ 7.6421488, 45.0812051 ] } },
{ "type": "Feature", "properties": { "name": "Capelli" }, "geometry": { "type": "Point", "coordinates": [ 7.6355088, 45.0817526 ] } },
{ "type": "Feature", "properties": { "name": "Belli" }, "geometry": { "type": "Point", "coordinates": [ 7.6450609, 45.0810571 ] } },
{ "type": "Feature", "properties": { "name": "Risorgimento" }, "geometry": { "type": "Point", "coordinates": [ 7.6522743, 45.0797334 ] } },
{ "type": "Feature", "properties": { "name": "Lecce" }, "geometry": { "type": "Point", "coordinates": [ 7.64656, 45.0809438 ] } },
{ "type": "Feature", "properties": { "name": "Ghemme" }, "geometry": { "type": "Point", "coordinates": [ 7.6417068, 45.0811985 ] } },
{ "type": "Feature", "properties": { "name": "Risorgimento" }, "geometry": { "type": "Point", "coordinates": [ 7.652743, 45.0796167 ] } },
{ "type": "Feature", "properties": { "name": "Lecce" }, "geometry": { "type": "Point", "coordinates": [ 7.6476508, 45.0808366 ] } },
{ "type": "Feature", "properties": { "name": "Belli" }, "geometry": { "type": "Point", "coordinates": [ 7.6447789, 45.0810283 ] } },
{ "type": "Feature", "properties": { "name": "Castello" }, "geometry": { "type": "Point", "coordinates": [ 7.6853867, 45.0704138 ] } },
{ "type": "Feature", "properties": { "name": "Sant'Ottavio" }, "geometry": { "type": "Point", "coordinates": [ 7.6928312, 45.0664902 ] } },
{ "type": "Feature", "properties": { "name": "Ospedale Maria Vittoria" }, "geometry": { "type": "Point", "coordinates": [ 7.6567518, 45.0811462 ] } },
{ "type": "Feature", "properties": { "name": "Schina" }, "geometry": { "type": "Point", "coordinates": [ 7.6643659, 45.078525 ] } },
{ "type": "Feature", "properties": { "name": "Collegno" }, "geometry": { "type": "Point", "coordinates": [ 7.6602265, 45.0799334 ] } },
{ "type": "Feature", "properties": { "name": "Ospedale Maria Vittoria" }, "geometry": { "type": "Point", "coordinates": [ 7.6567581, 45.0811694 ] } },
{ "type": "Feature", "properties": { "name": "Ospedale Maria Vittoria" }, "geometry": { "type": "Point", "coordinates": [ 7.657058, 45.0811058 ] } },
{ "type": "Feature", "properties": { "name": "Collegno" }, "geometry": { "type": "Point", "coordinates": [ 7.6605537, 45.0798871 ] } },
{ "type": "Feature", "properties": { "name": "Schina" }, "geometry": { "type": "Point", "coordinates": [ 7.6638154, 45.078684 ] } },
{ "type": "Feature", "properties": { "name": "Collegno" }, "geometry": { "type": "Point", "coordinates": [ 7.6605436, 45.0798699 ] } },
{ "type": "Feature", "properties": { "name": "Vittorio Veneto" }, "geometry": { "type": "Point", "coordinates": [ 7.6955883, 45.0646614 ] } },
{ "type": "Feature", "properties": { "name": "Siccardi" }, "geometry": { "type": "Point", "coordinates": [ 7.6744316, 45.0714015 ] } },
{ "type": "Feature", "properties": { "name": "Schina" }, "geometry": { "type": "Point", "coordinates": [ 7.6643736, 45.0785469 ] } },
{ "type": "Feature", "properties": { "name": "Bonsignore" }, "geometry": { "type": "Point", "coordinates": [ 7.6988129, 45.0623429 ] } },
{ "type": "Feature", "properties": { "name": "Vittorio Veneto" }, "geometry": { "type": "Point", "coordinates": [ 7.6952784, 45.0649121 ] } },
{ "type": "Feature", "properties": { "name": "Collegno" }, "geometry": { "type": "Point", "coordinates": [ 7.6602331, 45.0799486 ] } },
{ "type": "Feature", "properties": { "name": "Gran Madre Capolinea" }, "geometry": { "type": "Point", "coordinates": [ 7.6990791, 45.0626983 ] } },
{ "type": "Feature", "properties": { "name": "XVIII Dicembre" }, "geometry": { "type": "Point", "coordinates": [ 7.6685064, 45.074323 ] } },
{ "type": "Feature", "properties": { "name": "Ospedale Maria Vittoria" }, "geometry": { "type": "Point", "coordinates": [ 7.6570542, 45.0810967 ] } },
{ "type": "Feature", "properties": { "name": "XVIII Dicembre" }, "geometry": { "type": "Point", "coordinates": [ 7.6684687, 45.074339 ] } },
{ "type": "Feature", "properties": { "name": "Statuto" }, "geometry": { "type": "Point", "coordinates": [ 7.6695605, 45.0764884 ] } },
{ "type": "Feature", "properties": { "name": "Cosenza" }, "geometry": { "type": "Point", "coordinates": [ 7.6432502, 45.0352236 ] } },
{ "type": "Feature", "properties": { "name": "Politecnico" }, "geometry": { "type": "Point", "coordinates": [ 7.6630648, 45.0627483 ] } },
{ "type": "Feature", "properties": { "name": "Rondò Forca" }, "geometry": { "type": "Point", "coordinates": [ 7.6754247, 45.0789108 ] } },
{ "type": "Feature", "properties": { "name": "Stati Uniti" }, "geometry": { "type": "Point", "coordinates": [ 7.6646795, 45.0652435 ] } },
{ "type": "Feature", "properties": { "name": "Einaudi" }, "geometry": { "type": "Point", "coordinates": [ 7.6608602, 45.0596629 ] } },
{ "type": "Feature", "properties": { "name": "Vittorio Emanuele II" }, "geometry": { "type": "Point", "coordinates": [ 7.6664759, 45.0677664 ] } },
{ "type": "Feature", "properties": { "name": "Questura" }, "geometry": { "type": "Point", "coordinates": [ 7.6691483, 45.0712328 ] } },
{ "type": "Feature", "properties": { "name": "Statuto Nord" }, "geometry": { "type": "Point", "coordinates": [ 7.670441, 45.0771486 ] } },
{ "type": "Feature", "properties": { "name": "Questura" }, "geometry": { "type": "Point", "coordinates": [ 7.6686408, 45.0708026 ] } },
{ "type": "Feature", "properties": { "name": "Rondò Forca" }, "geometry": { "type": "Point", "coordinates": [ 7.675061, 45.078952 ] } },
{ "type": "Feature", "properties": { "name": "Einaudi" }, "geometry": { "type": "Point", "coordinates": [ 7.661431, 45.0606988 ] } },
{ "type": "Feature", "properties": { "name": "Politecnico" }, "geometry": { "type": "Point", "coordinates": [ 7.6628029, 45.0626216 ] } },
{ "type": "Feature", "properties": { "name": "Statuto Nord" }, "geometry": { "type": "Point", "coordinates": [ 7.6703961, 45.0771605 ] } },
{ "type": "Feature", "properties": { "name": "Vittorio Emanuele II" }, "geometry": { "type": "Point", "coordinates": [ 7.6667632, 45.0678927 ] } },
{ "type": "Feature", "properties": { "name": "Traiano" }, "geometry": { "type": "Point", "coordinates": [ 7.6368619, 45.0261783 ] } },
{ "type": "Feature", "properties": { "name": "Vespucci" }, "geometry": { "type": "Point", "coordinates": [ 7.6592302, 45.0575845 ] } },
{ "type": "Feature", "properties": { "name": "Caserma Monte Grappa" }, "geometry": { "type": "Point", "coordinates": [ 7.65446, 45.0509449 ] } },
{ "type": "Feature", "properties": { "name": "Agnelli Cancello 3" }, "geometry": { "type": "Point", "coordinates": [ 7.6388323, 45.0288424 ] } },
{ "type": "Feature", "properties": { "name": "Filadelfia" }, "geometry": { "type": "Point", "coordinates": [ 7.6474593, 45.0408757 ] } },
{ "type": "Feature", "properties": { "name": "San Marino" }, "geometry": { "type": "Point", "coordinates": [ 7.6455651, 45.0382295 ] } },
{ "type": "Feature", "properties": { "name": "Traiano" }, "geometry": { "type": "Point", "coordinates": [ 7.6370989, 45.0264101 ] } },
{ "type": "Feature", "properties": { "name": "Fratelli Carle" }, "geometry": { "type": "Point", "coordinates": [ 7.6569664, 45.0541947 ] } },
{ "type": "Feature", "properties": { "name": "Sebastopoli" }, "geometry": { "type": "Point", "coordinates": [ 7.6492815, 45.0434208 ] } },
{ "type": "Feature", "properties": { "name": "Caprera" }, "geometry": { "type": "Point", "coordinates": [ 7.6524276, 45.0478438 ] } },
{ "type": "Feature", "properties": { "name": "Caserma Monte Grappa" }, "geometry": { "type": "Point", "coordinates": [ 7.654743, 45.0510932 ] } },
{ "type": "Feature", "properties": { "name": "Caprera" }, "geometry": { "type": "Point", "coordinates": [ 7.6523662, 45.0480066 ] } },
{ "type": "Feature", "properties": { "name": "Fratelli Carle" }, "geometry": { "type": "Point", "coordinates": [ 7.6567575, 45.054135 ] } },
{ "type": "Feature", "properties": { "name": "Filadelfia" }, "geometry": { "type": "Point", "coordinates": [ 7.6477035, 45.0414643 ] } },
{ "type": "Feature", "properties": { "name": "Sebastopoli" }, "geometry": { "type": "Point", "coordinates": [ 7.6495907, 45.0441076 ] } },
{ "type": "Feature", "properties": { "name": "Agnelli Cancello 3" }, "geometry": { "type": "Point", "coordinates": [ 7.6386059, 45.0286022 ] } },
{ "type": "Feature", "properties": { "name": "Tazzoli" }, "geometry": { "type": "Point", "coordinates": [ 7.6398161, 45.0302232 ] } },
{ "type": "Feature", "properties": { "name": "Caio Mario Capolinea" }, "geometry": { "type": "Point", "coordinates": [ 7.6355086, 45.0241028 ] } },
{ "type": "Feature", "properties": { "name": "Tazzoli" }, "geometry": { "type": "Point", "coordinates": [ 7.6401526, 45.0307747 ] } },
{ "type": "Feature", "properties": { "name": "Vespucci" }, "geometry": { "type": "Point", "coordinates": [ 7.6592229, 45.0573471 ] } },
{ "type": "Feature", "properties": { "name": "San Marino" }, "geometry": { "type": "Point", "coordinates": [ 7.6449203, 45.0375695 ] } },
{ "type": "Feature", "properties": { "name": "Cosenza" }, "geometry": { "type": "Point", "coordinates": [ 7.6428157, 45.0344303 ] } },
{ "type": "Feature", "properties": { "name": "IV Novembre" }, "geometry": { "type": "Point", "coordinates": [ 7.5430051, 45.0714436 ] } },
{ "type": "Feature", "properties": { "name": "Cimitero Rivoli" }, "geometry": { "type": "Point", "coordinates": [ 7.5275856, 45.0707506 ] } },
{ "type": "Feature", "properties": { "name": "Togliatti" }, "geometry": { "type": "Point", "coordinates": [ 7.5626553, 45.07205 ] } },
{ "type": "Feature", "properties": { "name": "Tagliamento" }, "geometry": { "type": "Point", "coordinates": [ 7.5485418, 45.0717332 ] } },
{ "type": "Feature", "properties": { "name": "San Paolo" }, "geometry": { "type": "Point", "coordinates": [ 7.5346331, 45.0710444 ] } },
{ "type": "Feature", "properties": { "name": "Francia Capolinea" }, "geometry": { "type": "Point", "coordinates": [ 7.5230458, 45.0703615 ] } },
{ "type": "Feature", "properties": { "name": "Paradiso" }, "geometry": { "type": "Point", "coordinates": [ 7.6019089, 45.0739312 ] } },
{ "type": "Feature", "properties": { "name": "Macario" }, "geometry": { "type": "Point", "coordinates": [ 7.5388605, 45.0710263 ] } },
{ "type": "Feature", "properties": { "name": "Magenta" }, "geometry": { "type": "Point", "coordinates": [ 7.596431, 45.073465 ] } },
{ "type": "Feature", "properties": { "name": "Cimitero Rivoli" }, "geometry": { "type": "Point", "coordinates": [ 7.5276189, 45.0705759 ] } },
{ "type": "Feature", "properties": { "name": "XX Settembre" }, "geometry": { "type": "Point", "coordinates": [ 7.5826224, 45.073122 ] } },
{ "type": "Feature", "properties": { "name": "Togliatti" }, "geometry": { "type": "Point", "coordinates": [ 7.5637035, 45.0722884 ] } },
{ "type": "Feature", "properties": { "name": "Gramsci Nord" }, "geometry": { "type": "Point", "coordinates": [ 7.5800388, 45.0727718 ] } },
{ "type": "Feature", "properties": { "name": "XXIV Maggio" }, "geometry": { "type": "Point", "coordinates": [ 7.5741635, 45.0727499 ] } },
{ "type": "Feature", "properties": { "name": "San Paolo" }, "geometry": { "type": "Point", "coordinates": [ 7.5340438, 45.0708074 ] } },
{ "type": "Feature", "properties": { "name": "Provana" }, "geometry": { "type": "Point", "coordinates": [ 7.5667574, 45.0722103 ] } },
{ "type": "Feature", "properties": { "name": "Macario" }, "geometry": { "type": "Point", "coordinates": [ 7.5395551, 45.0712732 ] } },
{ "type": "Feature", "properties": { "name": "XX Settembre" }, "geometry": { "type": "Point", "coordinates": [ 7.583472, 45.0729261 ] } },
{ "type": "Feature", "properties": { "name": "Gramsci Nord" }, "geometry": { "type": "Point", "coordinates": [ 7.5796182, 45.0729698 ] } },
{ "type": "Feature", "properties": { "name": "XXIV Maggio" }, "geometry": { "type": "Point", "coordinates": [ 7.5734418, 45.0724934 ] } },
{ "type": "Feature", "properties": { "name": "Provana" }, "geometry": { "type": "Point", "coordinates": [ 7.5665273, 45.0724258 ] } },
{ "type": "Feature", "properties": { "name": "Martiri della Libertà" }, "geometry": { "type": "Point", "coordinates": [ 7.5206089, 45.0705589 ] } },
{ "type": "Feature", "properties": { "name": "Paradiso" }, "geometry": { "type": "Point", "coordinates": [ 7.6016523, 45.0737024 ] } },
{ "type": "Feature", "properties": { "name": "Magenta" }, "geometry": { "type": "Point", "coordinates": [ 7.5964625, 45.0737233 ] } },
{ "type": "Feature", "properties": { "name": "Rieti Nord" }, "geometry": { "type": "Point", "coordinates": [ 7.6083745, 45.0742132 ] } },
{ "type": "Feature", "properties": { "name": "Marche" }, "geometry": { "type": "Point", "coordinates": [ 7.6139435, 45.0744364 ] } },
{ "type": "Feature", "properties": { "name": "Macedonia" }, "geometry": { "type": "Point", "coordinates": [ 7.6045435, 45.0738316 ] } },
{ "type": "Feature", "properties": { "name": "Massaua Ovest" }, "geometry": { "type": "Point", "coordinates": [ 7.6181679, 45.0746145 ] } },
{ "type": "Feature", "properties": { "name": "Rieti Nord" }, "geometry": { "type": "Point", "coordinates": [ 7.6088772, 45.0739965 ] } },
{ "type": "Feature", "properties": { "name": "Marche" }, "geometry": { "type": "Point", "coordinates": [ 7.6140778, 45.074225 ] } },
{ "type": "Feature", "properties": { "name": "Macedonia" }, "geometry": { "type": "Point", "coordinates": [ 7.6041825, 45.0740464 ] } },
{ "type": "Feature", "properties": { "name": "Montale" }, "geometry": { "type": "Point", "coordinates": [ 7.6298407, 45.1029522 ] } },
{ "type": "Feature", "properties": { "name": "Vallette Capolinea" }, "geometry": { "type": "Point", "coordinates": [ 7.6240501, 45.1040538 ] } },
{ "type": "Feature", "properties": { "name": "Montale" }, "geometry": { "type": "Point", "coordinates": [ 7.6311174, 45.1033426 ] } },
{ "type": "Feature", "properties": { "name": "Cincinnato" }, "geometry": { "type": "Point", "coordinates": [ 7.6445379, 45.1005811 ] } },
{ "type": "Feature", "properties": { "name": "Largo Toscana" }, "geometry": { "type": "Point", "coordinates": [ 7.6571595, 45.0969967 ] } },
{ "type": "Feature", "properties": { "name": "Largo Borgaro" }, "geometry": { "type": "Point", "coordinates": [ 7.663079, 45.0949208 ] } },
{ "type": "Feature", "properties": { "name": "Piero della Francesca" }, "geometry": { "type": "Point", "coordinates": [ 7.6627788, 45.0920858 ] } },
{ "type": "Feature", "properties": { "name": "Sansovino" }, "geometry": { "type": "Point", "coordinates": [ 7.6401428, 45.1018244 ] } },
{ "type": "Feature", "properties": { "name": "Lombardia" }, "geometry": { "type": "Point", "coordinates": [ 7.650091, 45.0990286 ] } },
{ "type": "Feature", "properties": { "name": "Ospedale Amedeo di Savoia" }, "geometry": { "type": "Point", "coordinates": [ 7.6589571, 45.0889397 ] } },
{ "type": "Feature", "properties": { "name": "Borsi" }, "geometry": { "type": "Point", "coordinates": [ 7.6536739, 45.0980169 ] } },
{ "type": "Feature", "properties": { "name": "Ospedale Amedeo di Savoia" }, "geometry": { "type": "Point", "coordinates": [ 7.6592464, 45.0892044 ] } },
{ "type": "Feature", "properties": { "name": "Pervinche" }, "geometry": { "type": "Point", "coordinates": [ 7.6353651, 45.1031451 ] } },
{ "type": "Feature", "properties": { "name": "Sansovino" }, "geometry": { "type": "Point", "coordinates": [ 7.6410736, 45.1015889 ] } },
{ "type": "Feature", "properties": { "name": "Lombardia" }, "geometry": { "type": "Point", "coordinates": [ 7.6485225, 45.099456 ] } },
{ "type": "Feature", "properties": { "name": "Pervinche" }, "geometry": { "type": "Point", "coordinates": [ 7.6359072, 45.1030465 ] } },
{ "type": "Feature", "properties": { "name": "Borsi" }, "geometry": { "type": "Point", "coordinates": [ 7.6532451, 45.0981002 ] } },
{ "type": "Feature", "properties": { "name": "Largo Toscana" }, "geometry": { "type": "Point", "coordinates": [ 7.6585192, 45.0966532 ] } },
{ "type": "Feature", "properties": { "name": "Piero della Francesca" }, "geometry": { "type": "Point", "coordinates": [ 7.6624401, 45.0914585 ] } },
{ "type": "Feature", "properties": { "name": "Largo Borgaro" }, "geometry": { "type": "Point", "coordinates": [ 7.6622213, 45.0955666 ] } },
{ "type": "Feature", "properties": { "name": "Cincinnato" }, "geometry": { "type": "Point", "coordinates": [ 7.6455806, 45.1003202 ] } },
{ "type": "Feature", "properties": { "name": "XI Febbraio" }, "geometry": { "type": "Point", "coordinates": [ 7.6871098, 45.0755032 ] } },
{ "type": "Feature", "properties": { "name": "Ospedale Gradenigo" }, "geometry": { "type": "Point", "coordinates": [ 7.70616, 45.0691615 ] } },
{ "type": "Feature", "properties": { "name": "Largo Berardi" }, "geometry": { "type": "Point", "coordinates": [ 7.701574, 45.0706847 ] } },
{ "type": "Feature", "properties": { "name": "Campus Einaudi" }, "geometry": { "type": "Point", "coordinates": [ 7.6993056, 45.0715933 ] } },
{ "type": "Feature", "properties": { "name": "Ospedale Gradenigo" }, "geometry": { "type": "Point", "coordinates": [ 7.7059239, 45.0694119 ] } },
{ "type": "Feature", "properties": { "name": "XI Febbraio" }, "geometry": { "type": "Point", "coordinates": [ 7.6869416, 45.0756945 ] } },
{ "type": "Feature", "properties": { "name": "Campus Einaudi" }, "geometry": { "type": "Point", "coordinates": [ 7.6987856, 45.0716222 ] } },
{ "type": "Feature", "properties": { "name": "Rossini" }, "geometry": { "type": "Point", "coordinates": [ 7.6942416, 45.073267 ] } },
{ "type": "Feature", "properties": { "name": "Largo Berardi" }, "geometry": { "type": "Point", "coordinates": [ 7.7023714, 45.0705817 ] } },
{ "type": "Feature", "properties": { "name": "Livorno" }, "geometry": { "type": "Point", "coordinates": [ 7.6661631, 45.0824316 ] } },
{ "type": "Feature", "properties": { "name": "Rondò Forca Ovest" }, "geometry": { "type": "Point", "coordinates": [ 7.675333, 45.0795458 ] } },
{ "type": "Feature", "properties": { "name": "Tassoni" }, "geometry": { "type": "Point", "coordinates": [ 7.6570088, 45.0854604 ] } },
{ "type": "Feature", "properties": { "name": "Martinetto" }, "geometry": { "type": "Point", "coordinates": [ 7.6561034, 45.0853948 ] } },
{ "type": "Feature", "properties": { "name": "Livorno" }, "geometry": { "type": "Point", "coordinates": [ 7.6670461, 45.0822757 ] } },
{ "type": "Feature", "properties": { "name": "Avellino" }, "geometry": { "type": "Point", "coordinates": [ 7.6622182, 45.0838733 ] } },
{ "type": "Feature", "properties": { "name": "Ospedale Cottolengo" }, "geometry": { "type": "Point", "coordinates": [ 7.6790429, 45.0783149 ] } },
{ "type": "Feature", "properties": { "name": "Rondò Forca Ovest" }, "geometry": { "type": "Point", "coordinates": [ 7.6755142, 45.0793428 ] } },
{ "type": "Feature", "properties": { "name": "Porta Palazzo" }, "geometry": { "type": "Point", "coordinates": [ 7.6818321, 45.0772449 ] } },
{ "type": "Feature", "properties": { "name": "Porta Palazzo Ovest" }, "geometry": { "type": "Point", "coordinates": [ 7.6827223, 45.0770891 ] } },
{ "type": "Feature", "properties": { "name": "Tassoni" }, "geometry": { "type": "Point", "coordinates": [ 7.6567711, 45.0856796 ] } },
{ "type": "Feature", "properties": { "name": "Avellino" }, "geometry": { "type": "Point", "coordinates": [ 7.6615077, 45.0839681 ] } },
{ "type": "Feature", "properties": { "name": "Ospedale Cottolengo" }, "geometry": { "type": "Point", "coordinates": [ 7.6792235, 45.0781119 ] } },
{ "type": "Feature", "properties": { "name": "Porta Palazzo Est" }, "geometry": { "type": "Point", "coordinates": [ 7.6845018, 45.0764571 ] } },
{ "type": "Feature", "properties": { "name": "Fabrizi" }, "geometry": { "type": "Point", "coordinates": [ 7.6560479, 45.0799901 ] } },
{ "type": "Feature", "properties": { "name": "Fabrizi" }, "geometry": { "type": "Point", "coordinates": [ 7.6561623, 45.0803299 ] } },
{ "type": "Feature", "properties": { "name": "Ormea" }, "geometry": { "type": "Point", "coordinates": [ 7.6799976, 45.0509204 ] } },
{ "type": "Feature", "properties": { "name": "D'Azeglio Capolinea" }, "geometry": { "type": "Point", "coordinates": [ 7.6822096, 45.0513174 ] } },
{ "type": "Feature", "properties": { "name": "Stampalia Capolinea" }, "geometry": { "type": "Point", "coordinates": [ 7.658175, 45.112571 ] } },
{ "type": "Feature", "properties": { }, "geometry": { "type": "Point", "coordinates": [ 7.6760803, 45.0603806 ] } },
{ "type": "Feature", "properties": { "name": "Torino Lingotto" }, "geometry": { "type": "Point", "coordinates": [ 7.6573853, 45.0266169 ] } },
{ "type": "Feature", "properties": { "name": "Racconigi" }, "geometry": { "type": "Point", "coordinates": [ 7.6490993, 45.0757511 ] } },
{ "type": "Feature", "properties": { "name": "Dante" }, "geometry": { "type": "Point", "coordinates": [ 7.6727857, 45.0470255 ] } },
{ "type": "Feature", "properties": { "name": "Porta Palazzo Sud" }, "geometry": { "type": "Point", "coordinates": [ 7.6831567, 45.0760799 ] } },
{ "type": "Feature", "properties": { "name": "Sommeiller" }, "geometry": { "type": "Point", "coordinates": [ 7.6686045, 45.0567555 ] } },
{ "type": "Feature", "properties": { "name": "Gottardo" }, "geometry": { "type": "Point", "coordinates": [ 7.696894, 45.0970238 ] } },
{ "type": "Feature", "properties": { "name": "Galileo Ferraris" }, "geometry": { "type": "Point", "coordinates": [ 7.6665031, 45.058189 ] } },
{ "type": "Feature", "properties": { "name": "Pastrengo" }, "geometry": { "type": "Point", "coordinates": [ 7.6702131, 45.0591017 ] } },
{ "type": "Feature", "properties": { "name": "Gottardo" }, "geometry": { "type": "Point", "coordinates": [ 7.6973999, 45.0978605 ] } },
{ "type": "Feature", "properties": { "name": "Einaudi" }, "geometry": { "type": "Point", "coordinates": [ 7.6690569, 45.0577305 ] } },
{ "type": "Feature", "properties": { "name": "Porta Palazzo Nord" }, "geometry": { "type": "Point", "coordinates": [ 7.6840403, 45.0773833 ] } },
{ "type": "Feature", "properties": { "name": "Arsenale" }, "geometry": { "type": "Point", "coordinates": [ 7.6771613, 45.0655408 ] } },
{ "type": "Feature", "properties": { "name": "Vittorio Emanuele II" }, "geometry": { "type": "Point", "coordinates": [ 7.6738568, 45.0641805 ] } },
{ "type": "Feature", "properties": { "name": "Vittorio Emanuele II" }, "geometry": { "type": "Point", "coordinates": [ 7.6734744, 45.0639212 ] } },
{ "type": "Feature", "properties": { "name": "Garibaldi" }, "geometry": { "type": "Point", "coordinates": [ 7.6837141, 45.0718796 ] } },
{ "type": "Feature", "properties": { "name": "Pastrengo" }, "geometry": { "type": "Point", "coordinates": [ 7.6701051, 45.0592082 ] } },
{ "type": "Feature", "properties": { "name": "De Gasperi" }, "geometry": { "type": "Point", "coordinates": [ 7.6639109, 45.0591861 ] } },
{ "type": "Feature", "properties": { "name": "Legnano" }, "geometry": { "type": "Point", "coordinates": [ 7.6714025, 45.0607385 ] } },
{ "type": "Feature", "properties": { "name": "Legnano" }, "geometry": { "type": "Point", "coordinates": [ 7.6712588, 45.0608087 ] } },
{ "type": "Feature", "properties": { "name": "Re Umberto" }, "geometry": { "type": "Point", "coordinates": [ 7.6751579, 45.0640003 ] } },
{ "type": "Feature", "properties": { "name": "Vinzaglio" }, "geometry": { "type": "Point", "coordinates": [ 7.6655588, 45.0674714 ] } },
{ "type": "Feature", "properties": { "name": "Porta Nuova" }, "geometry": { "type": "Point", "coordinates": [ 7.6790125, 45.0625854 ] } },
{ "type": "Feature", "properties": { "name": "Regina Margherita" }, "geometry": { "type": "Point", "coordinates": [ 7.6937085, 45.0730838 ] } },
{ "type": "Feature", "properties": { "name": "Giardini Reali" }, "geometry": { "type": "Point", "coordinates": [ 7.6905578, 45.0744995 ] } },
{ "type": "Feature", "properties": { "name": "Palazzo Nuovo" }, "geometry": { "type": "Point", "coordinates": [ 7.6951914, 45.0692277 ] } },
{ "type": "Feature", "properties": { "name": "Re Umberto" }, "geometry": { "type": "Point", "coordinates": [ 7.6751632, 45.06402 ] } },
{ "type": "Feature", "properties": { "name": "Porta Nuova" }, "geometry": { "type": "Point", "coordinates": [ 7.6789821, 45.0625554 ] } },
{ "type": "Feature", "properties": { "name": "Carlo Alberto" }, "geometry": { "type": "Point", "coordinates": [ 7.6818984, 45.0615791 ] } },
{ "type": "Feature", "properties": { "name": "Vittorio Emanuele II" }, "geometry": { "type": "Point", "coordinates": [ 7.6853629, 45.0611323 ] } },
{ "type": "Feature", "properties": { "name": "Galileo Ferraris" }, "geometry": { "type": "Point", "coordinates": [ 7.6697035, 45.0659445 ] } },
{ "type": "Feature", "properties": { "name": "Mole Antonelliana" }, "geometry": { "type": "Point", "coordinates": [ 7.6936024, 45.0708462 ] } },
{ "type": "Feature", "properties": { "name": "Palazzo Nuovo" }, "geometry": { "type": "Point", "coordinates": [ 7.6955087, 45.068843 ] } },
{ "type": "Feature", "properties": { "name": "Cavour" }, "geometry": { "type": "Point", "coordinates": [ 7.6870996, 45.0636094 ] } },
{ "type": "Feature", "properties": { "name": "Carlo Alberto" }, "geometry": { "type": "Point", "coordinates": [ 7.6819096, 45.0615963 ] } },
{ "type": "Feature", "properties": { "name": "Vinzaglio" }, "geometry": { "type": "Point", "coordinates": [ 7.6655414, 45.06744 ] } },
{ "type": "Feature", "properties": { "name": "Galileo Ferraris" }, "geometry": { "type": "Point", "coordinates": [ 7.6697094, 45.0659807 ] } },
{ "type": "Feature", "properties": { "name": "Einaudi" }, "geometry": { "type": "Point", "coordinates": [ 7.6613995, 45.0607503 ] } },
{ "type": "Feature", "properties": { "name": "Re Umberto" }, "geometry": { "type": "Point", "coordinates": [ 7.6680008, 45.0574658 ] } },
{ "type": "Feature", "properties": { "name": "Ferraris" }, "geometry": { "type": "Point", "coordinates": [ 7.6652425, 45.0584992 ] } },
{ "type": "Feature", "properties": { "name": "Duca degli Abruzzi" }, "geometry": { "type": "Point", "coordinates": [ 7.6659889, 45.0645482 ] } },
{ "type": "Feature", "properties": { "name": "Porta Nuova" }, "geometry": { "type": "Point", "coordinates": [ 7.675603, 45.0625459 ] } },
{ "type": "Feature", "properties": { "name": "Arcivescovado" }, "geometry": { "type": "Point", "coordinates": [ 7.6792149, 45.0674921 ] } },
{ "type": "Feature", "properties": { "name": "Arsenale" }, "geometry": { "type": "Point", "coordinates": [ 7.676768, 45.0656523 ] } },
{ "type": "Feature", "properties": { "name": "Arcivescovado" }, "geometry": { "type": "Point", "coordinates": [ 7.680368, 45.0668034 ] } },
{ "type": "Feature", "properties": { "name": "Massena" }, "geometry": { "type": "Point", "coordinates": [ 7.6737172, 45.0617971 ] } },
{ "type": "Feature", "properties": { "name": "Politecnico" }, "geometry": { "type": "Point", "coordinates": [ 7.6627653, 45.0626319 ] } },
{ "type": "Feature", "properties": { "name": "San Quintino" }, "geometry": { "type": "Point", "coordinates": [ 7.6772488, 45.0647581 ] } },
{ "type": "Feature", "properties": { "name": "Duca degli Abruzzi" }, "geometry": { "type": "Point", "coordinates": [ 7.6605801, 45.060292 ] } },
{ "type": "Feature", "properties": { "name": "Lamarmora" }, "geometry": { "type": "Point", "coordinates": [ 7.6704416, 45.0629759 ] } },
{ "type": "Feature", "properties": { "name": "Stati Uniti" }, "geometry": { "type": "Point", "coordinates": [ 7.6646289, 45.065273 ] } },
{ "type": "Feature", "properties": { "name": "Statuto" }, "geometry": { "type": "Point", "coordinates": [ 7.6694336, 45.0769105 ] } },
{ "type": "Feature", "properties": { "name": "Rondò Forca Ovest" }, "geometry": { "type": "Point", "coordinates": [ 7.6753178, 45.0795606 ] } },
{ "type": "Feature", "properties": { "name": "Porta Palazzo" }, "geometry": { "type": "Point", "coordinates": [ 7.6818204, 45.077225 ] } },
{ "type": "Feature", "properties": { "name": "Ospedale Cottolengo" }, "geometry": { "type": "Point", "coordinates": [ 7.6792117, 45.0780917 ] } },
{ "type": "Feature", "properties": { "name": "Ospedale Cottolengo" }, "geometry": { "type": "Point", "coordinates": [ 7.6790534, 45.0783334 ] } },
{ "type": "Feature", "properties": { "name": "Re Umberto" }, "geometry": { "type": "Point", "coordinates": [ 7.6748164, 45.0642779 ] } },
{ "type": "Feature", "properties": { "name": "Cavour" }, "geometry": { "type": "Point", "coordinates": [ 7.6871644, 45.0638988 ] } },
{ "type": "Feature", "properties": { "name": "Giolitti" }, "geometry": { "type": "Point", "coordinates": [ 7.6883857, 45.0656271 ] } },
{ "type": "Feature", "properties": { "name": "Re Umberto" }, "geometry": { "type": "Point", "coordinates": [ 7.6623904, 45.0514853 ] } },
{ "type": "Feature", "properties": { "name": "Porta Nuova" }, "geometry": { "type": "Point", "coordinates": [ 7.6787347, 45.0628493 ] } },
{ "type": "Feature", "properties": { "name": "Vinzaglio" }, "geometry": { "type": "Point", "coordinates": [ 7.6654902, 45.0676188 ] } },
{ "type": "Feature", "properties": { "name": "Carlo Alberto" }, "geometry": { "type": "Point", "coordinates": [ 7.6819263, 45.0617054 ] } },
{ "type": "Feature", "properties": { "name": "Carlo Alberto" }, "geometry": { "type": "Point", "coordinates": [ 7.6819172, 45.0617361 ] } },
{ "type": "Feature", "properties": { "name": "Porta Nuova" }, "geometry": { "type": "Point", "coordinates": [ 7.678867, 45.0628583 ] } },
{ "type": "Feature", "properties": { "name": "Duca degli Abruzzi" }, "geometry": { "type": "Point", "coordinates": [ 7.6617311, 45.0600252 ] } },
{ "type": "Feature", "properties": { "name": "Fratelli Carle" }, "geometry": { "type": "Point", "coordinates": [ 7.6567193, 45.0541456 ] } },
{ "type": "Feature", "properties": { "name": "Vinzaglio" }, "geometry": { "type": "Point", "coordinates": [ 7.6655557, 45.0676271 ] } },
{ "type": "Feature", "properties": { "name": "Re Umberto" }, "geometry": { "type": "Point", "coordinates": [ 7.6747949, 45.064276 ] } },
{ "type": "Feature", "properties": { "name": "Duca degli Abruzzi" }, "geometry": { "type": "Point", "coordinates": [ 7.6617489, 45.060051 ] } },
{ "type": "Feature", "properties": { "name": "Vittorio Emanuele II" }, "geometry": { "type": "Point", "coordinates": [ 7.6664373, 45.0677769 ] } },
{ "type": "Feature", "properties": { "name": "Po" }, "geometry": { "type": "Point", "coordinates": [ 7.6906121, 45.0687659 ] } },
{ "type": "Feature", "properties": { "name": "Fratelli Carle" }, "geometry": { "type": "Point", "coordinates": [ 7.6570016, 45.0541832 ] } },
{ "type": "Feature", "properties": { "name": "Peschiera" }, "geometry": { "type": "Point", "coordinates": [ 7.6585022, 45.0619496 ] } },
{ "type": "Feature", "properties": { "name": "Marmolada Sud" }, "geometry": { "type": "Point", "coordinates": [ 7.6496457, 45.0536184 ] } },
{ "type": "Feature", "properties": { "name": "Marmolada" }, "geometry": { "type": "Point", "coordinates": [ 7.650487, 45.0552262 ] } },
{ "type": "Feature", "properties": { "name": "Modane" }, "geometry": { "type": "Point", "coordinates": [ 7.6512896, 45.0574447 ] } },
{ "type": "Feature", "properties": { "name": "Braccini" }, "geometry": { "type": "Point", "coordinates": [ 7.6560765, 45.0590999 ] } },
{ "type": "Feature", "properties": { "name": "Caprera" }, "geometry": { "type": "Point", "coordinates": [ 7.6487974, 45.0499042 ] } },
{ "type": "Feature", "properties": { "name": "Marmolada Sud" }, "geometry": { "type": "Point", "coordinates": [ 7.6500791, 45.0536551 ] } },
{ "type": "Feature", "properties": { "name": "Rivalta" }, "geometry": { "type": "Point", "coordinates": [ 7.6527358, 45.0562568 ] } },
{ "type": "Feature", "properties": { "name": "Ada Negri" }, "geometry": { "type": "Point", "coordinates": [ 7.6413986, 45.0516293 ] } },
{ "type": "Feature", "properties": { "name": "Tirreno" }, "geometry": { "type": "Point", "coordinates": [ 7.6496953, 45.0515173 ] } },
{ "type": "Feature", "properties": { "name": "Duca degli Abruzzi" }, "geometry": { "type": "Point", "coordinates": [ 7.659073, 45.0584815 ] } },
{ "type": "Feature", "properties": { "name": "Nizza" }, "geometry": { "type": "Point", "coordinates": [ 7.6721511, 45.0475319 ] } },
{ "type": "Feature", "properties": { "name": "Ospedale Mauriziano" }, "geometry": { "type": "Point", "coordinates": [ 7.6653746, 45.0503053 ] } },
{ "type": "Feature", "properties": { "name": "Turati" }, "geometry": { "type": "Point", "coordinates": [ 7.6669083, 45.0493976 ] } },
{ "type": "Feature", "properties": { "name": "Rosselli" }, "geometry": { "type": "Point", "coordinates": [ 7.6618991, 45.0518519 ] } },
{ "type": "Feature", "properties": { "name": "Roccabruna" }, "geometry": { "type": "Point", "coordinates": [ 7.6672689, 45.049089 ] } },
{ "type": "Feature", "properties": { "name": "Nizza" }, "geometry": { "type": "Point", "coordinates": [ 7.6724812, 45.0476682 ] } },
{ "type": "Feature", "properties": { "name": "Ospedale Mauriziano" }, "geometry": { "type": "Point", "coordinates": [ 7.664832, 45.0504142 ] } },
{ "type": "Feature", "properties": { "name": "De Gasperi" }, "geometry": { "type": "Point", "coordinates": [ 7.6639273, 45.0592059 ] } },
{ "type": "Feature", "properties": { "name": "Vespucci" }, "geometry": { "type": "Point", "coordinates": [ 7.6591976, 45.0575938 ] } },
{ "type": "Feature", "properties": { "name": "Legnano" }, "geometry": { "type": "Point", "coordinates": [ 7.6712266, 45.0608205 ] } },
{ "type": "Feature", "properties": { "name": "Pastrengo" }, "geometry": { "type": "Point", "coordinates": [ 7.6700759, 45.0592109 ] } },
{ "type": "Feature", "properties": { "name": "Bertola" }, "geometry": { "type": "Point", "coordinates": [ 7.682115, 45.0694568 ] } },
{ "type": "Feature", "properties": { "name": "Monte di Pietà" }, "geometry": { "type": "Point", "coordinates": [ 7.6799792, 45.071433 ] } },
{ "type": "Feature", "properties": { "name": "Einaudi" }, "geometry": { "type": "Point", "coordinates": [ 7.6690267, 45.0577367 ] } },
{ "type": "Feature", "properties": { "name": "Vespucci" }, "geometry": { "type": "Point", "coordinates": [ 7.6592504, 45.0573394 ] } },
{ "type": "Feature", "properties": { "name": "Einaudi" }, "geometry": { "type": "Point", "coordinates": [ 7.6608992, 45.05965 ] } },
{ "type": "Feature", "properties": { "name": "Corte d'Appello" }, "geometry": { "type": "Point", "coordinates": [ 7.6816014, 45.073721 ] } },
{ "type": "Feature", "properties": { "name": "Garibaldi" }, "geometry": { "type": "Point", "coordinates": [ 7.6837258, 45.0718764 ] } },
{ "type": "Feature", "properties": { "name": "Porta Palazzo Sud" }, "geometry": { "type": "Point", "coordinates": [ 7.6831326, 45.0760854 ] } },
{ "type": "Feature", "properties": { "name": "Pastrengo" }, "geometry": { "type": "Point", "coordinates": [ 7.6702532, 45.0590945 ] } },
{ "type": "Feature", "properties": { "name": "Porta Nuova" }, "geometry": { "type": "Point", "coordinates": [ 7.6775353, 45.0626865 ] } },
{ "type": "Feature", "properties": { "name": "Re Umberto" }, "geometry": { "type": "Point", "coordinates": [ 7.6679872, 45.057439 ] } },
{ "type": "Feature", "properties": { "name": "Galileo Ferraris" }, "geometry": { "type": "Point", "coordinates": [ 7.6665187, 45.0582087 ] } },
{ "type": "Feature", "properties": { "name": "Bertola" }, "geometry": { "type": "Point", "coordinates": [ 7.6807576, 45.0695671 ] } },
{ "type": "Feature", "properties": { "name": "San Secondo" }, "geometry": { "type": "Point", "coordinates": [ 7.6744232, 45.0613673 ] } },
{ "type": "Feature", "properties": { "name": "Duomo - Musei Reali" }, "geometry": { "type": "Point", "coordinates": [ 7.6853037, 45.0743182 ] } },
{ "type": "Feature", "properties": { "name": "Legnano" }, "geometry": { "type": "Point", "coordinates": [ 7.6714332, 45.060736 ] } },
{ "type": "Feature", "properties": { "name": "Galileo Ferraris" }, "geometry": { "type": "Point", "coordinates": [ 7.6652322, 45.0584823 ] } },
{ "type": "Feature", "properties": { "name": "Caserma Monte Grappa" }, "geometry": { "type": "Point", "coordinates": [ 7.6544165, 45.0509591 ] } },
{ "type": "Feature", "properties": { "name": "Caserma Monte Grappa" }, "geometry": { "type": "Point", "coordinates": [ 7.6548013, 45.0510836 ] } },
{ "type": "Feature", "properties": { "name": "San Marino" }, "geometry": { "type": "Point", "coordinates": [ 7.6448904, 45.0375768 ] } },
{ "type": "Feature", "properties": { "name": "Politecnico" }, "geometry": { "type": "Point", "coordinates": [ 7.6631085, 45.0627385 ] } },
{ "type": "Feature", "properties": { "name": "Cosenza" }, "geometry": { "type": "Point", "coordinates": [ 7.6432246, 45.0352305 ] } },
{ "type": "Feature", "properties": { "name": "Caio Mario" }, "geometry": { "type": "Point", "coordinates": [ 7.6366353, 45.0242121 ] } },
{ "type": "Feature", "properties": { "name": "Caprera" }, "geometry": { "type": "Point", "coordinates": [ 7.6524608, 45.0478353 ] } },
{ "type": "Feature", "properties": { "name": "San Marino" }, "geometry": { "type": "Point", "coordinates": [ 7.6456367, 45.0382301 ] } },
{ "type": "Feature", "properties": { "name": "Caprera" }, "geometry": { "type": "Point", "coordinates": [ 7.6523372, 45.0480147 ] } },
{ "type": "Feature", "properties": { "name": "Sabotino Nord" }, "geometry": { "type": "Point", "coordinates": [ 7.649772, 45.0651379 ] } },
{ "type": "Feature", "properties": { "name": "Statuto" }, "geometry": { "type": "Point", "coordinates": [ 7.6695001, 45.0764052 ] } },
{ "type": "Feature", "properties": { "name": "Vittorio Emanuele II" }, "geometry": { "type": "Point", "coordinates": [ 7.6668062, 45.0678932 ] } },
{ "type": "Feature", "properties": { "name": "Garibaldi Capolinea" }, "geometry": { "type": "Point", "coordinates": [ 7.6717965, 45.0759549 ] } },
{ "type": "Feature", "properties": { "name": "Questura" }, "geometry": { "type": "Point", "coordinates": [ 7.6692142, 45.0712223 ] } },
{ "type": "Feature", "properties": { "name": "Rondò Forca Ovest" }, "geometry": { "type": "Point", "coordinates": [ 7.6754979, 45.0793131 ] } },
{ "type": "Feature", "properties": { "name": "Stati Uniti" }, "geometry": { "type": "Point", "coordinates": [ 7.6643774, 45.0645871 ] } },
{ "type": "Feature", "properties": { "name": "Questura" }, "geometry": { "type": "Point", "coordinates": [ 7.668611, 45.0708118 ] } },
{ "type": "Feature", "properties": { "name": "XVIII Dicembre" }, "geometry": { "type": "Point", "coordinates": [ 7.6681029, 45.0742963 ] } },
{ "type": "Feature", "properties": { "name": "Stati Uniti" }, "geometry": { "type": "Point", "coordinates": [ 7.664401, 45.0645817 ] } },
{ "type": "Feature", "properties": { "name": "Ferrucci" }, "geometry": { "type": "Point", "coordinates": [ 7.6557507, 45.065588 ] } },
{ "type": "Feature", "properties": { "name": "Ferrucci" }, "geometry": { "type": "Point", "coordinates": [ 7.656343, 45.0655847 ] } },
{ "type": "Feature", "properties": { "name": "Ferrucci" }, "geometry": { "type": "Point", "coordinates": [ 7.6552725, 45.0625534 ] } },
{ "type": "Feature", "properties": { "name": "Tirreno" }, "geometry": { "type": "Point", "coordinates": [ 7.6500757, 45.051877 ] } },
{ "type": "Feature", "properties": { "name": "Costantino il Grande" }, "geometry": { "type": "Point", "coordinates": [ 7.6603655, 45.0490033 ] } },
{ "type": "Feature", "properties": { "name": "Lingotto" }, "geometry": { "type": "Point", "coordinates": [ 7.6666512, 45.0311329 ] } },
{ "type": "Feature", "properties": { "name": "Murazzi" }, "geometry": { "type": "Point", "coordinates": [ 7.6926664, 45.0598876 ] } },
{ "type": "Feature", "properties": { "name": "Vittorio Emanuele II" }, "geometry": { "type": "Point", "coordinates": [ 7.6852277, 45.0610685 ] } },
{ "type": "Feature", "properties": { "name": "Vittorio Emanuele II" }, "geometry": { "type": "Point", "coordinates": [ 7.6853446, 45.0611391 ] } },
{ "type": "Feature", "properties": { "name": "Cavour" }, "geometry": { "type": "Point", "coordinates": [ 7.6870786, 45.0636198 ] } },
{ "type": "Feature", "properties": { "name": "Giolitti" }, "geometry": { "type": "Point", "coordinates": [ 7.6882275, 45.0652721 ] } },
{ "type": "Feature", "properties": { "name": "Cavour" }, "geometry": { "type": "Point", "coordinates": [ 7.6872052, 45.063892 ] } },
{ "type": "Feature", "properties": { "name": "Galileo Ferraris" }, "geometry": { "type": "Point", "coordinates": [ 7.6696882, 45.0661242 ] } },
{ "type": "Feature", "properties": { "name": "Giolitti" }, "geometry": { "type": "Point", "coordinates": [ 7.6884033, 45.065604 ] } },
{ "type": "Feature", "properties": { "name": "Giardini Reali" }, "geometry": { "type": "Point", "coordinates": [ 7.6899674, 45.0725638 ] } },
{ "type": "Feature", "properties": { "name": "Castello Capolinea" }, "geometry": { "type": "Point", "coordinates": [ 7.6868499, 45.0707242 ] } },
{ "type": "Feature", "properties": { "name": "Rondò Rivella" }, "geometry": { "type": "Point", "coordinates": [ 7.6891142, 45.0742634 ] } },
{ "type": "Feature", "properties": { "name": "Galileo Ferraris" }, "geometry": { "type": "Point", "coordinates": [ 7.6696736, 45.0661158 ] } },
{ "type": "Feature", "properties": { "name": "Giardini Reali" }, "geometry": { "type": "Point", "coordinates": [ 7.6899122, 45.0723029 ] } },
{ "type": "Feature", "properties": { "name": "Rondò Rivella" }, "geometry": { "type": "Point", "coordinates": [ 7.689004, 45.0741287 ] } },
{ "type": "Feature", "properties": { "name": "Po" }, "geometry": { "type": "Point", "coordinates": [ 7.6898548, 45.0675814 ] } },
{ "type": "Feature", "properties": { "name": "Bernini" }, "geometry": { "type": "Point", "coordinates": [ 7.6563714, 45.0771 ] } },
{ "type": "Feature", "properties": { "name": "Adriano" }, "geometry": { "type": "Point", "coordinates": [ 7.6558665, 45.0726781 ] } },
{ "type": "Feature", "properties": { "name": "Pellico" }, "geometry": { "type": "Point", "coordinates": [ 7.6859967, 45.0564756 ] } },
{ "type": "Feature", "properties": { "name": "Palagiustizia" }, "geometry": { "type": "Point", "coordinates": [ 7.6600868, 45.0695612 ] } },
{ "type": "Feature", "properties": { "name": "Vittorio Emanuele II" }, "geometry": { "type": "Point", "coordinates": [ 7.687753, 45.0589166 ] } },
{ "type": "Feature", "properties": { "name": "Ferrucci" }, "geometry": { "type": "Point", "coordinates": [ 7.6560255, 45.0710352 ] } },
{ "type": "Feature", "properties": { "name": "Valentino" }, "geometry": { "type": "Point", "coordinates": [ 7.6844514, 45.0545151 ] } },
{ "type": "Feature", "properties": { "name": "Vittorio Emanuele II" }, "geometry": { "type": "Point", "coordinates": [ 7.6877917, 45.0589031 ] } },
{ "type": "Feature", "properties": { "name": "Ferrucci" }, "geometry": { "type": "Point", "coordinates": [ 7.6560582, 45.0710032 ] } },
{ "type": "Feature", "properties": { "name": "Pellico" }, "geometry": { "type": "Point", "coordinates": [ 7.6859699, 45.056485 ] } },
{ "type": "Feature", "properties": { "name": "Madama Cristina" }, "geometry": { "type": "Point", "coordinates": [ 7.6851882, 45.0605389 ] } },
{ "type": "Feature", "properties": { "name": "Madama Cristina" }, "geometry": { "type": "Point", "coordinates": [ 7.685242, 45.0605313 ] } },
{ "type": "Feature", "properties": { "name": "Valentino" }, "geometry": { "type": "Point", "coordinates": [ 7.6845225, 45.0544976 ] } },
{ "type": "Feature", "properties": { "name": "Adriano" }, "geometry": { "type": "Point", "coordinates": [ 7.6558943, 45.072677 ] } },
{ "type": "Feature", "properties": { "name": "Foligno" }, "geometry": { "type": "Point", "coordinates": [ 7.6603074, 45.1001717 ] } },
{ "type": "Feature", "properties": { "name": "D'Azeglio" }, "geometry": { "type": "Point", "coordinates": [ 7.687493, 45.0595821 ] } },
{ "type": "Feature", "properties": { "name": "D'Azeglio" }, "geometry": { "type": "Point", "coordinates": [ 7.6874744, 45.0596 ] } },
{ "type": "Feature", "properties": { "name": "Ospedale Maria Vittoria" }, "geometry": { "type": "Point", "coordinates": [ 7.6559794, 45.0818581 ] } },
{ "type": "Feature", "properties": { "name": "Veronese" }, "geometry": { "type": "Point", "coordinates": [ 7.659762, 45.1123495 ] } },
{ "type": "Feature", "properties": { "name": "Madama Cristina Est" }, "geometry": { "type": "Point", "coordinates": [ 7.6800417, 45.053086 ] } },
{ "type": "Feature", "properties": { "name": "Madama Cristina" }, "geometry": { "type": "Point", "coordinates": [ 7.6845269, 45.0606574 ] } },
{ "type": "Feature", "properties": { "name": "Valentino" }, "geometry": { "type": "Point", "coordinates": [ 7.6848142, 45.0549474 ] } },
{ "type": "Feature", "properties": { "name": "Palagiustizia" }, "geometry": { "type": "Point", "coordinates": [ 7.6603981, 45.0693263 ] } },
{ "type": "Feature", "properties": { "name": "Massari" }, "geometry": { "type": "Point", "coordinates": [ 7.6619066, 45.1081454 ] } },
{ "type": "Feature", "properties": { "name": "Caltanissetta" }, "geometry": { "type": "Point", "coordinates": [ 7.6591348, 45.1100934 ] } },
{ "type": "Feature", "properties": { "name": "Palagiustizia" }, "geometry": { "type": "Point", "coordinates": [ 7.6603389, 45.0693231 ] } },
{ "type": "Feature", "properties": { "name": "Giuria Est" }, "geometry": { "type": "Point", "coordinates": [ 7.6818235, 45.0524597 ] } },
{ "type": "Feature", "properties": { "name": "Ferrucci" }, "geometry": { "type": "Point", "coordinates": [ 7.6564694, 45.0707352 ] } },
{ "type": "Feature", "properties": { "name": "Bernini" }, "geometry": { "type": "Point", "coordinates": [ 7.6561891, 45.0769853 ] } },
{ "type": "Feature", "properties": { "name": "Ferrucci" }, "geometry": { "type": "Point", "coordinates": [ 7.6564537, 45.0707046 ] } },
{ "type": "Feature", "properties": { "name": "Largo Toscana" }, "geometry": { "type": "Point", "coordinates": [ 7.6581328, 45.097494 ] } },
{ "type": "Feature", "properties": { "name": "Brosso" }, "geometry": { "type": "Point", "coordinates": [ 7.6605713, 45.1084651 ] } },
{ "type": "Feature", "properties": { "name": "Adriano" }, "geometry": { "type": "Point", "coordinates": [ 7.6557014, 45.0726552 ] } },
{ "type": "Feature", "properties": { "name": "Ospedale Maria Vittoria" }, "geometry": { "type": "Point", "coordinates": [ 7.6558018, 45.0817428 ] } },
{ "type": "Feature", "properties": { "name": "Adriano" }, "geometry": { "type": "Point", "coordinates": [ 7.6556676, 45.0726588 ] } },
{ "type": "Feature", "properties": { "name": "Foligno" }, "geometry": { "type": "Point", "coordinates": [ 7.6603606, 45.1001592 ] } },
{ "type": "Feature", "properties": { "name": "Martinetto" }, "geometry": { "type": "Point", "coordinates": [ 7.6558892, 45.0852555 ] } },
{ "type": "Feature", "properties": { "name": "Brosso" }, "geometry": { "type": "Point", "coordinates": [ 7.6606218, 45.1084955 ] } },
{ "type": "Feature", "properties": { "name": "Pellico" }, "geometry": { "type": "Point", "coordinates": [ 7.6860429, 45.0566473 ] } },
{ "type": "Feature", "properties": { "name": "Madama Cristina" }, "geometry": { "type": "Point", "coordinates": [ 7.6845567, 45.0606289 ] } },
{ "type": "Feature", "properties": { "name": "Largo Grosseto Nord" }, "geometry": { "type": "Point", "coordinates": [ 7.662767, 45.1058308 ] } },
{ "type": "Feature", "properties": { "name": "Della Rocca" }, "geometry": { "type": "Point", "coordinates": [ 7.6900506, 45.0586684 ] } },
{ "type": "Feature", "properties": { "name": "San Paolo" }, "geometry": { "type": "Point", "coordinates": [ 7.6526538, 45.0633837 ] } },
{ "type": "Feature", "properties": { "name": "Mazzini" }, "geometry": { "type": "Point", "coordinates": [ 7.6923708, 45.0606155 ] } },
{ "type": "Feature", "properties": { "name": "Adriano Ovest" }, "geometry": { "type": "Point", "coordinates": [ 7.6539849, 45.0699587 ] } },
{ "type": "Feature", "properties": { "name": "Vanchiglia" }, "geometry": { "type": "Point", "coordinates": [ 7.6972523, 45.0670677 ] } },
{ "type": "Feature", "properties": { "name": "Mediterraneo" }, "geometry": { "type": "Point", "coordinates": [ 7.6575217, 45.0614574 ] } },
{ "type": "Feature", "properties": { "name": "Vittorio Veneto" }, "geometry": { "type": "Point", "coordinates": [ 7.696435, 45.0649006 ] } },
{ "type": "Feature", "properties": { "name": "Vanchiglia" }, "geometry": { "type": "Point", "coordinates": [ 7.6974739, 45.0668933 ] } },
{ "type": "Feature", "properties": { "name": "Turati" }, "geometry": { "type": "Point", "coordinates": [ 7.6710541, 45.0554017 ] } },
{ "type": "Feature", "properties": { "name": "Mediterraneo" }, "geometry": { "type": "Point", "coordinates": [ 7.6575428, 45.0614914 ] } },
{ "type": "Feature", "properties": { "name": "Mediterraneo" }, "geometry": { "type": "Point", "coordinates": [ 7.6584441, 45.061294 ] } },
{ "type": "Feature", "properties": { "name": "Re Umberto" }, "geometry": { "type": "Point", "coordinates": [ 7.6692616, 45.0569169 ] } },
{ "type": "Feature", "properties": { "name": "San Paolo" }, "geometry": { "type": "Point", "coordinates": [ 7.6525324, 45.0635958 ] } },
{ "type": "Feature", "properties": { "name": "Nizza" }, "geometry": { "type": "Point", "coordinates": [ 7.6760999, 45.0538377 ] } },
{ "type": "Feature", "properties": { "name": "Giolitti" }, "geometry": { "type": "Point", "coordinates": [ 7.6938132, 45.0624296 ] } },
{ "type": "Feature", "properties": { "name": "Vigone" }, "geometry": { "type": "Point", "coordinates": [ 7.6511458, 45.0667004 ] } },
{ "type": "Feature", "properties": { "name": "Rossini" }, "geometry": { "type": "Point", "coordinates": [ 7.6934091, 45.0734071 ] } },
{ "type": "Feature", "properties": { "name": "Turati" }, "geometry": { "type": "Point", "coordinates": [ 7.6710182, 45.0555477 ] } },
{ "type": "Feature", "properties": { "name": "Mazzini" }, "geometry": { "type": "Point", "coordinates": [ 7.6919863, 45.060191 ] } },
{ "type": "Feature", "properties": { "name": "Mediterraneo" }, "geometry": { "type": "Point", "coordinates": [ 7.6584569, 45.0613109 ] } },
{ "type": "Feature", "properties": { "name": "Della Rocca" }, "geometry": { "type": "Point", "coordinates": [ 7.6892684, 45.059063 ] } },
{ "type": "Feature", "properties": { "name": "Mole Antonelliana" }, "geometry": { "type": "Point", "coordinates": [ 7.693809, 45.0705776 ] } },
{ "type": "Feature", "properties": { "name": "Sabotino Capolinea" }, "geometry": { "type": "Point", "coordinates": [ 7.6501892, 45.064541 ] } },
{ "type": "Feature", "properties": { "name": "Sabotino" }, "geometry": { "type": "Point", "coordinates": [ 7.6506837, 45.0641437 ] } },
{ "type": "Feature", "properties": { "name": "San Paolo" }, "geometry": { "type": "Point", "coordinates": [ 7.6525519, 45.0636161 ] } },
{ "type": "Feature", "properties": { "name": "Giolitti" }, "geometry": { "type": "Point", "coordinates": [ 7.6939568, 45.0625473 ] } },
{ "type": "Feature", "properties": { "name": "San Paolo" }, "geometry": { "type": "Point", "coordinates": [ 7.6526345, 45.0633619 ] } },
{ "type": "Feature", "properties": { "name": "Madama Cristina" }, "geometry": { "type": "Point", "coordinates": [ 7.6794968, 45.0532117 ] } },
{ "type": "Feature", "properties": { "name": "Duca degli Abruzzi" }, "geometry": { "type": "Point", "coordinates": [ 7.6605646, 45.0602744 ] } },
{ "type": "Feature", "properties": { "name": "Santa Giulia" }, "geometry": { "type": "Point", "coordinates": [ 7.6930672, 45.0722654 ] } },
{ "type": "Feature", "properties": { "name": "Ferrucci" }, "geometry": { "type": "Point", "coordinates": [ 7.6552622, 45.0625355 ] } },
{ "type": "Feature", "properties": { "name": "Regina Margherita" }, "geometry": { "type": "Point", "coordinates": [ 7.6937419, 45.0730726 ] } },
{ "type": "Feature", "properties": { "name": "Ferrucci" }, "geometry": { "type": "Point", "coordinates": [ 7.6555269, 45.062227 ] } },
{ "type": "Feature", "properties": { "name": "Giuria" }, "geometry": { "type": "Point", "coordinates": [ 7.6821069, 45.0523265 ] } },
{ "type": "Feature", "properties": { "name": "Vinadio" }, "geometry": { "type": "Point", "coordinates": [ 7.6530322, 45.068876 ] } },
{ "type": "Feature", "properties": { "name": "Santa Giulia" }, "geometry": { "type": "Point", "coordinates": [ 7.6930927, 45.0722617 ] } },
{ "type": "Feature", "properties": { "name": "Vittorio Veneto Est" }, "geometry": { "type": "Point", "coordinates": [ 7.6967964, 45.0651131 ] } },
{ "type": "Feature", "properties": { "name": "Ferrucci" }, "geometry": { "type": "Point", "coordinates": [ 7.6555488, 45.0622604 ] } },
{ "type": "Feature", "properties": { "name": "Prima Galleria" }, "geometry": { "type": "Point", "coordinates": [ 7.7415885, 45.0830311 ] } },
{ "type": "Feature", "properties": { "name": "Brissogne Capolinea" }, "geometry": { "type": "Point", "coordinates": [ 7.6209761, 45.0626426 ] } },
{ "type": "Feature", "properties": { "name": "Bionaz" }, "geometry": { "type": "Point", "coordinates": [ 7.6219071, 45.064471 ] } },
{ "type": "Feature", "properties": { "name": "Monte Cucco" }, "geometry": { "type": "Point", "coordinates": [ 7.632321, 45.064428 ] } },
{ "type": "Feature", "properties": { "name": "Monte Cucco" }, "geometry": { "type": "Point", "coordinates": [ 7.6323456, 45.0644254 ] } },
{ "type": "Feature", "properties": { "name": "De Sanctis" }, "geometry": { "type": "Point", "coordinates": [ 7.6229867, 45.0643787 ] } },
{ "type": "Feature", "properties": { "name": "Bionaz" }, "geometry": { "type": "Point", "coordinates": [ 7.6219392, 45.0644835 ] } },
{ "type": "Feature", "properties": { "name": "Sacra San Michele" }, "geometry": { "type": "Point", "coordinates": [ 7.6282119, 45.0642178 ] } },
{ "type": "Feature", "properties": { "name": "Sacra San Michele" }, "geometry": { "type": "Point", "coordinates": [ 7.6282243, 45.0642019 ] } },
{ "type": "Feature", "properties": { "name": "De Sanctis" }, "geometry": { "type": "Point", "coordinates": [ 7.6229848, 45.0644001 ] } },
{ "type": "Feature", "properties": { "name": "Brunelleschi" }, "geometry": { "type": "Point", "coordinates": [ 7.6269069, 45.0642956 ] } },
{ "type": "Feature", "properties": { "name": "Trapani" }, "geometry": { "type": "Point", "coordinates": [ 7.6355303, 45.0645251 ] } },
{ "type": "Feature", "properties": { "name": "Trapani" }, "geometry": { "type": "Point", "coordinates": [ 7.6370358, 45.064596 ] } },
{ "type": "Feature", "properties": { }, "geometry": { "type": "Point", "coordinates": [ 7.6324098, 45.0644277 ] } },
{ "type": "Feature", "properties": { "name": "Serao" }, "geometry": { "type": "Point", "coordinates": [ 7.634198, 45.0645617 ] } },
{ "type": "Feature", "properties": { "name": "Racconigi" }, "geometry": { "type": "Point", "coordinates": [ 7.6440595, 45.0644739 ] } },
{ "type": "Feature", "properties": { "name": "Sabotino Ovest" }, "geometry": { "type": "Point", "coordinates": [ 7.6481831, 45.0647869 ] } },
{ "type": "Feature", "properties": { "name": "Sabotino Ovest" }, "geometry": { "type": "Point", "coordinates": [ 7.6473543, 45.064726 ] } },
{ "type": "Feature", "properties": { "name": "Genola" }, "geometry": { "type": "Point", "coordinates": [ 7.6411021, 45.0645482 ] } },
{ "type": "Feature", "properties": { "name": "Trapani" }, "geometry": { "type": "Point", "coordinates": [ 7.6355328, 45.0645418 ] } },
{ "type": "Feature", "properties": { "name": "Racconigi" }, "geometry": { "type": "Point", "coordinates": [ 7.6454289, 45.0645423 ] } },
{ "type": "Feature", "properties": { "name": "Serao" }, "geometry": { "type": "Point", "coordinates": [ 7.6342031, 45.0645416 ] } },
{ "type": "Feature", "properties": { "name": "Brunelleschi" }, "geometry": { "type": "Point", "coordinates": [ 7.6268893, 45.0642842 ] } },
{ "type": "Feature", "properties": { "name": "Genola" }, "geometry": { "type": "Point", "coordinates": [ 7.640546, 45.0645179 ] } },
{ "type": "Feature", "properties": { "name": "Coriolano Capolinea" }, "geometry": { "type": "Point", "coordinates": [ 7.7301842, 45.0813472 ] } },
{ "type": "Feature", "properties": { "name": "Regina Margherita" }, "geometry": { "type": "Point", "coordinates": [ 7.7038196, 45.0694898 ] } },
{ "type": "Feature", "properties": { "name": "Santa Giulia" }, "geometry": { "type": "Point", "coordinates": [ 7.7015023, 45.0677129 ] } },
{ "type": "Feature", "properties": { "name": "Ricasoli" }, "geometry": { "type": "Point", "coordinates": [ 7.7057348, 45.070952 ] } },
{ "type": "Feature", "properties": { "name": "Regina Margherita" }, "geometry": { "type": "Point", "coordinates": [ 7.7038131, 45.0694954 ] } },
{ "type": "Feature", "properties": { "name": "San Maurizio" }, "geometry": { "type": "Point", "coordinates": [ 7.6994079, 45.066079 ] } },
{ "type": "Feature", "properties": { "name": "San Maurizio" }, "geometry": { "type": "Point", "coordinates": [ 7.6993923, 45.0660852 ] } },
{ "type": "Feature", "properties": { "name": "Santa Giulia" }, "geometry": { "type": "Point", "coordinates": [ 7.701505, 45.0677088 ] } },
{ "type": "Feature", "properties": { "name": "Ricasoli" }, "geometry": { "type": "Point", "coordinates": [ 7.7057174, 45.0709635 ] } },
{ "type": "Feature", "properties": { "name": "Tortona" }, "geometry": { "type": "Point", "coordinates": [ 7.7086798, 45.0722507 ] } },
{ "type": "Feature", "properties": { "name": "Tortona" }, "geometry": { "type": "Point", "coordinates": [ 7.7081416, 45.0720229 ] } },
{ "type": "Feature", "properties": { "name": "Tortona" }, "geometry": { "type": "Point", "coordinates": [ 7.7086939, 45.0722726 ] } },
{ "type": "Feature", "properties": { "name": "Mongreno" }, "geometry": { "type": "Point", "coordinates": [ 7.7322049, 45.0788546 ] } },
{ "type": "Feature", "properties": { "name": "Chieti" }, "geometry": { "type": "Point", "coordinates": [ 7.7140634, 45.0731884 ] } },
{ "type": "Feature", "properties": { "name": "Cadore" }, "geometry": { "type": "Point", "coordinates": [ 7.7247652, 45.0748485 ] } },
{ "type": "Feature", "properties": { "name": "Sassi-Superga" }, "geometry": { "type": "Point", "coordinates": [ 7.7307853, 45.0810108 ] } },
{ "type": "Feature", "properties": { "name": "Sassi-Superga" }, "geometry": { "type": "Point", "coordinates": [ 7.7307371, 45.0807788 ] } },
{ "type": "Feature", "properties": { "name": "Cadore" }, "geometry": { "type": "Point", "coordinates": [ 7.7245785, 45.0748489 ] } },
{ "type": "Feature", "properties": { "name": "Pasini" }, "geometry": { "type": "Point", "coordinates": [ 7.729761, 45.0753855 ] } },
{ "type": "Feature", "properties": { "name": "Chieti" }, "geometry": { "type": "Point", "coordinates": [ 7.7132744, 45.0729174 ] } },
{ "type": "Feature", "properties": { "name": "Pallanza" }, "geometry": { "type": "Point", "coordinates": [ 7.7213454, 45.0742775 ] } },
{ "type": "Feature", "properties": { "name": "Pallanza" }, "geometry": { "type": "Point", "coordinates": [ 7.7213271, 45.0742861 ] } },
{ "type": "Feature", "properties": { "name": "Cadore" }, "geometry": { "type": "Point", "coordinates": [ 7.7244395, 45.0749564 ] } },
{ "type": "Feature", "properties": { "name": "Pasini" }, "geometry": { "type": "Point", "coordinates": [ 7.7299181, 45.0754997 ] } },
{ "type": "Feature", "properties": { "name": "Mongreno" }, "geometry": { "type": "Point", "coordinates": [ 7.7321109, 45.0786378 ] } },
{ "type": "Feature", "properties": { "name": "Brianza" }, "geometry": { "type": "Point", "coordinates": [ 7.7177965, 45.0738314 ] } },
{ "type": "Feature", "properties": { "name": "Mongreno" }, "geometry": { "type": "Point", "coordinates": [ 7.7322087, 45.0788058 ] } },
{ "type": "Feature", "properties": { "name": "Sassi-Superga" }, "geometry": { "type": "Point", "coordinates": [ 7.7307702, 45.0807872 ] } },
{ "type": "Feature", "properties": { "name": "Cadore" }, "geometry": { "type": "Point", "coordinates": [ 7.7244016, 45.0749241 ] } },
{ "type": "Feature", "properties": { "name": "Pasini" }, "geometry": { "type": "Point", "coordinates": [ 7.7299184, 45.0754746 ] } },
{ "type": "Feature", "properties": { "name": "Chieti" }, "geometry": { "type": "Point", "coordinates": [ 7.7132773, 45.0728879 ] } },
{ "type": "Feature", "properties": { "name": "Pallanza" }, "geometry": { "type": "Point", "coordinates": [ 7.7213797, 45.0744119 ] } },
{ "type": "Feature", "properties": { "name": "Sassi-Superga" }, "geometry": { "type": "Point", "coordinates": [ 7.7307947, 45.0810034 ] } },
{ "type": "Feature", "properties": { "name": "Pasini" }, "geometry": { "type": "Point", "coordinates": [ 7.7297737, 45.0753503 ] } },
{ "type": "Feature", "properties": { "name": "Brianza" }, "geometry": { "type": "Point", "coordinates": [ 7.7179688, 45.0736931 ] } },
{ "type": "Feature", "properties": { "name": "Pallanza" }, "geometry": { "type": "Point", "coordinates": [ 7.7213712, 45.074433 ] } },
{ "type": "Feature", "properties": { "name": "Mongreno" }, "geometry": { "type": "Point", "coordinates": [ 7.7321347, 45.0786751 ] } },
{ "type": "Feature", "properties": { "name": "Costantino il Grande" }, "geometry": { "type": "Point", "coordinates": [ 7.6604015, 45.0490006 ] } },
{ "type": "Feature", "properties": { "name": "XVIII Dicembre" }, "geometry": { "type": "Point", "coordinates": [ 7.6686778, 45.0742539 ] } },
{ "type": "Feature", "properties": { "name": "Statuto" }, "geometry": { "type": "Point", "coordinates": [ 7.6695232, 45.0769731 ] } },
{ "type": "Feature", "properties": { "name": "Saccarelli" }, "geometry": { "type": "Point", "coordinates": [ 7.6669942, 45.0789107 ] } },
{ "type": "Feature", "properties": { "name": "Saccarelli" }, "geometry": { "type": "Point", "coordinates": [ 7.666736, 45.0792146 ] } },
{ "type": "Feature", "properties": { "name": "Galvani" }, "geometry": { "type": "Point", "coordinates": [ 7.6625031, 45.0812521 ] } },
{ "type": "Feature", "properties": { "name": "Galvani" }, "geometry": { "type": "Point", "coordinates": [ 7.6626716, 45.0810544 ] } },
{ "type": "Feature", "properties": { "name": "Medail" }, "geometry": { "type": "Point", "coordinates": [ 7.6580027, 45.0832241 ] } },
{ "type": "Feature", "properties": { "name": "Medail" }, "geometry": { "type": "Point", "coordinates": [ 7.6583936, 45.082947 ] } },
{ "type": "Feature", "properties": { "name": "VII Circoscrizione" }, "geometry": { "type": "Point", "coordinates": [ 7.6858899, 45.0843483 ] } },
{ "type": "Feature", "properties": { "name": "Caselle (str. Ciriè 46)" }, "geometry": { "type": "Point", "coordinates": [ 7.6400994, 45.1832808 ] } },
{ "type": "Feature", "properties": { "name": "Cilea" }, "geometry": { "type": "Point", "coordinates": [ 7.70517, 45.09652 ] } },
{ "type": "Feature", "properties": { "name": "Manno" }, "geometry": { "type": "Point", "coordinates": [ 7.6542488, 45.1047208 ] } },
{ "type": "Feature", "properties": { "name": "Antica Di Grugliasco" }, "geometry": { "type": "Point", "coordinates": [ 7.5955607, 45.0638834 ] } },
{ "type": "Feature", "properties": { "name": "Vittorio Emanuele II Capolinea" }, "geometry": { "type": "Point", "coordinates": [ 7.6812013, 45.0621037 ] } },
{ "type": "Feature", "properties": { "name": "Marco Aurelio" }, "geometry": { "type": "Point", "coordinates": [ 7.7285982, 45.0701151 ] } },
{ "type": "Feature", "properties": { "name": "Vado" }, "geometry": { "type": "Point", "coordinates": [ 7.6706181, 45.0302835 ] } },
{ "type": "Feature", "properties": { "name": "Machiavelli" }, "geometry": { "type": "Point", "coordinates": [ 7.6273735, 45.1193889 ] } },
{ "type": "Feature", "properties": { "name": "Valle Ceppi" }, "geometry": { "type": "Point", "coordinates": [ 7.8017535, 45.0262386 ] } },
{ "type": "Feature", "properties": { "name": "Caselle (str. Ciriè/v. degli Orologi)" }, "geometry": { "type": "Point", "coordinates": [ 7.64261, 45.18058 ] } },
{ "type": "Feature", "properties": { "name": "Allegri" }, "geometry": { "type": "Point", "coordinates": [ 7.5691564, 45.0899419 ] } },
{ "type": "Feature", "properties": { "name": "San Vincenzo Ovest" }, "geometry": { "type": "Point", "coordinates": [ 7.7176335, 45.0490726 ] } },
{ "type": "Feature", "properties": { "name": "Destefanis" }, "geometry": { "type": "Point", "coordinates": [ 7.6571023, 45.1180309 ] } },
{ "type": "Feature", "properties": { "name": "Di Vittorio" }, "geometry": { "type": "Point", "coordinates": [ 7.7565632, 45.1385453 ] } },
{ "type": "Feature", "properties": { "name": "Livorno" }, "geometry": { "type": "Point", "coordinates": [ 7.6713994, 45.0903766 ] } },
{ "type": "Feature", "properties": { "name": "Cirene Ovest" }, "geometry": { "type": "Point", "coordinates": [ 7.6326809, 45.097498 ] } },
{ "type": "Feature", "properties": { "name": "Dora Savona" }, "geometry": { "type": "Point", "coordinates": [ 7.6883383, 45.0788861 ] } },
{ "type": "Feature", "properties": { "name": "Cincinnato" }, "geometry": { "type": "Point", "coordinates": [ 7.637686, 45.0970873 ] } },
{ "type": "Feature", "properties": { "name": "Boccardo" }, "geometry": { "type": "Point", "coordinates": [ 7.7101918, 44.9944592 ] } },
{ "type": "Feature", "properties": { "name": "Stadio Baseball" }, "geometry": { "type": "Point", "coordinates": [ 7.6517912, 45.0251685 ] } },
{ "type": "Feature", "properties": { "name": "Torino-Pianezza N.53" }, "geometry": { "type": "Point", "coordinates": [ 7.603828, 45.0979179 ] } },
{ "type": "Feature", "properties": { "name": "San Sebastiano" }, "geometry": { "type": "Point", "coordinates": [ 7.69154, 45.00667 ] } },
{ "type": "Feature", "properties": { "name": "Romita" }, "geometry": { "type": "Point", "coordinates": [ 7.6664103, 44.9960863 ] } },
{ "type": "Feature", "properties": { "name": "Poma" }, "geometry": { "type": "Point", "coordinates": [ 7.6303283, 45.0339269 ] } },
{ "type": "Feature", "properties": { "name": "Fasano" }, "geometry": { "type": "Point", "coordinates": [ 7.8195519, 45.0148634 ] } },
{ "type": "Feature", "properties": { "name": "Torino-Druento N.75" }, "geometry": { "type": "Point", "coordinates": [ 7.6083762, 45.1186409 ] } },
{ "type": "Feature", "properties": { "name": "Cimitero" }, "geometry": { "type": "Point", "coordinates": [ 7.63809, 45.12651 ] } },
{ "type": "Feature", "properties": { "name": "Stampalia" }, "geometry": { "type": "Point", "coordinates": [ 7.6582674, 45.1117267 ] } },
{ "type": "Feature", "properties": { "name": "Valprato" }, "geometry": { "type": "Point", "coordinates": [ 7.6857966, 45.0927069 ] } },
{ "type": "Feature", "properties": { "name": "Siracusa" }, "geometry": { "type": "Point", "coordinates": [ 7.6333764, 45.0555066 ] } },
{ "type": "Feature", "properties": { "name": "Marconi" }, "geometry": { "type": "Point", "coordinates": [ 7.6818073, 45.056252 ] } },
{ "type": "Feature", "properties": { "name": "Segre - Stazione" }, "geometry": { "type": "Point", "coordinates": [ 7.6415677, 44.9922495 ] } },
{ "type": "Feature", "properties": { "name": "Liceo Valsalice" }, "geometry": { "type": "Point", "coordinates": [ 7.7017045, 45.0539162 ] } },
{ "type": "Feature", "properties": { "name": "Regina Margherita" }, "geometry": { "type": "Point", "coordinates": [ 7.6518811, 45.0884309 ] } },
{ "type": "Feature", "properties": { "name": "Pastrengo Est" }, "geometry": { "type": "Point", "coordinates": [ 7.5813681, 45.0787793 ] } },
{ "type": "Feature", "properties": { "name": "Ada Negri" }, "geometry": { "type": "Point", "coordinates": [ 7.7058687, 44.9946849 ] } },
{ "type": "Feature", "properties": { "name": "Palavela" }, "geometry": { "type": "Point", "coordinates": [ 7.6678159, 45.0232819 ] } },
{ "type": "Feature", "properties": { "name": "Cincinnato" }, "geometry": { "type": "Point", "coordinates": [ 7.6434328, 45.0987177 ] } },
{ "type": "Feature", "properties": { "name": "Orbassano (nuova rotonda)" }, "geometry": { "type": "Point", "coordinates": [ 7.5394931, 45.0101947 ] } },
{ "type": "Feature", "properties": { "name": "Val Salice N.227" }, "geometry": { "type": "Point", "coordinates": [ 7.7142333, 45.0405859 ] } },
{ "type": "Feature", "properties": { "name": "Sebastopoli" }, "geometry": { "type": "Point", "coordinates": [ 7.6563674, 45.0417085 ] } },
{ "type": "Feature", "properties": { "name": "Massaua Ovest" }, "geometry": { "type": "Point", "coordinates": [ 7.61831, 45.0743885 ] } },
{ "type": "Feature", "properties": { "name": "Leini' (Mantovani)" }, "geometry": { "type": "Point", "coordinates": [ 7.7449878, 45.1886716 ] } },
{ "type": "Feature", "properties": { "name": "Reycend" }, "geometry": { "type": "Point", "coordinates": [ 7.6697036, 45.1080322 ] } },
{ "type": "Feature", "properties": { "name": "Parco Ruffini" }, "geometry": { "type": "Point", "coordinates": [ 7.6350759, 45.057104 ] } },
{ "type": "Feature", "properties": { "name": "Palestro" }, "geometry": { "type": "Point", "coordinates": [ 7.6850519, 45.0040743 ] } },
{ "type": "Feature", "properties": { "name": "Filadelfia" }, "geometry": { "type": "Point", "coordinates": [ 7.64022, 45.04409 ] } },
{ "type": "Feature", "properties": { "name": "Ospedale Giovanni Bosco" }, "geometry": { "type": "Point", "coordinates": [ 7.7023932, 45.0962037 ] } },
{ "type": "Feature", "properties": { "name": "Vespucci" }, "geometry": { "type": "Point", "coordinates": [ 7.6492, 45.00065 ] } },
{ "type": "Feature", "properties": { "name": "San Marino" }, "geometry": { "type": "Point", "coordinates": [ 7.6495013, 45.0355925 ] } },
{ "type": "Feature", "properties": { "name": "Piobesi" }, "geometry": { "type": "Point", "coordinates": [ 7.6406, 45.02057 ] } },
{ "type": "Feature", "properties": { "name": "Leini' (Roveglia)" }, "geometry": { "type": "Point", "coordinates": [ 7.7223779, 45.19449 ] } },
{ "type": "Feature", "properties": { "name": "Lepanto" }, "geometry": { "type": "Point", "coordinates": [ 7.6623607, 45.0470575 ] } },
{ "type": "Feature", "properties": { "name": "Casalegno" }, "geometry": { "type": "Point", "coordinates": [ 7.6246472, 45.0508903 ] } },
{ "type": "Feature", "properties": { "name": "Fea" }, "geometry": { "type": "Point", "coordinates": [ 7.6776036, 45.1104313 ] } },
{ "type": "Feature", "properties": { "name": "Massaua Capolinea" }, "geometry": { "type": "Point", "coordinates": [ 7.6213938, 45.0745246 ] } },
{ "type": "Feature", "properties": { "name": "Val Pattonera" }, "geometry": { "type": "Point", "coordinates": [ 7.6909882, 45.0329434 ] } },
{ "type": "Feature", "properties": { "name": "San Matteo" }, "geometry": { "type": "Point", "coordinates": [ 7.6467326, 44.9974849 ] } },
{ "type": "Feature", "properties": { "name": "Maddalena" }, "geometry": { "type": "Point", "coordinates": [ 7.7093028, 45.0296103 ] } },
{ "type": "Feature", "properties": { "name": "Sauro" }, "geometry": { "type": "Point", "coordinates": [ 7.65623, 45.10211 ] } },
{ "type": "Feature", "properties": { "name": "Cebrosa Nord" }, "geometry": { "type": "Point", "coordinates": [ 7.7319648, 45.1187138 ] } },
{ "type": "Feature", "properties": { "name": "Kennedy" }, "geometry": { "type": "Point", "coordinates": [ 7.6508631, 44.9912093 ] } },
{ "type": "Feature", "properties": { "name": "Largo Massaia" }, "geometry": { "type": "Point", "coordinates": [ 7.6713558, 45.0986117 ] } },
{ "type": "Feature", "properties": { "name": "Pecetto" }, "geometry": { "type": "Point", "coordinates": [ 7.7521554, 45.0136561 ] } },
{ "type": "Feature", "properties": { "name": "Lancia Ovest" }, "geometry": { "type": "Point", "coordinates": [ 7.6301711, 45.0632903 ] } },
{ "type": "Feature", "properties": { "name": "Traiano" }, "geometry": { "type": "Point", "coordinates": [ 7.636855, 45.026211 ] } },
{ "type": "Feature", "properties": { "name": "Bologna" }, "geometry": { "type": "Point", "coordinates": [ 7.6977337, 45.0828235 ] } },
{ "type": "Feature", "properties": { "name": "Parini" }, "geometry": { "type": "Point", "coordinates": [ 7.6522357, 44.993795 ] } },
{ "type": "Feature", "properties": { "name": "Martin Luther King" }, "geometry": { "type": "Point", "coordinates": [ 7.5655567, 45.0639396 ] } },
{ "type": "Feature", "properties": { "name": "Sofia" }, "geometry": { "type": "Point", "coordinates": [ 7.7158784, 45.0943683 ] } },
{ "type": "Feature", "properties": { "name": "Madonna di Campagna" }, "geometry": { "type": "Point", "coordinates": [ 7.6622402, 45.1038141 ] } },
{ "type": "Feature", "properties": { "name": "Cascinette" }, "geometry": { "type": "Point", "coordinates": [ 7.708861, 45.1159347 ] } },
{ "type": "Feature", "properties": { "name": "Grosso Capolinea" }, "geometry": { "type": "Point", "coordinates": [ 7.6226106, 45.0493119 ] } },
{ "type": "Feature", "properties": { "name": "Volpiano (Ultragas)" }, "geometry": { "type": "Point", "coordinates": [ 7.7521895, 45.1913533 ] } },
{ "type": "Feature", "properties": { "name": "Biblioteca Civica" }, "geometry": { "type": "Point", "coordinates": [ 7.68013, 45.04846 ] } },
{ "type": "Feature", "properties": { "name": "Vercelli" }, "geometry": { "type": "Point", "coordinates": [ 7.6911052, 45.0955514 ] } },
{ "type": "Feature", "properties": { "name": "Del Pascolo" }, "geometry": { "type": "Point", "coordinates": [ 7.6433968, 44.9979452 ] } },
{ "type": "Feature", "properties": { "name": "Settimo (C.so Brunelleschi)" }, "geometry": { "type": "Point", "coordinates": [ 7.7608956, 45.1412965 ] } },
{ "type": "Feature", "properties": { "name": "Corbiglia (str. Piai)" }, "geometry": { "type": "Point", "coordinates": [ 7.5011887, 45.0527976 ] } },
{ "type": "Feature", "properties": { "name": "Corelli" }, "geometry": { "type": "Point", "coordinates": [ 7.7093161, 45.096905 ] } },
{ "type": "Feature", "properties": { "name": "Maria Vittoria" }, "geometry": { "type": "Point", "coordinates": [ 7.6911349, 45.0666121 ] } },
{ "type": "Feature", "properties": { "name": "Madonna Delle Rose" }, "geometry": { "type": "Point", "coordinates": [ 7.6542676, 45.0347347 ] } },
{ "type": "Feature", "properties": { "name": "Drosso N.132" }, "geometry": { "type": "Point", "coordinates": [ 7.6123176, 45.0160325 ] } },
{ "type": "Feature", "properties": { "name": "Minghetti Capolinea" }, "geometry": { "type": "Point", "coordinates": [ 7.5722743, 45.0780129 ] } },
{ "type": "Feature", "properties": { "name": "San Mauro N.112" }, "geometry": { "type": "Point", "coordinates": [ 7.7365623, 45.1009125 ] } },
{ "type": "Feature", "properties": { "name": "Galileo Ferraris" }, "geometry": { "type": "Point", "coordinates": [ 7.6679476, 45.0636825 ] } },
{ "type": "Feature", "properties": { "name": "Siracusa" }, "geometry": { "type": "Point", "coordinates": [ 7.6328361, 45.0496186 ] } },
{ "type": "Feature", "properties": { "name": "Monte Grappa" }, "geometry": { "type": "Point", "coordinates": [ 7.6369251, 45.0792456 ] } },
{ "type": "Feature", "properties": { "name": "Bertone" }, "geometry": { "type": "Point", "coordinates": [ 7.8058382, 45.0717764 ] } },
{ "type": "Feature", "properties": { "name": "Santhià" }, "geometry": { "type": "Point", "coordinates": [ 7.6982065, 45.0926608 ] } },
{ "type": "Feature", "properties": { "name": "Susa" }, "geometry": { "type": "Point", "coordinates": [ 7.547208, 45.1036684 ] } },
{ "type": "Feature", "properties": { "name": "Caselle (Stazione/v. Audello)" }, "geometry": { "type": "Point", "coordinates": [ 7.64411, 45.17635 ] } },
{ "type": "Feature", "properties": { "name": "Collegno" }, "geometry": { "type": "Point", "coordinates": [ 7.5735789, 45.0821747 ] } },
{ "type": "Feature", "properties": { "name": "Bramafame" }, "geometry": { "type": "Point", "coordinates": [ 7.6582786, 45.1157751 ] } },
{ "type": "Feature", "properties": { "name": "Giardino Green" }, "geometry": { "type": "Point", "coordinates": [ 7.6236185, 45.0451333 ] } },
{ "type": "Feature", "properties": { "name": "Volpiano (Bar Pina)" }, "geometry": { "type": "Point", "coordinates": [ 7.7588301, 45.1944177 ] } },
{ "type": "Feature", "properties": { "name": "Rivalta (stab. Rescom)" }, "geometry": { "type": "Point", "coordinates": [ 7.5223178, 45.043434 ] } },
{ "type": "Feature", "properties": { "name": "Arbarello" }, "geometry": { "type": "Point", "coordinates": [ 7.6754437, 45.0739033 ] } },
{ "type": "Feature", "properties": { "name": "Torino N.91" }, "geometry": { "type": "Point", "coordinates": [ 7.7423431, 45.1282316 ] } },
{ "type": "Feature", "properties": { "name": "Vercelli" }, "geometry": { "type": "Point", "coordinates": [ 7.6843679, 45.0839948 ] } },
{ "type": "Feature", "properties": { "name": "Capriolo" }, "geometry": { "type": "Point", "coordinates": [ 7.6425849, 45.0703229 ] } },
{ "type": "Feature", "properties": { "name": "Falchera" }, "geometry": { "type": "Point", "coordinates": [ 7.7034667, 45.1226387 ] } },
{ "type": "Feature", "properties": { "name": "Tetti Gilardi" }, "geometry": { "type": "Point", "coordinates": [ 7.7842506, 45.0998191 ] } },
{ "type": "Feature", "properties": { "name": "Caio Plinio" }, "geometry": { "type": "Point", "coordinates": [ 7.6554993, 45.0238732 ] } },
{ "type": "Feature", "properties": { "name": "Borgaretto N.56" }, "geometry": { "type": "Point", "coordinates": [ 7.5945, 45.00749 ] } },
{ "type": "Feature", "properties": { "name": "Sant'anna N.74" }, "geometry": { "type": "Point", "coordinates": [ 7.7273044, 45.0544613 ] } },
{ "type": "Feature", "properties": { "name": "Bolzano Capolinea" }, "geometry": { "type": "Point", "coordinates": [ 7.66799, 45.0733454 ] } },
{ "type": "Feature", "properties": { "name": "Mughetti Ovest" }, "geometry": { "type": "Point", "coordinates": [ 7.6268363, 45.1039646 ] } },
{ "type": "Feature", "properties": { "name": "Palermo" }, "geometry": { "type": "Point", "coordinates": [ 7.6938079, 45.0860856 ] } },
{ "type": "Feature", "properties": { "name": "Abbadia di Bertolla" }, "geometry": { "type": "Point", "coordinates": [ 7.73077, 45.11304 ] } },
{ "type": "Feature", "properties": { "name": "Vittorio Emanuele Ii" }, "geometry": { "type": "Point", "coordinates": [ 7.6473645, 45.07312 ] } },
{ "type": "Feature", "properties": { "name": "Pietre" }, "geometry": { "type": "Point", "coordinates": [ 7.5236167, 45.0880756 ] } },
{ "type": "Feature", "properties": { "name": "Don Borio" }, "geometry": { "type": "Point", "coordinates": [ 7.6170877, 45.0446365 ] } },
{ "type": "Feature", "properties": { "name": "Fratelli Cervi Capolinea" }, "geometry": { "type": "Point", "coordinates": [ 7.8065301, 44.9959853 ] } },
{ "type": "Feature", "properties": { "name": "Dei Ciliegi" }, "geometry": { "type": "Point", "coordinates": [ 7.6532811, 45.1491661 ] } },
{ "type": "Feature", "properties": { "name": "Sebastopoli" }, "geometry": { "type": "Point", "coordinates": [ 7.634572, 45.0483321 ] } },
{ "type": "Feature", "properties": { "name": "Revigliasco N.60" }, "geometry": { "type": "Point", "coordinates": [ 7.7053, 44.99943 ] } },
{ "type": "Feature", "properties": { "name": "Marmolada" }, "geometry": { "type": "Point", "coordinates": [ 7.6505412, 45.054514 ] } },
{ "type": "Feature", "properties": { "name": "Carignano" }, "geometry": { "type": "Point", "coordinates": [ 7.6720913, 45.0021543 ] } },
{ "type": "Feature", "properties": { "name": "Gorree" }, "geometry": { "type": "Point", "coordinates": [ 7.7311361, 45.0070876 ] } },
{ "type": "Feature", "properties": { "name": "Terni" }, "geometry": { "type": "Point", "coordinates": [ 7.6630406, 45.1021197 ] } },
{ "type": "Feature", "properties": { "name": "Marsigli" }, "geometry": { "type": "Point", "coordinates": [ 7.6285205, 45.0721578 ] } },
{ "type": "Feature", "properties": { "name": "Martorelli" }, "geometry": { "type": "Point", "coordinates": [ 7.6941027, 45.0947906 ] } },
{ "type": "Feature", "properties": { "name": "Rivoli" }, "geometry": { "type": "Point", "coordinates": [ 7.6447719, 45.0756667 ] } },
{ "type": "Feature", "properties": { "name": "Caselle (Leonardo Nord)" }, "geometry": { "type": "Point", "coordinates": [ 7.6409141, 45.1980435 ] } },
{ "type": "Feature", "properties": { "name": "Cimitero Monumentale Nord" }, "geometry": { "type": "Point", "coordinates": [ 7.7140009, 45.0841429 ] } },
{ "type": "Feature", "properties": { "name": "Martinetto" }, "geometry": { "type": "Point", "coordinates": [ 7.6558457, 45.0852567 ] } },
{ "type": "Feature", "properties": { "name": "Cimabue" }, "geometry": { "type": "Point", "coordinates": [ 7.6190263, 45.0380228 ] } },
{ "type": "Feature", "properties": { "name": "San Giorgio" }, "geometry": { "type": "Point", "coordinates": [ 7.7472543, 45.1241542 ] } },
{ "type": "Feature", "properties": { "name": "De Gasperi" }, "geometry": { "type": "Point", "coordinates": [ 7.5078896, 45.0798828 ] } },
{ "type": "Feature", "properties": { "name": "Mortara" }, "geometry": { "type": "Point", "coordinates": [ 7.6705411, 45.0912661 ] } },
{ "type": "Feature", "properties": { "name": "Campo 21" }, "geometry": { "type": "Point", "coordinates": [ 7.6016303, 45.035445 ] } },
{ "type": "Feature", "properties": { "name": "Verga" }, "geometry": { "type": "Point", "coordinates": [ 7.6368059, 45.0124107 ] } },
{ "type": "Feature", "properties": { "name": "Valperga Caluso" }, "geometry": { "type": "Point", "coordinates": [ 7.682432, 45.051739 ] } },
{ "type": "Feature", "properties": { "name": "Molise Est" }, "geometry": { "type": "Point", "coordinates": [ 7.6394232, 45.1000985 ] } },
{ "type": "Feature", "properties": { "name": "Creusa" }, "geometry": { "type": "Point", "coordinates": [ 7.7004811, 45.0365449 ] } },
{ "type": "Feature", "properties": { "name": "Stazione Rigola" }, "geometry": { "type": "Point", "coordinates": [ 7.6500595, 45.1188399 ] } },
{ "type": "Feature", "properties": { "name": "66 Martiri" }, "geometry": { "type": "Point", "coordinates": [ 7.5771627, 45.0636193 ] } },
{ "type": "Feature", "properties": { "name": "Molino" }, "geometry": { "type": "Point", "coordinates": [ 7.693184, 45.1252667 ] } },
{ "type": "Feature", "properties": { "name": "San Vincenzo" }, "geometry": { "type": "Point", "coordinates": [ 7.7213116, 45.0499464 ] } },
{ "type": "Feature", "properties": { "name": "Gobetti" }, "geometry": { "type": "Point", "coordinates": [ 7.6667082, 45.0102199 ] } },
{ "type": "Feature", "properties": { "name": "Carrera" }, "geometry": { "type": "Point", "coordinates": [ 7.6233477, 45.0804229 ] } },
{ "type": "Feature", "properties": { "name": "Monte Nero" }, "geometry": { "type": "Point", "coordinates": [ 7.7625423, 45.1428311 ] } },
{ "type": "Feature", "properties": { "name": "Regina Margherita" }, "geometry": { "type": "Point", "coordinates": [ 7.690353, 45.075199 ] } },
{ "type": "Feature", "properties": { "name": "Diaz Nord" }, "geometry": { "type": "Point", "coordinates": [ 7.6434441, 45.1271805 ] } },
{ "type": "Feature", "properties": { "name": "Stroppiana" }, "geometry": { "type": "Point", "coordinates": [ 7.655588, 45.1435421 ] } },
{ "type": "Feature", "properties": { "name": "Drosso N.158" }, "geometry": { "type": "Point", "coordinates": [ 7.60921, 45.01705 ] } },
{ "type": "Feature", "properties": { "name": "Villaretto N.175" }, "geometry": { "type": "Point", "coordinates": [ 7.6860782, 45.1297177 ] } },
{ "type": "Feature", "properties": { "name": "Largo Giachino Sud" }, "geometry": { "type": "Point", "coordinates": [ 7.6726905, 45.0958497 ] } },
{ "type": "Feature", "properties": { "name": "Del Castello" }, "geometry": { "type": "Point", "coordinates": [ 7.68591, 45.00917 ] } },
{ "type": "Feature", "properties": { "name": "Viriglio" }, "geometry": { "type": "Point", "coordinates": [ 7.7012672, 45.0913215 ] } },
{ "type": "Feature", "properties": { "name": "Agnelli" }, "geometry": { "type": "Point", "coordinates": [ 7.6487321, 45.0437725 ] } },
{ "type": "Feature", "properties": { "name": "Puccini" }, "geometry": { "type": "Point", "coordinates": [ 7.5812436, 45.1292675 ] } },
{ "type": "Feature", "properties": { "name": "Cadore Capolinea" }, "geometry": { "type": "Point", "coordinates": [ 7.7227462, 45.0758739 ] } },
{ "type": "Feature", "properties": { "name": "Settimo" }, "geometry": { "type": "Point", "coordinates": [ 7.6591828, 45.1526222 ] } },
{ "type": "Feature", "properties": { "name": "Servais" }, "geometry": { "type": "Point", "coordinates": [ 7.6247871, 45.0843244 ] } },
{ "type": "Feature", "properties": { "name": "Volpiano (Gommista)" }, "geometry": { "type": "Point", "coordinates": [ 7.7665342, 45.196967 ] } },
{ "type": "Feature", "properties": { "name": "Novara" }, "geometry": { "type": "Point", "coordinates": [ 7.6904058, 45.0872048 ] } },
{ "type": "Feature", "properties": { "name": "Rivalta (FIAT Rivalta-canc. 5)" }, "geometry": { "type": "Point", "coordinates": [ 7.5104721, 44.998016 ] } },
{ "type": "Feature", "properties": { "name": "Figlie dei Militari" }, "geometry": { "type": "Point", "coordinates": [ 7.7104971, 45.0638805 ] } },
{ "type": "Feature", "properties": { "name": "Caio Plinio" }, "geometry": { "type": "Point", "coordinates": [ 7.6549208, 45.0239783 ] } },
{ "type": "Feature", "properties": { "name": "Quarello N.19" }, "geometry": { "type": "Point", "coordinates": [ 7.6151021, 45.0182257 ] } },
{ "type": "Feature", "properties": { "name": "Nervi" }, "geometry": { "type": "Point", "coordinates": [ 7.7375354, 45.1270457 ] } },
{ "type": "Feature", "properties": { "name": "Peschiera" }, "geometry": { "type": "Point", "coordinates": [ 7.6693859, 45.0063863 ] } },
{ "type": "Feature", "properties": { "name": "Alessandria" }, "geometry": { "type": "Point", "coordinates": [ 7.6352393, 45.1128277 ] } },
{ "type": "Feature", "properties": { "name": "Monte Grappa" }, "geometry": { "type": "Point", "coordinates": [ 7.6380316, 45.081485 ] } },
{ "type": "Feature", "properties": { "name": "Toscana" }, "geometry": { "type": "Point", "coordinates": [ 7.6486675, 45.0999753 ] } },
{ "type": "Feature", "properties": { "name": "Cravero" }, "geometry": { "type": "Point", "coordinates": [ 7.7145307, 45.0938544 ] } },
{ "type": "Feature", "properties": { "name": "Torino (P.za Bengasi)" }, "geometry": { "type": "Point", "coordinates": [ 7.6640057, 45.0179917 ] } },
{ "type": "Feature", "properties": { "name": "Massaua Sud" }, "geometry": { "type": "Point", "coordinates": [ 7.6195037, 45.0734848 ] } },
{ "type": "Feature", "properties": { "name": "Osservatorio" }, "geometry": { "type": "Point", "coordinates": [ 7.7699412, 45.0441126 ] } },
{ "type": "Feature", "properties": { "name": "Curreno N.41" }, "geometry": { "type": "Point", "coordinates": [ 7.6931448, 45.0535235 ] } },
{ "type": "Feature", "properties": { "name": "Atzei" }, "geometry": { "type": "Point", "coordinates": [ 7.6394429, 45.1286049 ] } },
{ "type": "Feature", "properties": { "name": "Rivalta (FIAT Rivalta-canc. 5)" }, "geometry": { "type": "Point", "coordinates": [ 7.5102036, 44.9977791 ] } },
{ "type": "Feature", "properties": { "name": "Stabilimento GTT Tortona" }, "geometry": { "type": "Point", "coordinates": [ 7.7053574, 45.0742599 ] } },
{ "type": "Feature", "properties": { "name": "Tetti None (v. Bellavista 40)" }, "geometry": { "type": "Point", "coordinates": [ 7.78851, 45.087 ] } },
{ "type": "Feature", "properties": { "name": "Ospedale Gradenigo" }, "geometry": { "type": "Point", "coordinates": [ 7.70504, 45.06983 ] } },
{ "type": "Feature", "properties": { "name": "Antica Di Grugliasco" }, "geometry": { "type": "Point", "coordinates": [ 7.5959372, 45.0640892 ] } },
{ "type": "Feature", "properties": { "name": "Polonia" }, "geometry": { "type": "Point", "coordinates": [ 7.675281, 45.0365117 ] } },
{ "type": "Feature", "properties": { "name": "Monte Toraro" }, "geometry": { "type": "Point", "coordinates": [ 7.7274775, 45.0998665 ] } },
{ "type": "Feature", "properties": { "name": "Borgo Mercato" }, "geometry": { "type": "Point", "coordinates": [ 7.6714397, 45.0010591 ] } },
{ "type": "Feature", "properties": { "name": "Campo 38" }, "geometry": { "type": "Point", "coordinates": [ 7.59715, 45.0365054 ] } },
{ "type": "Feature", "properties": { "name": "Fiume" }, "geometry": { "type": "Point", "coordinates": [ 7.8158883, 45.0169672 ] } },
{ "type": "Feature", "properties": { "name": "Novara" }, "geometry": { "type": "Point", "coordinates": [ 7.6977826, 45.083561 ] } },
{ "type": "Feature", "properties": { "name": "Medici" }, "geometry": { "type": "Point", "coordinates": [ 7.6459986, 45.0793241 ] } },
{ "type": "Feature", "properties": { "name": "Valeo" }, "geometry": { "type": "Point", "coordinates": [ 7.5671582, 45.0954883 ] } },
{ "type": "Feature", "properties": { "name": "Gassino" }, "geometry": { "type": "Point", "coordinates": [ 7.7172648, 45.0661987 ] } },
{ "type": "Feature", "properties": { "name": "Giotto" }, "geometry": { "type": "Point", "coordinates": [ 7.6206496, 45.1165576 ] } },
{ "type": "Feature", "properties": { "name": "Pian Gambino" }, "geometry": { "type": "Point", "coordinates": [ 7.7576612, 45.0784896 ] } },
{ "type": "Feature", "properties": { "name": "Grugliasco (v. Cattaneo)" }, "geometry": { "type": "Point", "coordinates": [ 7.5849759, 45.0720117 ] } },
{ "type": "Feature", "properties": { "name": "Ciriè" }, "geometry": { "type": "Point", "coordinates": [ 7.6742916, 45.084799 ] } },
{ "type": "Feature", "properties": { "name": "San Mauro (Scambio Peso)" }, "geometry": { "type": "Point", "coordinates": [ 7.7757732, 45.109279 ] } },
{ "type": "Feature", "properties": { "name": "Tolmino" }, "geometry": { "type": "Point", "coordinates": [ 7.6440038, 45.0552121 ] } },
{ "type": "Feature", "properties": { "name": "Belgio" }, "geometry": { "type": "Point", "coordinates": [ 7.707569, 45.0716708 ] } },
{ "type": "Feature", "properties": { "name": "Lecce" }, "geometry": { "type": "Point", "coordinates": [ 7.6502856, 45.0846896 ] } },
{ "type": "Feature", "properties": { "name": "Petrarca" }, "geometry": { "type": "Point", "coordinates": [ 7.68937, 45.00293 ] } },
{ "type": "Feature", "properties": { "name": "Santa Maria" }, "geometry": { "type": "Point", "coordinates": [ 7.6662263, 44.9935403 ] } },
{ "type": "Feature", "properties": { "name": "Filadelfia" }, "geometry": { "type": "Point", "coordinates": [ 7.6296409, 45.0478989 ] } },
{ "type": "Feature", "properties": { "name": "Vittorio Emanuele II Capolinea" }, "geometry": { "type": "Point", "coordinates": [ 7.6806691, 45.0619979 ] } },
{ "type": "Feature", "properties": { "name": "La Cassa (Ribolzi)" }, "geometry": { "type": "Point", "coordinates": [ 7.516, 45.18385 ] } },
{ "type": "Feature", "properties": { "name": "Agnelli" }, "geometry": { "type": "Point", "coordinates": [ 7.6485057, 45.0441879 ] } },
{ "type": "Feature", "properties": { "name": "Ospedale di Rivoli Capolinea" }, "geometry": { "type": "Point", "coordinates": [ 7.5206023, 45.0595506 ] } },
{ "type": "Feature", "properties": { "name": "San Vito-Revigliasco N.400" }, "geometry": { "type": "Point", "coordinates": [ 7.7121726, 45.036362 ] } },
{ "type": "Feature", "properties": { "name": "Centro Commerciale" }, "geometry": { "type": "Point", "coordinates": [ 7.6148075, 45.0548471 ] } },
{ "type": "Feature", "properties": { "name": "Madonna Della Scala N.64" }, "geometry": { "type": "Point", "coordinates": [ 7.7996512, 44.9983619 ] } },
{ "type": "Feature", "properties": { "name": "Isonzo" }, "geometry": { "type": "Point", "coordinates": [ 7.6386712, 45.0615087 ] } },
{ "type": "Feature", "properties": { "name": "Molinette Est" }, "geometry": { "type": "Point", "coordinates": [ 7.6768922, 45.0428863 ] } },
{ "type": "Feature", "properties": { "name": "Pitagora Nord" }, "geometry": { "type": "Point", "coordinates": [ 7.6338232, 45.0410172 ] } },
{ "type": "Feature", "properties": { "name": "Bazzi Capolinea" }, "geometry": { "type": "Point", "coordinates": [ 7.687779, 45.0776344 ] } },
{ "type": "Feature", "properties": { "name": "Frejus Capolinea" }, "geometry": { "type": "Point", "coordinates": [ 7.6383682, 45.0698554 ] } },
{ "type": "Feature", "properties": { "name": "Buozzi" }, "geometry": { "type": "Point", "coordinates": [ 7.7023101, 44.9979863 ] } },
{ "type": "Feature", "properties": { "name": "Manzoni" }, "geometry": { "type": "Point", "coordinates": [ 7.57865, 45.13128 ] } },
{ "type": "Feature", "properties": { "name": "Moncalvo" }, "geometry": { "type": "Point", "coordinates": [ 7.70544, 45.01626 ] } },
{ "type": "Feature", "properties": { "name": "Mainero N.58" }, "geometry": { "type": "Point", "coordinates": [ 7.72261, 45.04703 ] } },
{ "type": "Feature", "properties": { "name": "Finalmarina" }, "geometry": { "type": "Point", "coordinates": [ 7.667295, 45.0327588 ] } },
{ "type": "Feature", "properties": { "name": "Cossa" }, "geometry": { "type": "Point", "coordinates": [ 7.624119, 45.080653 ] } },
{ "type": "Feature", "properties": { "name": "Avogadro" }, "geometry": { "type": "Point", "coordinates": [ 7.7642177, 45.1360049 ] } },
{ "type": "Feature", "properties": { "name": "Vercelli" }, "geometry": { "type": "Point", "coordinates": [ 7.6955291, 45.1063314 ] } },
{ "type": "Feature", "properties": { "name": "Robilant Nord" }, "geometry": { "type": "Point", "coordinates": [ 7.6449449, 45.0615654 ] } },
{ "type": "Feature", "properties": { "name": "Collegno" }, "geometry": { "type": "Point", "coordinates": [ 7.5569701, 45.0949176 ] } },
{ "type": "Feature", "properties": { "name": "Del Nobile N.55" }, "geometry": { "type": "Point", "coordinates": [ 7.7127367, 45.0523801 ] } },
{ "type": "Feature", "properties": { "name": "Stazione Lingotto" }, "geometry": { "type": "Point", "coordinates": [ 7.6563651, 45.0260984 ] } },
{ "type": "Feature", "properties": { "name": "Bandello" }, "geometry": { "type": "Point", "coordinates": [ 7.7451633, 45.1018866 ] } },
{ "type": "Feature", "properties": { "name": "Trieste Ovest" }, "geometry": { "type": "Point", "coordinates": [ 7.6721202, 45.0053157 ] } },
{ "type": "Feature", "properties": { "name": "Zara" }, "geometry": { "type": "Point", "coordinates": [ 7.6818693, 45.0395013 ] } },
{ "type": "Feature", "properties": { "name": "Orbassano" }, "geometry": { "type": "Point", "coordinates": [ 7.6399627, 45.0423268 ] } },
{ "type": "Feature", "properties": { "name": "Cimitero Monumentale" }, "geometry": { "type": "Point", "coordinates": [ 7.7022353, 45.0774819 ] } },
{ "type": "Feature", "properties": { "name": "Rivoli (Citta Mercato)" }, "geometry": { "type": "Point", "coordinates": [ 7.5008012, 45.0828117 ] } },
{ "type": "Feature", "properties": { "name": "Tazzoli" }, "geometry": { "type": "Point", "coordinates": [ 7.64184, 45.02893 ] } },
{ "type": "Feature", "properties": { "name": "Braccini" }, "geometry": { "type": "Point", "coordinates": [ 7.6525429, 45.0592417 ] } },
{ "type": "Feature", "properties": { "name": "Risorgimento Est" }, "geometry": { "type": "Point", "coordinates": [ 7.5894778, 45.0247493 ] } },
{ "type": "Feature", "properties": { "name": "Leini' (Roveglia)" }, "geometry": { "type": "Point", "coordinates": [ 7.7218125, 45.1936809 ] } },
{ "type": "Feature", "properties": { "name": "Tessarin Nord" }, "geometry": { "type": "Point", "coordinates": [ 7.6246549, 45.1310052 ] } },
{ "type": "Feature", "properties": { "name": "Caduti per la Libertà" }, "geometry": { "type": "Point", "coordinates": [ 7.6800813, 44.9995655 ] } },
{ "type": "Feature", "properties": { "name": "Del Cresto" }, "geometry": { "type": "Point", "coordinates": [ 7.7456925, 45.0576964 ] } },
{ "type": "Feature", "properties": { "name": "Robilant Sud" }, "geometry": { "type": "Point", "coordinates": [ 7.6457375, 45.0603054 ] } },
{ "type": "Feature", "properties": { "name": "Torino (C.so G.Cesare/Lungo Stura Lazio)" }, "geometry": { "type": "Point", "coordinates": [ 7.7073543, 45.1133701 ] } },
{ "type": "Feature", "properties": { "name": "Sebastopoli" }, "geometry": { "type": "Point", "coordinates": [ 7.657559, 45.0398591 ] } },
{ "type": "Feature", "properties": { "name": "Bertani Est" }, "geometry": { "type": "Point", "coordinates": [ 7.605184, 45.0360633 ] } },
{ "type": "Feature", "properties": { "name": "Biamino" }, "geometry": { "type": "Point", "coordinates": [ 7.7313368, 45.0845107 ] } },
{ "type": "Feature", "properties": { "name": "Cimitero Settimo Capolinea" }, "geometry": { "type": "Point", "coordinates": [ 7.7849529, 45.1462963 ] } },
{ "type": "Feature", "properties": { "name": "Largo Giachino Nord" }, "geometry": { "type": "Point", "coordinates": [ 7.6713466, 45.0972348 ] } },
{ "type": "Feature", "properties": { "name": "Pellico" }, "geometry": { "type": "Point", "coordinates": [ 7.6829135, 45.0576444 ] } },
{ "type": "Feature", "properties": { "name": "Rivoli (v. Rivalta 110)" }, "geometry": { "type": "Point", "coordinates": [ 7.5199086, 45.054441 ] } },
{ "type": "Feature", "properties": { "name": "Manzoni" }, "geometry": { "type": "Point", "coordinates": [ 7.6341688, 45.1221128 ] } },
{ "type": "Feature", "properties": { "name": "Cimitero Monumentale" }, "geometry": { "type": "Point", "coordinates": [ 7.7026566, 45.0773019 ] } },
{ "type": "Feature", "properties": { "name": "I Maggio" }, "geometry": { "type": "Point", "coordinates": [ 7.5628009, 45.0675745 ] } },
{ "type": "Feature", "properties": { "name": "San Martino N.66" }, "geometry": { "type": "Point", "coordinates": [ 7.7178118, 45.0593208 ] } },
{ "type": "Feature", "properties": { "name": "Piero della Francesca" }, "geometry": { "type": "Point", "coordinates": [ 7.662506, 45.0913183 ] } },
{ "type": "Feature", "properties": { "name": "Sostegno" }, "geometry": { "type": "Point", "coordinates": [ 7.62038, 45.08177 ] } },
{ "type": "Feature", "properties": { "name": "Centro Sportivo" }, "geometry": { "type": "Point", "coordinates": [ 7.751897, 45.1269626 ] } },
{ "type": "Feature", "properties": { "name": "Spezia" }, "geometry": { "type": "Point", "coordinates": [ 7.6693288, 45.0379092 ] } },
{ "type": "Feature", "properties": { "name": "Como" }, "geometry": { "type": "Point", "coordinates": [ 7.6930485, 45.0838332 ] } },
{ "type": "Feature", "properties": { "name": "Leini (str. Settimo)" }, "geometry": { "type": "Point", "coordinates": [ 7.7275775, 45.1544778 ] } },
{ "type": "Feature", "properties": { "name": "Ghemme" }, "geometry": { "type": "Point", "coordinates": [ 7.6417027, 45.0811714 ] } },
{ "type": "Feature", "properties": { "name": "Filadelfia" }, "geometry": { "type": "Point", "coordinates": [ 7.654023, 45.0396243 ] } },
{ "type": "Feature", "properties": { "name": "Rondo Bernardo N.16" }, "geometry": { "type": "Point", "coordinates": [ 7.6099057, 45.0077042 ] } },
{ "type": "Feature", "properties": { "name": "Magellano" }, "geometry": { "type": "Point", "coordinates": [ 7.6674123, 45.0513868 ] } },
{ "type": "Feature", "properties": { "name": "Exilles" }, "geometry": { "type": "Point", "coordinates": [ 7.6316921, 45.0751248 ] } },
{ "type": "Feature", "properties": { "name": "Caselle (Ciriè/Ballarini)" }, "geometry": { "type": "Point", "coordinates": [ 7.63395, 45.1901523 ] } },
{ "type": "Feature", "properties": { "name": "Pio VII" }, "geometry": { "type": "Point", "coordinates": [ 7.6507991, 45.0218329 ] } },
{ "type": "Feature", "properties": { "name": "Allamano" }, "geometry": { "type": "Point", "coordinates": [ 7.6229055, 45.0494442 ] } },
{ "type": "Feature", "properties": { "name": "La Valle" }, "geometry": { "type": "Point", "coordinates": [ 7.759253, 45.0976332 ] } },
{ "type": "Feature", "properties": { "name": "Biscaretti" }, "geometry": { "type": "Point", "coordinates": [ 7.7782297, 45.0424757 ] } },
{ "type": "Feature", "properties": { "name": "Dellachà" }, "geometry": { "type": "Point", "coordinates": [ 7.6882757, 44.9999615 ] } },
{ "type": "Feature", "properties": { "name": "Agnelli" }, "geometry": { "type": "Point", "coordinates": [ 7.644267, 45.034201 ] } },
{ "type": "Feature", "properties": { "name": "Villa della Regina" }, "geometry": { "type": "Point", "coordinates": [ 7.7041869, 45.0602239 ] } },
{ "type": "Feature", "properties": { "name": "Palagiustizia" }, "geometry": { "type": "Point", "coordinates": [ 7.6593764, 45.0692447 ] } },
{ "type": "Feature", "properties": { "name": "Stazione Lingotto" }, "geometry": { "type": "Point", "coordinates": [ 7.6566536, 45.0263545 ] } },
{ "type": "Feature", "properties": { "name": "Portone Est" }, "geometry": { "type": "Point", "coordinates": [ 7.5924918, 45.0407469 ] } },
{ "type": "Feature", "properties": { "name": "San Francesco" }, "geometry": { "type": "Point", "coordinates": [ 7.5250211, 45.0240674 ] } },
{ "type": "Feature", "properties": { "name": "Leini' (Cartiera)" }, "geometry": { "type": "Point", "coordinates": [ 7.7236051, 45.197151 ] } },
{ "type": "Feature", "properties": { "name": "Vespucci" }, "geometry": { "type": "Point", "coordinates": [ 7.6692417, 45.0532219 ] } },
{ "type": "Feature", "properties": { "name": "Crescenzio" }, "geometry": { "type": "Point", "coordinates": [ 7.62782, 45.05045 ] } },
{ "type": "Feature", "properties": { "name": "Settimo (Stab. Rejna)" }, "geometry": { "type": "Point", "coordinates": [ 7.801599, 45.1563319 ] } },
{ "type": "Feature", "properties": { "name": "Verona" }, "geometry": { "type": "Point", "coordinates": [ 7.6984289, 45.076877 ] } },
{ "type": "Feature", "properties": { "name": "Artom" }, "geometry": { "type": "Point", "coordinates": [ 7.6474262, 45.017791 ] } },
{ "type": "Feature", "properties": { "name": "Colombo" }, "geometry": { "type": "Point", "coordinates": [ 7.5711337, 45.0812082 ] } },
{ "type": "Feature", "properties": { "name": "Bengasi Nord" }, "geometry": { "type": "Point", "coordinates": [ 7.6615116, 45.0179485 ] } },
{ "type": "Feature", "properties": { "name": "Donizetti" }, "geometry": { "type": "Point", "coordinates": [ 7.6771994, 45.0495427 ] } },
{ "type": "Feature", "properties": { "name": "La Cassa (P.za 25 Aprile)" }, "geometry": { "type": "Point", "coordinates": [ 7.51871, 45.18159 ] } },
{ "type": "Feature", "properties": { "name": "Filadelfia" }, "geometry": { "type": "Point", "coordinates": [ 7.6341531, 45.046483 ] } },
{ "type": "Feature", "properties": { "name": "Buriasco Ovest" }, "geometry": { "type": "Point", "coordinates": [ 7.6202866, 45.0215931 ] } },
{ "type": "Feature", "properties": { "name": "Venaria (Appartamenti Reali)" }, "geometry": { "type": "Point", "coordinates": [ 7.60351, 45.14507 ] } },
{ "type": "Feature", "properties": { "name": "Cimarosa" }, "geometry": { "type": "Point", "coordinates": [ 7.7081361, 45.0882363 ] } },
{ "type": "Feature", "properties": { "name": "Caselle (Ospedale)" }, "geometry": { "type": "Point", "coordinates": [ 7.6490283, 45.1742996 ] } },
{ "type": "Feature", "properties": { "name": "Fratelli Bandiera" }, "geometry": { "type": "Point", "coordinates": [ 7.6005722, 45.0067329 ] } },
{ "type": "Feature", "properties": { "name": "Lavazza N.47" }, "geometry": { "type": "Point", "coordinates": [ 7.7297647, 45.051854 ] } },
{ "type": "Feature", "properties": { "name": "Bramante" }, "geometry": { "type": "Point", "coordinates": [ 7.6643384, 45.0445767 ] } },
{ "type": "Feature", "properties": { "name": "Filadelfia" }, "geometry": { "type": "Point", "coordinates": [ 7.6292239, 45.0478845 ] } },
{ "type": "Feature", "properties": { "name": "Sesia" }, "geometry": { "type": "Point", "coordinates": [ 7.6933581, 45.0899734 ] } },
{ "type": "Feature", "properties": { "name": "Museo Sindone" }, "geometry": { "type": "Point", "coordinates": [ 7.6767489, 45.075919 ] } },
{ "type": "Feature", "properties": { "name": "Duino" }, "geometry": { "type": "Point", "coordinates": [ 7.6489664, 45.0194873 ] } },
{ "type": "Feature", "properties": { "name": "Vittorio Veneto" }, "geometry": { "type": "Point", "coordinates": [ 7.5229468, 45.0994407 ] } },
{ "type": "Feature", "properties": { "name": "Toselli" }, "geometry": { "type": "Point", "coordinates": [ 7.7143209, 45.0651393 ] } },
{ "type": "Feature", "properties": { "name": "Re Umberto" }, "geometry": { "type": "Point", "coordinates": [ 7.6710781, 45.0625233 ] } },
{ "type": "Feature", "properties": { "name": "Cirene" }, "geometry": { "type": "Point", "coordinates": [ 7.6341391, 45.0963374 ] } },
{ "type": "Feature", "properties": { "name": "Bertola Capolinea" }, "geometry": { "type": "Point", "coordinates": [ 7.6814394, 45.0699472 ] } },
{ "type": "Feature", "properties": { "name": "Derna Est" }, "geometry": { "type": "Point", "coordinates": [ 7.7013409, 45.1019182 ] } },
{ "type": "Feature", "properties": { "name": "Scoffone" }, "geometry": { "type": "Point", "coordinates": [ 7.5874786, 45.0605668 ] } },
{ "type": "Feature", "properties": { "name": "Vinadio" }, "geometry": { "type": "Point", "coordinates": [ 7.6529766, 45.0688956 ] } },
{ "type": "Feature", "properties": { "name": "Vigliani" }, "geometry": { "type": "Point", "coordinates": [ 7.63453, 45.02187 ] } },
{ "type": "Feature", "properties": { "name": "Poste e Telecomunicazioni" }, "geometry": { "type": "Point", "coordinates": [ 7.6927322, 44.9970371 ] } },
{ "type": "Feature", "properties": { "name": "San Martino N.155" }, "geometry": { "type": "Point", "coordinates": [ 7.7211678, 45.0528665 ] } },
{ "type": "Feature", "properties": { "name": "Ospedale Mauriziano" }, "geometry": { "type": "Point", "coordinates": [ 7.6653104, 45.0497114 ] } },
{ "type": "Feature", "properties": { "name": "Meucci" }, "geometry": { "type": "Point", "coordinates": [ 7.7613078, 45.1343386 ] } },
{ "type": "Feature", "properties": { "name": "Cremona" }, "geometry": { "type": "Point", "coordinates": [ 7.7795761, 45.1442978 ] } },
{ "type": "Feature", "properties": { "name": "Padova" }, "geometry": { "type": "Point", "coordinates": [ 7.6959108, 45.0826309 ] } },
{ "type": "Feature", "properties": { "name": "Pellerina" }, "geometry": { "type": "Point", "coordinates": [ 7.6430116, 45.0900229 ] } },
{ "type": "Feature", "properties": { "name": "Acquedotto" }, "geometry": { "type": "Point", "coordinates": [ 7.5441067, 45.0276009 ] } },
{ "type": "Feature", "properties": { "name": "Tartini" }, "geometry": { "type": "Point", "coordinates": [ 7.7083052, 45.0996272 ] } },
{ "type": "Feature", "properties": { "name": "Marzabotto" }, "geometry": { "type": "Point", "coordinates": [ 7.6079158, 45.0604482 ] } },
{ "type": "Feature", "properties": { "name": "Cafasso" }, "geometry": { "type": "Point", "coordinates": [ 7.7333676, 45.085789 ] } },
{ "type": "Feature", "properties": { "name": "Antica di Collegno" }, "geometry": { "type": "Point", "coordinates": [ 7.6146989, 45.0825441 ] } },
{ "type": "Feature", "properties": { "name": "Graf" }, "geometry": { "type": "Point", "coordinates": [ 7.6733668, 45.0440844 ] } },
{ "type": "Feature", "properties": { "name": "Settimo (v. Milano/v. Brescia)" }, "geometry": { "type": "Point", "coordinates": [ 7.7908509, 45.1505343 ] } },
{ "type": "Feature", "properties": { "name": "Poste e Telecomunicazioni" }, "geometry": { "type": "Point", "coordinates": [ 7.6294503, 45.1223702 ] } },
{ "type": "Feature", "properties": { "name": "Pervinche" }, "geometry": { "type": "Point", "coordinates": [ 7.6356345, 45.1035321 ] } },
{ "type": "Feature", "properties": { "name": "Ambrosio" }, "geometry": { "type": "Point", "coordinates": [ 7.703306, 45.0947339 ] } },
{ "type": "Feature", "properties": { "name": "Racconigi" }, "geometry": { "type": "Point", "coordinates": [ 7.64915, 45.07583 ] } },
{ "type": "Feature", "properties": { "name": "Cimitero Grugliasco" }, "geometry": { "type": "Point", "coordinates": [ 7.5915547, 45.0638877 ] } },
{ "type": "Feature", "properties": { "name": "Turati" }, "geometry": { "type": "Point", "coordinates": [ 7.6616235, 45.0470841 ] } },
{ "type": "Feature", "properties": { "name": "Mochino Nord" }, "geometry": { "type": "Point", "coordinates": [ 7.7607316, 45.1036143 ] } },
{ "type": "Feature", "properties": { "name": "XXV Aprile" }, "geometry": { "type": "Point", "coordinates": [ 7.6911634, 45.0336729 ] } },
{ "type": "Feature", "properties": { "name": "Cincinnato" }, "geometry": { "type": "Point", "coordinates": [ 7.6441956, 45.1005444 ] } },
{ "type": "Feature", "properties": { "name": "Romolo e Remo" }, "geometry": { "type": "Point", "coordinates": [ 7.7078715, 45.1118393 ] } },
{ "type": "Feature", "properties": { "name": "Trofarello" }, "geometry": { "type": "Point", "coordinates": [ 7.6603732, 45.0226873 ] } },
{ "type": "Feature", "properties": { "name": "Plava Cancello 31" }, "geometry": { "type": "Point", "coordinates": [ 7.6134527, 45.0209272 ] } },
{ "type": "Feature", "properties": { "name": "Casale N.431" }, "geometry": { "type": "Point", "coordinates": [ 7.7381682, 45.0887216 ] } },
{ "type": "Feature", "properties": { "name": "Assisi" }, "geometry": { "type": "Point", "coordinates": [ 7.6676996, 45.0953461 ] } },
{ "type": "Feature", "properties": { "name": "Barbera Ovest" }, "geometry": { "type": "Point", "coordinates": [ 7.6336101, 45.0190768 ] } },
{ "type": "Feature", "properties": { "name": "Molise" }, "geometry": { "type": "Point", "coordinates": [ 7.6373284, 45.0994755 ] } },
{ "type": "Feature", "properties": { "name": "Gottardo" }, "geometry": { "type": "Point", "coordinates": [ 7.6969647, 45.0970965 ] } },
{ "type": "Feature", "properties": { "name": "Boccherini" }, "geometry": { "type": "Point", "coordinates": [ 7.6929209, 45.1012833 ] } },
{ "type": "Feature", "properties": { "name": "I Maggio" }, "geometry": { "type": "Point", "coordinates": [ 7.6518735, 44.9990922 ] } },
{ "type": "Feature", "properties": { "name": "Gonzole" }, "geometry": { "type": "Point", "coordinates": [ 7.5669017, 45.0257021 ] } },
{ "type": "Feature", "properties": { "name": "Pergolesi" }, "geometry": { "type": "Point", "coordinates": [ 7.7144179, 45.0929919 ] } },
{ "type": "Feature", "properties": { "name": "Genova" }, "geometry": { "type": "Point", "coordinates": [ 7.6634, 45.01704 ] } },
{ "type": "Feature", "properties": { "name": "Radich" }, "geometry": { "type": "Point", "coordinates": [ 7.6125364, 45.0657218 ] } },
{ "type": "Feature", "properties": { "name": "Bertolla Est" }, "geometry": { "type": "Point", "coordinates": [ 7.7507931, 45.1027256 ] } },
{ "type": "Feature", "properties": { "name": "Scalero" }, "geometry": { "type": "Point", "coordinates": [ 7.6801413, 45.0169994 ] } },
{ "type": "Feature", "properties": { "name": "Mainero N.58" }, "geometry": { "type": "Point", "coordinates": [ 7.72234, 45.04688 ] } },
{ "type": "Feature", "properties": { "name": "XXV Aprile N.164" }, "geometry": { "type": "Point", "coordinates": [ 7.6930274, 45.0319686 ] } },
{ "type": "Feature", "properties": { "name": "Mombasiglio" }, "geometry": { "type": "Point", "coordinates": [ 7.6410414, 45.0494089 ] } },
{ "type": "Feature", "properties": { "name": "Rivalta (FIAT Rivalta-canc. 7)" }, "geometry": { "type": "Point", "coordinates": [ 7.5065046, 44.9966966 ] } },
{ "type": "Feature", "properties": { "name": "Rivodora (Cartotecnica)" }, "geometry": { "type": "Point", "coordinates": [ 7.78714, 45.09267 ] } },
{ "type": "Feature", "properties": { "name": "Guastalla" }, "geometry": { "type": "Point", "coordinates": [ 7.6975496, 45.0704767 ] } },
{ "type": "Feature", "properties": { "name": "Luini" }, "geometry": { "type": "Point", "coordinates": [ 7.653029, 45.1007581 ] } },
{ "type": "Feature", "properties": { "name": "Plava Cancello 31" }, "geometry": { "type": "Point", "coordinates": [ 7.6123569, 45.0216415 ] } },
{ "type": "Feature", "properties": { "name": "Filadelfia" }, "geometry": { "type": "Point", "coordinates": [ 7.6578186, 45.0352515 ] } },
{ "type": "Feature", "properties": { "name": "Lavazza N.36" }, "geometry": { "type": "Point", "coordinates": [ 7.7278278, 45.0529387 ] } },
{ "type": "Feature", "properties": { "name": "Carignano" }, "geometry": { "type": "Point", "coordinates": [ 7.671079, 44.9988302 ] } },
{ "type": "Feature", "properties": { "name": "Pravacallo" }, "geometry": { "type": "Point", "coordinates": [ 7.62956, 45.00496 ] } },
{ "type": "Feature", "properties": { "name": "Chieri" }, "geometry": { "type": "Point", "coordinates": [ 7.8113675, 45.0687548 ] } },
{ "type": "Feature", "properties": { "name": "Bottesini" }, "geometry": { "type": "Point", "coordinates": [ 7.6982865, 45.0888662 ] } },
{ "type": "Feature", "properties": { "name": "Torino" }, "geometry": { "type": "Point", "coordinates": [ 7.6479304, 44.9952272 ] } },
{ "type": "Feature", "properties": { "name": "Graneri" }, "geometry": { "type": "Point", "coordinates": [ 7.6479759, 45.0320364 ] } },
{ "type": "Feature", "properties": { "name": "La Salle" }, "geometry": { "type": "Point", "coordinates": [ 7.5869798, 45.0581271 ] } },
{ "type": "Feature", "properties": { "name": "Cervi" }, "geometry": { "type": "Point", "coordinates": [ 7.5764664, 45.0576676 ] } },
{ "type": "Feature", "properties": { "name": "Sofia Capolinea" }, "geometry": { "type": "Point", "coordinates": [ 7.7166206, 45.0953491 ] } },
{ "type": "Feature", "properties": { "name": "Trofarello" }, "geometry": { "type": "Point", "coordinates": [ 7.6609629, 45.0224593 ] } },
{ "type": "Feature", "properties": { "name": "Cesana" }, "geometry": { "type": "Point", "coordinates": [ 7.6241133, 45.0071355 ] } },
{ "type": "Feature", "properties": { "name": "Madonna Della Scala N.117" }, "geometry": { "type": "Point", "coordinates": [ 7.7875196, 44.997879 ] } },
{ "type": "Feature", "properties": { "name": "Pian Gambino" }, "geometry": { "type": "Point", "coordinates": [ 7.7582107, 45.0783888 ] } },
{ "type": "Feature", "properties": { "name": "Madama Cristina" }, "geometry": { "type": "Point", "coordinates": [ 7.675051, 45.047003 ] } },
{ "type": "Feature", "properties": { "name": "Foscolo" }, "geometry": { "type": "Point", "coordinates": [ 7.6759321, 45.0478836 ] } },
{ "type": "Feature", "properties": { "name": "Castello" }, "geometry": { "type": "Point", "coordinates": [ 7.6853713, 45.0703952 ] } },
{ "type": "Feature", "properties": { "name": "Caraglio" }, "geometry": { "type": "Point", "coordinates": [ 7.64262, 45.06105 ] } },
{ "type": "Feature", "properties": { "name": "Cuorgnè" }, "geometry": { "type": "Point", "coordinates": [ 7.7042405, 45.1225052 ] } },
{ "type": "Feature", "properties": { "name": "Rivodora" }, "geometry": { "type": "Point", "coordinates": [ 7.78665, 45.09033 ] } },
{ "type": "Feature", "properties": { "name": "Reduzzi" }, "geometry": { "type": "Point", "coordinates": [ 7.6556981, 45.0369571 ] } },
{ "type": "Feature", "properties": { "name": "Santa Croce" }, "geometry": { "type": "Point", "coordinates": [ 7.68673, 45.00066 ] } },
{ "type": "Feature", "properties": { "name": "Magra Est" }, "geometry": { "type": "Point", "coordinates": [ 7.7297102, 45.1037699 ] } },
{ "type": "Feature", "properties": { "name": "Allamano" }, "geometry": { "type": "Point", "coordinates": [ 7.6294751, 45.0511946 ] } },
{ "type": "Feature", "properties": { "name": "Poste E Telecomunicazioni" }, "geometry": { "type": "Point", "coordinates": [ 7.6925287, 45.1072197 ] } },
{ "type": "Feature", "properties": { "name": "Rondò Rivella" }, "geometry": { "type": "Point", "coordinates": [ 7.6889717, 45.0741237 ] } },
{ "type": "Feature", "properties": { "name": "Lecce" }, "geometry": { "type": "Point", "coordinates": [ 7.6476603, 45.0808662 ] } },
{ "type": "Feature", "properties": { "name": "Ancina" }, "geometry": { "type": "Point", "coordinates": [ 7.7115868, 45.0958809 ] } },
{ "type": "Feature", "properties": { "name": "Lombardia" }, "geometry": { "type": "Point", "coordinates": [ 7.6601091, 45.1057554 ] } },
{ "type": "Feature", "properties": { "name": "Mongreno N.114" }, "geometry": { "type": "Point", "coordinates": [ 7.7407531, 45.0735053 ] } },
{ "type": "Feature", "properties": { "name": "Montalenghe" }, "geometry": { "type": "Point", "coordinates": [ 7.6751749, 45.0992532 ] } },
{ "type": "Feature", "properties": { "name": "Piave" }, "geometry": { "type": "Point", "coordinates": [ 7.6368212, 45.1305418 ] } },
{ "type": "Feature", "properties": { "name": "Giulio Cesare Ovest" }, "geometry": { "type": "Point", "coordinates": [ 7.7060144, 45.1138505 ] } },
{ "type": "Feature", "properties": { "name": "Appio Claudio" }, "geometry": { "type": "Point", "coordinates": [ 7.6505469, 45.0856058 ] } },
{ "type": "Feature", "properties": { "name": "Cimitero Parco" }, "geometry": { "type": "Point", "coordinates": [ 7.60358, 45.03217 ] } },
{ "type": "Feature", "properties": { "name": "Savona N.12" }, "geometry": { "type": "Point", "coordinates": [ 7.6854423, 44.9963272 ] } },
{ "type": "Feature", "properties": { "name": "Sant'anna N.9" }, "geometry": { "type": "Point", "coordinates": [ 7.7223669, 45.058079 ] } },
{ "type": "Feature", "properties": { "name": "Borgaretto (P.za Vitt.Veneto)" }, "geometry": { "type": "Point", "coordinates": [ 7.60294, 45.00315 ] } },
{ "type": "Feature", "properties": { "name": "Salvemini" }, "geometry": { "type": "Point", "coordinates": [ 7.6246201, 45.0436499 ] } },
{ "type": "Feature", "properties": { "name": "Gioberti" }, "geometry": { "type": "Point", "coordinates": [ 7.7821907, 45.1429048 ] } },
{ "type": "Feature", "properties": { "name": "Parco Sempione" }, "geometry": { "type": "Point", "coordinates": [ 7.690038, 45.0987309 ] } },
{ "type": "Feature", "properties": { "name": "Robilant Sud" }, "geometry": { "type": "Point", "coordinates": [ 7.6447778, 45.0599401 ] } },
{ "type": "Feature", "properties": { "name": "Stura Cancello 2" }, "geometry": { "type": "Point", "coordinates": [ 7.7142681, 45.1085616 ] } },
{ "type": "Feature", "properties": { "name": "Palli" }, "geometry": { "type": "Point", "coordinates": [ 7.6580233, 45.0086634 ] } },
{ "type": "Feature", "properties": { "name": "Nitti" }, "geometry": { "type": "Point", "coordinates": [ 7.6199658, 45.0429663 ] } },
{ "type": "Feature", "properties": { "name": "Statuto Nord" }, "geometry": { "type": "Point", "coordinates": [ 7.6703298, 45.0771457 ] } },
{ "type": "Feature", "properties": { "name": "Monfalcone" }, "geometry": { "type": "Point", "coordinates": [ 7.6348094, 45.0522051 ] } },
{ "type": "Feature", "properties": { "name": "Massari Capolinea" }, "geometry": { "type": "Point", "coordinates": [ 7.6804685, 45.1064691 ] } },
{ "type": "Feature", "properties": { "name": "Issiglio" }, "geometry": { "type": "Point", "coordinates": [ 7.6399852, 45.0566532 ] } },
{ "type": "Feature", "properties": { "name": "Monte Rosa" }, "geometry": { "type": "Point", "coordinates": [ 7.699584, 45.0962487 ] } },
{ "type": "Feature", "properties": { "name": "Colombetto" }, "geometry": { "type": "Point", "coordinates": [ 7.6551378, 44.9926782 ] } },
{ "type": "Feature", "properties": { "name": "Baracca" }, "geometry": { "type": "Point", "coordinates": [ 7.57938, 45.06844 ] } },
{ "type": "Feature", "properties": { "name": "Santa Brigida N.43" }, "geometry": { "type": "Point", "coordinates": [ 7.7013, 45.01171 ] } },
{ "type": "Feature", "properties": { "name": "Stura Lazio" }, "geometry": { "type": "Point", "coordinates": [ 7.7241805, 45.0996722 ] } },
{ "type": "Feature", "properties": { "name": "Vinovo" }, "geometry": { "type": "Point", "coordinates": [ 7.6667318, 45.0208256 ] } },
{ "type": "Feature", "properties": { "name": "Servais" }, "geometry": { "type": "Point", "coordinates": [ 7.6252495, 45.0843863 ] } },
{ "type": "Feature", "properties": { "name": "Fontaneto" }, "geometry": { "type": "Point", "coordinates": [ 7.8170541, 45.0031992 ] } },
{ "type": "Feature", "properties": { "name": "Dante" }, "geometry": { "type": "Point", "coordinates": [ 7.678569, 45.0466973 ] } },
{ "type": "Feature", "properties": { "name": "Castiglione (Molino)" }, "geometry": { "type": "Point", "coordinates": [ 7.7947352, 45.1171881 ] } },
{ "type": "Feature", "properties": { "name": "Milazzo" }, "geometry": { "type": "Point", "coordinates": [ 7.6919345, 45.053305 ] } },
{ "type": "Feature", "properties": { "name": "Belli" }, "geometry": { "type": "Point", "coordinates": [ 7.6450612, 45.0810683 ] } },
{ "type": "Feature", "properties": { "name": "Del Nobile N.27" }, "geometry": { "type": "Point", "coordinates": [ 7.70997, 45.05338 ] } },
{ "type": "Feature", "properties": { "name": "Largo Toscana" }, "geometry": { "type": "Point", "coordinates": [ 7.6570988, 45.0966013 ] } },
{ "type": "Feature", "properties": { "name": "Torino" }, "geometry": { "type": "Point", "coordinates": [ 7.6099957, 45.0012782 ] } },
{ "type": "Feature", "properties": { "name": "Venaria (v.le Carlo Eman.II)" }, "geometry": { "type": "Point", "coordinates": [ 7.6263, 45.13689 ] } },
{ "type": "Feature", "properties": { "name": "Brin" }, "geometry": { "type": "Point", "coordinates": [ 7.6711298, 45.0939632 ] } },
{ "type": "Feature", "properties": { "name": "De Gasperi Capolinea" }, "geometry": { "type": "Point", "coordinates": [ 7.6280284, 45.1259437 ] } },
{ "type": "Feature", "properties": { "name": "Veronese" }, "geometry": { "type": "Point", "coordinates": [ 7.6815853, 45.1071556 ] } },
{ "type": "Feature", "properties": { "name": "Caio Mario Est" }, "geometry": { "type": "Point", "coordinates": [ 7.6369023, 45.0224264 ] } },
{ "type": "Feature", "properties": { "name": "Viriglio" }, "geometry": { "type": "Point", "coordinates": [ 7.7016026, 45.0913703 ] } },
{ "type": "Feature", "properties": { "name": "Castello Di Mirafiori" }, "geometry": { "type": "Point", "coordinates": [ 7.6500158, 45.0089768 ] } },
{ "type": "Feature", "properties": { "name": "Cascina Canonica" }, "geometry": { "type": "Point", "coordinates": [ 7.5873616, 45.0963514 ] } },
{ "type": "Feature", "properties": { "name": "Leini' (str. Volpiano 23)" }, "geometry": { "type": "Point", "coordinates": [ 7.7217055, 45.1849211 ] } },
{ "type": "Feature", "properties": { "name": "Bellacomba" }, "geometry": { "type": "Point", "coordinates": [ 7.6606323, 45.1227361 ] } },
{ "type": "Feature", "properties": { "name": "Sostegno" }, "geometry": { "type": "Point", "coordinates": [ 7.6209763, 45.0802259 ] } },
{ "type": "Feature", "properties": { "name": "Alta Di Mongreno Capolinea" }, "geometry": { "type": "Point", "coordinates": [ 7.7530925, 45.0627867 ] } },
{ "type": "Feature", "properties": { "name": "Grosseto" }, "geometry": { "type": "Point", "coordinates": [ 7.6790404, 45.1049805 ] } },
{ "type": "Feature", "properties": { "name": "Palermo" }, "geometry": { "type": "Point", "coordinates": [ 7.6927083, 45.0907573 ] } },
{ "type": "Feature", "properties": { "name": "Entracque" }, "geometry": { "type": "Point", "coordinates": [ 7.6439253, 45.0607775 ] } },
{ "type": "Feature", "properties": { "name": "Maroncelli" }, "geometry": { "type": "Point", "coordinates": [ 7.51649, 45.03024 ] } },
{ "type": "Feature", "properties": { "name": "Pindemonte" }, "geometry": { "type": "Point", "coordinates": [ 7.7107665, 45.0840788 ] } },
{ "type": "Feature", "properties": { "name": "Luini" }, "geometry": { "type": "Point", "coordinates": [ 7.6536207, 45.1006289 ] } },
{ "type": "Feature", "properties": { "name": "Rivoli" }, "geometry": { "type": "Point", "coordinates": [ 7.5229548, 45.0400807 ] } },
{ "type": "Feature", "properties": { "name": "Tigli" }, "geometry": { "type": "Point", "coordinates": [ 7.7373666, 45.0119802 ] } },
{ "type": "Feature", "properties": { "name": "Lulli" }, "geometry": { "type": "Point", "coordinates": [ 7.66605, 45.1082675 ] } },
{ "type": "Feature", "properties": { "name": "Moncalieri (v. Martiri/v. Roma)" }, "geometry": { "type": "Point", "coordinates": [ 7.65842, 45.00224 ] } },
{ "type": "Feature", "properties": { "name": "Castello di Nichelino" }, "geometry": { "type": "Point", "coordinates": [ 7.6392408, 44.9917085 ] } },
{ "type": "Feature", "properties": { "name": "Pescatore" }, "geometry": { "type": "Point", "coordinates": [ 7.6977419, 45.0647284 ] } },
{ "type": "Feature", "properties": { "name": "Lecce" }, "geometry": { "type": "Point", "coordinates": [ 7.6493792, 45.0830179 ] } },
{ "type": "Feature", "properties": { "name": "San Bartolomeo" }, "geometry": { "type": "Point", "coordinates": [ 7.504244, 45.0702217 ] } },
{ "type": "Feature", "properties": { "name": "Val Salice N.181" }, "geometry": { "type": "Point", "coordinates": [ 7.7158271, 45.0438706 ] } },
{ "type": "Feature", "properties": { "name": "Largo Borgaro" }, "geometry": { "type": "Point", "coordinates": [ 7.6623189, 45.0956696 ] } },
{ "type": "Feature", "properties": { "name": "Pasque Piemontesi" }, "geometry": { "type": "Point", "coordinates": [ 7.6209023, 45.0390763 ] } },
{ "type": "Feature", "properties": { "name": "Monviso" }, "geometry": { "type": "Point", "coordinates": [ 7.7574283, 45.1407886 ] } },
{ "type": "Feature", "properties": { "name": "Caio Mario Capolinea" }, "geometry": { "type": "Point", "coordinates": [ 7.6362552, 45.0241005 ] } },
{ "type": "Feature", "properties": { "name": "Montalenghe" }, "geometry": { "type": "Point", "coordinates": [ 7.6744255, 45.0994506 ] } },
{ "type": "Feature", "properties": { "name": "Alberoni" }, "geometry": { "type": "Point", "coordinates": [ 7.6804097, 45.0348413 ] } },
{ "type": "Feature", "properties": { "name": "Ala di Stura" }, "geometry": { "type": "Point", "coordinates": [ 7.6855229, 45.103967 ] } },
{ "type": "Feature", "properties": { "name": "Agnelli" }, "geometry": { "type": "Point", "coordinates": [ 7.6435613, 45.0341162 ] } },
{ "type": "Feature", "properties": { "name": "Mercadante" }, "geometry": { "type": "Point", "coordinates": [ 7.7052557, 45.1011361 ] } },
{ "type": "Feature", "properties": { "name": "Cuneo" }, "geometry": { "type": "Point", "coordinates": [ 7.65681, 45.00492 ] } },
{ "type": "Feature", "properties": { "name": "Cassagna" }, "geometry": { "type": "Point", "coordinates": [ 7.5952782, 45.1234205 ] } },
{ "type": "Feature", "properties": { "name": "Baiardi" }, "geometry": { "type": "Point", "coordinates": [ 7.6706886, 45.0348211 ] } },
{ "type": "Feature", "properties": { "name": "Paganini" }, "geometry": { "type": "Point", "coordinates": [ 7.6257509, 45.1172292 ] } },
{ "type": "Feature", "properties": { "name": "Cappuccini" }, "geometry": { "type": "Point", "coordinates": [ 7.69881, 45.05882 ] } },
{ "type": "Feature", "properties": { "name": "Artom" }, "geometry": { "type": "Point", "coordinates": [ 7.6473537, 45.0174451 ] } },
{ "type": "Feature", "properties": { "name": "Marsè" }, "geometry": { "type": "Point", "coordinates": [ 7.7190346, 44.9907248 ] } },
{ "type": "Feature", "properties": { "name": "Del Francese" }, "geometry": { "type": "Point", "coordinates": [ 7.6578713, 45.1343376 ] } },
{ "type": "Feature", "properties": { "name": "Vallarsa" }, "geometry": { "type": "Point", "coordinates": [ 7.6244418, 45.0170289 ] } },
{ "type": "Feature", "properties": { "name": "Fontaneto" }, "geometry": { "type": "Point", "coordinates": [ 7.8184332, 45.0028239 ] } },
{ "type": "Feature", "properties": { "name": "Roccavione" }, "geometry": { "type": "Point", "coordinates": [ 7.6775829, 45.1043965 ] } },
{ "type": "Feature", "properties": { "name": "Peonie" }, "geometry": { "type": "Point", "coordinates": [ 7.632255, 45.1060358 ] } },
{ "type": "Feature", "properties": { "name": "Cigna" }, "geometry": { "type": "Point", "coordinates": [ 7.6890768, 45.0962738 ] } },
{ "type": "Feature", "properties": { "name": "Agnelli Cancello 3" }, "geometry": { "type": "Point", "coordinates": [ 7.6393535, 45.0293143 ] } },
{ "type": "Feature", "properties": { "name": "Galvani" }, "geometry": { "type": "Point", "coordinates": [ 7.706522, 45.1436139 ] } },
{ "type": "Feature", "properties": { "name": "Giambone" }, "geometry": { "type": "Point", "coordinates": [ 7.6517393, 45.0306827 ] } },
{ "type": "Feature", "properties": { "name": "Italia" }, "geometry": { "type": "Point", "coordinates": [ 7.6109308, 45.0989141 ] } },
{ "type": "Feature", "properties": { "name": "Failla" }, "geometry": { "type": "Point", "coordinates": [ 7.6927872, 45.0005637 ] } },
{ "type": "Feature", "properties": { "name": "Cimitero" }, "geometry": { "type": "Point", "coordinates": [ 7.7412377, 45.0134715 ] } },
{ "type": "Feature", "properties": { "name": "Primule N.18" }, "geometry": { "type": "Point", "coordinates": [ 7.6287389, 45.1002792 ] } },
{ "type": "Feature", "properties": { "name": "Antica Di San Vito Est" }, "geometry": { "type": "Point", "coordinates": [ 7.6942385, 45.0444343 ] } },
{ "type": "Feature", "properties": { "name": "Rivalta" }, "geometry": { "type": "Point", "coordinates": [ 7.647749, 45.057224 ] } },
{ "type": "Feature", "properties": { "name": "C.L.N." }, "geometry": { "type": "Point", "coordinates": [ 7.5207026, 45.0677688 ] } },
{ "type": "Feature", "properties": { "name": "Sandà" }, "geometry": { "type": "Point", "coordinates": [ 7.7125744, 44.9934518 ] } },
{ "type": "Feature", "properties": { "name": "Lombardia" }, "geometry": { "type": "Point", "coordinates": [ 7.6586393, 45.1375842 ] } },
{ "type": "Feature", "properties": { "name": "Allason Capolinea" }, "geometry": { "type": "Point", "coordinates": [ 7.6157567, 45.038392 ] } },
{ "type": "Feature", "properties": { "name": "Bramante Capolinea" }, "geometry": { "type": "Point", "coordinates": [ 7.6723296, 45.0423248 ] } },
{ "type": "Feature", "properties": { "name": "Verga" }, "geometry": { "type": "Point", "coordinates": [ 7.6364813, 45.0114524 ] } },
{ "type": "Feature", "properties": { "name": "Giuria Est" }, "geometry": { "type": "Point", "coordinates": [ 7.6818292, 45.0524691 ] } },
{ "type": "Feature", "properties": { "name": "Trapani Est" }, "geometry": { "type": "Point", "coordinates": [ 7.6403324, 45.0700311 ] } },
{ "type": "Feature", "properties": { "name": "Pacini" }, "geometry": { "type": "Point", "coordinates": [ 7.7004893, 45.0845937 ] } },
{ "type": "Feature", "properties": { "name": "Alpignano" }, "geometry": { "type": "Point", "coordinates": [ 7.65245, 45.07579 ] } },
{ "type": "Feature", "properties": { "name": "Viassa" }, "geometry": { "type": "Point", "coordinates": [ 7.5819027, 45.0961834 ] } },
{ "type": "Feature", "properties": { "name": "Pinin Pacot" }, "geometry": { "type": "Point", "coordinates": [ 7.7228431, 45.054337 ] } },
{ "type": "Feature", "properties": { "name": "Regina Margherita" }, "geometry": { "type": "Point", "coordinates": [ 7.66716, 45.08338 ] } },
{ "type": "Feature", "properties": { "name": "Brunelleschi" }, "geometry": { "type": "Point", "coordinates": [ 7.6246669, 45.0748515 ] } },
{ "type": "Feature", "properties": { "name": "Cimitero" }, "geometry": { "type": "Point", "coordinates": [ 7.7625993, 45.0995716 ] } },
{ "type": "Feature", "properties": { "name": "Val Della Torre" }, "geometry": { "type": "Point", "coordinates": [ 7.5415683, 45.1031628 ] } },
{ "type": "Feature", "properties": { "name": "Loreto" }, "geometry": { "type": "Point", "coordinates": [ 7.7148775, 44.9958769 ] } },
{ "type": "Feature", "properties": { "name": "Pepe" }, "geometry": { "type": "Point", "coordinates": [ 7.6545831, 45.1196434 ] } },
{ "type": "Feature", "properties": { "name": "Cimabue" }, "geometry": { "type": "Point", "coordinates": [ 7.6189335, 45.0383271 ] } },
{ "type": "Feature", "properties": { "name": "Leini' (Baltea-Buffetti)" }, "geometry": { "type": "Point", "coordinates": [ 7.7306552, 45.1848102 ] } },
{ "type": "Feature", "properties": { "name": "Resistenza" }, "geometry": { "type": "Point", "coordinates": [ 7.8089656, 44.998177 ] } },
{ "type": "Feature", "properties": { "name": "Ventimiglia Capolinea" }, "geometry": { "type": "Point", "coordinates": [ 7.6726366, 45.034368 ] } },
{ "type": "Feature", "properties": { "name": "Poliambulatori" }, "geometry": { "type": "Point", "coordinates": [ 7.6320076, 45.0005146 ] } },
{ "type": "Feature", "properties": { "name": "Valentino" }, "geometry": { "type": "Point", "coordinates": [ 7.6839396, 45.0543376 ] } },
{ "type": "Feature", "properties": { "name": "D'Arborea" }, "geometry": { "type": "Point", "coordinates": [ 7.6371212, 45.031322 ] } },
{ "type": "Feature", "properties": { "name": "Oxilia" }, "geometry": { "type": "Point", "coordinates": [ 7.7022839, 45.1049753 ] } },
{ "type": "Feature", "properties": { "name": "Pacinotti" }, "geometry": { "type": "Point", "coordinates": [ 7.6548805, 45.0021345 ] } },
{ "type": "Feature", "properties": { "name": "Artom" }, "geometry": { "type": "Point", "coordinates": [ 7.6511346, 45.0095522 ] } },
{ "type": "Feature", "properties": { "name": "Gorini Capolinea" }, "geometry": { "type": "Point", "coordinates": [ 7.5919981, 45.0397378 ] } },
{ "type": "Feature", "properties": { "name": "Falchera Capolinea" }, "geometry": { "type": "Point", "coordinates": [ 7.7080863, 45.1290838 ] } },
{ "type": "Feature", "properties": { "name": "Mainero Capolinea" }, "geometry": { "type": "Point", "coordinates": [ 7.7274867, 45.0393623 ] } },
{ "type": "Feature", "properties": { "name": "Nizza" }, "geometry": { "type": "Point", "coordinates": [ 7.6625568, 45.0182573 ] } },
{ "type": "Feature", "properties": { "name": "Plava" }, "geometry": { "type": "Point", "coordinates": [ 7.6273506, 45.0160127 ] } },
{ "type": "Feature", "properties": { "name": "Gribaudia" }, "geometry": { "type": "Point", "coordinates": [ 7.7658008, 45.1297479 ] } },
{ "type": "Feature", "properties": { "name": "Giuria" }, "geometry": { "type": "Point", "coordinates": [ 7.6777518, 45.0464802 ] } },
{ "type": "Feature", "properties": { "name": "Buriasco" }, "geometry": { "type": "Point", "coordinates": [ 7.6227376, 45.0229923 ] } },
{ "type": "Feature", "properties": { "name": "Venaria (Giardini)" }, "geometry": { "type": "Point", "coordinates": [ 7.6219691, 45.1384059 ] } },
{ "type": "Feature", "properties": { "name": "Belli" }, "geometry": { "type": "Point", "coordinates": [ 7.6447766, 45.0810123 ] } },
{ "type": "Feature", "properties": { "name": "Lot" }, "geometry": { "type": "Point", "coordinates": [ 7.7092049, 45.0394332 ] } },
{ "type": "Feature", "properties": { "name": "Torino" }, "geometry": { "type": "Point", "coordinates": [ 7.6549536, 45.1485319 ] } },
{ "type": "Feature", "properties": { "name": "Plava Cancello 29" }, "geometry": { "type": "Point", "coordinates": [ 7.6085682, 45.0231298 ] } },
{ "type": "Feature", "properties": { "name": "Don Bosco" }, "geometry": { "type": "Point", "coordinates": [ 7.6720234, 45.082004 ] } },
{ "type": "Feature", "properties": { "name": "Macchiavelli N.101" }, "geometry": { "type": "Point", "coordinates": [ 7.6316676, 45.1196307 ] } },
{ "type": "Feature", "properties": { "name": "De Canal" }, "geometry": { "type": "Point", "coordinates": [ 7.6383151, 45.0355185 ] } },
{ "type": "Feature", "properties": { "name": "Antica di Rivoli" }, "geometry": { "type": "Point", "coordinates": [ 7.5648803, 45.0833459 ] } },
{ "type": "Feature", "properties": { "name": "Motovelodromo" }, "geometry": { "type": "Point", "coordinates": [ 7.7166226, 45.0685356 ] } },
{ "type": "Feature", "properties": { "name": "Giordano Bruno" }, "geometry": { "type": "Point", "coordinates": [ 7.6643926, 45.0454386 ] } },
{ "type": "Feature", "properties": { "name": "Pronda" }, "geometry": { "type": "Point", "coordinates": [ 7.6207085, 45.067869 ] } },
{ "type": "Feature", "properties": { "name": "Pescatori" }, "geometry": { "type": "Point", "coordinates": [ 7.7496952, 45.09218 ] } },
{ "type": "Feature", "properties": { "name": "Valperga Caluso" }, "geometry": { "type": "Point", "coordinates": [ 7.6792182, 45.0524101 ] } },
{ "type": "Feature", "properties": { "name": "Cascina Nuova" }, "geometry": { "type": "Point", "coordinates": [ 7.7700267, 45.1490099 ] } },
{ "type": "Feature", "properties": { "name": "Canavere N.3" }, "geometry": { "type": "Point", "coordinates": [ 7.6525007, 45.1514511 ] } },
{ "type": "Feature", "properties": { "name": "Mazzini" }, "geometry": { "type": "Point", "coordinates": [ 7.6920573, 45.0601745 ] } },
{ "type": "Feature", "properties": { "name": "Volpiano (Autostrada)" }, "geometry": { "type": "Point", "coordinates": [ 7.7879491, 45.1967428 ] } },
{ "type": "Feature", "properties": { "name": "Barletta" }, "geometry": { "type": "Point", "coordinates": [ 7.6411375, 45.0483126 ] } },
{ "type": "Feature", "properties": { "name": "Rivoli (Citta Mercato)" }, "geometry": { "type": "Point", "coordinates": [ 7.5008371, 45.0829895 ] } },
{ "type": "Feature", "properties": { "name": "Betulle" }, "geometry": { "type": "Point", "coordinates": [ 7.7088855, 45.1251977 ] } },
{ "type": "Feature", "properties": { "name": "Sacrario Del Martinetto" }, "geometry": { "type": "Point", "coordinates": [ 7.6532635, 45.0839543 ] } },
{ "type": "Feature", "properties": { "name": "Roveda" }, "geometry": { "type": "Point", "coordinates": [ 7.6122114, 45.0200462 ] } },
{ "type": "Feature", "properties": { "name": "Francia" }, "geometry": { "type": "Point", "coordinates": [ 7.6239901, 45.075103 ] } },
{ "type": "Feature", "properties": { "name": "Garessio" }, "geometry": { "type": "Point", "coordinates": [ 7.6688756, 45.0305914 ] } },
{ "type": "Feature", "properties": { "name": "Siracusa" }, "geometry": { "type": "Point", "coordinates": [ 7.6328007, 45.0354176 ] } },
{ "type": "Feature", "properties": { "name": "San Grato" }, "geometry": { "type": "Point", "coordinates": [ 7.8099705, 45.0695814 ] } },
{ "type": "Feature", "properties": { "name": "Gran Madre Capolinea" }, "geometry": { "type": "Point", "coordinates": [ 7.6991027, 45.0627128 ] } },
{ "type": "Feature", "properties": { "name": "Allamano Capolinea" }, "geometry": { "type": "Point", "coordinates": [ 7.57732, 45.05212 ] } },
{ "type": "Feature", "properties": { "name": "Lecce" }, "geometry": { "type": "Point", "coordinates": [ 7.6465564, 45.0809163 ] } },
{ "type": "Feature", "properties": { "name": "Garibaldi" }, "geometry": { "type": "Point", "coordinates": [ 7.57498, 45.06729 ] } },
{ "type": "Feature", "properties": { "name": "Del Lauro" }, "geometry": { "type": "Point", "coordinates": [ 7.7197138, 45.0665113 ] } },
{ "type": "Feature", "properties": { "name": "Lesna" }, "geometry": { "type": "Point", "coordinates": [ 7.6242154, 45.0526213 ] } },
{ "type": "Feature", "properties": { "name": "Delle Pietre" }, "geometry": { "type": "Point", "coordinates": [ 7.7547825, 45.0950483 ] } },
{ "type": "Feature", "properties": { "name": "Rondò Forca" }, "geometry": { "type": "Point", "coordinates": [ 7.6754371, 45.0788914 ] } },
{ "type": "Feature", "properties": { "name": "Ada Negri Capolinea" }, "geometry": { "type": "Point", "coordinates": [ 7.7056775, 44.9947466 ] } },
{ "type": "Feature", "properties": { "name": "Guala" }, "geometry": { "type": "Point", "coordinates": [ 7.6440578, 45.0242197 ] } },
{ "type": "Feature", "properties": { "name": "Cascina Falchera" }, "geometry": { "type": "Point", "coordinates": [ 7.7035654, 45.1253196 ] } },
{ "type": "Feature", "properties": { "name": "Tetti Chianale" }, "geometry": { "type": "Point", "coordinates": [ 7.78512, 45.10656 ] } },
{ "type": "Feature", "properties": { "name": "Manno" }, "geometry": { "type": "Point", "coordinates": [ 7.6541706, 45.1060951 ] } },
{ "type": "Feature", "properties": { "name": "Depanis" }, "geometry": { "type": "Point", "coordinates": [ 7.6537227, 45.1099184 ] } },
{ "type": "Feature", "properties": { "name": "Bertone" }, "geometry": { "type": "Point", "coordinates": [ 7.594309, 45.051717 ] } },
{ "type": "Feature", "properties": { "name": "Filzi" }, "geometry": { "type": "Point", "coordinates": [ 7.6345723, 45.1302225 ] } },
{ "type": "Feature", "properties": { "name": "Bolzano Capolinea" }, "geometry": { "type": "Point", "coordinates": [ 7.6674557, 45.0733265 ] } },
{ "type": "Feature", "properties": { "name": "Ferrara N.47" }, "geometry": { "type": "Point", "coordinates": [ 7.6271987, 45.1074999 ] } },
{ "type": "Feature", "properties": { "name": "Rossini" }, "geometry": { "type": "Point", "coordinates": [ 7.6933963, 45.0733762 ] } },
{ "type": "Feature", "properties": { "name": "Garrone" }, "geometry": { "type": "Point", "coordinates": [ 7.64912, 45.01318 ] } },
{ "type": "Feature", "properties": { "name": "Abeti Nord" }, "geometry": { "type": "Point", "coordinates": [ 7.7116473, 45.1323937 ] } },
{ "type": "Feature", "properties": { "name": "Salvemini" }, "geometry": { "type": "Point", "coordinates": [ 7.6165959, 45.0464981 ] } },
{ "type": "Feature", "properties": { "name": "Croce" }, "geometry": { "type": "Point", "coordinates": [ 7.7450124, 45.0908828 ] } },
{ "type": "Feature", "properties": { "name": "Villa Zanetti" }, "geometry": { "type": "Point", "coordinates": [ 7.6779932, 45.029464 ] } },
{ "type": "Feature", "properties": { "name": "Pitagora Sud" }, "geometry": { "type": "Point", "coordinates": [ 7.6335761, 45.0385417 ] } },
{ "type": "Feature", "properties": { "name": "Orbetello" }, "geometry": { "type": "Point", "coordinates": [ 7.663129, 45.1069655 ] } },
{ "type": "Feature", "properties": { "name": "Ala di Stura Nord" }, "geometry": { "type": "Point", "coordinates": [ 7.68628, 45.10913 ] } },
{ "type": "Feature", "properties": { "name": "Iseppon" }, "geometry": { "type": "Point", "coordinates": [ 7.63653, 45.12726 ] } },
{ "type": "Feature", "properties": { "name": "Vercelli" }, "geometry": { "type": "Point", "coordinates": [ 7.7056788, 45.1168021 ] } },
{ "type": "Feature", "properties": { "name": "Cenni" }, "geometry": { "type": "Point", "coordinates": [ 7.6010552, 45.0644281 ] } },
{ "type": "Feature", "properties": { "name": "Del Francese N.132" }, "geometry": { "type": "Point", "coordinates": [ 7.6695494, 45.1336005 ] } },
{ "type": "Feature", "properties": { "name": "Vittime di Bologna N.10" }, "geometry": { "type": "Point", "coordinates": [ 7.7293985, 45.1015545 ] } },
{ "type": "Feature", "properties": { "name": "Stampini" }, "geometry": { "type": "Point", "coordinates": [ 7.6625964, 45.111253 ] } },
{ "type": "Feature", "properties": { "name": "Ospedale Valletta" }, "geometry": { "type": "Point", "coordinates": [ 7.6299611, 45.0157973 ] } },
{ "type": "Feature", "properties": { "name": "San Mauro (Sambuy)" }, "geometry": { "type": "Point", "coordinates": [ 7.78209, 45.11522 ] } },
{ "type": "Feature", "properties": { "name": "Padova" }, "geometry": { "type": "Point", "coordinates": [ 7.6948508, 45.0822309 ] } },
{ "type": "Feature", "properties": { "name": "Valprato" }, "geometry": { "type": "Point", "coordinates": [ 7.6860273, 45.0926963 ] } },
{ "type": "Feature", "properties": { "name": "Racconigi" }, "geometry": { "type": "Point", "coordinates": [ 7.6443837, 45.0665324 ] } },
{ "type": "Feature", "properties": { "name": "Gramsci" }, "geometry": { "type": "Point", "coordinates": [ 7.5514299, 45.1022854 ] } },
{ "type": "Feature", "properties": { "name": "Agnelli" }, "geometry": { "type": "Point", "coordinates": [ 7.7121815, 45.1681416 ] } },
{ "type": "Feature", "properties": { "name": "Fabrizi" }, "geometry": { "type": "Point", "coordinates": [ 7.6562262, 45.0801538 ] } },
{ "type": "Feature", "properties": { "name": "Settimo (v. Torino/v. De Nicola)" }, "geometry": { "type": "Point", "coordinates": [ 7.7480329, 45.1515529 ] } },
{ "type": "Feature", "properties": { "name": "Galileo Ferraris" }, "geometry": { "type": "Point", "coordinates": [ 7.6715881, 45.0672441 ] } },
{ "type": "Feature", "properties": { "name": "Alessandria" }, "geometry": { "type": "Point", "coordinates": [ 7.6345529, 45.1127166 ] } },
{ "type": "Feature", "properties": { "name": "Chiesa della Salute" }, "geometry": { "type": "Point", "coordinates": [ 7.6796077, 45.0989972 ] } },
{ "type": "Feature", "properties": { "name": "Monte Grappa" }, "geometry": { "type": "Point", "coordinates": [ 7.6386819, 45.0815209 ] } },
{ "type": "Feature", "properties": { "name": "Derna" }, "geometry": { "type": "Point", "coordinates": [ 7.6991569, 45.1006416 ] } },
{ "type": "Feature", "properties": { "name": "Cimitero Parco Capolinea" }, "geometry": { "type": "Point", "coordinates": [ 7.6039987, 45.0328537 ] } },
{ "type": "Feature", "properties": { "name": "Saffi" }, "geometry": { "type": "Point", "coordinates": [ 7.6517651, 45.0725341 ] } },
{ "type": "Feature", "properties": { "name": "Colombo" }, "geometry": { "type": "Point", "coordinates": [ 7.5784421, 45.0287056 ] } },
{ "type": "Feature", "properties": { "name": "Villastellone" }, "geometry": { "type": "Point", "coordinates": [ 7.6978845, 44.9955082 ] } },
{ "type": "Feature", "properties": { "name": "Villa Rey" }, "geometry": { "type": "Point", "coordinates": [ 7.7193267, 45.0632129 ] } },
{ "type": "Feature", "properties": { "name": "Vinovo" }, "geometry": { "type": "Point", "coordinates": [ 7.6667644, 45.0214642 ] } },
{ "type": "Feature", "properties": { "name": "Parma" }, "geometry": { "type": "Point", "coordinates": [ 7.6906813, 45.0803374 ] } },
{ "type": "Feature", "properties": { "name": "Piemonte" }, "geometry": { "type": "Point", "coordinates": [ 7.655797, 45.1409089 ] } },
{ "type": "Feature", "properties": { "name": "Villaretto N.157" }, "geometry": { "type": "Point", "coordinates": [ 7.6869002, 45.1312937 ] } },
{ "type": "Feature", "properties": { "name": "Vittorio Emanuele II" }, "geometry": { "type": "Point", "coordinates": [ 7.6739197, 45.0641723 ] } },
{ "type": "Feature", "properties": { "name": "Monte Cucco" }, "geometry": { "type": "Point", "coordinates": [ 7.6314669, 45.0644599 ] } },
{ "type": "Feature", "properties": { "name": "Cigna" }, "geometry": { "type": "Point", "coordinates": [ 7.6819282, 45.0895127 ] } },
{ "type": "Feature", "properties": { "name": "Isler" }, "geometry": { "type": "Point", "coordinates": [ 7.6379336, 45.0179455 ] } },
{ "type": "Feature", "properties": { "name": "Biamonti" }, "geometry": { "type": "Point", "coordinates": [ 7.7023573, 45.060995 ] } },
{ "type": "Feature", "properties": { "name": "Torricelli" }, "geometry": { "type": "Point", "coordinates": [ 7.6497917, 45.0048773 ] } },
{ "type": "Feature", "properties": { "name": "Sanzio" }, "geometry": { "type": "Point", "coordinates": [ 7.583636, 45.1273941 ] } },
{ "type": "Feature", "properties": { "name": "Sant'anna N.45" }, "geometry": { "type": "Point", "coordinates": [ 7.7247357, 45.0557559 ] } },
{ "type": "Feature", "properties": { "name": "Maroncelli Capolinea" }, "geometry": { "type": "Point", "coordinates": [ 7.6629738, 45.0181729 ] } },
{ "type": "Feature", "properties": { "name": "Primule Nord" }, "geometry": { "type": "Point", "coordinates": [ 7.6243349, 45.1062296 ] } },
{ "type": "Feature", "properties": { "name": "Chiomo" }, "geometry": { "type": "Point", "coordinates": [ 7.7682895, 45.1361759 ] } },
{ "type": "Feature", "properties": { "name": "Colli" }, "geometry": { "type": "Point", "coordinates": [ 7.7727173, 45.0783765 ] } },
{ "type": "Feature", "properties": { "name": "San Marino" }, "geometry": { "type": "Point", "coordinates": [ 7.6423468, 45.0390289 ] } },
{ "type": "Feature", "properties": { "name": "Rivoli (Strada Santa Maria)" }, "geometry": { "type": "Point", "coordinates": [ 7.511136, 45.057932 ] } },
{ "type": "Feature", "properties": { "name": "San Vincenzo" }, "geometry": { "type": "Point", "coordinates": [ 7.7114833, 45.0468103 ] } },
{ "type": "Feature", "properties": { "name": "Adriano Ovest" }, "geometry": { "type": "Point", "coordinates": [ 7.6539949, 45.069938 ] } },
{ "type": "Feature", "properties": { "name": "Crea" }, "geometry": { "type": "Point", "coordinates": [ 7.613834, 45.0596947 ] } },
{ "type": "Feature", "properties": { "name": "Tinivella" }, "geometry": { "type": "Point", "coordinates": [ 7.76531, 45.1481783 ] } },
{ "type": "Feature", "properties": { "name": "Casale N.472" }, "geometry": { "type": "Point", "coordinates": [ 7.7395797, 45.089316 ] } },
{ "type": "Feature", "properties": { "name": "Porta Susa" }, "geometry": { "type": "Point", "coordinates": [ 7.6667253, 45.0715916 ] } },
{ "type": "Feature", "properties": { "name": "V Circoscrizione" }, "geometry": { "type": "Point", "coordinates": [ 7.6675875, 45.1008005 ] } },
{ "type": "Feature", "properties": { "name": "Da Vinci" }, "geometry": { "type": "Point", "coordinates": [ 7.6311445, 45.1268373 ] } },
{ "type": "Feature", "properties": { "name": "Nichelino (v. Torino/v. Galimberti)" }, "geometry": { "type": "Point", "coordinates": [ 7.65059, 44.99815 ] } },
{ "type": "Feature", "properties": { "name": "Traiano" }, "geometry": { "type": "Point", "coordinates": [ 7.6386344, 45.0256596 ] } },
{ "type": "Feature", "properties": { "name": "Vittorio Veneto Est" }, "geometry": { "type": "Point", "coordinates": [ 7.696805, 45.065104 ] } },
{ "type": "Feature", "properties": { "name": "Marmolada" }, "geometry": { "type": "Point", "coordinates": [ 7.6499788, 45.0556218 ] } },
{ "type": "Feature", "properties": { "name": "Sofia" }, "geometry": { "type": "Point", "coordinates": [ 7.7143819, 45.0945968 ] } },
{ "type": "Feature", "properties": { "name": "Avellino" }, "geometry": { "type": "Point", "coordinates": [ 7.66147, 45.08392 ] } },
{ "type": "Feature", "properties": { "name": "Antica di Grugliasco Est" }, "geometry": { "type": "Point", "coordinates": [ 7.6201799, 45.0583722 ] } },
{ "type": "Feature", "properties": { "name": "Cartman N.59" }, "geometry": { "type": "Point", "coordinates": [ 7.75214, 45.07172 ] } },
{ "type": "Feature", "properties": { "name": "Politecnico" }, "geometry": { "type": "Point", "coordinates": [ 7.6598421, 45.064445 ] } },
{ "type": "Feature", "properties": { "name": "Ivrea" }, "geometry": { "type": "Point", "coordinates": [ 7.70442, 45.1172545 ] } },
{ "type": "Feature", "properties": { "name": "Vittorio Veneto" }, "geometry": { "type": "Point", "coordinates": [ 7.7712012, 45.1364062 ] } },
{ "type": "Feature", "properties": { "name": "XXV Aprile N.29" }, "geometry": { "type": "Point", "coordinates": [ 7.6867608, 45.0336611 ] } },
{ "type": "Feature", "properties": { "name": "Toscanini" }, "geometry": { "type": "Point", "coordinates": [ 7.6452168, 45.0019063 ] } },
{ "type": "Feature", "properties": { "name": "Scotellaro" }, "geometry": { "type": "Point", "coordinates": [ 7.7046683, 45.1086061 ] } },
{ "type": "Feature", "properties": { "name": "Tetti None" }, "geometry": { "type": "Point", "coordinates": [ 7.7980855, 45.0851757 ] } },
{ "type": "Feature", "properties": { "name": "Cimarosa Est" }, "geometry": { "type": "Point", "coordinates": [ 7.7093456, 45.0856458 ] } },
{ "type": "Feature", "properties": { "name": "Monginevro Est" }, "geometry": { "type": "Point", "coordinates": [ 7.6551097, 45.0657405 ] } },
{ "type": "Feature", "properties": { "name": "Galilei" }, "geometry": { "type": "Point", "coordinates": [ 7.5975064, 45.0069925 ] } },
{ "type": "Feature", "properties": { "name": "Caduti per la Libertà Capolinea" }, "geometry": { "type": "Point", "coordinates": [ 7.6788814, 45.0000693 ] } },
{ "type": "Feature", "properties": { "name": "Cascinotto" }, "geometry": { "type": "Point", "coordinates": [ 7.7276568, 45.1064854 ] } },
{ "type": "Feature", "properties": { "name": "Statuto" }, "geometry": { "type": "Point", "coordinates": [ 7.669699, 45.0769926 ] } },
{ "type": "Feature", "properties": { "name": "Bellardi" }, "geometry": { "type": "Point", "coordinates": [ 7.62787, 45.08377 ] } },
{ "type": "Feature", "properties": { "name": "Grosseto" }, "geometry": { "type": "Point", "coordinates": [ 7.6451083, 45.1058011 ] } },
{ "type": "Feature", "properties": { "name": "Gregorio Magno" }, "geometry": { "type": "Point", "coordinates": [ 7.5687121, 45.0938576 ] } },
{ "type": "Feature", "properties": { "name": "Volgograd Sud" }, "geometry": { "type": "Point", "coordinates": [ 7.7161964, 45.1284392 ] } },
{ "type": "Feature", "properties": { "name": "Caserma Morelli" }, "geometry": { "type": "Point", "coordinates": [ 7.6588696, 45.0439464 ] } },
{ "type": "Feature", "properties": { "name": "Unione Sovietica Sud" }, "geometry": { "type": "Point", "coordinates": [ 7.6234382, 45.0134458 ] } },
{ "type": "Feature", "properties": { "name": "Torino" }, "geometry": { "type": "Point", "coordinates": [ 7.7555342, 45.133352 ] } },
{ "type": "Feature", "properties": { "name": "Ponte Po" }, "geometry": { "type": "Point", "coordinates": [ 7.6766208, 45.0003554 ] } },
{ "type": "Feature", "properties": { "name": "Giolitti" }, "geometry": { "type": "Point", "coordinates": [ 7.6882494, 45.0652505 ] } },
{ "type": "Feature", "properties": { "name": "Croce" }, "geometry": { "type": "Point", "coordinates": [ 7.644248, 45.0181043 ] } },
{ "type": "Feature", "properties": { "name": "Bricca" }, "geometry": { "type": "Point", "coordinates": [ 7.7078113, 45.062482 ] } },
{ "type": "Feature", "properties": { "name": "Ferrara" }, "geometry": { "type": "Point", "coordinates": [ 7.64991, 45.10587 ] } },
{ "type": "Feature", "properties": { "name": "SKF Somecat" }, "geometry": { "type": "Point", "coordinates": [ 7.5991535, 45.1222496 ] } },
{ "type": "Feature", "properties": { "name": "Santa Croce" }, "geometry": { "type": "Point", "coordinates": [ 7.6890294, 45.0010407 ] } },
{ "type": "Feature", "properties": { "name": "Villaggio Olimpia" }, "geometry": { "type": "Point", "coordinates": [ 7.7306207, 45.1249553 ] } },
{ "type": "Feature", "properties": { "name": "Sommariva" }, "geometry": { "type": "Point", "coordinates": [ 7.66573, 45.02292 ] } },
{ "type": "Feature", "properties": { "name": "Bianchi Est" }, "geometry": { "type": "Point", "coordinates": [ 7.62894, 45.08198 ] } },
{ "type": "Feature", "properties": { "name": "Palermo" }, "geometry": { "type": "Point", "coordinates": [ 7.6933768, 45.09161 ] } },
{ "type": "Feature", "properties": { "name": "Nichelino (v. Torino/v. Puccini)" }, "geometry": { "type": "Point", "coordinates": [ 7.65252, 44.99939 ] } },
{ "type": "Feature", "properties": { "name": "Panetti" }, "geometry": { "type": "Point", "coordinates": [ 7.6486351, 45.0145922 ] } },
{ "type": "Feature", "properties": { "name": "San Luigi" }, "geometry": { "type": "Point", "coordinates": [ 7.5198974, 45.0652241 ] } },
{ "type": "Feature", "properties": { "name": "Cottolengo" }, "geometry": { "type": "Point", "coordinates": [ 7.7093708, 45.1557986 ] } },
{ "type": "Feature", "properties": { "name": "Francia" }, "geometry": { "type": "Point", "coordinates": [ 7.6579968, 45.1541368 ] } },
{ "type": "Feature", "properties": { "name": "Strada Superga N.90" }, "geometry": { "type": "Point", "coordinates": [ 7.7414055, 45.0830941 ] } },
{ "type": "Feature", "properties": { "name": "Carena" }, "geometry": { "type": "Point", "coordinates": [ 7.6692907, 45.0782577 ] } },
{ "type": "Feature", "properties": { "name": "Fortino" }, "geometry": { "type": "Point", "coordinates": [ 7.6745815, 45.08582 ] } },
{ "type": "Feature", "properties": { "name": "Dandolo" }, "geometry": { "type": "Point", "coordinates": [ 7.6341623, 45.0360522 ] } },
{ "type": "Feature", "properties": { "name": "Crispi Sud" }, "geometry": { "type": "Point", "coordinates": [ 7.6881193, 45.088415 ] } },
{ "type": "Feature", "properties": { "name": "Gran Madre" }, "geometry": { "type": "Point", "coordinates": [ 7.7003789, 45.0620737 ] } },
{ "type": "Feature", "properties": { "name": "Tazzoli Capolinea" }, "geometry": { "type": "Point", "coordinates": [ 7.6270537, 45.0347408 ] } },
{ "type": "Feature", "properties": { "name": "Regina Margherita" }, "geometry": { "type": "Point", "coordinates": [ 7.6519674, 45.0882861 ] } },
{ "type": "Feature", "properties": { "name": "Palavela" }, "geometry": { "type": "Point", "coordinates": [ 7.6679319, 45.0241019 ] } },
{ "type": "Feature", "properties": { "name": "Bianchi" }, "geometry": { "type": "Point", "coordinates": [ 7.6237106, 45.0815411 ] } },
{ "type": "Feature", "properties": { "name": "Traforo" }, "geometry": { "type": "Point", "coordinates": [ 7.7867561, 45.038185 ] } },
{ "type": "Feature", "properties": { "name": "Lanza" }, "geometry": { "type": "Point", "coordinates": [ 7.6955849, 45.0548865 ] } },
{ "type": "Feature", "properties": { "name": "Filadelfia Est" }, "geometry": { "type": "Point", "coordinates": [ 7.6442327, 45.0425511 ] } },
{ "type": "Feature", "properties": { "name": "San Luigi N.61" }, "geometry": { "type": "Point", "coordinates": [ 7.5359774, 45.0294323 ] } },
{ "type": "Feature", "properties": { "name": "Poliziano" }, "geometry": { "type": "Point", "coordinates": [ 7.7130848, 45.0775347 ] } },
{ "type": "Feature", "properties": { "name": "Unione Sovietica" }, "geometry": { "type": "Point", "coordinates": [ 7.6567384, 45.0412999 ] } },
{ "type": "Feature", "properties": { "name": "Faccioli" }, "geometry": { "type": "Point", "coordinates": [ 7.6184454, 45.0192216 ] } },
{ "type": "Feature", "properties": { "name": "Torino N.91" }, "geometry": { "type": "Point", "coordinates": [ 7.7421776, 45.1283826 ] } },
{ "type": "Feature", "properties": { "name": "CTO" }, "geometry": { "type": "Point", "coordinates": [ 7.6718306, 45.0330628 ] } },
{ "type": "Feature", "properties": { "name": "Venaria (Park)" }, "geometry": { "type": "Point", "coordinates": [ 7.615664, 45.1402029 ] } },
{ "type": "Feature", "properties": { "name": "Cuneo" }, "geometry": { "type": "Point", "coordinates": [ 7.6809438, 45.0871163 ] } },
{ "type": "Feature", "properties": { "name": "Orbassano (Scuole)" }, "geometry": { "type": "Point", "coordinates": [ 7.5283121, 45.0151309 ] } },
{ "type": "Feature", "properties": { "name": "Servais" }, "geometry": { "type": "Point", "coordinates": [ 7.6393004, 45.0830634 ] } },
{ "type": "Feature", "properties": { "name": "Regina Margherita" }, "geometry": { "type": "Point", "coordinates": [ 7.7024513, 45.0710037 ] } },
{ "type": "Feature", "properties": { "name": "Buonarroti" }, "geometry": { "type": "Point", "coordinates": [ 7.64717, 45.00196 ] } },
{ "type": "Feature", "properties": { "name": "Borgaretto N.13" }, "geometry": { "type": "Point", "coordinates": [ 7.5910407, 45.010172 ] } },
{ "type": "Feature", "properties": { "name": "Togliatti" }, "geometry": { "type": "Point", "coordinates": [ 7.5962422, 45.0043332 ] } },
{ "type": "Feature", "properties": { "name": "Centallo" }, "geometry": { "type": "Point", "coordinates": [ 7.7243675, 45.1006955 ] } },
{ "type": "Feature", "properties": { "name": "Potenza" }, "geometry": { "type": "Point", "coordinates": [ 7.6614135, 45.1036313 ] } },
{ "type": "Feature", "properties": { "name": "Omero Ovest" }, "geometry": { "type": "Point", "coordinates": [ 7.6264209, 45.0396447 ] } },
{ "type": "Feature", "properties": { "name": "Settimo (Hotel Green Center)" }, "geometry": { "type": "Point", "coordinates": [ 7.7971817, 45.1539105 ] } },
{ "type": "Feature", "properties": { "name": "XXV Aprile" }, "geometry": { "type": "Point", "coordinates": [ 7.6908649, 45.0337407 ] } },
{ "type": "Feature", "properties": { "name": "Venaria (Cascina Medici)" }, "geometry": { "type": "Point", "coordinates": [ 7.6173236, 45.1396246 ] } },
{ "type": "Feature", "properties": { "name": "Stadio Nord" }, "geometry": { "type": "Point", "coordinates": [ 7.6448855, 45.1119184 ] } },
{ "type": "Feature", "properties": { "name": "Val Salice N.57" }, "geometry": { "type": "Point", "coordinates": [ 7.7088443, 45.0478746 ] } },
{ "type": "Feature", "properties": { "name": "Borgaro (v. Lanzo 102)" }, "geometry": { "type": "Point", "coordinates": [ 7.65495, 45.14797 ] } },
{ "type": "Feature", "properties": { "name": "Leini' (Baltea-Buffetti)" }, "geometry": { "type": "Point", "coordinates": [ 7.7300012, 45.1846684 ] } },
{ "type": "Feature", "properties": { "name": "Pateri N.17" }, "geometry": { "type": "Point", "coordinates": [ 7.6446963, 44.99022 ] } },
{ "type": "Feature", "properties": { "name": "Verolengo" }, "geometry": { "type": "Point", "coordinates": [ 7.6716418, 45.095691 ] } },
{ "type": "Feature", "properties": { "name": "Guido Reni" }, "geometry": { "type": "Point", "coordinates": [ 7.6303342, 45.050102 ] } },
{ "type": "Feature", "properties": { "name": "Porta Palazzo Ovest" }, "geometry": { "type": "Point", "coordinates": [ 7.6827401, 45.0771129 ] } },
{ "type": "Feature", "properties": { "name": "Rivalta (str. S.Massimo)" }, "geometry": { "type": "Point", "coordinates": [ 7.5259107, 45.0238918 ] } },
{ "type": "Feature", "properties": { "name": "San Paolo" }, "geometry": { "type": "Point", "coordinates": [ 7.6355508, 45.0567346 ] } },
{ "type": "Feature", "properties": { "name": "Rebaudengo" }, "geometry": { "type": "Point", "coordinates": [ 7.6964653, 45.1031122 ] } },
{ "type": "Feature", "properties": { "name": "Sabotino Est" }, "geometry": { "type": "Point", "coordinates": [ 7.6500419, 45.0650507 ] } },
{ "type": "Feature", "properties": { "name": "Marconi" }, "geometry": { "type": "Point", "coordinates": [ 7.5597493, 45.0951889 ] } },
{ "type": "Feature", "properties": { "name": "Leonardo Da Vinci" }, "geometry": { "type": "Point", "coordinates": [ 7.5875732, 45.0645946 ] } },
{ "type": "Feature", "properties": { "name": "Ospedale Mauriziano" }, "geometry": { "type": "Point", "coordinates": [ 7.66366, 45.0517 ] } },
{ "type": "Feature", "properties": { "name": "Barocchio Est" }, "geometry": { "type": "Point", "coordinates": [ 7.62136, 45.05101 ] } },
{ "type": "Feature", "properties": { "name": "XI Febbraio" }, "geometry": { "type": "Point", "coordinates": [ 7.6869572, 45.0757165 ] } },
{ "type": "Feature", "properties": { "name": "Settimo (v. Leini/Lucchini)" }, "geometry": { "type": "Point", "coordinates": [ 7.7471788, 45.1440916 ] } },
{ "type": "Feature", "properties": { "name": "Terraneo" }, "geometry": { "type": "Point", "coordinates": [ 7.6408791, 45.0965057 ] } },
{ "type": "Feature", "properties": { "name": "Rivalta (FIAT Rivalta-canc. 9)" }, "geometry": { "type": "Point", "coordinates": [ 7.5019002, 44.995606 ] } },
{ "type": "Feature", "properties": { "name": "Tempia" }, "geometry": { "type": "Point", "coordinates": [ 7.708614, 45.1182153 ] } },
{ "type": "Feature", "properties": { "name": "Adriano Ovest" }, "geometry": { "type": "Point", "coordinates": [ 7.65296, 45.07126 ] } },
{ "type": "Feature", "properties": { "name": "Torre Pellice" }, "geometry": { "type": "Point", "coordinates": [ 7.7364679, 45.0975101 ] } },
{ "type": "Feature", "properties": { "name": "Madonna Di Campagna" }, "geometry": { "type": "Point", "coordinates": [ 7.6667204, 45.1020197 ] } },
{ "type": "Feature", "properties": { "name": "Buridani" }, "geometry": { "type": "Point", "coordinates": [ 7.6304502, 45.1275166 ] } },
{ "type": "Feature", "properties": { "name": "Centrale del Latte" }, "geometry": { "type": "Point", "coordinates": [ 7.6374408, 45.0446363 ] } },
{ "type": "Feature", "properties": { "name": "De Gasperi" }, "geometry": { "type": "Point", "coordinates": [ 7.5446, 45.10603 ] } },
{ "type": "Feature", "properties": { "name": "Lombardia" }, "geometry": { "type": "Point", "coordinates": [ 7.6458108, 45.0956982 ] } },
{ "type": "Feature", "properties": { "name": "Partigiani" }, "geometry": { "type": "Point", "coordinates": [ 7.5714069, 45.09274 ] } },
{ "type": "Feature", "properties": { "name": "San Martino N.82" }, "geometry": { "type": "Point", "coordinates": [ 7.7190945, 45.0587409 ] } },
{ "type": "Feature", "properties": { "name": "Bengasi Sud" }, "geometry": { "type": "Point", "coordinates": [ 7.66062, 45.01547 ] } },
{ "type": "Feature", "properties": { "name": "Gaidano" }, "geometry": { "type": "Point", "coordinates": [ 7.6230634, 45.040544 ] } },
{ "type": "Feature", "properties": { "name": "Eremo" }, "geometry": { "type": "Point", "coordinates": [ 7.7620165, 45.0461264 ] } },
{ "type": "Feature", "properties": { "name": "Rivoli (v. Rivalta 110)" }, "geometry": { "type": "Point", "coordinates": [ 7.5200571, 45.0544509 ] } },
{ "type": "Feature", "properties": { "name": "Moncalieri N.371" }, "geometry": { "type": "Point", "coordinates": [ 7.6768583, 45.0233537 ] } },
{ "type": "Feature", "properties": { "name": "Volpiano (bv. Cebrosa)" }, "geometry": { "type": "Point", "coordinates": [ 7.7748389, 45.1982628 ] } },
{ "type": "Feature", "properties": { "name": "New Holland" }, "geometry": { "type": "Point", "coordinates": [ 7.7400802, 45.1190866 ] } },
{ "type": "Feature", "properties": { "name": "Cavoretto Capolinea" }, "geometry": { "type": "Point", "coordinates": [ 7.6883563, 45.0298175 ] } },
{ "type": "Feature", "properties": { "name": "Orbassano Capolinea" }, "geometry": { "type": "Point", "coordinates": [ 7.6438738, 45.0457837 ] } },
{ "type": "Feature", "properties": { "name": "Mascagni" }, "geometry": { "type": "Point", "coordinates": [ 7.7036352, 45.0985582 ] } },
{ "type": "Feature", "properties": { "name": "San Mauro (Angelotti)" }, "geometry": { "type": "Point", "coordinates": [ 7.78256, 45.11036 ] } },
{ "type": "Feature", "properties": { "name": "Duca degli Abruzzi" }, "geometry": { "type": "Point", "coordinates": [ 7.6640541, 45.0650177 ] } },
{ "type": "Feature", "properties": { "name": "Depanis" }, "geometry": { "type": "Point", "coordinates": [ 7.6529324, 45.1088053 ] } },
{ "type": "Feature", "properties": { "name": "Partigiani" }, "geometry": { "type": "Point", "coordinates": [ 7.5731091, 45.0915355 ] } },
{ "type": "Feature", "properties": { "name": "Palavela" }, "geometry": { "type": "Point", "coordinates": [ 7.6699003, 45.0201576 ] } },
{ "type": "Feature", "properties": { "name": "Bellardi" }, "geometry": { "type": "Point", "coordinates": [ 7.627139, 45.0839344 ] } },
{ "type": "Feature", "properties": { "name": "Gaidano" }, "geometry": { "type": "Point", "coordinates": [ 7.807112, 45.0227366 ] } },
{ "type": "Feature", "properties": { "name": "Santa Maria Della Valle" }, "geometry": { "type": "Point", "coordinates": [ 7.6951005, 45.0344191 ] } },
{ "type": "Feature", "properties": { "name": "Frejus" }, "geometry": { "type": "Point", "coordinates": [ 7.646553, 45.0710274 ] } },
{ "type": "Feature", "properties": { "name": "Philips" }, "geometry": { "type": "Point", "coordinates": [ 7.5232577, 45.0958515 ] } },
{ "type": "Feature", "properties": { "name": "Centro Commerciale" }, "geometry": { "type": "Point", "coordinates": [ 7.7103367, 45.1600465 ] } },
{ "type": "Feature", "properties": { "name": "Palmieri" }, "geometry": { "type": "Point", "coordinates": [ 7.6609098, 45.0744665 ] } },
{ "type": "Feature", "properties": { "name": "Orbassano Cancello 11" }, "geometry": { "type": "Point", "coordinates": [ 7.6168323, 45.0322833 ] } },
{ "type": "Feature", "properties": { "name": "Centro Commerciale Nord" }, "geometry": { "type": "Point", "coordinates": [ 7.745204, 45.1228315 ] } },
{ "type": "Feature", "properties": { "name": "Porta Nuova" }, "geometry": { "type": "Point", "coordinates": [ 7.6771772, 45.062366 ] } },
{ "type": "Feature", "properties": { "name": "Savant N.26 Cap." }, "geometry": { "type": "Point", "coordinates": [ 7.65229, 45.15484 ] } },
{ "type": "Feature", "properties": { "name": "Siracusa" }, "geometry": { "type": "Point", "coordinates": [ 7.6337183, 45.0528767 ] } },
{ "type": "Feature", "properties": { "name": "Crispi Nord" }, "geometry": { "type": "Point", "coordinates": [ 7.6889319, 45.0901189 ] } },
{ "type": "Feature", "properties": { "name": "San Marino" }, "geometry": { "type": "Point", "coordinates": [ 7.6395608, 45.0400094 ] } },
{ "type": "Feature", "properties": { "name": "Ospedale Gradenigo" }, "geometry": { "type": "Point", "coordinates": [ 7.7062288, 45.0691082 ] } },
{ "type": "Feature", "properties": { "name": "Foglizzo" }, "geometry": { "type": "Point", "coordinates": [ 7.6499263, 45.0945579 ] } },
{ "type": "Feature", "properties": { "name": "Musinè Capolinea" }, "geometry": { "type": "Point", "coordinates": [ 7.5435671, 45.1089441 ] } },
{ "type": "Feature", "properties": { "name": "Del Francese N.93" }, "geometry": { "type": "Point", "coordinates": [ 7.6651911, 45.1358451 ] } },
{ "type": "Feature", "properties": { "name": "Gorree" }, "geometry": { "type": "Point", "coordinates": [ 7.730981, 45.00709 ] } },
{ "type": "Feature", "properties": { "name": "Villari" }, "geometry": { "type": "Point", "coordinates": [ 7.66297, 45.0991669 ] } },
{ "type": "Feature", "properties": { "name": "Trento" }, "geometry": { "type": "Point", "coordinates": [ 7.6272207, 45.1284888 ] } },
{ "type": "Feature", "properties": { "name": "Settimio Severo" }, "geometry": { "type": "Point", "coordinates": [ 7.6945692, 45.0472817 ] } },
{ "type": "Feature", "properties": { "name": "Lombardia" }, "geometry": { "type": "Point", "coordinates": [ 7.6468916, 45.0951847 ] } },
{ "type": "Feature", "properties": { "name": "Ancina" }, "geometry": { "type": "Point", "coordinates": [ 7.7134934, 45.0966214 ] } },
{ "type": "Feature", "properties": { "name": "Bernini" }, "geometry": { "type": "Point", "coordinates": [ 7.6561229, 45.0769852 ] } },
{ "type": "Feature", "properties": { "name": "Vandalino" }, "geometry": { "type": "Point", "coordinates": [ 7.6183794, 45.0712311 ] } },
{ "type": "Feature", "properties": { "name": "Sommeiller" }, "geometry": { "type": "Point", "coordinates": [ 7.6722261, 45.0556633 ] } },
{ "type": "Feature", "properties": { "name": "Tazzoli Cancello 2" }, "geometry": { "type": "Point", "coordinates": [ 7.63593, 45.03202 ] } },
{ "type": "Feature", "properties": { "name": "Zara Capolinea" }, "geometry": { "type": "Point", "coordinates": [ 7.6819337, 45.039801 ] } },
{ "type": "Feature", "properties": { "name": "Borgosesia" }, "geometry": { "type": "Point", "coordinates": [ 7.6398645, 45.0793779 ] } },
{ "type": "Feature", "properties": { "name": "Monte Rosa" }, "geometry": { "type": "Point", "coordinates": [ 7.6989186, 45.0982118 ] } },
{ "type": "Feature", "properties": { "name": "Faccioli" }, "geometry": { "type": "Point", "coordinates": [ 7.6175487, 45.0148435 ] } },
{ "type": "Feature", "properties": { "name": "Tampellini" }, "geometry": { "type": "Point", "coordinates": [ 7.5762999, 45.0855202 ] } },
{ "type": "Feature", "properties": { "name": "Giolitti" }, "geometry": { "type": "Point", "coordinates": [ 7.6936992, 45.0621784 ] } },
{ "type": "Feature", "properties": { "name": "Tabacchi Capolinea" }, "geometry": { "type": "Point", "coordinates": [ 7.72131, 45.0666814 ] } },
{ "type": "Feature", "properties": { "name": "Alfieri" }, "geometry": { "type": "Point", "coordinates": [ 7.6240165, 45.0549107 ] } },
{ "type": "Feature", "properties": { "name": "Tetti Rocco" }, "geometry": { "type": "Point", "coordinates": [ 7.7638209, 45.0772345 ] } },
{ "type": "Feature", "properties": { "name": "Galliera" }, "geometry": { "type": "Point", "coordinates": [ 7.7825411, 45.0413399 ] } },
{ "type": "Feature", "properties": { "name": "Rebaudengo Sud" }, "geometry": { "type": "Point", "coordinates": [ 7.6948703, 45.1029486 ] } },
{ "type": "Feature", "properties": { "name": "Nichelino (v. Torino 11)" }, "geometry": { "type": "Point", "coordinates": [ 7.65639, 45.00408 ] } },
{ "type": "Feature", "properties": { "name": "Rivoli Nord" }, "geometry": { "type": "Point", "coordinates": [ 7.6439336, 45.0760556 ] } },
{ "type": "Feature", "properties": { "name": "San Pancrazio" }, "geometry": { "type": "Point", "coordinates": [ 7.5466276, 45.1030592 ] } },
{ "type": "Feature", "properties": { "name": "Cimarosa" }, "geometry": { "type": "Point", "coordinates": [ 7.7083464, 45.0881474 ] } },
{ "type": "Feature", "properties": { "name": "Tassoni" }, "geometry": { "type": "Point", "coordinates": [ 7.6568075, 45.085715 ] } },
{ "type": "Feature", "properties": { "name": "Torino" }, "geometry": { "type": "Point", "coordinates": [ 7.6076014, 45.0675232 ] } },
{ "type": "Feature", "properties": { "name": "Villaretto" }, "geometry": { "type": "Point", "coordinates": [ 7.6830123, 45.1298236 ] } },
{ "type": "Feature", "properties": { "name": "Ospedale Molinette" }, "geometry": { "type": "Point", "coordinates": [ 7.6745155, 45.0421677 ] } },
{ "type": "Feature", "properties": { "name": "Debouche Nord" }, "geometry": { "type": "Point", "coordinates": [ 7.63244, 45.00084 ] } },
{ "type": "Feature", "properties": { "name": "Sicilia" }, "geometry": { "type": "Point", "coordinates": [ 7.6850511, 45.0433468 ] } },
{ "type": "Feature", "properties": { "name": "Cattaneo Capolinea" }, "geometry": { "type": "Point", "coordinates": [ 7.62583, 45.03576 ] } },
{ "type": "Feature", "properties": { "name": "Traiano" }, "geometry": { "type": "Point", "coordinates": [ 7.63721, 45.02646 ] } },
{ "type": "Feature", "properties": { "name": "Val Pattonera N.224" }, "geometry": { "type": "Point", "coordinates": [ 7.7025738, 45.0381047 ] } },
{ "type": "Feature", "properties": { "name": "Lombardia" }, "geometry": { "type": "Point", "coordinates": [ 7.6479773, 45.0994768 ] } },
{ "type": "Feature", "properties": { "name": "Revigliasco N.150" }, "geometry": { "type": "Point", "coordinates": [ 7.7239461, 45.0010757 ] } },
{ "type": "Feature", "properties": { "name": "Lesna" }, "geometry": { "type": "Point", "coordinates": [ 7.6244334, 45.0575474 ] } },
{ "type": "Feature", "properties": { "name": "Panoramica" }, "geometry": { "type": "Point", "coordinates": [ 7.7654278, 45.0439489 ] } },
{ "type": "Feature", "properties": { "name": "Maria Ausiliatrice" }, "geometry": { "type": "Point", "coordinates": [ 7.6771964, 45.0805218 ] } },
{ "type": "Feature", "properties": { "name": "Leoncavallo" }, "geometry": { "type": "Point", "coordinates": [ 7.7933406, 45.0310092 ] } },
{ "type": "Feature", "properties": { "name": "Giardini Reali" }, "geometry": { "type": "Point", "coordinates": [ 7.6905893, 45.0743041 ] } },
{ "type": "Feature", "properties": { "name": "Monginevro" }, "geometry": { "type": "Point", "coordinates": [ 7.6452758, 45.0643736 ] } },
{ "type": "Feature", "properties": { "name": "Borromini" }, "geometry": { "type": "Point", "coordinates": [ 7.7100287, 45.0675126 ] } },
{ "type": "Feature", "properties": { "name": "Sebastopoli" }, "geometry": { "type": "Point", "coordinates": [ 7.65425, 45.0416241 ] } },
{ "type": "Feature", "properties": { "name": "Eritrea" }, "geometry": { "type": "Point", "coordinates": [ 7.61286, 45.06993 ] } },
{ "type": "Feature", "properties": { "name": "Nervi" }, "geometry": { "type": "Point", "coordinates": [ 7.7377045, 45.126881 ] } },
{ "type": "Feature", "properties": { "name": "Galileo Ferraris" }, "geometry": { "type": "Point", "coordinates": [ 7.6686607, 45.0636083 ] } },
{ "type": "Feature", "properties": { "name": "Campanella Capolinea" }, "geometry": { "type": "Point", "coordinates": [ 7.6322548, 45.0821997 ] } },
{ "type": "Feature", "properties": { "name": "Gioanetti" }, "geometry": { "type": "Point", "coordinates": [ 7.6979155, 45.0624433 ] } },
{ "type": "Feature", "properties": { "name": "Foglizzo Est" }, "geometry": { "type": "Point", "coordinates": [ 7.6504254, 45.0942475 ] } },
{ "type": "Feature", "properties": { "name": "Ospedale San Luigi Capolinea" }, "geometry": { "type": "Point", "coordinates": [ 7.5594128, 45.028426 ] } },
{ "type": "Feature", "properties": { "name": "Gorizia" }, "geometry": { "type": "Point", "coordinates": [ 7.6638099, 45.0140425 ] } },
{ "type": "Feature", "properties": { "name": "Villa Luigina" }, "geometry": { "type": "Point", "coordinates": [ 7.7520391, 45.0488497 ] } },
{ "type": "Feature", "properties": { "name": "Baldissera" }, "geometry": { "type": "Point", "coordinates": [ 7.6786659, 45.0894557 ] } },
{ "type": "Feature", "properties": { "name": "Regio Parco" }, "geometry": { "type": "Point", "coordinates": [ 7.6924584, 45.0764221 ] } },
{ "type": "Feature", "properties": { "name": "Toscana" }, "geometry": { "type": "Point", "coordinates": [ 7.6400376, 45.1015054 ] } },
{ "type": "Feature", "properties": { "name": "Rivoli (v. De Gasperi)" }, "geometry": { "type": "Point", "coordinates": [ 7.5066499, 45.0808196 ] } },
{ "type": "Feature", "properties": { "name": "Tonco" }, "geometry": { "type": "Point", "coordinates": [ 7.7055217, 45.0600873 ] } },
{ "type": "Feature", "properties": { "name": "Tetti None (v. Torino)" }, "geometry": { "type": "Point", "coordinates": [ 7.78752, 45.08623 ] } },
{ "type": "Feature", "properties": { "name": "Ospedale Giovanni Bosco Capolinea" }, "geometry": { "type": "Point", "coordinates": [ 7.699969, 45.096602 ] } },
{ "type": "Feature", "properties": { "name": "Pianezza" }, "geometry": { "type": "Point", "coordinates": [ 7.6548523, 45.0920554 ] } },
{ "type": "Feature", "properties": { "name": "Ospedale Sant'Anna" }, "geometry": { "type": "Point", "coordinates": [ 7.6730469, 45.0357452 ] } },
{ "type": "Feature", "properties": { "name": "Settimo" }, "geometry": { "type": "Point", "coordinates": [ 7.7275555, 45.1047791 ] } },
{ "type": "Feature", "properties": { "name": "Breglio" }, "geometry": { "type": "Point", "coordinates": [ 7.6691245, 45.0992564 ] } },
{ "type": "Feature", "properties": { "name": "Campo della Memoria" }, "geometry": { "type": "Point", "coordinates": [ 7.5952965, 45.0355613 ] } },
{ "type": "Feature", "properties": { "name": "Tempio Pausania" }, "geometry": { "type": "Point", "coordinates": [ 7.6287899, 45.0424438 ] } },
{ "type": "Feature", "properties": { "name": "Fiume" }, "geometry": { "type": "Point", "coordinates": [ 7.8158076, 45.0171394 ] } },
{ "type": "Feature", "properties": { "name": "Campus Einaudi" }, "geometry": { "type": "Point", "coordinates": [ 7.6993036, 45.0716189 ] } },
{ "type": "Feature", "properties": { "name": "Gradisca" }, "geometry": { "type": "Point", "coordinates": [ 7.6451894, 45.0532758 ] } },
{ "type": "Feature", "properties": { "name": "La Salle" }, "geometry": { "type": "Point", "coordinates": [ 7.576687, 45.0603209 ] } },
{ "type": "Feature", "properties": { "name": "Carcano" }, "geometry": { "type": "Point", "coordinates": [ 7.7169404, 45.077214 ] } },
{ "type": "Feature", "properties": { "name": "Del Francese Ovest" }, "geometry": { "type": "Point", "coordinates": [ 7.6563848, 45.1344559 ] } },
{ "type": "Feature", "properties": { "name": "Rubino" }, "geometry": { "type": "Point", "coordinates": [ 7.6226219, 45.0415775 ] } },
{ "type": "Feature", "properties": { "name": "Alta Di Mongreno N.16" }, "geometry": { "type": "Point", "coordinates": [ 7.756, 45.06349 ] } },
{ "type": "Feature", "properties": { "name": "Grugliasco (v. Lamarmora/v. Baracca)" }, "geometry": { "type": "Point", "coordinates": [ 7.5850139, 45.0675949 ] } },
{ "type": "Feature", "properties": { "name": "Fermi" }, "geometry": { "type": "Point", "coordinates": [ 7.6735439, 45.1107565 ] } },
{ "type": "Feature", "properties": { "name": "Puglia Cancello 4" }, "geometry": { "type": "Point", "coordinates": [ 7.726369, 45.1073638 ] } },
{ "type": "Feature", "properties": { "name": "Piazza Mercato" }, "geometry": { "type": "Point", "coordinates": [ 7.7741973, 45.1349022 ] } },
{ "type": "Feature", "properties": { "name": "Politecnico" }, "geometry": { "type": "Point", "coordinates": [ 7.6602167, 45.0643773 ] } },
{ "type": "Feature", "properties": { "name": "Bricca" }, "geometry": { "type": "Point", "coordinates": [ 7.7067837, 45.0621545 ] } },
{ "type": "Feature", "properties": { "name": "Pianezza" }, "geometry": { "type": "Point", "coordinates": [ 7.6546, 45.0921474 ] } },
{ "type": "Feature", "properties": { "name": "Torino-Pianezza N.57" }, "geometry": { "type": "Point", "coordinates": [ 7.6033457, 45.0979145 ] } },
{ "type": "Feature", "properties": { "name": "Savona" }, "geometry": { "type": "Point", "coordinates": [ 7.68908, 44.99589 ] } },
{ "type": "Feature", "properties": { "name": "Maddalena N.39" }, "geometry": { "type": "Point", "coordinates": [ 7.73179, 45.02103 ] } },
{ "type": "Feature", "properties": { "name": "Ciclamini" }, "geometry": { "type": "Point", "coordinates": [ 7.628503, 45.1060302 ] } },
{ "type": "Feature", "properties": { "name": "Villaretto N.197" }, "geometry": { "type": "Point", "coordinates": [ 7.6830492, 45.1299528 ] } },
{ "type": "Feature", "properties": { "name": "Sommacampagna" }, "geometry": { "type": "Point", "coordinates": [ 7.6950381, 45.0595862 ] } },
{ "type": "Feature", "properties": { "name": "Giardini Reali" }, "geometry": { "type": "Point", "coordinates": [ 7.6900013, 45.0725708 ] } },
{ "type": "Feature", "properties": { "name": "Sabotino Ovest" }, "geometry": { "type": "Point", "coordinates": [ 7.6479859, 45.0653826 ] } },
{ "type": "Feature", "properties": { "name": "Orbassano (v. Parini)" }, "geometry": { "type": "Point", "coordinates": [ 7.53506, 45.00521 ] } },
{ "type": "Feature", "properties": { "name": "Corelli" }, "geometry": { "type": "Point", "coordinates": [ 7.7116684, 45.0976733 ] } },
{ "type": "Feature", "properties": { "name": "Sebusto" }, "geometry": { "type": "Point", "coordinates": [ 7.5750807, 45.0885722 ] } },
{ "type": "Feature", "properties": { "name": "Settimo (ex GFT)" }, "geometry": { "type": "Point", "coordinates": [ 7.7383308, 45.1375835 ] } },
{ "type": "Feature", "properties": { "name": "Tazzoli" }, "geometry": { "type": "Point", "coordinates": [ 7.6339367, 45.0332276 ] } },
{ "type": "Feature", "properties": { "name": "Emilia" }, "geometry": { "type": "Point", "coordinates": [ 7.6872106, 45.0819042 ] } },
{ "type": "Feature", "properties": { "name": "Peschiera" }, "geometry": { "type": "Point", "coordinates": [ 7.6384648, 45.0685117 ] } },
{ "type": "Feature", "properties": { "name": "Querce Sud" }, "geometry": { "type": "Point", "coordinates": [ 7.7058193, 45.1295897 ] } },
{ "type": "Feature", "properties": { "name": "Cordero" }, "geometry": { "type": "Point", "coordinates": [ 7.6185681, 45.0455054 ] } },
{ "type": "Feature", "properties": { "name": "Foglizzo" }, "geometry": { "type": "Point", "coordinates": [ 7.6500689, 45.096445 ] } },
{ "type": "Feature", "properties": { "name": "Velasco" }, "geometry": { "type": "Point", "coordinates": [ 7.57859, 45.13209 ] } },
{ "type": "Feature", "properties": { "name": "Moncalvo N.10" }, "geometry": { "type": "Point", "coordinates": [ 7.70456, 45.02034 ] } },
{ "type": "Feature", "properties": { "name": "Puglia Cancello 3" }, "geometry": { "type": "Point", "coordinates": [ 7.7214258, 45.1060953 ] } },
{ "type": "Feature", "properties": { "name": "Torino (C.so Potenza 175)" }, "geometry": { "type": "Point", "coordinates": [ 7.6619856, 45.1023774 ] } },
{ "type": "Feature", "properties": { "name": "Torino (C.so Trieste-Dazio)" }, "geometry": { "type": "Point", "coordinates": [ 7.6672625, 45.0177096 ] } },
{ "type": "Feature", "properties": { "name": "Castello di Mirafiori" }, "geometry": { "type": "Point", "coordinates": [ 7.6253073, 45.0136266 ] } },
{ "type": "Feature", "properties": { "name": "D'Azeglio" }, "geometry": { "type": "Point", "coordinates": [ 7.7635402, 45.1345959 ] } },
{ "type": "Feature", "properties": { "name": "Villastellone" }, "geometry": { "type": "Point", "coordinates": [ 7.6981604, 44.9991868 ] } },
{ "type": "Feature", "properties": { "name": "Monginevro" }, "geometry": { "type": "Point", "coordinates": [ 7.6448187, 45.0648656 ] } },
{ "type": "Feature", "properties": { "name": "Hermada" }, "geometry": { "type": "Point", "coordinates": [ 7.713481, 45.0638087 ] } },
{ "type": "Feature", "properties": { "name": "De Sanctis" }, "geometry": { "type": "Point", "coordinates": [ 7.6177147, 45.0717327 ] } },
{ "type": "Feature", "properties": { "name": "Chieri N.206" }, "geometry": { "type": "Point", "coordinates": [ 7.7462716, 45.0550131 ] } },
{ "type": "Feature", "properties": { "name": "Bramante Capolinea" }, "geometry": { "type": "Point", "coordinates": [ 7.6721295, 45.0423648 ] } },
{ "type": "Feature", "properties": { "name": "Cirene" }, "geometry": { "type": "Point", "coordinates": [ 7.6335332, 45.0959357 ] } },
{ "type": "Feature", "properties": { "name": "Marinai d'Italia" }, "geometry": { "type": "Point", "coordinates": [ 7.6817035, 45.0442176 ] } },
{ "type": "Feature", "properties": { "name": "Rubiana" }, "geometry": { "type": "Point", "coordinates": [ 7.6389397, 45.0752637 ] } },
{ "type": "Feature", "properties": { "name": "Derna Sud" }, "geometry": { "type": "Point", "coordinates": [ 7.6997894, 45.1012224 ] } },
{ "type": "Feature", "properties": { "name": "Stazione Nichelino" }, "geometry": { "type": "Point", "coordinates": [ 7.64193, 44.99108 ] } },
{ "type": "Feature", "properties": { "name": "Alpignano" }, "geometry": { "type": "Point", "coordinates": [ 7.65205, 45.07593 ] } },
{ "type": "Feature", "properties": { "name": "Cimitero Collegno" }, "geometry": { "type": "Point", "coordinates": [ 7.5794212, 45.0878812 ] } },
{ "type": "Feature", "properties": { "name": "Cascinette Cancello 6 Capolinea" }, "geometry": { "type": "Point", "coordinates": [ 7.7203104, 45.1150479 ] } },
{ "type": "Feature", "properties": { "name": "Veronese" }, "geometry": { "type": "Point", "coordinates": [ 7.6606971, 45.1107608 ] } },
{ "type": "Feature", "properties": { "name": "Primule Ovest" }, "geometry": { "type": "Point", "coordinates": [ 7.6252895, 45.1012624 ] } },
{ "type": "Feature", "properties": { "name": "Moncalieri N.310" }, "geometry": { "type": "Point", "coordinates": [ 7.6785448, 45.0312209 ] } },
{ "type": "Feature", "properties": { "name": "Bellavista" }, "geometry": { "type": "Point", "coordinates": [ 7.7969541, 45.0742333 ] } },
{ "type": "Feature", "properties": { "name": "Novara" }, "geometry": { "type": "Point", "coordinates": [ 7.6912822, 45.0884044 ] } },
{ "type": "Feature", "properties": { "name": "Leini (str. Settimo 129)" }, "geometry": { "type": "Point", "coordinates": [ 7.7278498, 45.1539756 ] } },
{ "type": "Feature", "properties": { "name": "Lecce" }, "geometry": { "type": "Point", "coordinates": [ 7.6451272, 45.0796493 ] } },
{ "type": "Feature", "properties": { "name": "Rivalta (FIAT Rivalta-canc. 11)" }, "geometry": { "type": "Point", "coordinates": [ 7.5004611, 44.9949785 ] } },
{ "type": "Feature", "properties": { "name": "Battisti" }, "geometry": { "type": "Point", "coordinates": [ 7.6593352, 45.0121622 ] } },
{ "type": "Feature", "properties": { "name": "Camerana" }, "geometry": { "type": "Point", "coordinates": [ 7.60608, 45.06452 ] } },
{ "type": "Feature", "properties": { "name": "Meisino" }, "geometry": { "type": "Point", "coordinates": [ 7.7315737, 45.0870554 ] } },
{ "type": "Feature", "properties": { "name": "Molinette Ovest" }, "geometry": { "type": "Point", "coordinates": [ 7.6725366, 45.0415126 ] } },
{ "type": "Feature", "properties": { "name": "Monfalcone" }, "geometry": { "type": "Point", "coordinates": [ 7.6301065, 45.0535365 ] } },
{ "type": "Feature", "properties": { "name": "Cattaneo" }, "geometry": { "type": "Point", "coordinates": [ 7.68406, 44.99812 ] } },
{ "type": "Feature", "properties": { "name": "Caio Mario Capolinea" }, "geometry": { "type": "Point", "coordinates": [ 7.6360953, 45.0241005 ] } },
{ "type": "Feature", "properties": { "name": "Boston" }, "geometry": { "type": "Point", "coordinates": [ 7.6342611, 45.0436099 ] } },
{ "type": "Feature", "properties": { "name": "XXV Aprile Nord" }, "geometry": { "type": "Point", "coordinates": [ 7.6498915, 45.0023476 ] } },
{ "type": "Feature", "properties": { "name": "Cervi" }, "geometry": { "type": "Point", "coordinates": [ 7.5878886, 45.0766419 ] } },
{ "type": "Feature", "properties": { "name": "Del Nobile N.87" }, "geometry": { "type": "Point", "coordinates": [ 7.71626, 45.04959 ] } },
{ "type": "Feature", "properties": { "name": "Gramsci N.26" }, "geometry": { "type": "Point", "coordinates": [ 7.6612419, 45.1493061 ] } },
{ "type": "Feature", "properties": { "name": "Mirafiori" }, "geometry": { "type": "Point", "coordinates": [ 7.5916554, 45.0231183 ] } },
{ "type": "Feature", "properties": { "name": "Centro Sportivo" }, "geometry": { "type": "Point", "coordinates": [ 7.7516651, 45.1270352 ] } },
{ "type": "Feature", "properties": { "name": "Chiabrera" }, "geometry": { "type": "Point", "coordinates": [ 7.68041, 45.04612 ] } },
{ "type": "Feature", "properties": { "name": "Caio Mario Capolinea" }, "geometry": { "type": "Point", "coordinates": [ 7.6360216, 45.0239833 ] } },
{ "type": "Feature", "properties": { "name": "Moncalieri" }, "geometry": { "type": "Point", "coordinates": [ 7.6936127, 45.0573563 ] } },
{ "type": "Feature", "properties": { "name": "Bardonecchia" }, "geometry": { "type": "Point", "coordinates": [ 7.6412043, 45.0724109 ] } },
{ "type": "Feature", "properties": { "name": "Alpignano" }, "geometry": { "type": "Point", "coordinates": [ 7.516375, 45.0785086 ] } },
{ "type": "Feature", "properties": { "name": "Gozzano" }, "geometry": { "type": "Point", "coordinates": [ 7.7113028, 45.0648836 ] } },
{ "type": "Feature", "properties": { "name": "Giambone" }, "geometry": { "type": "Point", "coordinates": [ 7.6553153, 45.0307388 ] } },
{ "type": "Feature", "properties": { "name": "Maiole" }, "geometry": { "type": "Point", "coordinates": [ 7.7217291, 44.9927391 ] } },
{ "type": "Feature", "properties": { "name": "Orbetello" }, "geometry": { "type": "Point", "coordinates": [ 7.666302, 45.1057626 ] } },
{ "type": "Feature", "properties": { "name": "Caselle (str. Cirie 199)" }, "geometry": { "type": "Point", "coordinates": [ 7.62876, 45.19331 ] } },
{ "type": "Feature", "properties": { "name": "Della Serpera" }, "geometry": { "type": "Point", "coordinates": [ 7.5982958, 45.0973208 ] } },
{ "type": "Feature", "properties": { "name": "Gioanetti" }, "geometry": { "type": "Point", "coordinates": [ 7.6972831, 45.0614788 ] } },
{ "type": "Feature", "properties": { "name": "Marconi" }, "geometry": { "type": "Point", "coordinates": [ 7.5596838, 45.0950284 ] } },
{ "type": "Feature", "properties": { "name": "De Gasperi N.24" }, "geometry": { "type": "Point", "coordinates": [ 7.5054609, 45.0753294 ] } },
{ "type": "Feature", "properties": { "name": "Pecetto" }, "geometry": { "type": "Point", "coordinates": [ 7.7183632, 45.0523542 ] } },
{ "type": "Feature", "properties": { "name": "Bramafame" }, "geometry": { "type": "Point", "coordinates": [ 7.6580223, 45.1155772 ] } },
{ "type": "Feature", "properties": { "name": "Piemonte Nord" }, "geometry": { "type": "Point", "coordinates": [ 7.7582755, 45.1407441 ] } },
{ "type": "Feature", "properties": { "name": "Matteotti" }, "geometry": { "type": "Point", "coordinates": [ 7.6753151, 45.0668226 ] } },
{ "type": "Feature", "properties": { "name": "Nievo" }, "geometry": { "type": "Point", "coordinates": [ 7.7106878, 45.0785216 ] } },
{ "type": "Feature", "properties": { "name": "Moglia" }, "geometry": { "type": "Point", "coordinates": [ 7.7754614, 45.1484741 ] } },
{ "type": "Feature", "properties": { "name": "XXV Aprile N.102" }, "geometry": { "type": "Point", "coordinates": [ 7.688069, 45.0347781 ] } },
{ "type": "Feature", "properties": { "name": "Filadelfia Est" }, "geometry": { "type": "Point", "coordinates": [ 7.6441651, 45.0421252 ] } },
{ "type": "Feature", "properties": { "name": "Genova" }, "geometry": { "type": "Point", "coordinates": [ 7.7084927, 44.9948071 ] } },
{ "type": "Feature", "properties": { "name": "Duchessa Jolanda" }, "geometry": { "type": "Point", "coordinates": [ 7.6583513, 45.0748638 ] } },
{ "type": "Feature", "properties": { "name": "Plinio" }, "geometry": { "type": "Point", "coordinates": [ 7.6567769, 45.0176032 ] } },
{ "type": "Feature", "properties": { "name": "Gerbido" }, "geometry": { "type": "Point", "coordinates": [ 7.5990288, 45.0515241 ] } },
{ "type": "Feature", "properties": { "name": "Rivalta (v. Griva/v. Einaudi )" }, "geometry": { "type": "Point", "coordinates": [ 7.52322, 45.03608 ] } },
{ "type": "Feature", "properties": { "name": "Sant'anna N." }, "geometry": { "type": "Point", "coordinates": [ 7.72629, 45.05552 ] } },
{ "type": "Feature", "properties": { "name": "Donati" }, "geometry": { "type": "Point", "coordinates": [ 7.6687232, 45.0686285 ] } },
{ "type": "Feature", "properties": { "name": "Unione Sovietica" }, "geometry": { "type": "Point", "coordinates": [ 7.6285817, 45.0158207 ] } },
{ "type": "Feature", "properties": { "name": "Castiglione (Pedaggio)" }, "geometry": { "type": "Point", "coordinates": [ 7.8018457, 45.1173744 ] } },
{ "type": "Feature", "properties": { "name": "Druento" }, "geometry": { "type": "Point", "coordinates": [ 7.645237, 45.1114806 ] } },
{ "type": "Feature", "properties": { "name": "Portalupi" }, "geometry": { "type": "Point", "coordinates": [ 7.5695, 45.0956106 ] } },
{ "type": "Feature", "properties": { "name": "Secreto" }, "geometry": { "type": "Point", "coordinates": [ 7.6508489, 45.1037107 ] } },
{ "type": "Feature", "properties": { "name": "Centro Comm. Sud" }, "geometry": { "type": "Point", "coordinates": [ 7.6158396, 45.0532465 ] } },
{ "type": "Feature", "properties": { "name": "Reaglie" }, "geometry": { "type": "Point", "coordinates": [ 7.7436187, 45.0589661 ] } },
{ "type": "Feature", "properties": { "name": "Solferino Capolinea" }, "geometry": { "type": "Point", "coordinates": [ 7.676514, 45.0685514 ] } },
{ "type": "Feature", "properties": { "name": "Amendola Capolinea" }, "geometry": { "type": "Point", "coordinates": [ 7.6354852, 44.9960657 ] } },
{ "type": "Feature", "properties": { "name": "Antica Di San Vito Ovest" }, "geometry": { "type": "Point", "coordinates": [ 7.6900541, 45.0478359 ] } },
{ "type": "Feature", "properties": { "name": "Hermada Capolinea" }, "geometry": { "type": "Point", "coordinates": [ 7.7111081, 45.0645779 ] } },
{ "type": "Feature", "properties": { "name": "Corelli" }, "geometry": { "type": "Point", "coordinates": [ 7.707028, 45.0955096 ] } },
{ "type": "Feature", "properties": { "name": "Passo Buole" }, "geometry": { "type": "Point", "coordinates": [ 7.65225, 45.02524 ] } },
{ "type": "Feature", "properties": { "name": "Rondo Bernardo N.15" }, "geometry": { "type": "Point", "coordinates": [ 7.6072391, 45.008724 ] } },
{ "type": "Feature", "properties": { "name": "Pastrengo N.94" }, "geometry": { "type": "Point", "coordinates": [ 7.6655329, 45.0035361 ] } },
{ "type": "Feature", "properties": { "name": "Signorelli" }, "geometry": { "type": "Point", "coordinates": [ 7.7291075, 45.0731817 ] } },
{ "type": "Feature", "properties": { "name": "Tempio Pausania" }, "geometry": { "type": "Point", "coordinates": [ 7.6291574, 45.0417335 ] } },
{ "type": "Feature", "properties": { "name": "Ponte Isabella" }, "geometry": { "type": "Point", "coordinates": [ 7.69426, 45.0435 ] } },
{ "type": "Feature", "properties": { "name": "Vittorio Emanuele II" }, "geometry": { "type": "Point", "coordinates": [ 7.6739569, 45.0649091 ] } },
{ "type": "Feature", "properties": { "name": "Vigliani" }, "geometry": { "type": "Point", "coordinates": [ 7.6484216, 45.01619 ] } },
{ "type": "Feature", "properties": { "name": "Dante" }, "geometry": { "type": "Point", "coordinates": [ 7.52296, 45.03676 ] } },
{ "type": "Feature", "properties": { "name": "Centro Commerciale Nord" }, "geometry": { "type": "Point", "coordinates": [ 7.7106535, 45.1175532 ] } },
{ "type": "Feature", "properties": { "name": "Sebastopoli Sud" }, "geometry": { "type": "Point", "coordinates": [ 7.661578, 45.040674 ] } },
{ "type": "Feature", "properties": { "name": "Castagnevizza" }, "geometry": { "type": "Point", "coordinates": [ 7.5973034, 45.0710042 ] } },
{ "type": "Feature", "properties": { "name": "Carducci" }, "geometry": { "type": "Point", "coordinates": [ 7.6718798, 45.0426607 ] } },
{ "type": "Feature", "properties": { "name": "Orbetello" }, "geometry": { "type": "Point", "coordinates": [ 7.670132, 45.1056802 ] } },
{ "type": "Feature", "properties": { "name": "Stazione Venaria" }, "geometry": { "type": "Point", "coordinates": [ 7.634855, 45.1324269 ] } },
{ "type": "Feature", "properties": { "name": "Chiesa della Salute" }, "geometry": { "type": "Point", "coordinates": [ 7.6819518, 45.1041612 ] } },
{ "type": "Feature", "properties": { "name": "Sebastopoli" }, "geometry": { "type": "Point", "coordinates": [ 7.6408247, 45.0462511 ] } },
{ "type": "Feature", "properties": { "name": "Largo Berardi" }, "geometry": { "type": "Point", "coordinates": [ 7.7015629, 45.0706701 ] } },
{ "type": "Feature", "properties": { "name": "La Salle" }, "geometry": { "type": "Point", "coordinates": [ 7.5871907, 45.0582021 ] } },
{ "type": "Feature", "properties": { "name": "Moncalvo Capolinea" }, "geometry": { "type": "Point", "coordinates": [ 7.7117071, 45.0245028 ] } },
{ "type": "Feature", "properties": { "name": "Carrara" }, "geometry": { "type": "Point", "coordinates": [ 7.7200156, 45.0691307 ] } },
{ "type": "Feature", "properties": { "name": "Largo Grosseto Sud" }, "geometry": { "type": "Point", "coordinates": [ 7.6642543, 45.1046954 ] } },
{ "type": "Feature", "properties": { "name": "Giotto" }, "geometry": { "type": "Point", "coordinates": [ 7.6216216, 45.1163565 ] } },
{ "type": "Feature", "properties": { "name": "Leini" }, "geometry": { "type": "Point", "coordinates": [ 7.7616094, 45.1402178 ] } },
{ "type": "Feature", "properties": { "name": "Mezzaluna" }, "geometry": { "type": "Point", "coordinates": [ 7.7790696, 45.1127384 ] } },
{ "type": "Feature", "properties": { "name": "Crimea" }, "geometry": { "type": "Point", "coordinates": [ 7.69557, 45.05665 ] } },
{ "type": "Feature", "properties": { "name": "Paroletti" }, "geometry": { "type": "Point", "coordinates": [ 7.7128856, 45.0911938 ] } },
{ "type": "Feature", "properties": { "name": "Manno" }, "geometry": { "type": "Point", "coordinates": [ 7.65527, 45.10517 ] } },
{ "type": "Feature", "properties": { "name": "Castagnevizza" }, "geometry": { "type": "Point", "coordinates": [ 7.5975128, 45.0708606 ] } },
{ "type": "Feature", "properties": { "name": "Cafasso Capolinea" }, "geometry": { "type": "Point", "coordinates": [ 7.7329777, 45.0862722 ] } },
{ "type": "Feature", "properties": { "name": "Cruto" }, "geometry": { "type": "Point", "coordinates": [ 7.705387, 45.0908457 ] } },
{ "type": "Feature", "properties": { "name": "Coppino" }, "geometry": { "type": "Point", "coordinates": [ 7.672245, 45.1007664 ] } },
{ "type": "Feature", "properties": { "name": "Lancia Ovest" }, "geometry": { "type": "Point", "coordinates": [ 7.630457, 45.0628107 ] } },
{ "type": "Feature", "properties": { "name": "Ponte del Gatto" }, "geometry": { "type": "Point", "coordinates": [ 7.6848031, 45.034389 ] } },
{ "type": "Feature", "properties": { "name": "Salbertrand" }, "geometry": { "type": "Point", "coordinates": [ 7.6359847, 45.0799651 ] } },
{ "type": "Feature", "properties": { "name": "Farini Capolinea" }, "geometry": { "type": "Point", "coordinates": [ 7.7034964, 45.0710323 ] } },
{ "type": "Feature", "properties": { "name": "Cavalli" }, "geometry": { "type": "Point", "coordinates": [ 7.6569346, 45.0728689 ] } },
{ "type": "Feature", "properties": { "name": "Galileo Ferraris" }, "geometry": { "type": "Point", "coordinates": [ 7.5901903, 45.1249415 ] } },
{ "type": "Feature", "properties": { "name": "Steffenone" }, "geometry": { "type": "Point", "coordinates": [ 7.6626158, 45.0421734 ] } },
{ "type": "Feature", "properties": { "name": "Vallette Capolinea" }, "geometry": { "type": "Point", "coordinates": [ 7.6238344, 45.1039 ] } },
{ "type": "Feature", "properties": { "name": "Madonna Della Scala" }, "geometry": { "type": "Point", "coordinates": [ 7.8112087, 44.9996054 ] } },
{ "type": "Feature", "properties": { "name": "Fioccardo" }, "geometry": { "type": "Point", "coordinates": [ 7.6782429, 45.020266 ] } },
{ "type": "Feature", "properties": { "name": "San Gregorio Magno Est" }, "geometry": { "type": "Point", "coordinates": [ 7.6012493, 45.0685043 ] } },
{ "type": "Feature", "properties": { "name": "Palucco" }, "geometry": { "type": "Point", "coordinates": [ 7.7902406, 45.0730974 ] } },
{ "type": "Feature", "properties": { "name": "Antica Di San Vito Ovest" }, "geometry": { "type": "Point", "coordinates": [ 7.6908429, 45.0481827 ] } },
{ "type": "Feature", "properties": { "name": "Nichelino (str. Debouche'/v. Nenni)" }, "geometry": { "type": "Point", "coordinates": [ 7.63128, 44.99766 ] } },
{ "type": "Feature", "properties": { "name": "Industrie" }, "geometry": { "type": "Point", "coordinates": [ 7.643742, 45.1170341 ] } },
{ "type": "Feature", "properties": { "name": "Druento" }, "geometry": { "type": "Point", "coordinates": [ 7.6559196, 45.1136958 ] } },
{ "type": "Feature", "properties": { "name": "Cascina Maiat" }, "geometry": { "type": "Point", "coordinates": [ 7.6062368, 45.0984765 ] } },
{ "type": "Feature", "properties": { "name": "Pacchiotti" }, "geometry": { "type": "Point", "coordinates": [ 7.6259676, 45.0783694 ] } },
{ "type": "Feature", "properties": { "name": "Maroncelli" }, "geometry": { "type": "Point", "coordinates": [ 7.66921, 45.01812 ] } },
{ "type": "Feature", "properties": { "name": "Siracusa" }, "geometry": { "type": "Point", "coordinates": [ 7.6331552, 45.0462758 ] } },
{ "type": "Feature", "properties": { "name": "D'Arborea" }, "geometry": { "type": "Point", "coordinates": [ 7.6380998, 45.0313004 ] } },
{ "type": "Feature", "properties": { "name": "Sandre" }, "geometry": { "type": "Point", "coordinates": [ 7.6483771, 45.1202021 ] } },
{ "type": "Feature", "properties": { "name": "Gonzole" }, "geometry": { "type": "Point", "coordinates": [ 7.5660449, 45.0258993 ] } },
{ "type": "Feature", "properties": { "name": "Italia" }, "geometry": { "type": "Point", "coordinates": [ 7.7148755, 45.1794489 ] } },
{ "type": "Feature", "properties": { "name": "Stampini" }, "geometry": { "type": "Point", "coordinates": [ 7.6626358, 45.1083516 ] } },
{ "type": "Feature", "properties": { "name": "Nitti" }, "geometry": { "type": "Point", "coordinates": [ 7.6202048, 45.0426865 ] } },
{ "type": "Feature", "properties": { "name": "Settimo (v. Torino/v. De Nicola)" }, "geometry": { "type": "Point", "coordinates": [ 7.7488492, 45.1525369 ] } },
{ "type": "Feature", "properties": { "name": "Mainero N.94" }, "geometry": { "type": "Point", "coordinates": [ 7.7213, 45.04305 ] } },
{ "type": "Feature", "properties": { "name": "Centro Commerciale Nord" }, "geometry": { "type": "Point", "coordinates": [ 7.7448312, 45.1223604 ] } },
{ "type": "Feature", "properties": { "name": "Auditorium" }, "geometry": { "type": "Point", "coordinates": [ 7.6925003, 45.0712929 ] } },
{ "type": "Feature", "properties": { "name": "Cosenza" }, "geometry": { "type": "Point", "coordinates": [ 7.6413929, 45.0370204 ] } },
{ "type": "Feature", "properties": { "name": "Alpignano (v. Caselette)" }, "geometry": { "type": "Point", "coordinates": [ 7.5036493, 45.1051845 ] } },
{ "type": "Feature", "properties": { "name": "Ferrari" }, "geometry": { "type": "Point", "coordinates": [ 7.6946995, 45.0689542 ] } },
{ "type": "Feature", "properties": { "name": "Monte Corno" }, "geometry": { "type": "Point", "coordinates": [ 7.6547598, 45.0257463 ] } },
{ "type": "Feature", "properties": { "name": "Negarville Capolinea" }, "geometry": { "type": "Point", "coordinates": [ 7.6122723, 45.0205086 ] } },
{ "type": "Feature", "properties": { "name": "Magra" }, "geometry": { "type": "Point", "coordinates": [ 7.7264214, 45.1040593 ] } },
{ "type": "Feature", "properties": { "name": "Veglia Est" }, "geometry": { "type": "Point", "coordinates": [ 7.62807, 45.05366 ] } },
{ "type": "Feature", "properties": { "name": "Tetti Borra" }, "geometry": { "type": "Point", "coordinates": [ 7.8122815, 45.0193361 ] } },
{ "type": "Feature", "properties": { "name": "Gran Madre" }, "geometry": { "type": "Point", "coordinates": [ 7.69936, 45.06331 ] } },
{ "type": "Feature", "properties": { "name": "Altessano" }, "geometry": { "type": "Point", "coordinates": [ 7.6465274, 45.105412 ] } },
{ "type": "Feature", "properties": { "name": "Battisti Sud" }, "geometry": { "type": "Point", "coordinates": [ 7.5864002, 45.0537813 ] } },
{ "type": "Feature", "properties": { "name": "Certosa" }, "geometry": { "type": "Point", "coordinates": [ 7.57484, 45.08248 ] } },
{ "type": "Feature", "properties": { "name": "Sant'anna" }, "geometry": { "type": "Point", "coordinates": [ 7.7207002, 45.0571095 ] } },
{ "type": "Feature", "properties": { "name": "Chambery" }, "geometry": { "type": "Point", "coordinates": [ 7.6231724, 45.0696815 ] } },
{ "type": "Feature", "properties": { "name": "Piemonte" }, "geometry": { "type": "Point", "coordinates": [ 7.7546246, 45.1319278 ] } },
{ "type": "Feature", "properties": { "name": "Vaninetti" }, "geometry": { "type": "Point", "coordinates": [ 7.6730406, 45.1077286 ] } },
{ "type": "Feature", "properties": { "name": "Sansovino" }, "geometry": { "type": "Point", "coordinates": [ 7.6460145, 45.1045559 ] } },
{ "type": "Feature", "properties": { "name": "Malone" }, "geometry": { "type": "Point", "coordinates": [ 7.7739119, 45.109828 ] } },
{ "type": "Feature", "properties": { "name": "Porta Palazzo Est" }, "geometry": { "type": "Point", "coordinates": [ 7.6844825, 45.0764365 ] } },
{ "type": "Feature", "properties": { "name": "Cascina Falchera" }, "geometry": { "type": "Point", "coordinates": [ 7.7037255, 45.1260548 ] } },
{ "type": "Feature", "properties": { "name": "Tetti Lupo" }, "geometry": { "type": "Point", "coordinates": [ 7.78552, 45.10277 ] } },
{ "type": "Feature", "properties": { "name": "Montebello" }, "geometry": { "type": "Point", "coordinates": [ 7.692925, 45.0695208 ] } },
{ "type": "Feature", "properties": { "name": "Stabilimento GTT Venaria" }, "geometry": { "type": "Point", "coordinates": [ 7.6535577, 45.1159097 ] } },
{ "type": "Feature", "properties": { "name": "Scirea" }, "geometry": { "type": "Point", "coordinates": [ 7.6392491, 45.106956 ] } },
{ "type": "Feature", "properties": { "name": "La Cassa (Mattodera)" }, "geometry": { "type": "Point", "coordinates": [ 7.5150714, 45.1896474 ] } },
{ "type": "Feature", "properties": { "name": "Lulli" }, "geometry": { "type": "Point", "coordinates": [ 7.6692411, 45.1110323 ] } },
{ "type": "Feature", "properties": { "name": "Boston" }, "geometry": { "type": "Point", "coordinates": [ 7.6294416, 45.0453475 ] } },
{ "type": "Feature", "properties": { "name": "Diaz" }, "geometry": { "type": "Point", "coordinates": [ 7.6503069, 44.9976459 ] } },
{ "type": "Feature", "properties": { "name": "Orbassano (Sant' Anna)" }, "geometry": { "type": "Point", "coordinates": [ 7.5287663, 45.0031601 ] } },
{ "type": "Feature", "properties": { "name": "Val Salice N.152" }, "geometry": { "type": "Point", "coordinates": [ 7.71313, 45.04442 ] } },
{ "type": "Feature", "properties": { "name": "Stampalia" }, "geometry": { "type": "Point", "coordinates": [ 7.6594563, 45.1131912 ] } },
{ "type": "Feature", "properties": { "name": "Savonera" }, "geometry": { "type": "Point", "coordinates": [ 7.6162766, 45.1146731 ] } },
{ "type": "Feature", "properties": { "name": "Bivio Pecetto" }, "geometry": { "type": "Point", "coordinates": [ 7.7412719, 45.0161744 ] } },
{ "type": "Feature", "properties": { "name": "Stati Uniti" }, "geometry": { "type": "Point", "coordinates": [ 7.6756102, 45.0602791 ] } },
{ "type": "Feature", "properties": { "name": "Monte Cucco" }, "geometry": { "type": "Point", "coordinates": [ 7.6331223, 45.0711283 ] } },
{ "type": "Feature", "properties": { "name": "Emilia" }, "geometry": { "type": "Point", "coordinates": [ 7.6870908, 45.081974 ] } },
{ "type": "Feature", "properties": { "name": "Medici" }, "geometry": { "type": "Point", "coordinates": [ 7.6377406, 45.0795115 ] } },
{ "type": "Feature", "properties": { "name": "Raby" }, "geometry": { "type": "Point", "coordinates": [ 7.70751, 45.04073 ] } },
{ "type": "Feature", "properties": { "name": "Modane" }, "geometry": { "type": "Point", "coordinates": [ 7.6506305, 45.0568235 ] } },
{ "type": "Feature", "properties": { "name": "Maddalena N.20" }, "geometry": { "type": "Point", "coordinates": [ 7.7313, 45.02131 ] } },
{ "type": "Feature", "properties": { "name": "Borgaretto (P.za Kennedy)" }, "geometry": { "type": "Point", "coordinates": [ 7.6020596, 45.0060473 ] } },
{ "type": "Feature", "properties": { "name": "Palazzo del Lavoro" }, "geometry": { "type": "Point", "coordinates": [ 7.6655654, 45.0186734 ] } },
{ "type": "Feature", "properties": { "name": "Cossa" }, "geometry": { "type": "Point", "coordinates": [ 7.6242745, 45.0801481 ] } },
{ "type": "Feature", "properties": { "name": "Europa" }, "geometry": { "type": "Point", "coordinates": [ 7.7644632, 45.1011399 ] } },
{ "type": "Feature", "properties": { "name": "Tetti Menzio" }, "geometry": { "type": "Point", "coordinates": [ 7.7846492, 45.0397669 ] } },
{ "type": "Feature", "properties": { "name": "Crimea" }, "geometry": { "type": "Point", "coordinates": [ 7.6967597, 45.0556747 ] } },
{ "type": "Feature", "properties": { "name": "Renier" }, "geometry": { "type": "Point", "coordinates": [ 7.6447959, 45.0575173 ] } },
{ "type": "Feature", "properties": { "name": "Lauro Rossi" }, "geometry": { "type": "Point", "coordinates": [ 7.6880632, 45.0958653 ] } },
{ "type": "Feature", "properties": { "name": "I Maggio" }, "geometry": { "type": "Point", "coordinates": [ 7.5520188, 45.0967389 ] } },
{ "type": "Feature", "properties": { "name": "Macalle" }, "geometry": { "type": "Point", "coordinates": [ 7.71552, 45.04213 ] } },
{ "type": "Feature", "properties": { "name": "Vandalino" }, "geometry": { "type": "Point", "coordinates": [ 7.6188663, 45.07141 ] } },
{ "type": "Feature", "properties": { "name": "Fleming - C.N.R." }, "geometry": { "type": "Point", "coordinates": [ 7.638421, 45.0164378 ] } },
{ "type": "Feature", "properties": { "name": "Carducci" }, "geometry": { "type": "Point", "coordinates": [ 7.6704555, 45.0430203 ] } },
{ "type": "Feature", "properties": { "name": "Peschiera" }, "geometry": { "type": "Point", "coordinates": [ 7.6341696, 45.0713238 ] } },
{ "type": "Feature", "properties": { "name": "Sabaudia" }, "geometry": { "type": "Point", "coordinates": [ 7.681601, 45.0379991 ] } },
{ "type": "Feature", "properties": { "name": "San Vito-Revigliasco N.253" }, "geometry": { "type": "Point", "coordinates": [ 7.6994873, 45.0423622 ] } },
{ "type": "Feature", "properties": { "name": "Germanasca" }, "geometry": { "type": "Point", "coordinates": [ 7.6521923, 45.0651452 ] } },
{ "type": "Feature", "properties": { "name": "La Manta Cancello 24 Capolinea" }, "geometry": { "type": "Point", "coordinates": [ 7.6118571, 45.0283633 ] } },
{ "type": "Feature", "properties": { "name": "Torino" }, "geometry": { "type": "Point", "coordinates": [ 7.5789273, 45.0654202 ] } },
{ "type": "Feature", "properties": { "name": "Verdi" }, "geometry": { "type": "Point", "coordinates": [ 7.6976327, 45.0665048 ] } },
{ "type": "Feature", "properties": { "name": "Maddalena N.98/104" }, "geometry": { "type": "Point", "coordinates": [ 7.72269, 45.0234473 ] } },
{ "type": "Feature", "properties": { "name": "Cimitero Capolinea" }, "geometry": { "type": "Point", "coordinates": [ 7.62256, 45.12856 ] } },
{ "type": "Feature", "properties": { "name": "Cambiano N.34" }, "geometry": { "type": "Point", "coordinates": [ 7.8169265, 45.0031867 ] } },
{ "type": "Feature", "properties": { "name": "Montello" }, "geometry": { "type": "Point", "coordinates": [ 7.7684, 45.13324 ] } },
{ "type": "Feature", "properties": { "name": "Ospedale San Vito" }, "geometry": { "type": "Point", "coordinates": [ 7.6916423, 45.0507869 ] } },
{ "type": "Feature", "properties": { "name": "Stadio Nord" }, "geometry": { "type": "Point", "coordinates": [ 7.6430222, 45.1122636 ] } },
{ "type": "Feature", "properties": { "name": "Don Amerano" }, "geometry": { "type": "Point", "coordinates": [ 7.7074343, 45.1476881 ] } },
{ "type": "Feature", "properties": { "name": "Lombardia" }, "geometry": { "type": "Point", "coordinates": [ 7.6560534, 45.1379732 ] } },
{ "type": "Feature", "properties": { "name": "Plava Cancello 30" }, "geometry": { "type": "Point", "coordinates": [ 7.611, 45.0218982 ] } },
{ "type": "Feature", "properties": { "name": "Cimitero Abbadia" }, "geometry": { "type": "Point", "coordinates": [ 7.73754, 45.1174245 ] } },
{ "type": "Feature", "properties": { "name": "Bertola Capolinea" }, "geometry": { "type": "Point", "coordinates": [ 7.6819626, 45.0692868 ] } },
{ "type": "Feature", "properties": { "name": "Sanremo" }, "geometry": { "type": "Point", "coordinates": [ 7.63615, 45.03345 ] } },
{ "type": "Feature", "properties": { "name": "Val Pattonera" }, "geometry": { "type": "Point", "coordinates": [ 7.70289, 45.04072 ] } },
{ "type": "Feature", "properties": { "name": "Artom N.17" }, "geometry": { "type": "Point", "coordinates": [ 7.64965, 45.0107 ] } },
{ "type": "Feature", "properties": { "name": "Bengasi Est" }, "geometry": { "type": "Point", "coordinates": [ 7.66332, 45.0184644 ] } },
{ "type": "Feature", "properties": { "name": "Primule Nord" }, "geometry": { "type": "Point", "coordinates": [ 7.62463, 45.10625 ] } },
{ "type": "Feature", "properties": { "name": "Moncenisio" }, "geometry": { "type": "Point", "coordinates": [ 7.7520837, 45.0929667 ] } },
{ "type": "Feature", "properties": { "name": "Valperga Caluso" }, "geometry": { "type": "Point", "coordinates": [ 7.6800506, 45.0537284 ] } },
{ "type": "Feature", "properties": { "name": "Volpiano (v. Torino 32)" }, "geometry": { "type": "Point", "coordinates": [ 7.7711565, 45.1852686 ] } },
{ "type": "Feature", "properties": { "name": "Ancona" }, "geometry": { "type": "Point", "coordinates": [ 7.6927695, 45.0796542 ] } },
{ "type": "Feature", "properties": { "name": "Moretta" }, "geometry": { "type": "Point", "coordinates": [ 7.6548436, 45.0677197 ] } },
{ "type": "Feature", "properties": { "name": "Unione Sovietica" }, "geometry": { "type": "Point", "coordinates": [ 7.6422736, 45.0284524 ] } },
{ "type": "Feature", "properties": { "name": "Fusinato" }, "geometry": { "type": "Point", "coordinates": [ 7.7109706, 45.091334 ] } },
{ "type": "Feature", "properties": { "name": "Crociera" }, "geometry": { "type": "Point", "coordinates": [ 7.6543327, 45.0009426 ] } },
{ "type": "Feature", "properties": { "name": "Torino" }, "geometry": { "type": "Point", "coordinates": [ 7.6154007, 45.0053974 ] } },
{ "type": "Feature", "properties": { "name": "Martiri della Libertà" }, "geometry": { "type": "Point", "coordinates": [ 7.5207806, 45.070263 ] } },
{ "type": "Feature", "properties": { "name": "Settimo (ex GFT)" }, "geometry": { "type": "Point", "coordinates": [ 7.7382426, 45.137548 ] } },
{ "type": "Feature", "properties": { "name": "Umbria" }, "geometry": { "type": "Point", "coordinates": [ 7.6686407, 45.0853627 ] } },
{ "type": "Feature", "properties": { "name": "Glicini" }, "geometry": { "type": "Point", "coordinates": [ 7.63054, 45.10213 ] } },
{ "type": "Feature", "properties": { "name": "Donatello" }, "geometry": { "type": "Point", "coordinates": [ 7.6880018, 45.134817 ] } },
{ "type": "Feature", "properties": { "name": "Nichelino (v. XXV Aprile/v. Ferraris)" }, "geometry": { "type": "Point", "coordinates": [ 7.65252, 45.00195 ] } },
{ "type": "Feature", "properties": { "name": "Pacchiotti" }, "geometry": { "type": "Point", "coordinates": [ 7.6365032, 45.0777042 ] } },
{ "type": "Feature", "properties": { "name": "Val Pattonera N.148" }, "geometry": { "type": "Point", "coordinates": [ 7.6975703, 45.0341116 ] } },
{ "type": "Feature", "properties": { "name": "Traiano" }, "geometry": { "type": "Point", "coordinates": [ 7.6509525, 45.022471 ] } },
{ "type": "Feature", "properties": { "name": "San Martino Superiore" }, "geometry": { "type": "Point", "coordinates": [ 7.7156464, 45.0621052 ] } },
{ "type": "Feature", "properties": { "name": "Millefonti" }, "geometry": { "type": "Point", "coordinates": [ 7.6722215, 45.0285987 ] } },
{ "type": "Feature", "properties": { "name": "Pronda" }, "geometry": { "type": "Point", "coordinates": [ 7.6203378, 45.067755 ] } },
{ "type": "Feature", "properties": { "name": "Torino (Castelfidardo cap.)" }, "geometry": { "type": "Point", "coordinates": [ 7.66233, 45.06798 ] } },
{ "type": "Feature", "properties": { "name": "XI Febbraio" }, "geometry": { "type": "Point", "coordinates": [ 7.6882459, 45.0796725 ] } },
{ "type": "Feature", "properties": { "name": "Santa Lucia" }, "geometry": { "type": "Point", "coordinates": [ 7.6760117, 45.0253545 ] } },
{ "type": "Feature", "properties": { "name": "Mezzaluna Capolinea" }, "geometry": { "type": "Point", "coordinates": [ 7.7759306, 45.1140708 ] } },
{ "type": "Feature", "properties": { "name": "Pomi" }, "geometry": { "type": "Point", "coordinates": [ 7.7394819, 45.0610295 ] } },
{ "type": "Feature", "properties": { "name": "VII Circoscrizione" }, "geometry": { "type": "Point", "coordinates": [ 7.6861381, 45.0843834 ] } },
{ "type": "Feature", "properties": { "name": "Rivoli Sud" }, "geometry": { "type": "Point", "coordinates": [ 7.6427013, 45.0749731 ] } },
{ "type": "Feature", "properties": { "name": "Tangenziale Nord" }, "geometry": { "type": "Point", "coordinates": [ 7.6412739, 45.1237643 ] } },
{ "type": "Feature", "properties": { "name": "Sebastopoli" }, "geometry": { "type": "Point", "coordinates": [ 7.6557379, 45.04114 ] } },
{ "type": "Feature", "properties": { "name": "Orbassano" }, "geometry": { "type": "Point", "coordinates": [ 7.5982444, 45.0025878 ] } },
{ "type": "Feature", "properties": { "name": "Vittorio Emanuele II Capolinea" }, "geometry": { "type": "Point", "coordinates": [ 7.6809405, 45.0621964 ] } },
{ "type": "Feature", "properties": { "name": "Sant'anna N.80" }, "geometry": { "type": "Point", "coordinates": [ 7.7286615, 45.0537393 ] } },
{ "type": "Feature", "properties": { "name": "Vado" }, "geometry": { "type": "Point", "coordinates": [ 7.670815, 45.0302505 ] } },
{ "type": "Feature", "properties": { "name": "Machiavelli" }, "geometry": { "type": "Point", "coordinates": [ 7.6271493, 45.1194246 ] } },
{ "type": "Feature", "properties": { "name": "Zenit" }, "geometry": { "type": "Point", "coordinates": [ 7.801566, 45.0730906 ] } },
{ "type": "Feature", "properties": { "name": "Caselle (circ. Vecchia/Suor Vincenza)" }, "geometry": { "type": "Point", "coordinates": [ 7.6427029, 45.1802611 ] } },
{ "type": "Feature", "properties": { "name": "San Vincenzo Ovest" }, "geometry": { "type": "Point", "coordinates": [ 7.7182636, 45.0481943 ] } },
{ "type": "Feature", "properties": { "name": "Battisti" }, "geometry": { "type": "Point", "coordinates": [ 7.6596893, 45.0124915 ] } },
{ "type": "Feature", "properties": { "name": "Centro Commerciale" }, "geometry": { "type": "Point", "coordinates": [ 7.742112, 45.1207032 ] } },
{ "type": "Feature", "properties": { "name": "Giachino" }, "geometry": { "type": "Point", "coordinates": [ 7.6755368, 45.0899084 ] } },
{ "type": "Feature", "properties": { "name": "Nizza" }, "geometry": { "type": "Point", "coordinates": [ 7.6765889, 45.0537169 ] } },
{ "type": "Feature", "properties": { "name": "Cirene Ovest" }, "geometry": { "type": "Point", "coordinates": [ 7.6338599, 45.0975678 ] } },
{ "type": "Feature", "properties": { "name": "Della Rocca" }, "geometry": { "type": "Point", "coordinates": [ 7.6896138, 45.0590814 ] } },
{ "type": "Feature", "properties": { "name": "Unione Sovietica" }, "geometry": { "type": "Point", "coordinates": [ 7.6384961, 45.0261355 ] } },
{ "type": "Feature", "properties": { "name": "Boccardo" }, "geometry": { "type": "Point", "coordinates": [ 7.7099705, 44.9947409 ] } },
{ "type": "Feature", "properties": { "name": "Stadio Baseball" }, "geometry": { "type": "Point", "coordinates": [ 7.65178, 45.02504 ] } },
{ "type": "Feature", "properties": { "name": "Milano" }, "geometry": { "type": "Point", "coordinates": [ 7.603788, 45.0684366 ] } },
{ "type": "Feature", "properties": { "name": "Monte Nero" }, "geometry": { "type": "Point", "coordinates": [ 7.6919993, 44.9975653 ] } },
{ "type": "Feature", "properties": { "name": "Moncalieri" }, "geometry": { "type": "Point", "coordinates": [ 7.7334429, 45.0137817 ] } },
{ "type": "Feature", "properties": { "name": "Palazzo del Lavoro" }, "geometry": { "type": "Point", "coordinates": [ 7.6657622, 45.0185403 ] } },
{ "type": "Feature", "properties": { "name": "Guido Reni" }, "geometry": { "type": "Point", "coordinates": [ 7.6301828, 45.047188 ] } },
{ "type": "Feature", "properties": { "name": "Bolzano Capolinea" }, "geometry": { "type": "Point", "coordinates": [ 7.6664827, 45.0716263 ] } },
{ "type": "Feature", "properties": { "name": "Benedetto Croce" }, "geometry": { "type": "Point", "coordinates": [ 7.6470015, 45.0231797 ] } },
{ "type": "Feature", "properties": { "name": "Susa N.50" }, "geometry": { "type": "Point", "coordinates": [ 7.5198595, 45.0737599 ] } },
{ "type": "Feature", "properties": { "name": "Piemonte" }, "geometry": { "type": "Point", "coordinates": [ 7.6583964, 45.1398571 ] } },
{ "type": "Feature", "properties": { "name": "Barocchio Sud" }, "geometry": { "type": "Point", "coordinates": [ 7.6152648, 45.0498797 ] } },
{ "type": "Feature", "properties": { "name": "Reaglie" }, "geometry": { "type": "Point", "coordinates": [ 7.7430755, 45.0592618 ] } },
{ "type": "Feature", "properties": { "name": "Solferino Capolinea" }, "geometry": { "type": "Point", "coordinates": [ 7.6763632, 45.0685614 ] } },
{ "type": "Feature", "properties": { "name": "Caio Mario Nord" }, "geometry": { "type": "Point", "coordinates": [ 7.6363437, 45.0250426 ] } },
{ "type": "Feature", "properties": { "name": "Bertola" }, "geometry": { "type": "Point", "coordinates": [ 7.6813986, 45.0705169 ] } },
{ "type": "Feature", "properties": { "name": "Molise Est" }, "geometry": { "type": "Point", "coordinates": [ 7.6394309, 45.1002104 ] } },
{ "type": "Feature", "properties": { "name": "Val Pattonera N.251" }, "geometry": { "type": "Point", "coordinates": [ 7.7019261, 45.0396772 ] } },
{ "type": "Feature", "properties": { "name": "Pastrengo Est" }, "geometry": { "type": "Point", "coordinates": [ 7.581202, 45.0787197 ] } },
{ "type": "Feature", "properties": { "name": "Ada Negri" }, "geometry": { "type": "Point", "coordinates": [ 7.7062339, 44.9944468 ] } },
{ "type": "Feature", "properties": { "name": "Trecate" }, "geometry": { "type": "Point", "coordinates": [ 7.6251347, 45.0719764 ] } },
{ "type": "Feature", "properties": { "name": "Cincinnato" }, "geometry": { "type": "Point", "coordinates": [ 7.6433809, 45.0988548 ] } },
{ "type": "Feature", "properties": { "name": "Orbassano (v. Di Nanni)" }, "geometry": { "type": "Point", "coordinates": [ 7.54228, 45.0094 ] } },
{ "type": "Feature", "properties": { "name": "Torino (Centro Commerciale)" }, "geometry": { "type": "Point", "coordinates": [ 7.7130097, 45.119746 ] } },
{ "type": "Feature", "properties": { "name": "Potenza Ovest" }, "geometry": { "type": "Point", "coordinates": [ 7.6555923, 45.0945327 ] } },
{ "type": "Feature", "properties": { "name": "Grandi" }, "geometry": { "type": "Point", "coordinates": [ 7.6184037, 45.0540733 ] } },
{ "type": "Feature", "properties": { "name": "Lombardia Capolinea" }, "geometry": { "type": "Point", "coordinates": [ 7.7848957, 45.1461194 ] } },
{ "type": "Feature", "properties": { "name": "Reycend" }, "geometry": { "type": "Point", "coordinates": [ 7.6697239, 45.1079215 ] } },
{ "type": "Feature", "properties": { "name": "Amendola" }, "geometry": { "type": "Point", "coordinates": [ 7.6369156, 44.997644 ] } },
{ "type": "Feature", "properties": { "name": "Palestro" }, "geometry": { "type": "Point", "coordinates": [ 7.6848979, 45.0041086 ] } },
{ "type": "Feature", "properties": { "name": "Monte Grappa" }, "geometry": { "type": "Point", "coordinates": [ 7.6360927, 45.07532 ] } },
{ "type": "Feature", "properties": { "name": "Antioca" }, "geometry": { "type": "Point", "coordinates": [ 7.7018134, 45.116187 ] } },
{ "type": "Feature", "properties": { "name": "Galvani" }, "geometry": { "type": "Point", "coordinates": [ 7.6503589, 45.002029 ] } },
{ "type": "Feature", "properties": { "name": "Marmolada Nord" }, "geometry": { "type": "Point", "coordinates": [ 7.6488698, 45.0555032 ] } },
{ "type": "Feature", "properties": { "name": "Sassi Capolinea" }, "geometry": { "type": "Point", "coordinates": [ 7.7319149, 45.0808714 ] } },
{ "type": "Feature", "properties": { "name": "Centallo" }, "geometry": { "type": "Point", "coordinates": [ 7.7246197, 45.10072 ] } },
{ "type": "Feature", "properties": { "name": "Nizza" }, "geometry": { "type": "Point", "coordinates": [ 7.6627268, 45.0220819 ] } },
{ "type": "Feature", "properties": { "name": "Antica di Grugliasco" }, "geometry": { "type": "Point", "coordinates": [ 7.6266255, 45.0601282 ] } },
{ "type": "Feature", "properties": { "name": "Fea" }, "geometry": { "type": "Point", "coordinates": [ 7.6768272, 45.107043 ] } },
{ "type": "Feature", "properties": { "name": "Massaua Capolinea" }, "geometry": { "type": "Point", "coordinates": [ 7.621022, 45.0745094 ] } },
{ "type": "Feature", "properties": { "name": "Settimo (Cimitero)" }, "geometry": { "type": "Point", "coordinates": [ 7.78525, 45.14723 ] } },
{ "type": "Feature", "properties": { "name": "Accademia Albertina" }, "geometry": { "type": "Point", "coordinates": [ 7.6900316, 45.068243 ] } },
{ "type": "Feature", "properties": { "name": "Tangenziale Sud" }, "geometry": { "type": "Point", "coordinates": [ 7.6437009, 45.1195067 ] } },
{ "type": "Feature", "properties": { "name": "Maddalena" }, "geometry": { "type": "Point", "coordinates": [ 7.7095126, 45.0294143 ] } },
{ "type": "Feature", "properties": { "name": "Garrone" }, "geometry": { "type": "Point", "coordinates": [ 7.649155, 45.0121085 ] } },
{ "type": "Feature", "properties": { "name": "Plava Cancello 29" }, "geometry": { "type": "Point", "coordinates": [ 7.6091742, 45.0226158 ] } },
{ "type": "Feature", "properties": { "name": "Solferino Capolinea" }, "geometry": { "type": "Point", "coordinates": [ 7.6772111, 45.0685287 ] } },
{ "type": "Feature", "properties": { "name": "Largo Massaia" }, "geometry": { "type": "Point", "coordinates": [ 7.6718827, 45.0972775 ] } },
{ "type": "Feature", "properties": { "name": "Traves" }, "geometry": { "type": "Point", "coordinates": [ 7.6291917, 45.1133437 ] } },
{ "type": "Feature", "properties": { "name": "Roma" }, "geometry": { "type": "Point", "coordinates": [ 7.5776763, 45.0668301 ] } },
{ "type": "Feature", "properties": { "name": "Val Pattonera N.174" }, "geometry": { "type": "Point", "coordinates": [ 7.6987368, 45.0356772 ] } },
{ "type": "Feature", "properties": { "name": "Sabotino" }, "geometry": { "type": "Point", "coordinates": [ 7.65067, 45.0641309 ] } },
{ "type": "Feature", "properties": { "name": "Cuneo N.9" }, "geometry": { "type": "Point", "coordinates": [ 7.6586335, 45.0049609 ] } },
{ "type": "Feature", "properties": { "name": "Cascinette" }, "geometry": { "type": "Point", "coordinates": [ 7.7094929, 45.1158244 ] } },
{ "type": "Feature", "properties": { "name": "Bramante" }, "geometry": { "type": "Point", "coordinates": [ 7.6642117, 45.0446507 ] } },
{ "type": "Feature", "properties": { "name": "Delle Pietre" }, "geometry": { "type": "Point", "coordinates": [ 7.7541731, 45.0947298 ] } },
{ "type": "Feature", "properties": { "name": "Saorgio" }, "geometry": { "type": "Point", "coordinates": [ 7.679769, 45.0970371 ] } },
{ "type": "Feature", "properties": { "name": "Settimo (v. Milano/v. Brescia)" }, "geometry": { "type": "Point", "coordinates": [ 7.7909556, 45.1504349 ] } },
{ "type": "Feature", "properties": { "name": "Geisser" }, "geometry": { "type": "Point", "coordinates": [ 7.7711535, 45.0779365 ] } },
{ "type": "Feature", "properties": { "name": "Auditorium" }, "geometry": { "type": "Point", "coordinates": [ 7.6920544, 45.0708582 ] } },
{ "type": "Feature", "properties": { "name": "Volpiano (v. Brandizzo/v. Genova)" }, "geometry": { "type": "Point", "coordinates": [ 7.7851412, 45.1980929 ] } },
{ "type": "Feature", "properties": { "name": "Tripoli" }, "geometry": { "type": "Point", "coordinates": [ 7.6415097, 45.0358376 ] } },
{ "type": "Feature", "properties": { "name": "Rivalta (fraz. Prabernasca-v. Piossasco)" }, "geometry": { "type": "Point", "coordinates": [ 7.5026642, 45.0136975 ] } },
{ "type": "Feature", "properties": { "name": "Frassini" }, "geometry": { "type": "Point", "coordinates": [ 7.7087122, 45.1271961 ] } },
{ "type": "Feature", "properties": { "name": "Pio VII" }, "geometry": { "type": "Point", "coordinates": [ 7.6547807, 45.0273274 ] } },
{ "type": "Feature", "properties": { "name": "Fermi Capolinea" }, "geometry": { "type": "Point", "coordinates": [ 7.5902157, 45.0763947 ] } },
{ "type": "Feature", "properties": { "name": "Brighenti" }, "geometry": { "type": "Point", "coordinates": [ 7.7376208, 45.0780132 ] } },
{ "type": "Feature", "properties": { "name": "Delleani" }, "geometry": { "type": "Point", "coordinates": [ 7.6323553, 45.068303 ] } },
{ "type": "Feature", "properties": { "name": "Biglieri" }, "geometry": { "type": "Point", "coordinates": [ 7.6677874, 45.0340359 ] } },
{ "type": "Feature", "properties": { "name": "Castiglione (Fornace)" }, "geometry": { "type": "Point", "coordinates": [ 7.8089079, 45.1191697 ] } },
{ "type": "Feature", "properties": { "name": "Righino" }, "geometry": { "type": "Point", "coordinates": [ 7.6988384, 45.0540754 ] } },
{ "type": "Feature", "properties": { "name": "Dora Riparia" }, "geometry": { "type": "Point", "coordinates": [ 7.5541413, 45.0969657 ] } },
{ "type": "Feature", "properties": { "name": "Frejus" }, "geometry": { "type": "Point", "coordinates": [ 7.64669, 45.07023 ] } },
{ "type": "Feature", "properties": { "name": "Martiri XXX Aprile" }, "geometry": { "type": "Point", "coordinates": [ 7.573957, 45.0803602 ] } },
{ "type": "Feature", "properties": { "name": "Carrara" }, "geometry": { "type": "Point", "coordinates": [ 7.7197151, 45.0692217 ] } },
{ "type": "Feature", "properties": { "name": "Stampalia Capolinea" }, "geometry": { "type": "Point", "coordinates": [ 7.6587326, 45.112008 ] } },
{ "type": "Feature", "properties": { "name": "Mochino Sud" }, "geometry": { "type": "Point", "coordinates": [ 7.7607502, 45.1033628 ] } },
{ "type": "Feature", "properties": { "name": "Nizza" }, "geometry": { "type": "Point", "coordinates": [ 7.6761043, 45.0538524 ] } },
{ "type": "Feature", "properties": { "name": "Pellice" }, "geometry": { "type": "Point", "coordinates": [ 7.7563871, 45.0471903 ] } },
{ "type": "Feature", "properties": { "name": "Baden Baden Capolinea" }, "geometry": { "type": "Point", "coordinates": [ 7.6860561, 45.0018986 ] } },
{ "type": "Feature", "properties": { "name": "Boston" }, "geometry": { "type": "Point", "coordinates": [ 7.642882, 45.0397709 ] } },
{ "type": "Feature", "properties": { "name": "Falchera" }, "geometry": { "type": "Point", "coordinates": [ 7.7036913, 45.1229497 ] } },
{ "type": "Feature", "properties": { "name": "Tetti Chianale" }, "geometry": { "type": "Point", "coordinates": [ 7.78508, 45.10702 ] } },
{ "type": "Feature", "properties": { "name": "Caselle (str. Torino 9)" }, "geometry": { "type": "Point", "coordinates": [ 7.651987, 45.1694022 ] } },
{ "type": "Feature", "properties": { "name": "Borgaretto N.18" }, "geometry": { "type": "Point", "coordinates": [ 7.59453, 45.00721 ] } },
{ "type": "Feature", "properties": { "name": "Morandi" }, "geometry": { "type": "Point", "coordinates": [ 7.6323165, 45.0149306 ] } },
{ "type": "Feature", "properties": { "name": "Sant'anna N.74" }, "geometry": { "type": "Point", "coordinates": [ 7.7272876, 45.0545491 ] } },
{ "type": "Feature", "properties": { "name": "Porta Susa Capolinea" }, "geometry": { "type": "Point", "coordinates": [ 7.6678689, 45.0734294 ] } },
{ "type": "Feature", "properties": { "name": "Palermo" }, "geometry": { "type": "Point", "coordinates": [ 7.69378, 45.08631 ] } },
{ "type": "Feature", "properties": { "name": "Robotti Capolinea" }, "geometry": { "type": "Point", "coordinates": [ 7.5240624, 45.0918813 ] } },
{ "type": "Feature", "properties": { "name": "Bard" }, "geometry": { "type": "Point", "coordinates": [ 7.6167872, 45.0658107 ] } },
{ "type": "Feature", "properties": { "name": "Moncalieri" }, "geometry": { "type": "Point", "coordinates": [ 7.67746, 44.99848 ] } },
{ "type": "Feature", "properties": { "name": "Lanzo N. 120" }, "geometry": { "type": "Point", "coordinates": [ 7.6547949, 45.1506621 ] } },
{ "type": "Feature", "properties": { "name": "Sebastopoli" }, "geometry": { "type": "Point", "coordinates": [ 7.6343019, 45.0497695 ] } },
{ "type": "Feature", "properties": { "name": "Fiochetto" }, "geometry": { "type": "Point", "coordinates": [ 7.6868946, 45.0763085 ] } },
{ "type": "Feature", "properties": { "name": "Adua Capolinea" }, "geometry": { "type": "Point", "coordinates": [ 7.7067759, 45.0525457 ] } },
{ "type": "Feature", "properties": { "name": "Sette Comuni" }, "geometry": { "type": "Point", "coordinates": [ 7.6517571, 45.0172547 ] } },
{ "type": "Feature", "properties": { "name": "Carignano" }, "geometry": { "type": "Point", "coordinates": [ 7.6720627, 45.0023099 ] } },
{ "type": "Feature", "properties": { "name": "Ospedale Mauriziano" }, "geometry": { "type": "Point", "coordinates": [ 7.6641193, 45.0524097 ] } },
{ "type": "Feature", "properties": { "name": "Omero" }, "geometry": { "type": "Point", "coordinates": [ 7.6302812, 45.0362227 ] } },
{ "type": "Feature", "properties": { "name": "Lauro Rossi" }, "geometry": { "type": "Point", "coordinates": [ 7.6955087, 45.0948444 ] } },
{ "type": "Feature", "properties": { "name": "Rivoli" }, "geometry": { "type": "Point", "coordinates": [ 7.6450492, 45.0754957 ] } },
{ "type": "Feature", "properties": { "name": "Centro Commerciale" }, "geometry": { "type": "Point", "coordinates": [ 7.7127024, 45.1194374 ] } },
{ "type": "Feature", "properties": { "name": "Martinetto" }, "geometry": { "type": "Point", "coordinates": [ 7.6563198, 45.0853171 ] } },
{ "type": "Feature", "properties": { "name": "Alfieri" }, "geometry": { "type": "Point", "coordinates": [ 7.6191578, 45.0561706 ] } },
{ "type": "Feature", "properties": { "name": "Villa Clara" }, "geometry": { "type": "Point", "coordinates": [ 7.74874, 45.0804832 ] } },
{ "type": "Feature", "properties": { "name": "De Gasperi N.13" }, "geometry": { "type": "Point", "coordinates": [ 7.5031374, 45.0715091 ] } },
{ "type": "Feature", "properties": { "name": "CTO" }, "geometry": { "type": "Point", "coordinates": [ 7.6720294, 45.0330392 ] } },
{ "type": "Feature", "properties": { "name": "Cimitero Parco Capolinea" }, "geometry": { "type": "Point", "coordinates": [ 7.6038684, 45.0321502 ] } },
{ "type": "Feature", "properties": { "name": "Francia" }, "geometry": { "type": "Point", "coordinates": [ 7.635099, 45.0745929 ] } },
{ "type": "Feature", "properties": { "name": "Della Cella" }, "geometry": { "type": "Point", "coordinates": [ 7.6806368, 45.1098407 ] } },
{ "type": "Feature", "properties": { "name": "Stadio Ovest" }, "geometry": { "type": "Point", "coordinates": [ 7.639412, 45.112319 ] } },
{ "type": "Feature", "properties": { "name": "Creusa" }, "geometry": { "type": "Point", "coordinates": [ 7.7000897, 45.0364219 ] } },
{ "type": "Feature", "properties": { "name": "Sapri" }, "geometry": { "type": "Point", "coordinates": [ 7.65294, 45.01161 ] } },
{ "type": "Feature", "properties": { "name": "66 Martiri" }, "geometry": { "type": "Point", "coordinates": [ 7.5768361, 45.0630627 ] } },
{ "type": "Feature", "properties": { "name": "Santa Brigida" }, "geometry": { "type": "Point", "coordinates": [ 7.69672, 45.01061 ] } },
{ "type": "Feature", "properties": { "name": "I Maggio" }, "geometry": { "type": "Point", "coordinates": [ 7.7187744, 45.1817405 ] } },
{ "type": "Feature", "properties": { "name": "Gobetti" }, "geometry": { "type": "Point", "coordinates": [ 7.666413, 45.0108255 ] } },
{ "type": "Feature", "properties": { "name": "Cossa Ovest" }, "geometry": { "type": "Point", "coordinates": [ 7.6226991, 45.0840622 ] } },
{ "type": "Feature", "properties": { "name": "Monte Nero" }, "geometry": { "type": "Point", "coordinates": [ 7.7627431, 45.1428832 ] } },
{ "type": "Feature", "properties": { "name": "Valprato" }, "geometry": { "type": "Point", "coordinates": [ 7.6904272, 45.0931199 ] } },
{ "type": "Feature", "properties": { "name": "Lot" }, "geometry": { "type": "Point", "coordinates": [ 7.7106121, 45.0387081 ] } },
{ "type": "Feature", "properties": { "name": "Bernini Est" }, "geometry": { "type": "Point", "coordinates": [ 7.6577025, 45.0755226 ] } },
{ "type": "Feature", "properties": { "name": "Torino-Druento N.69" }, "geometry": { "type": "Point", "coordinates": [ 7.6077208, 45.1191506 ] } },
{ "type": "Feature", "properties": { "name": "Redentore" }, "geometry": { "type": "Point", "coordinates": [ 7.7341223, 45.020307 ] } },
{ "type": "Feature", "properties": { "name": "Largo Giachino Sud" }, "geometry": { "type": "Point", "coordinates": [ 7.6728187, 45.0959711 ] } },
{ "type": "Feature", "properties": { "name": "Montale" }, "geometry": { "type": "Point", "coordinates": [ 7.6297769, 45.102856 ] } },
{ "type": "Feature", "properties": { "name": "Del Castello" }, "geometry": { "type": "Point", "coordinates": [ 7.6857438, 45.0090186 ] } },
{ "type": "Feature", "properties": { "name": "Garibaldi" }, "geometry": { "type": "Point", "coordinates": [ 7.63509, 45.128 ] } },
{ "type": "Feature", "properties": { "name": "Lamarmora" }, "geometry": { "type": "Point", "coordinates": [ 7.5833774, 45.0653715 ] } },
{ "type": "Feature", "properties": { "name": "Revigliasco N.143" }, "geometry": { "type": "Point", "coordinates": [ 7.7241574, 45.0014905 ] } },
{ "type": "Feature", "properties": { "name": "Bramante" }, "geometry": { "type": "Point", "coordinates": [ 7.6619339, 45.0464457 ] } },
{ "type": "Feature", "properties": { "name": "Cattaneo Est" }, "geometry": { "type": "Point", "coordinates": [ 7.62594, 45.03512 ] } },
{ "type": "Feature", "properties": { "name": "Costaguta" }, "geometry": { "type": "Point", "coordinates": [ 7.8149981, 45.0013727 ] } },
{ "type": "Feature", "properties": { "name": "Rosselli" }, "geometry": { "type": "Point", "coordinates": [ 7.7675947, 45.1386141 ] } },
{ "type": "Feature", "properties": { "name": "Baldissera Sud" }, "geometry": { "type": "Point", "coordinates": [ 7.677435, 45.0893892 ] } },
{ "type": "Feature", "properties": { "name": "Regio Parco" }, "geometry": { "type": "Point", "coordinates": [ 7.6925983, 45.0771238 ] } },
{ "type": "Feature", "properties": { "name": "Giambone" }, "geometry": { "type": "Point", "coordinates": [ 7.6462232, 45.0324116 ] } },
{ "type": "Feature", "properties": { "name": "Alpignano (v. Caselette-Stab. Philips)" }, "geometry": { "type": "Point", "coordinates": [ 7.5090458, 45.1029999 ] } },
{ "type": "Feature", "properties": { "name": "Croce Rossa" }, "geometry": { "type": "Point", "coordinates": [ 7.7102325, 45.0889909 ] } },
{ "type": "Feature", "properties": { "name": "Caselle (str. Torino 9)" }, "geometry": { "type": "Point", "coordinates": [ 7.6518114, 45.1693047 ] } },
{ "type": "Feature", "properties": { "name": "Moncalieri N.315" }, "geometry": { "type": "Point", "coordinates": [ 7.6787067, 45.0310691 ] } },
{ "type": "Feature", "properties": { "name": "Palavela" }, "geometry": { "type": "Point", "coordinates": [ 7.669677, 45.0207749 ] } },
{ "type": "Feature", "properties": { "name": "Delleani" }, "geometry": { "type": "Point", "coordinates": [ 7.63266, 45.0678506 ] } },
{ "type": "Feature", "properties": { "name": "Barbera" }, "geometry": { "type": "Point", "coordinates": [ 7.6390237, 45.0186 ] } },
{ "type": "Feature", "properties": { "name": "Chiesa Di San Vito" }, "geometry": { "type": "Point", "coordinates": [ 7.6974615, 45.0430978 ] } },
{ "type": "Feature", "properties": { "name": "Della Pronda" }, "geometry": { "type": "Point", "coordinates": [ 7.6084547, 45.0652379 ] } },
{ "type": "Feature", "properties": { "name": "Lessona" }, "geometry": { "type": "Point", "coordinates": [ 7.649001, 45.0833926 ] } },
{ "type": "Feature", "properties": { "name": "Galimberti" }, "geometry": { "type": "Point", "coordinates": [ 7.5647351, 45.0635599 ] } },
{ "type": "Feature", "properties": { "name": "San Vincenzo Capolinea" }, "geometry": { "type": "Point", "coordinates": [ 7.7157941, 45.0473448 ] } },
{ "type": "Feature", "properties": { "name": "Maroncelli" }, "geometry": { "type": "Point", "coordinates": [ 7.6635853, 45.0177889 ] } },
{ "type": "Feature", "properties": { "name": "Massaua Nord" }, "geometry": { "type": "Point", "coordinates": [ 7.6195616, 45.075373 ] } },
{ "type": "Feature", "properties": { "name": "Sospello" }, "geometry": { "type": "Point", "coordinates": [ 7.6786125, 45.1022925 ] } },
{ "type": "Feature", "properties": { "name": "Giachino" }, "geometry": { "type": "Point", "coordinates": [ 7.6769568, 45.0898517 ] } },
{ "type": "Feature", "properties": { "name": "Roma" }, "geometry": { "type": "Point", "coordinates": [ 7.7707585, 45.1394757 ] } },
{ "type": "Feature", "properties": { "name": "Sant'Ottavio" }, "geometry": { "type": "Point", "coordinates": [ 7.6928551, 45.0665106 ] } },
{ "type": "Feature", "properties": { "name": "Bardonecchia" }, "geometry": { "type": "Point", "coordinates": [ 7.6406312, 45.0721183 ] } },
{ "type": "Feature", "properties": { "name": "Bricca" }, "geometry": { "type": "Point", "coordinates": [ 7.7056588, 45.0657922 ] } },
{ "type": "Feature", "properties": { "name": "Tetti None (v. Bellavista 24)" }, "geometry": { "type": "Point", "coordinates": [ 7.79146, 45.08576 ] } },
{ "type": "Feature", "properties": { "name": "Ponchielli Capolinea" }, "geometry": { "type": "Point", "coordinates": [ 7.7051336, 45.0862878 ] } },
{ "type": "Feature", "properties": { "name": "Magenta" }, "geometry": { "type": "Point", "coordinates": [ 7.595121, 45.0753677 ] } },
{ "type": "Feature", "properties": { "name": "Polonia" }, "geometry": { "type": "Point", "coordinates": [ 7.6753991, 45.0364278 ] } },
{ "type": "Feature", "properties": { "name": "Borgo Mercato" }, "geometry": { "type": "Point", "coordinates": [ 7.6716508, 45.000997 ] } },
{ "type": "Feature", "properties": { "name": "Campo 25" }, "geometry": { "type": "Point", "coordinates": [ 7.598344, 45.0334023 ] } },
{ "type": "Feature", "properties": { "name": "Castiglione (Rezza)" }, "geometry": { "type": "Point", "coordinates": [ 7.8144857, 45.121603 ] } },
{ "type": "Feature", "properties": { "name": "Cena" }, "geometry": { "type": "Point", "coordinates": [ 7.6971457, 45.1085704 ] } },
{ "type": "Feature", "properties": { "name": "Buozzi" }, "geometry": { "type": "Point", "coordinates": [ 7.6443783, 45.1241115 ] } },
{ "type": "Feature", "properties": { "name": "Di Nanni" }, "geometry": { "type": "Point", "coordinates": [ 7.56871, 45.06469 ] } },
{ "type": "Feature", "properties": { "name": "Sofia Capolinea" }, "geometry": { "type": "Point", "coordinates": [ 7.7169483, 45.0943156 ] } },
{ "type": "Feature", "properties": { "name": "Faccioli Capolinea" }, "geometry": { "type": "Point", "coordinates": [ 7.6221794, 45.0233282 ] } },
{ "type": "Feature", "properties": { "name": "Palestro" }, "geometry": { "type": "Point", "coordinates": [ 7.7556975, 45.1033 ] } },
{ "type": "Feature", "properties": { "name": "Ciriè" }, "geometry": { "type": "Point", "coordinates": [ 7.6734108, 45.0840718 ] } },
{ "type": "Feature", "properties": { "name": "San Mauro (Scambio Peso)" }, "geometry": { "type": "Point", "coordinates": [ 7.7755182, 45.1085631 ] } },
{ "type": "Feature", "properties": { "name": "Borgo Dora" }, "geometry": { "type": "Point", "coordinates": [ 7.6852726, 45.0794185 ] } },
{ "type": "Feature", "properties": { "name": "Tolmino" }, "geometry": { "type": "Point", "coordinates": [ 7.6439843, 45.0553271 ] } },
{ "type": "Feature", "properties": { "name": "Belgio" }, "geometry": { "type": "Point", "coordinates": [ 7.7074877, 45.0713004 ] } },
{ "type": "Feature", "properties": { "name": "Lombardia" }, "geometry": { "type": "Point", "coordinates": [ 7.6504089, 45.0990463 ] } },
{ "type": "Feature", "properties": { "name": "Don Minzoni" }, "geometry": { "type": "Point", "coordinates": [ 7.6052515, 45.0035865 ] } },
{ "type": "Feature", "properties": { "name": "Castelvecchio" }, "geometry": { "type": "Point", "coordinates": [ 7.6903, 45.0042 ] } },
{ "type": "Feature", "properties": { "name": "Chiesa" }, "geometry": { "type": "Point", "coordinates": [ 7.7317177, 45.100544 ] } },
{ "type": "Feature", "properties": { "name": "Veronese" }, "geometry": { "type": "Point", "coordinates": [ 7.6635506, 45.1105351 ] } },
{ "type": "Feature", "properties": { "name": "Unione Sovietica" }, "geometry": { "type": "Point", "coordinates": [ 7.6306716, 45.0198783 ] } },
{ "type": "Feature", "properties": { "name": "D'Azeglio Capolinea" }, "geometry": { "type": "Point", "coordinates": [ 7.6816094, 45.0511101 ] } },
{ "type": "Feature", "properties": { "name": "La Cassa (Mattodera)" }, "geometry": { "type": "Point", "coordinates": [ 7.5152493, 45.1893379 ] } },
{ "type": "Feature", "properties": { "name": "Vittorio Emanuele Ii" }, "geometry": { "type": "Point", "coordinates": [ 7.6478384, 45.0732107 ] } },
{ "type": "Feature", "properties": { "name": "San Vito-Revigliasco N.400" }, "geometry": { "type": "Point", "coordinates": [ 7.7120722, 45.0363409 ] } },
{ "type": "Feature", "properties": { "name": "Ospedale Amedeo di Savoia" }, "geometry": { "type": "Point", "coordinates": [ 7.6589677, 45.0887322 ] } },
{ "type": "Feature", "properties": { "name": "Stazione Rigola" }, "geometry": { "type": "Point", "coordinates": [ 7.6497463, 45.1189289 ] } },
{ "type": "Feature", "properties": { "name": "Settimo (v. Cebrosa/str. della Merla)" }, "geometry": { "type": "Point", "coordinates": [ 7.7410615, 45.1410667 ] } },
{ "type": "Feature", "properties": { "name": "Issiglio" }, "geometry": { "type": "Point", "coordinates": [ 7.6400627, 45.0612085 ] } },
{ "type": "Feature", "properties": { "name": "Ponte Cavalieri Templari" }, "geometry": { "type": "Point", "coordinates": [ 7.6770946, 45.0022897 ] } },
{ "type": "Feature", "properties": { "name": "Siracusa" }, "geometry": { "type": "Point", "coordinates": [ 7.6342418, 45.0326095 ] } },
{ "type": "Feature", "properties": { "name": "Dora Savona" }, "geometry": { "type": "Point", "coordinates": [ 7.6880798, 45.0787359 ] } },
{ "type": "Feature", "properties": { "name": "Piave" }, "geometry": { "type": "Point", "coordinates": [ 7.6370369, 45.1303722 ] } },
{ "type": "Feature", "properties": { "name": "Regio Parco" }, "geometry": { "type": "Point", "coordinates": [ 7.7003461, 45.0801616 ] } },
{ "type": "Feature", "properties": { "name": "Spalato" }, "geometry": { "type": "Point", "coordinates": [ 7.6528536, 45.058655 ] } },
{ "type": "Feature", "properties": { "name": "Morandi" }, "geometry": { "type": "Point", "coordinates": [ 7.57878, 45.1336 ] } },
{ "type": "Feature", "properties": { "name": "Moncalvo N.41" }, "geometry": { "type": "Point", "coordinates": [ 7.70576, 45.02109 ] } },
{ "type": "Feature", "properties": { "name": "Vico" }, "geometry": { "type": "Point", "coordinates": [ 7.6679788, 45.008603 ] } },
{ "type": "Feature", "properties": { "name": "Casaleggio" }, "geometry": { "type": "Point", "coordinates": [ 7.6179023, 45.0847966 ] } },
{ "type": "Feature", "properties": { "name": "Basilica di Superga Capolinea" }, "geometry": { "type": "Point", "coordinates": [ 7.7668897, 45.0796676 ] } },
{ "type": "Feature", "properties": { "name": "Vercelli" }, "geometry": { "type": "Point", "coordinates": [ 7.6958064, 45.1064562 ] } },
{ "type": "Feature", "properties": { "name": "Renier" }, "geometry": { "type": "Point", "coordinates": [ 7.6449878, 45.058338 ] } },
{ "type": "Feature", "properties": { "name": "Kennedy" }, "geometry": { "type": "Point", "coordinates": [ 7.5323798, 45.1009859 ] } },
{ "type": "Feature", "properties": { "name": "Casalborgone" }, "geometry": { "type": "Point", "coordinates": [ 7.7121595, 45.0677687 ] } },
{ "type": "Feature", "properties": { "name": "Potenza" }, "geometry": { "type": "Point", "coordinates": [ 7.65521, 45.09126 ] } },
{ "type": "Feature", "properties": { "name": "De Sanctis" }, "geometry": { "type": "Point", "coordinates": [ 7.6181718, 45.0701594 ] } },
{ "type": "Feature", "properties": { "name": "Settimo (v. Torino-Lucchini)" }, "geometry": { "type": "Point", "coordinates": [ 7.744626, 45.1466096 ] } },
{ "type": "Feature", "properties": { "name": "Statuto Nord" }, "geometry": { "type": "Point", "coordinates": [ 7.6704604, 45.0771206 ] } },
{ "type": "Feature", "properties": { "name": "Parco Ruffini" }, "geometry": { "type": "Point", "coordinates": [ 7.6347541, 45.0569526 ] } },
{ "type": "Feature", "properties": { "name": "Rigolino" }, "geometry": { "type": "Point", "coordinates": [ 7.6824527, 45.0140863 ] } },
{ "type": "Feature", "properties": { "name": "Park Caio Mario" }, "geometry": { "type": "Point", "coordinates": [ 7.6404613, 45.0275189 ] } },
{ "type": "Feature", "properties": { "name": "Oxilia" }, "geometry": { "type": "Point", "coordinates": [ 7.7013084, 45.1041702 ] } },
{ "type": "Feature", "properties": { "name": "Rivalta (Fiat-canc. 3)" }, "geometry": { "type": "Point", "coordinates": [ 7.513416, 44.9952234 ] } },
{ "type": "Feature", "properties": { "name": "Di Vittorio" }, "geometry": { "type": "Point", "coordinates": [ 7.6472759, 45.1252438 ] } },
{ "type": "Feature", "properties": { "name": "San Matteo" }, "geometry": { "type": "Point", "coordinates": [ 7.64516, 44.99681 ] } },
{ "type": "Feature", "properties": { "name": "Risorgimento Est" }, "geometry": { "type": "Point", "coordinates": [ 7.5893679, 45.025319 ] } },
{ "type": "Feature", "properties": { "name": "Casale" }, "geometry": { "type": "Point", "coordinates": [ 7.7331274, 45.0863332 ] } },
{ "type": "Feature", "properties": { "name": "Lavazza" }, "geometry": { "type": "Point", "coordinates": [ 7.7257017, 45.0525324 ] } },
{ "type": "Feature", "properties": { "name": "Primule Nord" }, "geometry": { "type": "Point", "coordinates": [ 7.6255841, 45.1059652 ] } },
{ "type": "Feature", "properties": { "name": "Osservatorio" }, "geometry": { "type": "Point", "coordinates": [ 7.7696017, 45.0437783 ] } },
{ "type": "Feature", "properties": { "name": "Caduti per la Libertà" }, "geometry": { "type": "Point", "coordinates": [ 7.6801751, 44.9992543 ] } },
{ "type": "Feature", "properties": { "name": "Taricco" }, "geometry": { "type": "Point", "coordinates": [ 7.7996874, 45.0277887 ] } },
{ "type": "Feature", "properties": { "name": "Lauro Rossi" }, "geometry": { "type": "Point", "coordinates": [ 7.6912715, 45.0948606 ] } },
{ "type": "Feature", "properties": { "name": "Venaria (Ponte Verde)" }, "geometry": { "type": "Point", "coordinates": [ 7.6129302, 45.1410042 ] } },
{ "type": "Feature", "properties": { "name": "Traiano Ovest" }, "geometry": { "type": "Point", "coordinates": [ 7.6465263, 45.0227448 ] } },
{ "type": "Feature", "properties": { "name": "Rivalta (fraz. Prabernasca-v. Piossasco)" }, "geometry": { "type": "Point", "coordinates": [ 7.5012694, 45.0138845 ] } },
{ "type": "Feature", "properties": { "name": "Ulivi N.12" }, "geometry": { "type": "Point", "coordinates": [ 7.7071053, 45.1321586 ] } },
{ "type": "Feature", "properties": { "name": "Borgaro (Lanzo/Lattes)" }, "geometry": { "type": "Point", "coordinates": [ 7.654711, 45.156377 ] } },
{ "type": "Feature", "properties": { "name": "D'Harcourt" }, "geometry": { "type": "Point", "coordinates": [ 7.7324005, 45.0657559 ] } },
{ "type": "Feature", "properties": { "name": "Cimitero Settimo Capolinea" }, "geometry": { "type": "Point", "coordinates": [ 7.7852255, 45.1460359 ] } },
{ "type": "Feature", "properties": { "name": "Largo Giachino Nord" }, "geometry": { "type": "Point", "coordinates": [ 7.6712375, 45.0970728 ] } },
{ "type": "Feature", "properties": { "name": "Trento" }, "geometry": { "type": "Point", "coordinates": [ 7.6283867, 45.1298841 ] } },
{ "type": "Feature", "properties": { "name": "Pellico" }, "geometry": { "type": "Point", "coordinates": [ 7.683092, 45.0580525 ] } },
{ "type": "Feature", "properties": { "name": "Rivalta (v. Moriondo/v. La Malfa)" }, "geometry": { "type": "Point", "coordinates": [ 7.5228897, 45.0266702 ] } },
{ "type": "Feature", "properties": { "name": "Siracusa Est" }, "geometry": { "type": "Point", "coordinates": [ 7.6356738, 45.0482999 ] } },
{ "type": "Feature", "properties": { "name": "Oxilia" }, "geometry": { "type": "Point", "coordinates": [ 7.6966379, 45.1056512 ] } },
{ "type": "Feature", "properties": { "name": "Revello" }, "geometry": { "type": "Point", "coordinates": [ 7.6493184, 45.0708223 ] } },
{ "type": "Feature", "properties": { "name": "I Maggio" }, "geometry": { "type": "Point", "coordinates": [ 7.5628279, 45.0673781 ] } },
{ "type": "Feature", "properties": { "name": "Borgeisa" }, "geometry": { "type": "Point", "coordinates": [ 7.5189654, 45.0623274 ] } },
{ "type": "Feature", "properties": { "name": "Testona" }, "geometry": { "type": "Point", "coordinates": [ 7.66422, 45.01925 ] } },
{ "type": "Feature", "properties": { "name": "Fidia" }, "geometry": { "type": "Point", "coordinates": [ 7.6208098, 45.0718321 ] } },
{ "type": "Feature", "properties": { "name": "Carlo Felice Capolinea" }, "geometry": { "type": "Point", "coordinates": [ 7.6790005, 45.0637119 ] } },
{ "type": "Feature", "properties": { "name": "Galilei" }, "geometry": { "type": "Point", "coordinates": [ 7.7727553, 45.1406029 ] } },
{ "type": "Feature", "properties": { "name": "Novara" }, "geometry": { "type": "Point", "coordinates": [ 7.6930831, 45.0858104 ] } },
{ "type": "Feature", "properties": { "name": "Ponchielli" }, "geometry": { "type": "Point", "coordinates": [ 7.6436047, 44.9996012 ] } },
{ "type": "Feature", "properties": { "name": "Leini (Fornacino)" }, "geometry": { "type": "Point", "coordinates": [ 7.7364215, 45.1496937 ] } },
{ "type": "Feature", "properties": { "name": "Cavallero" }, "geometry": { "type": "Point", "coordinates": [ 7.5183716, 45.0626905 ] } },
{ "type": "Feature", "properties": { "name": "Dalla Chiesa" }, "geometry": { "type": "Point", "coordinates": [ 7.7080848, 45.1504514 ] } },
{ "type": "Feature", "properties": { "name": "Val Lagarina" }, "geometry": { "type": "Point", "coordinates": [ 7.609467, 45.0718518 ] } },
{ "type": "Feature", "properties": { "name": "Settimo (Motorizzazione)" }, "geometry": { "type": "Point", "coordinates": [ 7.7354017, 45.132924 ] } },
{ "type": "Feature", "properties": { "name": "Livorno" }, "geometry": { "type": "Point", "coordinates": [ 7.667065, 45.0823096 ] } },
{ "type": "Feature", "properties": { "name": "Exilles" }, "geometry": { "type": "Point", "coordinates": [ 7.63181, 45.07499 ] } },
{ "type": "Feature", "properties": { "name": "Reiss Romoli" }, "geometry": { "type": "Point", "coordinates": [ 7.6962897, 45.1057151 ] } },
{ "type": "Feature", "properties": { "name": "Corsica" }, "geometry": { "type": "Point", "coordinates": [ 7.6511485, 45.0310509 ] } },
{ "type": "Feature", "properties": { "name": "Monte Bianco" }, "geometry": { "type": "Point", "coordinates": [ 7.541243, 45.1073017 ] } },
{ "type": "Feature", "properties": { "name": "Dora Riparia" }, "geometry": { "type": "Point", "coordinates": [ 7.5711239, 45.0890972 ] } },
{ "type": "Feature", "properties": { "name": "Cascinette N.424" }, "geometry": { "type": "Point", "coordinates": [ 7.7176667, 45.1145341 ] } },
{ "type": "Feature", "properties": { "name": "Largo Toscana" }, "geometry": { "type": "Point", "coordinates": [ 7.6586625, 45.0970127 ] } },
{ "type": "Feature", "properties": { "name": "Cattaneo Ovest" }, "geometry": { "type": "Point", "coordinates": [ 7.6233608, 45.0357206 ] } },
{ "type": "Feature", "properties": { "name": "Pirandello" }, "geometry": { "type": "Point", "coordinates": [ 7.7588981, 45.1332048 ] } },
{ "type": "Feature", "properties": { "name": "Rivoli (Ospedale)" }, "geometry": { "type": "Point", "coordinates": [ 7.5186606, 45.0605532 ] } },
{ "type": "Feature", "properties": { "name": "Santa Lucia" }, "geometry": { "type": "Point", "coordinates": [ 7.6763238, 45.02558 ] } },
{ "type": "Feature", "properties": { "name": "Risorgimento N.11" }, "geometry": { "type": "Point", "coordinates": [ 7.650992, 45.1535682 ] } },
{ "type": "Feature", "properties": { "name": "XI Febbraio" }, "geometry": { "type": "Point", "coordinates": [ 7.6871901, 45.0753239 ] } },
{ "type": "Feature", "properties": { "name": "Rivoli Sud" }, "geometry": { "type": "Point", "coordinates": [ 7.6430921, 45.0748853 ] } },
{ "type": "Feature", "properties": { "name": "Nasi" }, "geometry": { "type": "Point", "coordinates": [ 7.7051622, 44.9966259 ] } },
{ "type": "Feature", "properties": { "name": "Palagiustizia" }, "geometry": { "type": "Point", "coordinates": [ 7.6601181, 45.0699865 ] } },
{ "type": "Feature", "properties": { "name": "Moncenisio" }, "geometry": { "type": "Point", "coordinates": [ 7.6531278, 45.0825493 ] } },
{ "type": "Feature", "properties": { "name": "Portone Est" }, "geometry": { "type": "Point", "coordinates": [ 7.5927502, 45.0408354 ] } },
{ "type": "Feature", "properties": { "name": "San Francesco" }, "geometry": { "type": "Point", "coordinates": [ 7.52501, 45.02392 ] } },
{ "type": "Feature", "properties": { "name": "Leini' (Cartiera)" }, "geometry": { "type": "Point", "coordinates": [ 7.723431, 45.1970866 ] } },
{ "type": "Feature", "properties": { "name": "Vespucci" }, "geometry": { "type": "Point", "coordinates": [ 7.6691812, 45.0529963 ] } },
{ "type": "Feature", "properties": { "name": "Farinelli" }, "geometry": { "type": "Point", "coordinates": [ 7.62861, 45.01651 ] } },
{ "type": "Feature", "properties": { "name": "Settimo (Stab. Rejna)" }, "geometry": { "type": "Point", "coordinates": [ 7.8014366, 45.15635 ] } },
{ "type": "Feature", "properties": { "name": "San Maurizio Capolinea" }, "geometry": { "type": "Point", "coordinates": [ 7.6983054, 45.0661431 ] } },
{ "type": "Feature", "properties": { "name": "Orfane" }, "geometry": { "type": "Point", "coordinates": [ 7.6792442, 45.0750431 ] } },
{ "type": "Feature", "properties": { "name": "Caselle (Stazione/v. Audello)" }, "geometry": { "type": "Point", "coordinates": [ 7.6440107, 45.1760281 ] } },
{ "type": "Feature", "properties": { "name": "Colombo" }, "geometry": { "type": "Point", "coordinates": [ 7.5717507, 45.0822819 ] } },
{ "type": "Feature", "properties": { "name": "Sandà" }, "geometry": { "type": "Point", "coordinates": [ 7.7133163, 44.9932729 ] } },
{ "type": "Feature", "properties": { "name": "Bengasi Nord" }, "geometry": { "type": "Point", "coordinates": [ 7.6619058, 45.0180009 ] } },
{ "type": "Feature", "properties": { "name": "Servais Capolinea" }, "geometry": { "type": "Point", "coordinates": [ 7.6157337, 45.0854631 ] } },
{ "type": "Feature", "properties": { "name": "Garibaldi" }, "geometry": { "type": "Point", "coordinates": [ 7.6767907, 45.0740377 ] } },
{ "type": "Feature", "properties": { "name": "Filadelfia" }, "geometry": { "type": "Point", "coordinates": [ 7.6344162, 45.0465773 ] } },
{ "type": "Feature", "properties": { "name": "Buriasco Ovest" }, "geometry": { "type": "Point", "coordinates": [ 7.6200564, 45.0216483 ] } },
{ "type": "Feature", "properties": { "name": "Venaria (Appartamenti Reali)" }, "geometry": { "type": "Point", "coordinates": [ 7.60358, 45.14466 ] } },
{ "type": "Feature", "properties": { "name": "Tadini" }, "geometry": { "type": "Point", "coordinates": [ 7.7067054, 45.0498305 ] } },
{ "type": "Feature", "properties": { "name": "Caselle (Ospedale)" }, "geometry": { "type": "Point", "coordinates": [ 7.6489031, 45.1742684 ] } },
{ "type": "Feature", "properties": { "name": "Fratelli Bandiera" }, "geometry": { "type": "Point", "coordinates": [ 7.601232, 45.0063365 ] } },
{ "type": "Feature", "properties": { "name": "Del Francese N.84" }, "geometry": { "type": "Point", "coordinates": [ 7.6648567, 45.1356405 ] } },
{ "type": "Feature", "properties": { "name": "Puglia" }, "geometry": { "type": "Point", "coordinates": [ 7.7281947, 45.1083992 ] } },
{ "type": "Feature", "properties": { "name": "Largo Borgaro" }, "geometry": { "type": "Point", "coordinates": [ 7.6630828, 45.0961321 ] } },
{ "type": "Feature", "properties": { "name": "Mughetti" }, "geometry": { "type": "Point", "coordinates": [ 7.6277909, 45.103871 ] } },
{ "type": "Feature", "properties": { "name": "Castiglione (Sant' Eufemia)" }, "geometry": { "type": "Point", "coordinates": [ 7.8192969, 45.1245607 ] } },
{ "type": "Feature", "properties": { "name": "Sesia" }, "geometry": { "type": "Point", "coordinates": [ 7.6934707, 45.0900535 ] } },
{ "type": "Feature", "properties": { "name": "Orfane" }, "geometry": { "type": "Point", "coordinates": [ 7.6784207, 45.0746107 ] } },
{ "type": "Feature", "properties": { "name": "Agnelli Est" }, "geometry": { "type": "Point", "coordinates": [ 7.6481736, 45.0410296 ] } },
{ "type": "Feature", "properties": { "name": "Gerbidi" }, "geometry": { "type": "Point", "coordinates": [ 7.5248628, 45.0292786 ] } },
{ "type": "Feature", "properties": { "name": "Casalborgone" }, "geometry": { "type": "Point", "coordinates": [ 7.7136898, 45.0681485 ] } },
{ "type": "Feature", "properties": { "name": "Induno" }, "geometry": { "type": "Point", "coordinates": [ 7.6192883, 45.0366259 ] } },
{ "type": "Feature", "properties": { "name": "Spezia" }, "geometry": { "type": "Point", "coordinates": [ 7.6717, 45.03706 ] } },
{ "type": "Feature", "properties": { "name": "Bertola Capolinea" }, "geometry": { "type": "Point", "coordinates": [ 7.681863, 45.0698017 ] } },
{ "type": "Feature", "properties": { "name": "Bovetti" }, "geometry": { "type": "Point", "coordinates": [ 7.6376769, 45.0144007 ] } },
{ "type": "Feature", "properties": { "name": "Derna Est" }, "geometry": { "type": "Point", "coordinates": [ 7.7012436, 45.1021961 ] } },
{ "type": "Feature", "properties": { "name": "Sette Comuni" }, "geometry": { "type": "Point", "coordinates": [ 7.6542893, 45.0205017 ] } },
{ "type": "Feature", "properties": { "name": "La Salle" }, "geometry": { "type": "Point", "coordinates": [ 7.576882, 45.060767 ] } },
{ "type": "Feature", "properties": { "name": "Poste e Telecomunicazioni" }, "geometry": { "type": "Point", "coordinates": [ 7.6925143, 44.9971833 ] } },
{ "type": "Feature", "properties": { "name": "Mainero N.94" }, "geometry": { "type": "Point", "coordinates": [ 7.7211345, 45.0429004 ] } },
{ "type": "Feature", "properties": { "name": "Ospedale Mauriziano" }, "geometry": { "type": "Point", "coordinates": [ 7.6654847, 45.0496302 ] } },
{ "type": "Feature", "properties": { "name": "Casalegno" }, "geometry": { "type": "Point", "coordinates": [ 7.6246764, 45.05058 ] } },
{ "type": "Feature", "properties": { "name": "Vittorio Veneto Nord" }, "geometry": { "type": "Point", "coordinates": [ 7.6956318, 45.0657019 ] } },
{ "type": "Feature", "properties": { "name": "Tolmino" }, "geometry": { "type": "Point", "coordinates": [ 7.64436, 45.05596 ] } },
{ "type": "Feature", "properties": { "name": "Acquedotto" }, "geometry": { "type": "Point", "coordinates": [ 7.5432198, 45.0278889 ] } },
{ "type": "Feature", "properties": { "name": "Tartini" }, "geometry": { "type": "Point", "coordinates": [ 7.7084338, 45.0998379 ] } },
{ "type": "Feature", "properties": { "name": "Lanzo N. 33" }, "geometry": { "type": "Point", "coordinates": [ 7.65538, 45.1431 ] } },
{ "type": "Feature", "properties": { "name": "Orbassano" }, "geometry": { "type": "Point", "coordinates": [ 7.6086636, 45.0294383 ] } },
{ "type": "Feature", "properties": { "name": "Cebrosa" }, "geometry": { "type": "Point", "coordinates": [ 7.7325732, 45.1144992 ] } },
{ "type": "Feature", "properties": { "name": "Servais Capolinea" }, "geometry": { "type": "Point", "coordinates": [ 7.6158515, 45.0852659 ] } },
{ "type": "Feature", "properties": { "name": "Coppino" }, "geometry": { "type": "Point", "coordinates": [ 7.6726021, 45.1016675 ] } },
{ "type": "Feature", "properties": { "name": "Torino Esposizioni" }, "geometry": { "type": "Point", "coordinates": [ 7.6816256, 45.0500893 ] } },
{ "type": "Feature", "properties": { "name": "Matteotti" }, "geometry": { "type": "Point", "coordinates": [ 7.6287066, 45.1273953 ] } },
{ "type": "Feature", "properties": { "name": "Randaccio" }, "geometry": { "type": "Point", "coordinates": [ 7.6832145, 45.0985657 ] } },
{ "type": "Feature", "properties": { "name": "Pervinche" }, "geometry": { "type": "Point", "coordinates": [ 7.6352632, 45.1033598 ] } },
{ "type": "Feature", "properties": { "name": "Nasi" }, "geometry": { "type": "Point", "coordinates": [ 7.70453, 44.99703 ] } },
{ "type": "Feature", "properties": { "name": "Cairoli Capolinea" }, "geometry": { "type": "Point", "coordinates": [ 7.6937808, 45.0619089 ] } },
{ "type": "Feature", "properties": { "name": "Racconigi" }, "geometry": { "type": "Point", "coordinates": [ 7.6492988, 45.0756665 ] } },
{ "type": "Feature", "properties": { "name": "Monteu Da Po" }, "geometry": { "type": "Point", "coordinates": [ 7.7232573, 45.0696905 ] } },
{ "type": "Feature", "properties": { "name": "Unione Sovietica" }, "geometry": { "type": "Point", "coordinates": [ 7.6613199, 45.0469099 ] } },
{ "type": "Feature", "properties": { "name": "Panoramica" }, "geometry": { "type": "Point", "coordinates": [ 7.7653866, 45.0440547 ] } },
{ "type": "Feature", "properties": { "name": "Dante" }, "geometry": { "type": "Point", "coordinates": [ 7.6784554, 45.0453142 ] } },
{ "type": "Feature", "properties": { "name": "Museo Mufant" }, "geometry": { "type": "Point", "coordinates": [ 7.6894502, 45.1081954 ] } },
{ "type": "Feature", "properties": { "name": "Tangenziale Sud" }, "geometry": { "type": "Point", "coordinates": [ 7.6439373, 45.1197412 ] } },
{ "type": "Feature", "properties": { "name": "C.R.F." }, "geometry": { "type": "Point", "coordinates": [ 7.7112885, 45.0323082 ] } },
{ "type": "Feature", "properties": { "name": "Borgaro (v. Lanzo 31)" }, "geometry": { "type": "Point", "coordinates": [ 7.65538, 45.14317 ] } },
{ "type": "Feature", "properties": { "name": "Antica di Collegno Ovest" }, "geometry": { "type": "Point", "coordinates": [ 7.6128856, 45.0821452 ] } },
{ "type": "Feature", "properties": { "name": "Carrera" }, "geometry": { "type": "Point", "coordinates": [ 7.6271842, 45.0803048 ] } },
{ "type": "Feature", "properties": { "name": "Bisalta" }, "geometry": { "type": "Point", "coordinates": [ 7.6687264, 45.0364175 ] } },
{ "type": "Feature", "properties": { "name": "Barbera Ovest" }, "geometry": { "type": "Point", "coordinates": [ 7.6334993, 45.0192852 ] } },
{ "type": "Feature", "properties": { "name": "Molise" }, "geometry": { "type": "Point", "coordinates": [ 7.6369425, 45.0996559 ] } },
{ "type": "Feature", "properties": { "name": "Spontini" }, "geometry": { "type": "Point", "coordinates": [ 7.6975236, 45.0940996 ] } },
{ "type": "Feature", "properties": { "name": "Settimo (Corso Piemonte/Via San Benigno)" }, "geometry": { "type": "Point", "coordinates": [ 7.75776, 45.14195 ] } },
{ "type": "Feature", "properties": { "name": "Che Guevara" }, "geometry": { "type": "Point", "coordinates": [ 7.5668762, 45.0821858 ] } },
{ "type": "Feature", "properties": { "name": "Ulivi" }, "geometry": { "type": "Point", "coordinates": [ 7.7145117, 45.1271373 ] } },
{ "type": "Feature", "properties": { "name": "Potenza" }, "geometry": { "type": "Point", "coordinates": [ 7.6618497, 45.1034207 ] } },
{ "type": "Feature", "properties": { "name": "Chambery" }, "geometry": { "type": "Point", "coordinates": [ 7.6192732, 45.0695754 ] } },
{ "type": "Feature", "properties": { "name": "Bertolla Est" }, "geometry": { "type": "Point", "coordinates": [ 7.750588, 45.102526 ] } },
{ "type": "Feature", "properties": { "name": "Madama Cristina" }, "geometry": { "type": "Point", "coordinates": [ 7.6794873, 45.0531846 ] } },
{ "type": "Feature", "properties": { "name": "Sant'Ottavio" }, "geometry": { "type": "Point", "coordinates": [ 7.69243, 45.0666807 ] } },
{ "type": "Feature", "properties": { "name": "Borgosesia" }, "geometry": { "type": "Point", "coordinates": [ 7.6403047, 45.0798621 ] } },
{ "type": "Feature", "properties": { "name": "Rivalta (fraz. Gerbole-Caudano)" }, "geometry": { "type": "Point", "coordinates": [ 7.5079868, 45.0123546 ] } },
{ "type": "Feature", "properties": { "name": "Gabetti Capolinea" }, "geometry": { "type": "Point", "coordinates": [ 7.7105519, 45.0651769 ] } },
{ "type": "Feature", "properties": { "name": "Rivodora (Cartotecnica)" }, "geometry": { "type": "Point", "coordinates": [ 7.78692, 45.09274 ] } },
{ "type": "Feature", "properties": { "name": "Crociera" }, "geometry": { "type": "Point", "coordinates": [ 7.6548627, 45.0015047 ] } },
{ "type": "Feature", "properties": { "name": "Togliatti" }, "geometry": { "type": "Point", "coordinates": [ 7.5958857, 45.004148 ] } },
{ "type": "Feature", "properties": { "name": "Bozzolo" }, "geometry": { "type": "Point", "coordinates": [ 7.6717954, 45.036778 ] } },
{ "type": "Feature", "properties": { "name": "Lavazza N.36" }, "geometry": { "type": "Point", "coordinates": [ 7.7276404, 45.0530221 ] } },
{ "type": "Feature", "properties": { "name": "Park Stura Capolinea" }, "geometry": { "type": "Point", "coordinates": [ 7.7108214, 45.1201386 ] } },
{ "type": "Feature", "properties": { "name": "Pracavallo" }, "geometry": { "type": "Point", "coordinates": [ 7.63005, 45.00453 ] } },
{ "type": "Feature", "properties": { "name": "Chieri" }, "geometry": { "type": "Point", "coordinates": [ 7.8124758, 45.0681539 ] } },
{ "type": "Feature", "properties": { "name": "Bottesini" }, "geometry": { "type": "Point", "coordinates": [ 7.6982872, 45.0890694 ] } },
{ "type": "Feature", "properties": { "name": "Madonna di Campagna" }, "geometry": { "type": "Point", "coordinates": [ 7.6630434, 45.1041628 ] } },
{ "type": "Feature", "properties": { "name": "Cervi" }, "geometry": { "type": "Point", "coordinates": [ 7.5762649, 45.0577933 ] } },
{ "type": "Feature", "properties": { "name": "Italia" }, "geometry": { "type": "Point", "coordinates": [ 7.7148179, 45.1784749 ] } },
{ "type": "Feature", "properties": { "name": "Destefanis" }, "geometry": { "type": "Point", "coordinates": [ 7.6568065, 45.1179708 ] } },
{ "type": "Feature", "properties": { "name": "Cesana" }, "geometry": { "type": "Point", "coordinates": [ 7.6240038, 45.0070018 ] } },
{ "type": "Feature", "properties": { "name": "Madonna Della Scala N.117" }, "geometry": { "type": "Point", "coordinates": [ 7.7871671, 44.9979272 ] } },
{ "type": "Feature", "properties": { "name": "Regio Parco" }, "geometry": { "type": "Point", "coordinates": [ 7.7544284, 45.1296209 ] } },
{ "type": "Feature", "properties": { "name": "Costituzione Est" }, "geometry": { "type": "Point", "coordinates": [ 7.7748022, 45.106826 ] } },
{ "type": "Feature", "properties": { "name": "XXV Aprile N.68" }, "geometry": { "type": "Point", "coordinates": [ 7.6861443, 45.0348108 ] } },
{ "type": "Feature", "properties": { "name": "Torino - Stazione" }, "geometry": { "type": "Point", "coordinates": [ 7.6440391, 44.9934199 ] } },
{ "type": "Feature", "properties": { "name": "Cuorgnè" }, "geometry": { "type": "Point", "coordinates": [ 7.7043689, 45.1224071 ] } },
{ "type": "Feature", "properties": { "name": "Cuneo" }, "geometry": { "type": "Point", "coordinates": [ 7.6564837, 45.0047731 ] } },
{ "type": "Feature", "properties": { "name": "Rimembranza" }, "geometry": { "type": "Point", "coordinates": [ 7.6868075, 45.0017205 ] } },
{ "type": "Feature", "properties": { "name": "Pasini" }, "geometry": { "type": "Point", "coordinates": [ 7.7301348, 45.0747047 ] } },
{ "type": "Feature", "properties": { "name": "San Matteo" }, "geometry": { "type": "Point", "coordinates": [ 7.6655332, 45.0116553 ] } },
{ "type": "Feature", "properties": { "name": "Unione Sovietica" }, "geometry": { "type": "Point", "coordinates": [ 7.6308411, 45.0199641 ] } },
{ "type": "Feature", "properties": { "name": "Vercelli N.168" }, "geometry": { "type": "Point", "coordinates": [ 7.6940305, 45.1004854 ] } },
{ "type": "Feature", "properties": { "name": "Rondò Rivella" }, "geometry": { "type": "Point", "coordinates": [ 7.6892037, 45.0743095 ] } },
{ "type": "Feature", "properties": { "name": "Lombardia" }, "geometry": { "type": "Point", "coordinates": [ 7.6474218, 45.0973204 ] } },
{ "type": "Feature", "properties": { "name": "Cascinette" }, "geometry": { "type": "Point", "coordinates": [ 7.7116293, 45.1153559 ] } },
{ "type": "Feature", "properties": { "name": "Lombardia" }, "geometry": { "type": "Point", "coordinates": [ 7.6602096, 45.1052664 ] } },
{ "type": "Feature", "properties": { "name": "Faccioli" }, "geometry": { "type": "Point", "coordinates": [ 7.6152032, 45.0156125 ] } },
{ "type": "Feature", "properties": { "name": "Bertolla" }, "geometry": { "type": "Point", "coordinates": [ 7.7403356, 45.1013457 ] } },
{ "type": "Feature", "properties": { "name": "Matteotti" }, "geometry": { "type": "Point", "coordinates": [ 7.6760137, 45.0668498 ] } },
{ "type": "Feature", "properties": { "name": "La Torre" }, "geometry": { "type": "Point", "coordinates": [ 7.634395, 44.9932615 ] } },
{ "type": "Feature", "properties": { "name": "Rovereto" }, "geometry": { "type": "Point", "coordinates": [ 7.6386563, 45.0475828 ] } },
{ "type": "Feature", "properties": { "name": "Giulio Cesare Est" }, "geometry": { "type": "Point", "coordinates": [ 7.7062222, 45.1136031 ] } },
{ "type": "Feature", "properties": { "name": "Appio Claudio" }, "geometry": { "type": "Point", "coordinates": [ 7.65051, 45.08526 ] } },
{ "type": "Feature", "properties": { "name": "Martiri Della Liberta" }, "geometry": { "type": "Point", "coordinates": [ 7.6043426, 45.0058395 ] } },
{ "type": "Feature", "properties": { "name": "Borgaretto (P.za Vitt.Veneto)" }, "geometry": { "type": "Point", "coordinates": [ 7.60302, 45.00331 ] } },
{ "type": "Feature", "properties": { "name": "Vespucci" }, "geometry": { "type": "Point", "coordinates": [ 7.6663, 45.0544 ] } },
{ "type": "Feature", "properties": { "name": "Cossa Ovest" }, "geometry": { "type": "Point", "coordinates": [ 7.6227813, 45.0839081 ] } },
{ "type": "Feature", "properties": { "name": "Diaz" }, "geometry": { "type": "Point", "coordinates": [ 7.7648786, 45.1013854 ] } },
{ "type": "Feature", "properties": { "name": "Clementi" }, "geometry": { "type": "Point", "coordinates": [ 7.696335, 45.0879562 ] } },
{ "type": "Feature", "properties": { "name": "Parco Sempione" }, "geometry": { "type": "Point", "coordinates": [ 7.6905152, 45.0989644 ] } },
{ "type": "Feature", "properties": { "name": "Robilant Sud" }, "geometry": { "type": "Point", "coordinates": [ 7.645023, 45.0599309 ] } },
{ "type": "Feature", "properties": { "name": "Dora Riparia" }, "geometry": { "type": "Point", "coordinates": [ 7.5559324, 45.0976996 ] } },
{ "type": "Feature", "properties": { "name": "Toselli" }, "geometry": { "type": "Point", "coordinates": [ 7.7143187, 45.0652448 ] } },
{ "type": "Feature", "properties": { "name": "Palli" }, "geometry": { "type": "Point", "coordinates": [ 7.6582, 45.00866 ] } },
{ "type": "Feature", "properties": { "name": "Bianco" }, "geometry": { "type": "Point", "coordinates": [ 7.6163508, 45.0824988 ] } },
{ "type": "Feature", "properties": { "name": "Strada Superga N.101" }, "geometry": { "type": "Point", "coordinates": [ 7.7449257, 45.0823689 ] } },
{ "type": "Feature", "properties": { "name": "Turati" }, "geometry": { "type": "Point", "coordinates": [ 7.6710026, 45.0553619 ] } },
{ "type": "Feature", "properties": { "name": "Pitagora" }, "geometry": { "type": "Point", "coordinates": [ 7.6353727, 45.0394581 ] } },
{ "type": "Feature", "properties": { "name": "Cuneo" }, "geometry": { "type": "Point", "coordinates": [ 7.6802569, 45.0879533 ] } },
{ "type": "Feature", "properties": { "name": "XXV Aprile" }, "geometry": { "type": "Point", "coordinates": [ 7.6409179, 45.0012839 ] } },
{ "type": "Feature", "properties": { "name": "Gorizia" }, "geometry": { "type": "Point", "coordinates": [ 7.6641658, 45.0133566 ] } },
{ "type": "Feature", "properties": { "name": "Agnelli" }, "geometry": { "type": "Point", "coordinates": [ 7.6390061, 45.0306755 ] } },
{ "type": "Feature", "properties": { "name": "Francia" }, "geometry": { "type": "Point", "coordinates": [ 7.57993, 45.07101 ] } },
{ "type": "Feature", "properties": { "name": "Turati" }, "geometry": { "type": "Point", "coordinates": [ 7.70207, 44.99554 ] } },
{ "type": "Feature", "properties": { "name": "Stura Lazio" }, "geometry": { "type": "Point", "coordinates": [ 7.7240609, 45.0994697 ] } },
{ "type": "Feature", "properties": { "name": "Primule" }, "geometry": { "type": "Point", "coordinates": [ 7.6251899, 45.1042506 ] } },
{ "type": "Feature", "properties": { "name": "Geisser Nord" }, "geometry": { "type": "Point", "coordinates": [ 7.770765, 45.0779889 ] } },
{ "type": "Feature", "properties": { "name": "Chiesa della Salute" }, "geometry": { "type": "Point", "coordinates": [ 7.677065, 45.0921743 ] } },
{ "type": "Feature", "properties": { "name": "Castiglione (Molino)" }, "geometry": { "type": "Point", "coordinates": [ 7.795064, 45.1172814 ] } },
{ "type": "Feature", "properties": { "name": "Val Pattonera N.106" }, "geometry": { "type": "Point", "coordinates": [ 7.692972, 45.0342182 ] } },
{ "type": "Feature", "properties": { "name": "Rivalta (FIAT Rivalta-canc. 11)" }, "geometry": { "type": "Point", "coordinates": [ 7.5000492, 44.9950726 ] } },
{ "type": "Feature", "properties": { "name": "Del Nobile N.27" }, "geometry": { "type": "Point", "coordinates": [ 7.7099684, 45.0532798 ] } },
{ "type": "Feature", "properties": { "name": "Borgaro (str. Aeroporto/str. Francese)" }, "geometry": { "type": "Point", "coordinates": [ 7.656107, 45.1343282 ] } },
{ "type": "Feature", "properties": { "name": "Plava Cancello 30" }, "geometry": { "type": "Point", "coordinates": [ 7.6105271, 45.0223425 ] } },
{ "type": "Feature", "properties": { "name": "Torino (C.so Stati Uniti/C.so Re Umberto) Cap." }, "geometry": { "type": "Point", "coordinates": [ 7.6719869, 45.0625753 ] } },
{ "type": "Feature", "properties": { "name": "Omero" }, "geometry": { "type": "Point", "coordinates": [ 7.6305016, 45.0362851 ] } },
{ "type": "Feature", "properties": { "name": "Aquileia" }, "geometry": { "type": "Point", "coordinates": [ 7.6832403, 45.0411361 ] } },
{ "type": "Feature", "properties": { "name": "Caio Mario Est" }, "geometry": { "type": "Point", "coordinates": [ 7.63657, 45.02213 ] } },
{ "type": "Feature", "properties": { "name": "Novara Nord" }, "geometry": { "type": "Point", "coordinates": [ 7.7014859, 45.0799344 ] } },
{ "type": "Feature", "properties": { "name": "Castello Di Mirafiori" }, "geometry": { "type": "Point", "coordinates": [ 7.6497167, 45.0089304 ] } },
{ "type": "Feature", "properties": { "name": "Cervi" }, "geometry": { "type": "Point", "coordinates": [ 7.5878708, 45.0767803 ] } },
{ "type": "Feature", "properties": { "name": "Sofia Ovest" }, "geometry": { "type": "Point", "coordinates": [ 7.71502, 45.09572 ] } },
{ "type": "Feature", "properties": { "name": "Bellacomba" }, "geometry": { "type": "Point", "coordinates": [ 7.6605739, 45.123544 ] } },
{ "type": "Feature", "properties": { "name": "Casa Circondariale Capolinea" }, "geometry": { "type": "Point", "coordinates": [ 7.6199624, 45.1013372 ] } },
{ "type": "Feature", "properties": { "name": "Torino N.116" }, "geometry": { "type": "Point", "coordinates": [ 7.7474784, 45.1297944 ] } },
{ "type": "Feature", "properties": { "name": "Colli" }, "geometry": { "type": "Point", "coordinates": [ 7.7734868, 45.077878 ] } },
{ "type": "Feature", "properties": { "name": "Caio Mario" }, "geometry": { "type": "Point", "coordinates": [ 7.6369215, 45.0241535 ] } },
{ "type": "Feature", "properties": { "name": "Rondissone" }, "geometry": { "type": "Point", "coordinates": [ 7.6928077, 45.0980449 ] } },
{ "type": "Feature", "properties": { "name": "Gorizia Capolinea" }, "geometry": { "type": "Point", "coordinates": [ 7.5174326, 45.0361078 ] } },
{ "type": "Feature", "properties": { "name": "Ancina" }, "geometry": { "type": "Point", "coordinates": [ 7.7103947, 45.0942954 ] } },
{ "type": "Feature", "properties": { "name": "Orbassano Ovest" }, "geometry": { "type": "Point", "coordinates": [ 7.6534573, 45.0535639 ] } },
{ "type": "Feature", "properties": { "name": "Dalle Bande Nere" }, "geometry": { "type": "Point", "coordinates": [ 7.7346519, 45.0795165 ] } },
{ "type": "Feature", "properties": { "name": "Maroncelli" }, "geometry": { "type": "Point", "coordinates": [ 7.6683458, 45.0160174 ] } },
{ "type": "Feature", "properties": { "name": "Pervinche Nord" }, "geometry": { "type": "Point", "coordinates": [ 7.6358793, 45.1058108 ] } },
{ "type": "Feature", "properties": { "name": "Pacchiotti" }, "geometry": { "type": "Point", "coordinates": [ 7.636873, 45.0775309 ] } },
{ "type": "Feature", "properties": { "name": "Lecce" }, "geometry": { "type": "Point", "coordinates": [ 7.6493377, 45.0831658 ] } },
{ "type": "Feature", "properties": { "name": "Tripoli" }, "geometry": { "type": "Point", "coordinates": [ 7.50448, 45.07389 ] } },
{ "type": "Feature", "properties": { "name": "Pergolesi" }, "geometry": { "type": "Point", "coordinates": [ 7.7148373, 45.0930928 ] } },
{ "type": "Feature", "properties": { "name": "Largo Borgaro" }, "geometry": { "type": "Point", "coordinates": [ 7.6619476, 45.0954927 ] } },
{ "type": "Feature", "properties": { "name": "Allamano" }, "geometry": { "type": "Point", "coordinates": [ 7.6228041, 45.0499534 ] } },
{ "type": "Feature", "properties": { "name": "Monviso" }, "geometry": { "type": "Point", "coordinates": [ 7.7570414, 45.1404511 ] } },
{ "type": "Feature", "properties": { "name": "Rondò Forca" }, "geometry": { "type": "Point", "coordinates": [ 7.6750447, 45.0789822 ] } },
{ "type": "Feature", "properties": { "name": "Belgioioso" }, "geometry": { "type": "Point", "coordinates": [ 7.6977046, 45.1107733 ] } },
{ "type": "Feature", "properties": { "name": "Volpiano (Piscina-v. Trento)" }, "geometry": { "type": "Point", "coordinates": [ 7.7745152, 45.1919577 ] } },
{ "type": "Feature", "properties": { "name": "Fiochetto" }, "geometry": { "type": "Point", "coordinates": [ 7.6866283, 45.0762442 ] } },
{ "type": "Feature", "properties": { "name": "Vigliani" }, "geometry": { "type": "Point", "coordinates": [ 7.6441798, 45.0190599 ] } },
{ "type": "Feature", "properties": { "name": "Bricca" }, "geometry": { "type": "Point", "coordinates": [ 7.7061061, 45.0662775 ] } },
{ "type": "Feature", "properties": { "name": "Milano N.5" }, "geometry": { "type": "Point", "coordinates": [ 7.65892, 45.00109 ] } },
{ "type": "Feature", "properties": { "name": "Adriano Ovest" }, "geometry": { "type": "Point", "coordinates": [ 7.6555264, 45.070315 ] } },
{ "type": "Feature", "properties": { "name": "Racagni" }, "geometry": { "type": "Point", "coordinates": [ 7.7061527, 45.0764943 ] } },
{ "type": "Feature", "properties": { "name": "Donati" }, "geometry": { "type": "Point", "coordinates": [ 7.66858, 45.0683 ] } },
{ "type": "Feature", "properties": { "name": "Romita" }, "geometry": { "type": "Point", "coordinates": [ 7.6274196, 45.0436582 ] } },
{ "type": "Feature", "properties": { "name": "Grosseto" }, "geometry": { "type": "Point", "coordinates": [ 7.6453919, 45.1059172 ] } },
{ "type": "Feature", "properties": { "name": "Portalupi" }, "geometry": { "type": "Point", "coordinates": [ 7.5699837, 45.0955376 ] } },
{ "type": "Feature", "properties": { "name": "Marsè" }, "geometry": { "type": "Point", "coordinates": [ 7.719481, 44.9906874 ] } },
{ "type": "Feature", "properties": { "name": "Caserma Morelli" }, "geometry": { "type": "Point", "coordinates": [ 7.65936, 45.04416 ] } },
{ "type": "Feature", "properties": { "name": "Rubino" }, "geometry": { "type": "Point", "coordinates": [ 7.623326, 45.0411048 ] } },
{ "type": "Feature", "properties": { "name": "Madonna Della Scala N.31" }, "geometry": { "type": "Point", "coordinates": [ 7.8042352, 44.9993201 ] } },
{ "type": "Feature", "properties": { "name": "Villa Pia" }, "geometry": { "type": "Point", "coordinates": [ 7.7432751, 45.0698286 ] } },
{ "type": "Feature", "properties": { "name": "Arsenale" }, "geometry": { "type": "Point", "coordinates": [ 7.6771828, 45.0655571 ] } },
{ "type": "Feature", "properties": { "name": "Peonie" }, "geometry": { "type": "Point", "coordinates": [ 7.6324318, 45.1058882 ] } },
{ "type": "Feature", "properties": { "name": "Cigna" }, "geometry": { "type": "Point", "coordinates": [ 7.6891793, 45.0961292 ] } },
{ "type": "Feature", "properties": { "name": "Peschiera" }, "geometry": { "type": "Point", "coordinates": [ 7.63878, 45.0695668 ] } },
{ "type": "Feature", "properties": { "name": "Falchera Capolinea" }, "geometry": { "type": "Point", "coordinates": [ 7.7078168, 45.129067 ] } },
{ "type": "Feature", "properties": { "name": "Sette Comuni" }, "geometry": { "type": "Point", "coordinates": [ 7.6533663, 45.0175881 ] } },
{ "type": "Feature", "properties": { "name": "Sant'anna N.80" }, "geometry": { "type": "Point", "coordinates": [ 7.7287249, 45.053817 ] } },
{ "type": "Feature", "properties": { "name": "Vandalino Est" }, "geometry": { "type": "Point", "coordinates": [ 7.6002692, 45.0703594 ] } },
{ "type": "Feature", "properties": { "name": "Maria Adelaide" }, "geometry": { "type": "Point", "coordinates": [ 7.6931869, 45.0750444 ] } },
{ "type": "Feature", "properties": { "name": "Tangenziale" }, "geometry": { "type": "Point", "coordinates": [ 7.6461254, 45.1222756 ] } },
{ "type": "Feature", "properties": { "name": "Bologna" }, "geometry": { "type": "Point", "coordinates": [ 7.7112969, 45.0916795 ] } },
{ "type": "Feature", "properties": { "name": "Santa Maria Sud" }, "geometry": { "type": "Point", "coordinates": [ 7.6621984, 44.9901806 ] } },
{ "type": "Feature", "properties": { "name": "Centro Commerciale Nord" }, "geometry": { "type": "Point", "coordinates": [ 7.6154201, 45.0571253 ] } },
{ "type": "Feature", "properties": { "name": "Chieri N.228" }, "geometry": { "type": "Point", "coordinates": [ 7.7478854, 45.0531572 ] } },
{ "type": "Feature", "properties": { "name": "Mortara" }, "geometry": { "type": "Point", "coordinates": [ 7.6703994, 45.0911736 ] } },
{ "type": "Feature", "properties": { "name": "Verga" }, "geometry": { "type": "Point", "coordinates": [ 7.63675, 45.01186 ] } },
{ "type": "Feature", "properties": { "name": "Giuria" }, "geometry": { "type": "Point", "coordinates": [ 7.6820964, 45.0523046 ] } },
{ "type": "Feature", "properties": { "name": "Tripoli" }, "geometry": { "type": "Point", "coordinates": [ 7.6411348, 45.0356292 ] } },
{ "type": "Feature", "properties": { "name": "Cherubini" }, "geometry": { "type": "Point", "coordinates": [ 7.7006188, 45.0932639 ] } },
{ "type": "Feature", "properties": { "name": "Risorgimento" }, "geometry": { "type": "Point", "coordinates": [ 7.6522886, 45.0797658 ] } },
{ "type": "Feature", "properties": { "name": "Bottone" }, "geometry": { "type": "Point", "coordinates": [ 7.583019, 45.0289969 ] } },
{ "type": "Feature", "properties": { "name": "Pinin Pacot" }, "geometry": { "type": "Point", "coordinates": [ 7.7229431, 45.0540762 ] } },
{ "type": "Feature", "properties": { "name": "Madonna Di Campagna" }, "geometry": { "type": "Point", "coordinates": [ 7.6664789, 45.1020841 ] } },
{ "type": "Feature", "properties": { "name": "Monginevro" }, "geometry": { "type": "Point", "coordinates": [ 7.6234023, 45.0640944 ] } },
{ "type": "Feature", "properties": { "name": "Cimitero" }, "geometry": { "type": "Point", "coordinates": [ 7.7609148, 45.0985361 ] } },
{ "type": "Feature", "properties": { "name": "Montanaro" }, "geometry": { "type": "Point", "coordinates": [ 7.6946896, 45.0925453 ] } },
{ "type": "Feature", "properties": { "name": "Cafasso" }, "geometry": { "type": "Point", "coordinates": [ 7.5442445, 45.1032296 ] } },
{ "type": "Feature", "properties": { "name": "Tadini Est" }, "geometry": { "type": "Point", "coordinates": [ 7.7140816, 45.0473997 ] } },
{ "type": "Feature", "properties": { "name": "Ospedale Maria Vittoria" }, "geometry": { "type": "Point", "coordinates": [ 7.6557533, 45.0817259 ] } },
{ "type": "Feature", "properties": { "name": "Porta Susa Capolinea" }, "geometry": { "type": "Point", "coordinates": [ 7.6675682, 45.0727755 ] } },
{ "type": "Feature", "properties": { "name": "Villafranca" }, "geometry": { "type": "Point", "coordinates": [ 7.674281, 45.0030446 ] } },
{ "type": "Feature", "properties": { "name": "Mattatoio Nord" }, "geometry": { "type": "Point", "coordinates": [ 7.6294995, 45.1124637 ] } },
{ "type": "Feature", "properties": { "name": "Cimitero Moncalieri" }, "geometry": { "type": "Point", "coordinates": [ 7.6847604, 45.0116766 ] } },
{ "type": "Feature", "properties": { "name": "Stupinigi (Castello)" }, "geometry": { "type": "Point", "coordinates": [ 7.6070416, 44.9977057 ] } },
{ "type": "Feature", "properties": { "name": "Carso" }, "geometry": { "type": "Point", "coordinates": [ 7.6365426, 45.0616129 ] } },
{ "type": "Feature", "properties": { "name": "Ambrosio" }, "geometry": { "type": "Point", "coordinates": [ 7.7024902, 45.0940592 ] } },
{ "type": "Feature", "properties": { "name": "Candiolo" }, "geometry": { "type": "Point", "coordinates": [ 7.6502617, 45.0164536 ] } },
{ "type": "Feature", "properties": { "name": "Cagliari" }, "geometry": { "type": "Point", "coordinates": [ 7.655543, 44.9985107 ] } },
{ "type": "Feature", "properties": { "name": "Gorini" }, "geometry": { "type": "Point", "coordinates": [ 7.5911773, 45.0393112 ] } },
{ "type": "Feature", "properties": { "name": "Maddalena N.44" }, "geometry": { "type": "Point", "coordinates": [ 7.72669, 45.02162 ] } },
{ "type": "Feature", "properties": { "name": "Antica di Grugliasco" }, "geometry": { "type": "Point", "coordinates": [ 7.6270688, 45.0602064 ] } },
{ "type": "Feature", "properties": { "name": "Ponte XI Settembre" }, "geometry": { "type": "Point", "coordinates": [ 7.7670849, 45.1039837 ] } },
{ "type": "Feature", "properties": { "name": "Roccavione" }, "geometry": { "type": "Point", "coordinates": [ 7.6760763, 45.1047289 ] } },
{ "type": "Feature", "properties": { "name": "Piano Balbiana" }, "geometry": { "type": "Point", "coordinates": [ 7.7900063, 45.0339161 ] } },
{ "type": "Feature", "properties": { "name": "Traves" }, "geometry": { "type": "Point", "coordinates": [ 7.6291867, 45.1131627 ] } },
{ "type": "Feature", "properties": { "name": "Genè" }, "geometry": { "type": "Point", "coordinates": [ 7.6900963, 45.0769466 ] } },
{ "type": "Feature", "properties": { "name": "Torino" }, "geometry": { "type": "Point", "coordinates": [ 7.6481817, 44.9950426 ] } },
{ "type": "Feature", "properties": { "name": "Galvani" }, "geometry": { "type": "Point", "coordinates": [ 7.7067966, 45.1441245 ] } },
{ "type": "Feature", "properties": { "name": "Valdellatorre" }, "geometry": { "type": "Point", "coordinates": [ 7.6563202, 45.0947226 ] } },
{ "type": "Feature", "properties": { "name": "Giacosa" }, "geometry": { "type": "Point", "coordinates": [ 7.6069658, 45.0623227 ] } },
{ "type": "Feature", "properties": { "name": "Baricco" }, "geometry": { "type": "Point", "coordinates": [ 7.7387562, 45.0188025 ] } },
{ "type": "Feature", "properties": { "name": "Siracusa" }, "geometry": { "type": "Point", "coordinates": [ 7.6327603, 45.0328001 ] } },
{ "type": "Feature", "properties": { "name": "De Canal" }, "geometry": { "type": "Point", "coordinates": [ 7.63833, 45.0359256 ] } },
{ "type": "Feature", "properties": { "name": "Sabotino Capolinea" }, "geometry": { "type": "Point", "coordinates": [ 7.650654, 45.0641109 ] } },
{ "type": "Feature", "properties": { "name": "Parri" }, "geometry": { "type": "Point", "coordinates": [ 7.5659459, 45.0845822 ] } },
{ "type": "Feature", "properties": { "name": "Giordano Bruno" }, "geometry": { "type": "Point", "coordinates": [ 7.664325, 45.0452604 ] } },
{ "type": "Feature", "properties": { "name": "Porta Nuova" }, "geometry": { "type": "Point", "coordinates": [ 7.6801736, 45.0634831 ] } },
{ "type": "Feature", "properties": { "name": "Pino Centro" }, "geometry": { "type": "Point", "coordinates": [ 7.7729008, 45.0439609 ] } },
{ "type": "Feature", "properties": { "name": "Failla" }, "geometry": { "type": "Point", "coordinates": [ 7.6937934, 45.0003774 ] } },
{ "type": "Feature", "properties": { "name": "Volpiano (Autostrada)" }, "geometry": { "type": "Point", "coordinates": [ 7.7882894, 45.1967257 ] } },
{ "type": "Feature", "properties": { "name": "Piobesi" }, "geometry": { "type": "Point", "coordinates": [ 7.6414899, 45.0203229 ] } },
{ "type": "Feature", "properties": { "name": "Alpignano (v. Caselette)" }, "geometry": { "type": "Point", "coordinates": [ 7.5042396, 45.1049627 ] } },
{ "type": "Feature", "properties": { "name": "Betulle" }, "geometry": { "type": "Point", "coordinates": [ 7.7087512, 45.1252002 ] } },
{ "type": "Feature", "properties": { "name": "Adriano Ovest" }, "geometry": { "type": "Point", "coordinates": [ 7.6535016, 45.0712141 ] } },
{ "type": "Feature", "properties": { "name": "Drosso N.132" }, "geometry": { "type": "Point", "coordinates": [ 7.6117053, 45.0164496 ] } },
{ "type": "Feature", "properties": { "name": "Sagna" }, "geometry": { "type": "Point", "coordinates": [ 7.7389115, 45.0160272 ] } },
{ "type": "Feature", "properties": { "name": "Campus Einaudi" }, "geometry": { "type": "Point", "coordinates": [ 7.7010601, 45.0745692 ] } },
{ "type": "Feature", "properties": { "name": "Gaidano" }, "geometry": { "type": "Point", "coordinates": [ 7.6285335, 45.0394174 ] } },
{ "type": "Feature", "properties": { "name": "Anglesio Capolinea" }, "geometry": { "type": "Point", "coordinates": [ 7.7331563, 45.1045918 ] } },
{ "type": "Feature", "properties": { "name": "San Grato" }, "geometry": { "type": "Point", "coordinates": [ 7.8100856, 45.0696959 ] } },
{ "type": "Feature", "properties": { "name": "Gran Madre" }, "geometry": { "type": "Point", "coordinates": [ 7.6994381, 45.0617625 ] } },
{ "type": "Feature", "properties": { "name": "Baracca" }, "geometry": { "type": "Point", "coordinates": [ 7.5785678, 45.0683223 ] } },
{ "type": "Feature", "properties": { "name": "Artom Capolinea" }, "geometry": { "type": "Point", "coordinates": [ 7.6485237, 45.0149387 ] } },
{ "type": "Feature", "properties": { "name": "Garibaldi" }, "geometry": { "type": "Point", "coordinates": [ 7.5755914, 45.0671014 ] } },
{ "type": "Feature", "properties": { "name": "D'Andrade" }, "geometry": { "type": "Point", "coordinates": [ 7.71895, 45.09653 ] } },
{ "type": "Feature", "properties": { "name": "Sebastopoli" }, "geometry": { "type": "Point", "coordinates": [ 7.6604058, 45.0392963 ] } },
{ "type": "Feature", "properties": { "name": "Lesna" }, "geometry": { "type": "Point", "coordinates": [ 7.6237156, 45.0526199 ] } },
{ "type": "Feature", "properties": { "name": "Palestro" }, "geometry": { "type": "Point", "coordinates": [ 7.7541806, 45.1029203 ] } },
{ "type": "Feature", "properties": { "name": "Re Umberto" }, "geometry": { "type": "Point", "coordinates": [ 7.6744504, 45.0661953 ] } },
{ "type": "Feature", "properties": { "name": "Del Castello 17" }, "geometry": { "type": "Point", "coordinates": [ 7.6865558, 45.0059098 ] } },
{ "type": "Feature", "properties": { "name": "Cosenza" }, "geometry": { "type": "Point", "coordinates": [ 7.6428523, 45.0344156 ] } },
{ "type": "Feature", "properties": { "name": "Cilea" }, "geometry": { "type": "Point", "coordinates": [ 7.70416, 45.09673 ] } },
{ "type": "Feature", "properties": { "name": "Rivodora (Fontanina)" }, "geometry": { "type": "Point", "coordinates": [ 7.78549, 45.09506 ] } },
{ "type": "Feature", "properties": { "name": "Paris Capolinea" }, "geometry": { "type": "Point", "coordinates": [ 7.653631, 45.1187609 ] } },
{ "type": "Feature", "properties": { "name": "Sant'Ottavio" }, "geometry": { "type": "Point", "coordinates": [ 7.69313, 45.0671 ] } },
{ "type": "Feature", "properties": { "name": "Drosso Ovest" }, "geometry": { "type": "Point", "coordinates": [ 7.5954604, 45.0193166 ] } },
{ "type": "Feature", "properties": { "name": "Marco Aurelio" }, "geometry": { "type": "Point", "coordinates": [ 7.7267893, 45.0704966 ] } },
{ "type": "Feature", "properties": { "name": "Bolzano Capolinea" }, "geometry": { "type": "Point", "coordinates": [ 7.66763, 45.0732815 ] } },
{ "type": "Feature", "properties": { "name": "Ferrara N.47" }, "geometry": { "type": "Point", "coordinates": [ 7.62684, 45.10726 ] } },
{ "type": "Feature", "properties": { "name": "Orbassano (Sant' Anna)" }, "geometry": { "type": "Point", "coordinates": [ 7.528815, 45.0030867 ] } },
{ "type": "Feature", "properties": { "name": "Abeti Nord" }, "geometry": { "type": "Point", "coordinates": [ 7.7116194, 45.1322758 ] } },
{ "type": "Feature", "properties": { "name": "Palmieri" }, "geometry": { "type": "Point", "coordinates": [ 7.6616397, 45.0761789 ] } },
{ "type": "Feature", "properties": { "name": "Bard" }, "geometry": { "type": "Point", "coordinates": [ 7.6173546, 45.0653611 ] } },
{ "type": "Feature", "properties": { "name": "Resistenza" }, "geometry": { "type": "Point", "coordinates": [ 7.8089348, 44.99826 ] } },
{ "type": "Feature", "properties": { "name": "Bertolla" }, "geometry": { "type": "Point", "coordinates": [ 7.7408564, 45.1016049 ] } },
{ "type": "Feature", "properties": { "name": "Donizetti" }, "geometry": { "type": "Point", "coordinates": [ 7.6778337, 45.0506134 ] } },
{ "type": "Feature", "properties": { "name": "Siracusa" }, "geometry": { "type": "Point", "coordinates": [ 7.63335, 45.04908 ] } },
{ "type": "Feature", "properties": { "name": "Crispi Ovest" }, "geometry": { "type": "Point", "coordinates": [ 7.6877891, 45.089102 ] } },
{ "type": "Feature", "properties": { "name": "Cherubini" }, "geometry": { "type": "Point", "coordinates": [ 7.7063659, 45.0934956 ] } },
{ "type": "Feature", "properties": { "name": "Montevideo" }, "geometry": { "type": "Point", "coordinates": [ 7.6513466, 45.0372361 ] } },
{ "type": "Feature", "properties": { "name": "Cenni" }, "geometry": { "type": "Point", "coordinates": [ 7.6014553, 45.0642879 ] } },
{ "type": "Feature", "properties": { "name": "Del Francese N.156" }, "geometry": { "type": "Point", "coordinates": [ 7.6719133, 45.1309798 ] } },
{ "type": "Feature", "properties": { "name": "Vittime di Bologna" }, "geometry": { "type": "Point", "coordinates": [ 7.7292893, 45.1040608 ] } },
{ "type": "Feature", "properties": { "name": "Massari" }, "geometry": { "type": "Point", "coordinates": [ 7.6631985, 45.108708 ] } },
{ "type": "Feature", "properties": { "name": "Pozzo Strada" }, "geometry": { "type": "Point", "coordinates": [ 7.6294311, 45.0750484 ] } },
{ "type": "Feature", "properties": { "name": "Alessandria" }, "geometry": { "type": "Point", "coordinates": [ 7.7628425, 45.1305948 ] } },
{ "type": "Feature", "properties": { "name": "San Mauro (Sambuy)" }, "geometry": { "type": "Point", "coordinates": [ 7.781539, 45.1148523 ] } },
{ "type": "Feature", "properties": { "name": "Crimea" }, "geometry": { "type": "Point", "coordinates": [ 7.695564, 45.0568411 ] } },
{ "type": "Feature", "properties": { "name": "Racconigi" }, "geometry": { "type": "Point", "coordinates": [ 7.6443717, 45.0667728 ] } },
{ "type": "Feature", "properties": { "name": "Gramsci" }, "geometry": { "type": "Point", "coordinates": [ 7.5508646, 45.102615 ] } },
{ "type": "Feature", "properties": { "name": "Agnelli" }, "geometry": { "type": "Point", "coordinates": [ 7.7123126, 45.1678771 ] } },
{ "type": "Feature", "properties": { "name": "Bernini" }, "geometry": { "type": "Point", "coordinates": [ 7.65643, 45.07711 ] } },
{ "type": "Feature", "properties": { "name": "Viassa" }, "geometry": { "type": "Point", "coordinates": [ 7.5825836, 45.0961044 ] } },
{ "type": "Feature", "properties": { "name": "Pescatori" }, "geometry": { "type": "Point", "coordinates": [ 7.74865, 45.092 ] } },
{ "type": "Feature", "properties": { "name": "Galileo Ferraris" }, "geometry": { "type": "Point", "coordinates": [ 7.6714539, 45.067658 ] } },
{ "type": "Feature", "properties": { "name": "Chiesa della Salute" }, "geometry": { "type": "Point", "coordinates": [ 7.679613, 45.098873 ] } },
{ "type": "Feature", "properties": { "name": "Pascolo" }, "geometry": { "type": "Point", "coordinates": [ 7.6409706, 44.9968529 ] } },
{ "type": "Feature", "properties": { "name": "Derna Sud" }, "geometry": { "type": "Point", "coordinates": [ 7.699425, 45.1012307 ] } },
{ "type": "Feature", "properties": { "name": "Cesana" }, "geometry": { "type": "Point", "coordinates": [ 7.6518155, 45.0724137 ] } },
{ "type": "Feature", "properties": { "name": "Sebusto" }, "geometry": { "type": "Point", "coordinates": [ 7.5754256, 45.0886439 ] } },
{ "type": "Feature", "properties": { "name": "Villastellone" }, "geometry": { "type": "Point", "coordinates": [ 7.6980298, 44.9956242 ] } },
{ "type": "Feature", "properties": { "name": "Stazione Grosseto" }, "geometry": { "type": "Point", "coordinates": [ 7.6647858, 45.1050163 ] } },
{ "type": "Feature", "properties": { "name": "Postumia" }, "geometry": { "type": "Point", "coordinates": [ 7.6241456, 45.0678991 ] } },
{ "type": "Feature", "properties": { "name": "Volpiano (Gommista)" }, "geometry": { "type": "Point", "coordinates": [ 7.765482, 45.1964916 ] } },
{ "type": "Feature", "properties": { "name": "Fontaneto" }, "geometry": { "type": "Point", "coordinates": [ 7.8186346, 45.002707 ] } },
{ "type": "Feature", "properties": { "name": "Adamello" }, "geometry": { "type": "Point", "coordinates": [ 7.7967942, 45.0294117 ] } },
{ "type": "Feature", "properties": { "name": "Scialoja Capolinea Mufant" }, "geometry": { "type": "Point", "coordinates": [ 7.6900629, 45.1074922 ] } },
{ "type": "Feature", "properties": { "name": "Campo Sportivo" }, "geometry": { "type": "Point", "coordinates": [ 7.7120149, 44.9967548 ] } },
{ "type": "Feature", "properties": { "name": "Tunisi" }, "geometry": { "type": "Point", "coordinates": [ 7.6583739, 45.0407234 ] } },
{ "type": "Feature", "properties": { "name": "Drosso" }, "geometry": { "type": "Point", "coordinates": [ 7.6101898, 45.0171411 ] } },
{ "type": "Feature", "properties": { "name": "Aimerito Cap." }, "geometry": { "type": "Point", "coordinates": [ 7.784348, 44.9980291 ] } },
{ "type": "Feature", "properties": { "name": "Redentore" }, "geometry": { "type": "Point", "coordinates": [ 7.73637, 45.01983 ] } },
{ "type": "Feature", "properties": { "name": "Pastrengo" }, "geometry": { "type": "Point", "coordinates": [ 7.6740562, 45.0580865 ] } },
{ "type": "Feature", "properties": { "name": "Monginevro" }, "geometry": { "type": "Point", "coordinates": [ 7.6313536, 45.0648553 ] } },
{ "type": "Feature", "properties": { "name": "Grosseto" }, "geometry": { "type": "Point", "coordinates": [ 7.6814365, 45.1040119 ] } },
{ "type": "Feature", "properties": { "name": "Lancia" }, "geometry": { "type": "Point", "coordinates": [ 7.6351109, 45.0614361 ] } },
{ "type": "Feature", "properties": { "name": "Biamonti" }, "geometry": { "type": "Point", "coordinates": [ 7.7022142, 45.0611917 ] } },
{ "type": "Feature", "properties": { "name": "Cincinnato" }, "geometry": { "type": "Point", "coordinates": [ 7.6474581, 45.1021904 ] } },
{ "type": "Feature", "properties": { "name": "Sanzio" }, "geometry": { "type": "Point", "coordinates": [ 7.5835908, 45.1275642 ] } },
{ "type": "Feature", "properties": { "name": "Sant'anna N.45" }, "geometry": { "type": "Point", "coordinates": [ 7.7245182, 45.0559654 ] } },
{ "type": "Feature", "properties": { "name": "Maroncelli Capolinea" }, "geometry": { "type": "Point", "coordinates": [ 7.663395, 45.0180917 ] } },
{ "type": "Feature", "properties": { "name": "Mughetti Ovest" }, "geometry": { "type": "Point", "coordinates": [ 7.6248636, 45.1034025 ] } },
{ "type": "Feature", "properties": { "name": "Torino N.116" }, "geometry": { "type": "Point", "coordinates": [ 7.747649, 45.1299625 ] } },
{ "type": "Feature", "properties": { "name": "Solferino" }, "geometry": { "type": "Point", "coordinates": [ 7.6777153, 45.06925 ] } },
{ "type": "Feature", "properties": { "name": "Poste E Telecomunicazioni" }, "geometry": { "type": "Point", "coordinates": [ 7.6927603, 45.1073848 ] } },
{ "type": "Feature", "properties": { "name": "Gorizia" }, "geometry": { "type": "Point", "coordinates": [ 7.6410357, 45.0464188 ] } },
{ "type": "Feature", "properties": { "name": "Susa N.162" }, "geometry": { "type": "Point", "coordinates": [ 7.5137001, 45.0781607 ] } },
{ "type": "Feature", "properties": { "name": "San Vincenzo" }, "geometry": { "type": "Point", "coordinates": [ 7.7111579, 45.0472953 ] } },
{ "type": "Feature", "properties": { "name": "Grandi" }, "geometry": { "type": "Point", "coordinates": [ 7.6182275, 45.054113 ] } },
{ "type": "Feature", "properties": { "name": "Crea" }, "geometry": { "type": "Point", "coordinates": [ 7.6132686, 45.0596401 ] } },
{ "type": "Feature", "properties": { "name": "Tessarin" }, "geometry": { "type": "Point", "coordinates": [ 7.6237139, 45.1295217 ] } },
{ "type": "Feature", "properties": { "name": "Mongreno" }, "geometry": { "type": "Point", "coordinates": [ 7.7392794, 45.0761576 ] } },
{ "type": "Feature", "properties": { "name": "Caduti sul Lavoro" }, "geometry": { "type": "Point", "coordinates": [ 7.6693856, 45.0268353 ] } },
{ "type": "Feature", "properties": { "name": "Dandolo" }, "geometry": { "type": "Point", "coordinates": [ 7.6335089, 45.0361449 ] } },
{ "type": "Feature", "properties": { "name": "Nichelino (v. Torino/v. Puccini)" }, "geometry": { "type": "Point", "coordinates": [ 7.65228, 44.99952 ] } },
{ "type": "Feature", "properties": { "name": "Agnelli Cancello 3" }, "geometry": { "type": "Point", "coordinates": [ 7.6388265, 45.0291748 ] } },
{ "type": "Feature", "properties": { "name": "Artom" }, "geometry": { "type": "Point", "coordinates": [ 7.6508194, 45.009642 ] } },
{ "type": "Feature", "properties": { "name": "Val Salice N.181" }, "geometry": { "type": "Point", "coordinates": [ 7.71591, 45.04395 ] } },
{ "type": "Feature", "properties": { "name": "Scotellaro" }, "geometry": { "type": "Point", "coordinates": [ 7.7041334, 45.108491 ] } },
{ "type": "Feature", "properties": { "name": "Antica di Grugliasco" }, "geometry": { "type": "Point", "coordinates": [ 7.6198274, 45.0581829 ] } },
{ "type": "Feature", "properties": { "name": "Mongreno N.335" }, "geometry": { "type": "Point", "coordinates": [ 7.75233, 45.06461 ] } },
{ "type": "Feature", "properties": { "name": "Don Murialdo" }, "geometry": { "type": "Point", "coordinates": [ 7.5211948, 45.069063 ] } },
{ "type": "Feature", "properties": { "name": "Puglia N.35" }, "geometry": { "type": "Point", "coordinates": [ 7.7230904, 45.1066869 ] } },
{ "type": "Feature", "properties": { "name": "XXV Aprile N.56" }, "geometry": { "type": "Point", "coordinates": [ 7.6868994, 45.0337138 ] } },
{ "type": "Feature", "properties": { "name": "Lagrange" }, "geometry": { "type": "Point", "coordinates": [ 7.6448164, 45.001766 ] } },
{ "type": "Feature", "properties": { "name": "Ricasoli" }, "geometry": { "type": "Point", "coordinates": [ 7.7056186, 45.0717783 ] } },
{ "type": "Feature", "properties": { "name": "Sebastopoli" }, "geometry": { "type": "Point", "coordinates": [ 7.6559001, 45.0410591 ] } },
{ "type": "Feature", "properties": { "name": "Settimo (Mezzi Po)" }, "geometry": { "type": "Point", "coordinates": [ 7.8128953, 45.1639214 ] } },
{ "type": "Feature", "properties": { "name": "Galilei" }, "geometry": { "type": "Point", "coordinates": [ 7.5974054, 45.0066839 ] } },
{ "type": "Feature", "properties": { "name": "Cascinotto" }, "geometry": { "type": "Point", "coordinates": [ 7.7274362, 45.1065868 ] } },
{ "type": "Feature", "properties": { "name": "Statuto" }, "geometry": { "type": "Point", "coordinates": [ 7.6694406, 45.0769275 ] } },
{ "type": "Feature", "properties": { "name": "Gaidano" }, "geometry": { "type": "Point", "coordinates": [ 7.6290126, 45.0399433 ] } },
{ "type": "Feature", "properties": { "name": "Valle Ceppi" }, "geometry": { "type": "Point", "coordinates": [ 7.8019839, 45.0262798 ] } },
{ "type": "Feature", "properties": { "name": "Racconigi Nord" }, "geometry": { "type": "Point", "coordinates": [ 7.646031, 45.0705321 ] } },
{ "type": "Feature", "properties": { "name": "Allegri" }, "geometry": { "type": "Point", "coordinates": [ 7.5693893, 45.0901955 ] } },
{ "type": "Feature", "properties": { "name": "Volgograd Sud" }, "geometry": { "type": "Point", "coordinates": [ 7.7159022, 45.127777 ] } },
{ "type": "Feature", "properties": { "name": "Stampalia" }, "geometry": { "type": "Point", "coordinates": [ 7.6572023, 45.1121074 ] } },
{ "type": "Feature", "properties": { "name": "Carrera" }, "geometry": { "type": "Point", "coordinates": [ 7.6216722, 45.0792557 ] } },
{ "type": "Feature", "properties": { "name": "Cartman N.212" }, "geometry": { "type": "Point", "coordinates": [ 7.75752, 45.06426 ] } },
{ "type": "Feature", "properties": { "name": "Livorno" }, "geometry": { "type": "Point", "coordinates": [ 7.6713709, 45.0902278 ] } },
{ "type": "Feature", "properties": { "name": "Petitti" }, "geometry": { "type": "Point", "coordinates": [ 7.6750065, 45.046397 ] } },
{ "type": "Feature", "properties": { "name": "Gramsci" }, "geometry": { "type": "Point", "coordinates": [ 7.77556, 45.14239 ] } },
{ "type": "Feature", "properties": { "name": "XI Febbraio" }, "geometry": { "type": "Point", "coordinates": [ 7.6889207, 45.0784247 ] } },
{ "type": "Feature", "properties": { "name": "Stupinigi" }, "geometry": { "type": "Point", "coordinates": [ 7.6397355, 45.0017776 ] } },
{ "type": "Feature", "properties": { "name": "Gabetti" }, "geometry": { "type": "Point", "coordinates": [ 7.7082614, 45.0667534 ] } },
{ "type": "Feature", "properties": { "name": "Roveda" }, "geometry": { "type": "Point", "coordinates": [ 7.6112513, 45.0190233 ] } },
{ "type": "Feature", "properties": { "name": "Roveda" }, "geometry": { "type": "Point", "coordinates": [ 7.6050741, 45.0203625 ] } },
{ "type": "Feature", "properties": { "name": "San Sebastiano" }, "geometry": { "type": "Point", "coordinates": [ 7.69173, 45.00668 ] } },
{ "type": "Feature", "properties": { "name": "Biamino" }, "geometry": { "type": "Point", "coordinates": [ 7.7310559, 45.0845902 ] } },
{ "type": "Feature", "properties": { "name": "Romita" }, "geometry": { "type": "Point", "coordinates": [ 7.6665988, 44.996051 ] } },
{ "type": "Feature", "properties": { "name": "Veglia" }, "geometry": { "type": "Point", "coordinates": [ 7.6296643, 45.0534478 ] } },
{ "type": "Feature", "properties": { "name": "IV Novembre" }, "geometry": { "type": "Point", "coordinates": [ 7.81512, 45.06943 ] } },
{ "type": "Feature", "properties": { "name": "Chiesa della Salute" }, "geometry": { "type": "Point", "coordinates": [ 7.6762154, 45.0930128 ] } },
{ "type": "Feature", "properties": { "name": "Racconigi Nord" }, "geometry": { "type": "Point", "coordinates": [ 7.6472514, 45.0707511 ] } },
{ "type": "Feature", "properties": { "name": "San Luigi" }, "geometry": { "type": "Point", "coordinates": [ 7.5203119, 45.0656751 ] } },
{ "type": "Feature", "properties": { "name": "Abeti" }, "geometry": { "type": "Point", "coordinates": [ 7.7105414, 45.1287034 ] } },
{ "type": "Feature", "properties": { "name": "Stampalia" }, "geometry": { "type": "Point", "coordinates": [ 7.6583288, 45.1120135 ] } },
{ "type": "Feature", "properties": { "name": "Don Bosco" }, "geometry": { "type": "Point", "coordinates": [ 7.6703321, 45.0821577 ] } },
{ "type": "Feature", "properties": { "name": "Giuria" }, "geometry": { "type": "Point", "coordinates": [ 7.6767771, 45.0467467 ] } },
{ "type": "Feature", "properties": { "name": "Trapani" }, "geometry": { "type": "Point", "coordinates": [ 7.6338294, 45.0620437 ] } },
{ "type": "Feature", "properties": { "name": "Della Cella" }, "geometry": { "type": "Point", "coordinates": [ 7.6807945, 45.1100307 ] } },
{ "type": "Feature", "properties": { "name": "Stupinigi" }, "geometry": { "type": "Point", "coordinates": [ 7.6397104, 45.0016216 ] } },
{ "type": "Feature", "properties": { "name": "Novara" }, "geometry": { "type": "Point", "coordinates": [ 7.7010554, 45.0775883 ] } },
{ "type": "Feature", "properties": { "name": "Regina Margherita" }, "geometry": { "type": "Point", "coordinates": [ 7.6521598, 45.0880034 ] } },
{ "type": "Feature", "properties": { "name": "Del Brucco" }, "geometry": { "type": "Point", "coordinates": [ 7.57995, 45.0850321 ] } },
{ "type": "Feature", "properties": { "name": "Moncalvo N.49" }, "geometry": { "type": "Point", "coordinates": [ 7.70656, 45.02066 ] } },
{ "type": "Feature", "properties": { "name": "Tabacchi Capolinea" }, "geometry": { "type": "Point", "coordinates": [ 7.7206617, 45.0667628 ] } },
{ "type": "Feature", "properties": { "name": "Salvemini" }, "geometry": { "type": "Point", "coordinates": [ 7.6250069, 45.0440184 ] } },
{ "type": "Feature", "properties": { "name": "Lauro Rossi" }, "geometry": { "type": "Point", "coordinates": [ 7.6948461, 45.0939987 ] } },
{ "type": "Feature", "properties": { "name": "Zumaglia" }, "geometry": { "type": "Point", "coordinates": [ 7.6437584, 45.0832067 ] } },
{ "type": "Feature", "properties": { "name": "Orbassano (nuova rotonda)" }, "geometry": { "type": "Point", "coordinates": [ 7.5395822, 45.0104332 ] } },
{ "type": "Feature", "properties": { "name": "Poliziano" }, "geometry": { "type": "Point", "coordinates": [ 7.7133035, 45.0774982 ] } },
{ "type": "Feature", "properties": { "name": "Potenza" }, "geometry": { "type": "Point", "coordinates": [ 7.6553043, 45.0910266 ] } },
{ "type": "Feature", "properties": { "name": "Plava" }, "geometry": { "type": "Point", "coordinates": [ 7.61877, 45.01846 ] } },
{ "type": "Feature", "properties": { "name": "Casteldelfino" }, "geometry": { "type": "Point", "coordinates": [ 7.6735965, 45.1046276 ] } },
{ "type": "Feature", "properties": { "name": "Musso Ferraris" }, "geometry": { "type": "Point", "coordinates": [ 7.6200453, 45.0841902 ] } },
{ "type": "Feature", "properties": { "name": "Pitagora" }, "geometry": { "type": "Point", "coordinates": [ 7.6351407, 45.0391315 ] } },
{ "type": "Feature", "properties": { "name": "Marco Polo" }, "geometry": { "type": "Point", "coordinates": [ 7.6824839, 45.00092 ] } },
{ "type": "Feature", "properties": { "name": "Orbassano (Scuole)" }, "geometry": { "type": "Point", "coordinates": [ 7.5285864, 45.014924 ] } },
{ "type": "Feature", "properties": { "name": "Filadelfia" }, "geometry": { "type": "Point", "coordinates": [ 7.6404944, 45.0441812 ] } },
{ "type": "Feature", "properties": { "name": "Ospedale Giovanni Bosco" }, "geometry": { "type": "Point", "coordinates": [ 7.7026574, 45.096341 ] } },
{ "type": "Feature", "properties": { "name": "San Matteo" }, "geometry": { "type": "Point", "coordinates": [ 7.64761, 44.99884 ] } },
{ "type": "Feature", "properties": { "name": "Borgaretto N.27" }, "geometry": { "type": "Point", "coordinates": [ 7.5914437, 45.0096273 ] } },
{ "type": "Feature", "properties": { "name": "Planteri" }, "geometry": { "type": "Point", "coordinates": [ 7.6197493, 45.0145126 ] } },
{ "type": "Feature", "properties": { "name": "Puglia N.35" }, "geometry": { "type": "Point", "coordinates": [ 7.7238363, 45.1067114 ] } },
{ "type": "Feature", "properties": { "name": "Palmieri" }, "geometry": { "type": "Point", "coordinates": [ 7.660866, 45.07632 ] } },
{ "type": "Feature", "properties": { "name": "Pellerina" }, "geometry": { "type": "Point", "coordinates": [ 7.6257092, 45.086504 ] } },
{ "type": "Feature", "properties": { "name": "Casale N.33" }, "geometry": { "type": "Point", "coordinates": [ 7.7703041, 45.104688 ] } },
{ "type": "Feature", "properties": { "name": "Fea" }, "geometry": { "type": "Point", "coordinates": [ 7.6775591, 45.1102333 ] } },
{ "type": "Feature", "properties": { "name": "Settimo (Hotel Green Center)" }, "geometry": { "type": "Point", "coordinates": [ 7.7968544, 45.1538498 ] } },
{ "type": "Feature", "properties": { "name": "Val Pattonera" }, "geometry": { "type": "Point", "coordinates": [ 7.6904568, 45.0334862 ] } },
{ "type": "Feature", "properties": { "name": "Vittorio Veneto" }, "geometry": { "type": "Point", "coordinates": [ 7.6467587, 44.9949441 ] } },
{ "type": "Feature", "properties": { "name": "Venaria (Cascina Medici)" }, "geometry": { "type": "Point", "coordinates": [ 7.61746, 45.13989 ] } },
{ "type": "Feature", "properties": { "name": "Val Salice N.64" }, "geometry": { "type": "Point", "coordinates": [ 7.7079481, 45.0478206 ] } },
{ "type": "Feature", "properties": { "name": "Svizzera" }, "geometry": { "type": "Point", "coordinates": [ 7.6565945, 45.0881635 ] } },
{ "type": "Feature", "properties": { "name": "Giacosa" }, "geometry": { "type": "Point", "coordinates": [ 7.6067553, 45.061813 ] } },
{ "type": "Feature", "properties": { "name": "Cebrosa Nord" }, "geometry": { "type": "Point", "coordinates": [ 7.7316776, 45.1184715 ] } },
{ "type": "Feature", "properties": { "name": "Cimitero Capolinea" }, "geometry": { "type": "Point", "coordinates": [ 7.6490152, 44.9903587 ] } },
{ "type": "Feature", "properties": { "name": "Randaccio" }, "geometry": { "type": "Point", "coordinates": [ 7.6822258, 45.0987684 ] } },
{ "type": "Feature", "properties": { "name": "Traiano" }, "geometry": { "type": "Point", "coordinates": [ 7.6368375, 45.0263983 ] } },
{ "type": "Feature", "properties": { "name": "Bologna" }, "geometry": { "type": "Point", "coordinates": [ 7.6971066, 45.0837323 ] } },
{ "type": "Feature", "properties": { "name": "I Maggio" }, "geometry": { "type": "Point", "coordinates": [ 7.6516941, 44.9987526 ] } },
{ "type": "Feature", "properties": { "name": "Cefalonia" }, "geometry": { "type": "Point", "coordinates": [ 7.56354, 45.07096 ] } },
{ "type": "Feature", "properties": { "name": "Alfieri" }, "geometry": { "type": "Point", "coordinates": [ 7.7140316, 45.175019 ] } },
{ "type": "Feature", "properties": { "name": "Stadio" }, "geometry": { "type": "Point", "coordinates": [ 7.6454126, 45.1088612 ] } },
{ "type": "Feature", "properties": { "name": "Piero della Francesca" }, "geometry": { "type": "Point", "coordinates": [ 7.6617891, 45.0912417 ] } },
{ "type": "Feature", "properties": { "name": "Salvemini Ovest" }, "geometry": { "type": "Point", "coordinates": [ 7.6209411, 45.0464288 ] } },
{ "type": "Feature", "properties": { "name": "Pellice" }, "geometry": { "type": "Point", "coordinates": [ 7.755879, 45.0473697 ] } },
{ "type": "Feature", "properties": { "name": "Fortino" }, "geometry": { "type": "Point", "coordinates": [ 7.6798796, 45.0841074 ] } },
{ "type": "Feature", "properties": { "name": "Failla" }, "geometry": { "type": "Point", "coordinates": [ 7.6932372, 45.0005576 ] } },
{ "type": "Feature", "properties": { "name": "Settimo (v. Leini/Lucchini)" }, "geometry": { "type": "Point", "coordinates": [ 7.7466206, 45.144291 ] } },
{ "type": "Feature", "properties": { "name": "Terraneo" }, "geometry": { "type": "Point", "coordinates": [ 7.6409686, 45.0966848 ] } },
{ "type": "Feature", "properties": { "name": "Rivalta (FIAT Rivalta-canc. 9)" }, "geometry": { "type": "Point", "coordinates": [ 7.5025883, 44.9955756 ] } },
{ "type": "Feature", "properties": { "name": "Croce Rossa" }, "geometry": { "type": "Point", "coordinates": [ 7.7101226, 45.0891417 ] } },
{ "type": "Feature", "properties": { "name": "Pisacane" }, "geometry": { "type": "Point", "coordinates": [ 7.6542042, 45.0142523 ] } },
{ "type": "Feature", "properties": { "name": "San Mauro N.109" }, "geometry": { "type": "Point", "coordinates": [ 7.7368566, 45.1011467 ] } },
{ "type": "Feature", "properties": { "name": "Assisi" }, "geometry": { "type": "Point", "coordinates": [ 7.667832, 45.0951175 ] } },
{ "type": "Feature", "properties": { "name": "Guarini" }, "geometry": { "type": "Point", "coordinates": [ 7.6307781, 45.1240483 ] } },
{ "type": "Feature", "properties": { "name": "Centrale del Latte" }, "geometry": { "type": "Point", "coordinates": [ 7.6375426, 45.0447396 ] } },
{ "type": "Feature", "properties": { "name": "Bertone" }, "geometry": { "type": "Point", "coordinates": [ 7.8058089, 45.0717064 ] } },
{ "type": "Feature", "properties": { "name": "Parco Colonnetti" }, "geometry": { "type": "Point", "coordinates": [ 7.6405655, 45.0102565 ] } },
{ "type": "Feature", "properties": { "name": "Pascoli" }, "geometry": { "type": "Point", "coordinates": [ 7.5463077, 45.1077506 ] } },
{ "type": "Feature", "properties": { "name": "Sidoli" }, "geometry": { "type": "Point", "coordinates": [ 7.6462604, 45.027064 ] } },
{ "type": "Feature", "properties": { "name": "Partigiani Capolinea" }, "geometry": { "type": "Point", "coordinates": [ 7.5713963, 45.0927942 ] } },
{ "type": "Feature", "properties": { "name": "San Martino N.82" }, "geometry": { "type": "Point", "coordinates": [ 7.7194415, 45.0587491 ] } },
{ "type": "Feature", "properties": { "name": "Gaidano" }, "geometry": { "type": "Point", "coordinates": [ 7.6235583, 45.0406043 ] } },
{ "type": "Feature", "properties": { "name": "Eremo" }, "geometry": { "type": "Point", "coordinates": [ 7.7621645, 45.0460849 ] } },
{ "type": "Feature", "properties": { "name": "Rivalta (stab. Rescom)" }, "geometry": { "type": "Point", "coordinates": [ 7.5222418, 45.0429651 ] } },
{ "type": "Feature", "properties": { "name": "Peschiera" }, "geometry": { "type": "Point", "coordinates": [ 7.658073, 45.0619079 ] } },
{ "type": "Feature", "properties": { "name": "Centro Commerciale" }, "geometry": { "type": "Point", "coordinates": [ 7.742825, 45.1209607 ] } },
{ "type": "Feature", "properties": { "name": "Volpiano (bv. Cebrosa)" }, "geometry": { "type": "Point", "coordinates": [ 7.7749663, 45.1984965 ] } },
{ "type": "Feature", "properties": { "name": "Emilia" }, "geometry": { "type": "Point", "coordinates": [ 7.6868241, 45.0817503 ] } },
{ "type": "Feature", "properties": { "name": "Tangenziale Nord" }, "geometry": { "type": "Point", "coordinates": [ 7.6423422, 45.1225423 ] } },
{ "type": "Feature", "properties": { "name": "Principi d'Acaja" }, "geometry": { "type": "Point", "coordinates": [ 7.6642001, 45.0762871 ] } },
{ "type": "Feature", "properties": { "name": "Tetti Gilardi" }, "geometry": { "type": "Point", "coordinates": [ 7.7841222, 45.1000081 ] } },
{ "type": "Feature", "properties": { "name": "Borsi" }, "geometry": { "type": "Point", "coordinates": [ 7.6537691, 45.0981058 ] } },
{ "type": "Feature", "properties": { "name": "Venaria N.39" }, "geometry": { "type": "Point", "coordinates": [ 7.5746608, 45.0942022 ] } },
{ "type": "Feature", "properties": { "name": "Magra" }, "geometry": { "type": "Point", "coordinates": [ 7.7260245, 45.1038232 ] } },
{ "type": "Feature", "properties": { "name": "Sangone" }, "geometry": { "type": "Point", "coordinates": [ 7.6700286, 45.0125805 ] } },
{ "type": "Feature", "properties": { "name": "Martini Capolinea" }, "geometry": { "type": "Point", "coordinates": [ 7.62756, 45.06808 ] } },
{ "type": "Feature", "properties": { "name": "Gaidano" }, "geometry": { "type": "Point", "coordinates": [ 7.8071726, 45.0228428 ] } },
{ "type": "Feature", "properties": { "name": "Santa Maria Della Valle" }, "geometry": { "type": "Point", "coordinates": [ 7.69484, 45.03452 ] } },
{ "type": "Feature", "properties": { "name": "Abbadia di Bertolla" }, "geometry": { "type": "Point", "coordinates": [ 7.7306119, 45.1130596 ] } },
{ "type": "Feature", "properties": { "name": "Ciclamini" }, "geometry": { "type": "Point", "coordinates": [ 7.6293284, 45.1058165 ] } },
{ "type": "Feature", "properties": { "name": "Pietre" }, "geometry": { "type": "Point", "coordinates": [ 7.5234588, 45.0880637 ] } },
{ "type": "Feature", "properties": { "name": "Hermada" }, "geometry": { "type": "Point", "coordinates": [ 7.7125301, 45.0640644 ] } },
{ "type": "Feature", "properties": { "name": "Bengasi Sud" }, "geometry": { "type": "Point", "coordinates": [ 7.6624077, 45.015578 ] } },
{ "type": "Feature", "properties": { "name": "Molinette Est" }, "geometry": { "type": "Point", "coordinates": [ 7.6774994, 45.0421036 ] } },
{ "type": "Feature", "properties": { "name": "Del Donatore" }, "geometry": { "type": "Point", "coordinates": [ 7.6530278, 45.1473648 ] } },
{ "type": "Feature", "properties": { "name": "Capelli" }, "geometry": { "type": "Point", "coordinates": [ 7.63363, 45.08004 ] } },
{ "type": "Feature", "properties": { "name": "Crispi Nord" }, "geometry": { "type": "Point", "coordinates": [ 7.6887365, 45.0900853 ] } },
{ "type": "Feature", "properties": { "name": "San Marino" }, "geometry": { "type": "Point", "coordinates": [ 7.6396894, 45.0391211 ] } },
{ "type": "Feature", "properties": { "name": "Ospedale Gradenigo" }, "geometry": { "type": "Point", "coordinates": [ 7.70594, 45.06941 ] } },
{ "type": "Feature", "properties": { "name": "Marmolada" }, "geometry": { "type": "Point", "coordinates": [ 7.6510171, 45.0541334 ] } },
{ "type": "Feature", "properties": { "name": "Antony" }, "geometry": { "type": "Point", "coordinates": [ 7.5999282, 45.0747796 ] } },
{ "type": "Feature", "properties": { "name": "Villari" }, "geometry": { "type": "Point", "coordinates": [ 7.6631556, 45.0991551 ] } },
{ "type": "Feature", "properties": { "name": "Marsigli" }, "geometry": { "type": "Point", "coordinates": [ 7.6294582, 45.072076 ] } },
{ "type": "Feature", "properties": { "name": "Palazzo Nuovo" }, "geometry": { "type": "Point", "coordinates": [ 7.6953675, 45.0688106 ] } },
{ "type": "Feature", "properties": { "name": "Asuncion" }, "geometry": { "type": "Point", "coordinates": [ 7.6484184, 45.0343619 ] } },
{ "type": "Feature", "properties": { "name": "Cravero" }, "geometry": { "type": "Point", "coordinates": [ 7.71358, 45.09394 ] } },
{ "type": "Feature", "properties": { "name": "Martinetto" }, "geometry": { "type": "Point", "coordinates": [ 7.6561245, 45.0853546 ] } },
{ "type": "Feature", "properties": { "name": "Jona" }, "geometry": { "type": "Point", "coordinates": [ 7.614995, 45.0205797 ] } },
{ "type": "Feature", "properties": { "name": "De Gasperi" }, "geometry": { "type": "Point", "coordinates": [ 7.5079376, 45.0797573 ] } },
{ "type": "Feature", "properties": { "name": "Sommeiller" }, "geometry": { "type": "Point", "coordinates": [ 7.6717669, 45.0553877 ] } },
{ "type": "Feature", "properties": { "name": "Campo 26" }, "geometry": { "type": "Point", "coordinates": [ 7.5992265, 45.0353428 ] } },
{ "type": "Feature", "properties": { "name": "Lancia" }, "geometry": { "type": "Point", "coordinates": [ 7.6356587, 45.0621229 ] } },
{ "type": "Feature", "properties": { "name": "D'Azeglio Capolinea" }, "geometry": { "type": "Point", "coordinates": [ 7.6822364, 45.0513071 ] } },
{ "type": "Feature", "properties": { "name": "Parco Colonnetti" }, "geometry": { "type": "Point", "coordinates": [ 7.6409108, 45.010094 ] } },
{ "type": "Feature", "properties": { "name": "Sempione" }, "geometry": { "type": "Point", "coordinates": [ 7.6988852, 45.0961869 ] } },
{ "type": "Feature", "properties": { "name": "Sapri" }, "geometry": { "type": "Point", "coordinates": [ 7.6528013, 45.0106143 ] } },
{ "type": "Feature", "properties": { "name": "Tampellini" }, "geometry": { "type": "Point", "coordinates": [ 7.5761266, 45.0856381 ] } },
{ "type": "Feature", "properties": { "name": "Molino" }, "geometry": { "type": "Point", "coordinates": [ 7.6930226, 45.1251777 ] } },
{ "type": "Feature", "properties": { "name": "Ospedale Mauriziano" }, "geometry": { "type": "Point", "coordinates": [ 7.665781, 45.0501154 ] } },
{ "type": "Feature", "properties": { "name": "Alfieri" }, "geometry": { "type": "Point", "coordinates": [ 7.6240697, 45.0546956 ] } },
{ "type": "Feature", "properties": { "name": "Barocchio Sud" }, "geometry": { "type": "Point", "coordinates": [ 7.6157133, 45.0492438 ] } },
{ "type": "Feature", "properties": { "name": "Galliera" }, "geometry": { "type": "Point", "coordinates": [ 7.7821965, 45.0416258 ] } },
{ "type": "Feature", "properties": { "name": "Diaz Nord" }, "geometry": { "type": "Point", "coordinates": [ 7.6434973, 45.1273587 ] } },
{ "type": "Feature", "properties": { "name": "Nichelino (v. Torino 20)" }, "geometry": { "type": "Point", "coordinates": [ 7.65619, 45.00406 ] } },
{ "type": "Feature", "properties": { "name": "Borromini" }, "geometry": { "type": "Point", "coordinates": [ 7.7093714, 45.0664723 ] } },
{ "type": "Feature", "properties": { "name": "Tassoni" }, "geometry": { "type": "Point", "coordinates": [ 7.657124, 45.0853981 ] } },
{ "type": "Feature", "properties": { "name": "Liceo Curie" }, "geometry": { "type": "Point", "coordinates": [ 7.608169, 45.0511991 ] } },
{ "type": "Feature", "properties": { "name": "Villaretto N.175" }, "geometry": { "type": "Point", "coordinates": [ 7.6851935, 45.1296999 ] } },
{ "type": "Feature", "properties": { "name": "Grosseto" }, "geometry": { "type": "Point", "coordinates": [ 7.6727489, 45.1040914 ] } },
{ "type": "Feature", "properties": { "name": "Massaua Sud" }, "geometry": { "type": "Point", "coordinates": [ 7.6190764, 45.0734371 ] } },
{ "type": "Feature", "properties": { "name": "Biscaretti" }, "geometry": { "type": "Point", "coordinates": [ 7.6324546, 45.0200045 ] } },
{ "type": "Feature", "properties": { "name": "Porta Palazzo Nord" }, "geometry": { "type": "Point", "coordinates": [ 7.6840671, 45.0773742 ] } },
{ "type": "Feature", "properties": { "name": "Monginevro" }, "geometry": { "type": "Point", "coordinates": [ 7.6368796, 45.0648793 ] } },
{ "type": "Feature", "properties": { "name": "Val Pattonera N.227" }, "geometry": { "type": "Point", "coordinates": [ 7.7024677, 45.038033 ] } },
{ "type": "Feature", "properties": { "name": "XXV Aprile Nord" }, "geometry": { "type": "Point", "coordinates": [ 7.6496738, 45.0023607 ] } },
{ "type": "Feature", "properties": { "name": "Cadore Capolinea" }, "geometry": { "type": "Point", "coordinates": [ 7.7228986, 45.0756701 ] } },
{ "type": "Feature", "properties": { "name": "Lesna" }, "geometry": { "type": "Point", "coordinates": [ 7.6263818, 45.056916 ] } },
{ "type": "Feature", "properties": { "name": "Maria Ausiliatrice" }, "geometry": { "type": "Point", "coordinates": [ 7.6780915, 45.0816012 ] } },
{ "type": "Feature", "properties": { "name": "Giardini Reali" }, "geometry": { "type": "Point", "coordinates": [ 7.6905498, 45.0745178 ] } },
{ "type": "Feature", "properties": { "name": "Industrie" }, "geometry": { "type": "Point", "coordinates": [ 7.6440637, 45.1170663 ] } },
{ "type": "Feature", "properties": { "name": "Figlie dei Militari" }, "geometry": { "type": "Point", "coordinates": [ 7.7106922, 45.0638281 ] } },
{ "type": "Feature", "properties": { "name": "Moncenisio" }, "geometry": { "type": "Point", "coordinates": [ 7.6530742, 45.0824168 ] } },
{ "type": "Feature", "properties": { "name": "Barocchio Ovest" }, "geometry": { "type": "Point", "coordinates": [ 7.6143318, 45.0508151 ] } },
{ "type": "Feature", "properties": { "name": "Servais" }, "geometry": { "type": "Point", "coordinates": [ 7.62994, 45.08356 ] } },
{ "type": "Feature", "properties": { "name": "Altessano" }, "geometry": { "type": "Point", "coordinates": [ 7.6471307, 45.1053828 ] } },
{ "type": "Feature", "properties": { "name": "Umbria" }, "geometry": { "type": "Point", "coordinates": [ 7.6688417, 45.0854195 ] } },
{ "type": "Feature", "properties": { "name": "Buridani" }, "geometry": { "type": "Point", "coordinates": [ 7.6311201, 45.1292024 ] } },
{ "type": "Feature", "properties": { "name": "Trapani" }, "geometry": { "type": "Point", "coordinates": [ 7.63797, 45.0690316 ] } },
{ "type": "Feature", "properties": { "name": "Montevideo" }, "geometry": { "type": "Point", "coordinates": [ 7.651, 45.03667 ] } },
{ "type": "Feature", "properties": { "name": "Volgograd Nord" }, "geometry": { "type": "Point", "coordinates": [ 7.7156592, 45.1306655 ] } },
{ "type": "Feature", "properties": { "name": "Casaleggio" }, "geometry": { "type": "Point", "coordinates": [ 7.6189564, 45.0843176 ] } },
{ "type": "Feature", "properties": { "name": "Baldissera" }, "geometry": { "type": "Point", "coordinates": [ 7.6786566, 45.0895907 ] } },
{ "type": "Feature", "properties": { "name": "Cottolengo" }, "geometry": { "type": "Point", "coordinates": [ 7.7095764, 45.1562145 ] } },
{ "type": "Feature", "properties": { "name": "Curreno N.41" }, "geometry": { "type": "Point", "coordinates": [ 7.6934204, 45.053653 ] } },
{ "type": "Feature", "properties": { "name": "Atzei" }, "geometry": { "type": "Point", "coordinates": [ 7.6386306, 45.1288858 ] } },
{ "type": "Feature", "properties": { "name": "Rivalta (fraz. Gerbole-Caudano)" }, "geometry": { "type": "Point", "coordinates": [ 7.5087304, 45.0122874 ] } },
{ "type": "Feature", "properties": { "name": "Stabilimento GTT Tortona" }, "geometry": { "type": "Point", "coordinates": [ 7.7051461, 45.0747955 ] } },
{ "type": "Feature", "properties": { "name": "Tetti None (v. Bellavista 40)" }, "geometry": { "type": "Point", "coordinates": [ 7.78869, 45.08701 ] } },
{ "type": "Feature", "properties": { "name": "Pianezza" }, "geometry": { "type": "Point", "coordinates": [ 7.6543836, 45.0921654 ] } },
{ "type": "Feature", "properties": { "name": "Ospedale Sant'Anna" }, "geometry": { "type": "Point", "coordinates": [ 7.67349, 45.0363194 ] } },
{ "type": "Feature", "properties": { "name": "Monte Toraro" }, "geometry": { "type": "Point", "coordinates": [ 7.7277654, 45.1000844 ] } },
{ "type": "Feature", "properties": { "name": "Campo 34" }, "geometry": { "type": "Point", "coordinates": [ 7.5957353, 45.0334937 ] } },
{ "type": "Feature", "properties": { "name": "Pavese" }, "geometry": { "type": "Point", "coordinates": [ 7.62928, 45.01777 ] } },
{ "type": "Feature", "properties": { "name": "Settimo (Mezzi Po)" }, "geometry": { "type": "Point", "coordinates": [ 7.8131745, 45.1641464 ] } },
{ "type": "Feature", "properties": { "name": "Campus Einaudi" }, "geometry": { "type": "Point", "coordinates": [ 7.6987805, 45.0715952 ] } },
{ "type": "Feature", "properties": { "name": "Che Guevara" }, "geometry": { "type": "Point", "coordinates": [ 7.5675392, 45.0815938 ] } },
{ "type": "Feature", "properties": { "name": "Gassino" }, "geometry": { "type": "Point", "coordinates": [ 7.7176045, 45.0661368 ] } },
{ "type": "Feature", "properties": { "name": "Toscana" }, "geometry": { "type": "Point", "coordinates": [ 7.6575251, 45.0960632 ] } },
{ "type": "Feature", "properties": { "name": "Alta Di Mongreno N.47" }, "geometry": { "type": "Point", "coordinates": [ 7.7561634, 45.0615731 ] } },
{ "type": "Feature", "properties": { "name": "Grugliasco (v. Cattaneo)" }, "geometry": { "type": "Point", "coordinates": [ 7.5850399, 45.0720922 ] } },
{ "type": "Feature", "properties": { "name": "Fermi" }, "geometry": { "type": "Point", "coordinates": [ 7.6733812, 45.1109818 ] } },
{ "type": "Feature", "properties": { "name": "Ariosto" }, "geometry": { "type": "Point", "coordinates": [ 7.7751796, 45.1363463 ] } },
{ "type": "Feature", "properties": { "name": "Pellico" }, "geometry": { "type": "Point", "coordinates": [ 7.68576, 45.05689 ] } },
{ "type": "Feature", "properties": { "name": "Issiglio" }, "geometry": { "type": "Point", "coordinates": [ 7.6388361, 45.0572205 ] } },
{ "type": "Feature", "properties": { "name": "Palazzetto" }, "geometry": { "type": "Point", "coordinates": [ 7.7059153, 45.1409175 ] } },
{ "type": "Feature", "properties": { "name": "Millelire" }, "geometry": { "type": "Point", "coordinates": [ 7.6518162, 45.0153405 ] } },
{ "type": "Feature", "properties": { "name": "Petrarca" }, "geometry": { "type": "Point", "coordinates": [ 7.68955, 45.00287 ] } },
{ "type": "Feature", "properties": { "name": "Pasini" }, "geometry": { "type": "Point", "coordinates": [ 7.7303033, 45.074678 ] } },
{ "type": "Feature", "properties": { "name": "Poma" }, "geometry": { "type": "Point", "coordinates": [ 7.630216, 45.033654 ] } },
{ "type": "Feature", "properties": { "name": "Sommacampagna" }, "geometry": { "type": "Point", "coordinates": [ 7.69494, 45.05923 ] } },
{ "type": "Feature", "properties": { "name": "Nichelino (v. Torino/v. E. Toti)" }, "geometry": { "type": "Point", "coordinates": [ 7.64939, 44.99695 ] } },
{ "type": "Feature", "properties": { "name": "Sabotino Ovest" }, "geometry": { "type": "Point", "coordinates": [ 7.6480677, 45.0651108 ] } },
{ "type": "Feature", "properties": { "name": "Kennedy" }, "geometry": { "type": "Point", "coordinates": [ 7.5319767, 45.101058 ] } },
{ "type": "Feature", "properties": { "name": "Corelli" }, "geometry": { "type": "Point", "coordinates": [ 7.7109217, 45.0983801 ] } },
{ "type": "Feature", "properties": { "name": "Ospedale Amedeo di Savoia" }, "geometry": { "type": "Point", "coordinates": [ 7.6593965, 45.0895052 ] } },
{ "type": "Feature", "properties": { "name": "Centro Commerciale Nord" }, "geometry": { "type": "Point", "coordinates": [ 7.6146787, 45.0572527 ] } },
{ "type": "Feature", "properties": { "name": "Madonna Della Scala N.81" }, "geometry": { "type": "Point", "coordinates": [ 7.7975722, 44.9972642 ] } },
{ "type": "Feature", "properties": { "name": "Settimo (v. Cebrosa/str. della Merla)" }, "geometry": { "type": "Point", "coordinates": [ 7.740143, 45.1401251 ] } },
{ "type": "Feature", "properties": { "name": "Tazzoli" }, "geometry": { "type": "Point", "coordinates": [ 7.6341121, 45.033373 ] } },
{ "type": "Feature", "properties": { "name": "Crispi Ovest" }, "geometry": { "type": "Point", "coordinates": [ 7.6870548, 45.0888706 ] } },
{ "type": "Feature", "properties": { "name": "De Canal" }, "geometry": { "type": "Point", "coordinates": [ 7.6393652, 45.0341837 ] } },
{ "type": "Feature", "properties": { "name": "Buozzi" }, "geometry": { "type": "Point", "coordinates": [ 7.7024124, 44.9977458 ] } },
{ "type": "Feature", "properties": { "name": "Foglizzo" }, "geometry": { "type": "Point", "coordinates": [ 7.6500232, 45.0965728 ] } },
{ "type": "Feature", "properties": { "name": "Morgari" }, "geometry": { "type": "Point", "coordinates": [ 7.5808374, 45.065682 ] } },
{ "type": "Feature", "properties": { "name": "Moncalvo" }, "geometry": { "type": "Point", "coordinates": [ 7.7055, 45.01609 ] } },
{ "type": "Feature", "properties": { "name": "Mainero N.126" }, "geometry": { "type": "Point", "coordinates": [ 7.72233, 45.04213 ] } },
{ "type": "Feature", "properties": { "name": "Somalia" }, "geometry": { "type": "Point", "coordinates": [ 7.6246887, 45.0565626 ] } },
{ "type": "Feature", "properties": { "name": "Villastellone" }, "geometry": { "type": "Point", "coordinates": [ 7.69799, 44.99936 ] } },
{ "type": "Feature", "properties": { "name": "Benedetto Croce" }, "geometry": { "type": "Point", "coordinates": [ 7.646356, 45.0233035 ] } },
{ "type": "Feature", "properties": { "name": "Collegno" }, "geometry": { "type": "Point", "coordinates": [ 7.5566675, 45.0950548 ] } },
{ "type": "Feature", "properties": { "name": "Del Nobile N.55" }, "geometry": { "type": "Point", "coordinates": [ 7.7124751, 45.0526132 ] } },
{ "type": "Feature", "properties": { "name": "Torino (Stazione Lingotto)" }, "geometry": { "type": "Point", "coordinates": [ 7.6567214, 45.0264396 ] } },
{ "type": "Feature", "properties": { "name": "Faccioli" }, "geometry": { "type": "Point", "coordinates": [ 7.6182992, 45.0190735 ] } },
{ "type": "Feature", "properties": { "name": "Chieri N.193" }, "geometry": { "type": "Point", "coordinates": [ 7.74626, 45.05575 ] } },
{ "type": "Feature", "properties": { "name": "Turati" }, "geometry": { "type": "Point", "coordinates": [ 7.6710679, 45.0555571 ] } },
{ "type": "Feature", "properties": { "name": "Zara" }, "geometry": { "type": "Point", "coordinates": [ 7.6817645, 45.0393352 ] } },
{ "type": "Feature", "properties": { "name": "Orbassano" }, "geometry": { "type": "Point", "coordinates": [ 7.6401489, 45.0419767 ] } },
{ "type": "Feature", "properties": { "name": "Stazione Nichelino" }, "geometry": { "type": "Point", "coordinates": [ 7.642208, 44.9910292 ] } },
{ "type": "Feature", "properties": { "name": "Tazzoli" }, "geometry": { "type": "Point", "coordinates": [ 7.63872, 45.0329557 ] } },
{ "type": "Feature", "properties": { "name": "Cascinette Cancello 6" }, "geometry": { "type": "Point", "coordinates": [ 7.7201724, 45.1152766 ] } },
{ "type": "Feature", "properties": { "name": "Steffenone" }, "geometry": { "type": "Point", "coordinates": [ 7.662499, 45.0422548 ] } },
{ "type": "Feature", "properties": { "name": "Geisser" }, "geometry": { "type": "Point", "coordinates": [ 7.770865, 45.0778913 ] } },
{ "type": "Feature", "properties": { "name": "Breglio" }, "geometry": { "type": "Point", "coordinates": [ 7.6781703, 45.0993351 ] } },
{ "type": "Feature", "properties": { "name": "Parma" }, "geometry": { "type": "Point", "coordinates": [ 7.6916721, 45.0807052 ] } },
{ "type": "Feature", "properties": { "name": "Venaria (Fontana dell'Otto)" }, "geometry": { "type": "Point", "coordinates": [ 7.6103187, 45.1419618 ] } },
{ "type": "Feature", "properties": { "name": "Lecce" }, "geometry": { "type": "Point", "coordinates": [ 7.6454442, 45.0797469 ] } },
{ "type": "Feature", "properties": { "name": "Martiri Della Libertà" }, "geometry": { "type": "Point", "coordinates": [ 7.6549322, 45.1515368 ] } },
{ "type": "Feature", "properties": { "name": "Chiesa" }, "geometry": { "type": "Point", "coordinates": [ 7.7318941, 45.1003743 ] } },
{ "type": "Feature", "properties": { "name": "Del Francese N. 25" }, "geometry": { "type": "Point", "coordinates": [ 7.6624987, 45.1341717 ] } },
{ "type": "Feature", "properties": { "name": "Millefonti" }, "geometry": { "type": "Point", "coordinates": [ 7.673096, 45.0295453 ] } },
{ "type": "Feature", "properties": { "name": "Guido Reni" }, "geometry": { "type": "Point", "coordinates": [ 7.6301805, 45.0505328 ] } },
{ "type": "Feature", "properties": { "name": "Cattaneo" }, "geometry": { "type": "Point", "coordinates": [ 7.684972, 44.998651 ] } },
{ "type": "Feature", "properties": { "name": "Toti" }, "geometry": { "type": "Point", "coordinates": [ 7.5191399, 45.0830563 ] } },
{ "type": "Feature", "properties": { "name": "Caio Mario Capolinea" }, "geometry": { "type": "Point", "coordinates": [ 7.6361357, 45.0244269 ] } },
{ "type": "Feature", "properties": { "name": "Antioca" }, "geometry": { "type": "Point", "coordinates": [ 7.7012033, 45.1163149 ] } },
{ "type": "Feature", "properties": { "name": "Lessona" }, "geometry": { "type": "Point", "coordinates": [ 7.6481905, 45.0825891 ] } },
{ "type": "Feature", "properties": { "name": "Tazzoli" }, "geometry": { "type": "Point", "coordinates": [ 7.63847, 45.0329 ] } },
{ "type": "Feature", "properties": { "name": "San Martino N.66" }, "geometry": { "type": "Point", "coordinates": [ 7.717735, 45.0592754 ] } },
{ "type": "Feature", "properties": { "name": "Mirafiori" }, "geometry": { "type": "Point", "coordinates": [ 7.5913852, 45.0229566 ] } },
{ "type": "Feature", "properties": { "name": "Cartman N.115" }, "geometry": { "type": "Point", "coordinates": [ 7.7532903, 45.0696013 ] } },
{ "type": "Feature", "properties": { "name": "Baldissera" }, "geometry": { "type": "Point", "coordinates": [ 7.6798157, 45.0897706 ] } },
{ "type": "Feature", "properties": { "name": "Moncalieri" }, "geometry": { "type": "Point", "coordinates": [ 7.6936846, 45.0575006 ] } },
{ "type": "Feature", "properties": { "name": "Verdi" }, "geometry": { "type": "Point", "coordinates": [ 7.6435663, 44.9941566 ] } },
{ "type": "Feature", "properties": { "name": "Chiomonte" }, "geometry": { "type": "Point", "coordinates": [ 7.5192709, 45.0395985 ] } },
{ "type": "Feature", "properties": { "name": "Della Viola" }, "geometry": { "type": "Point", "coordinates": [ 7.7106766, 45.02723 ] } },
{ "type": "Feature", "properties": { "name": "Orbassano Ovest" }, "geometry": { "type": "Point", "coordinates": [ 7.6542306, 45.0536605 ] } },
{ "type": "Feature", "properties": { "name": "Rieti" }, "geometry": { "type": "Point", "coordinates": [ 7.608852, 45.0650773 ] } },
{ "type": "Feature", "properties": { "name": "Maiole" }, "geometry": { "type": "Point", "coordinates": [ 7.7217436, 44.9929136 ] } },
{ "type": "Feature", "properties": { "name": "Settimo (Motorizzazione)" }, "geometry": { "type": "Point", "coordinates": [ 7.735079, 45.1328931 ] } },
{ "type": "Feature", "properties": { "name": "Eandi" }, "geometry": { "type": "Point", "coordinates": [ 7.6663729, 45.0741216 ] } },
{ "type": "Feature", "properties": { "name": "Farinelli Capolinea" }, "geometry": { "type": "Point", "coordinates": [ 7.6330692, 45.0152741 ] } },
{ "type": "Feature", "properties": { "name": "Don Grioli" }, "geometry": { "type": "Point", "coordinates": [ 7.63731, 45.0378641 ] } },
{ "type": "Feature", "properties": { "name": "Corsica Est" }, "geometry": { "type": "Point", "coordinates": [ 7.651181, 45.0284843 ] } },
{ "type": "Feature", "properties": { "name": "Cimitero Monumentale Ovest" }, "geometry": { "type": "Point", "coordinates": [ 7.7068705, 45.0823355 ] } },
{ "type": "Feature", "properties": { "name": "Cattaneo Ovest" }, "geometry": { "type": "Point", "coordinates": [ 7.6234455, 45.0360924 ] } },
{ "type": "Feature", "properties": { "name": "Piemonte Sud" }, "geometry": { "type": "Point", "coordinates": [ 7.7586467, 45.1402593 ] } },
{ "type": "Feature", "properties": { "name": "Vibò" }, "geometry": { "type": "Point", "coordinates": [ 7.674773, 45.095156 ] } },
{ "type": "Feature", "properties": { "name": "Biscaretti" }, "geometry": { "type": "Point", "coordinates": [ 7.777962, 45.0428653 ] } },
{ "type": "Feature", "properties": { "name": "Dellachà" }, "geometry": { "type": "Point", "coordinates": [ 7.6881054, 44.9997629 ] } },
{ "type": "Feature", "properties": { "name": "IV Novembre - Stazione" }, "geometry": { "type": "Point", "coordinates": [ 7.6447742, 44.9932055 ] } },
{ "type": "Feature", "properties": { "name": "Tadini" }, "geometry": { "type": "Point", "coordinates": [ 7.7066673, 45.0501863 ] } },
{ "type": "Feature", "properties": { "name": "Bixio" }, "geometry": { "type": "Point", "coordinates": [ 7.6581227, 45.0671363 ] } },
{ "type": "Feature", "properties": { "name": "Stazione Lingotto" }, "geometry": { "type": "Point", "coordinates": [ 7.6565342, 45.026238 ] } },
{ "type": "Feature", "properties": { "name": "Galileo Ferraris" }, "geometry": { "type": "Point", "coordinates": [ 7.5886309, 45.1252955 ] } },
{ "type": "Feature", "properties": { "name": "Maddalena N.44" }, "geometry": { "type": "Point", "coordinates": [ 7.72724, 45.02132 ] } },
{ "type": "Feature", "properties": { "name": "Sangone" }, "geometry": { "type": "Point", "coordinates": [ 7.6702606, 45.0111624 ] } },
{ "type": "Feature", "properties": { "name": "Benso" }, "geometry": { "type": "Point", "coordinates": [ 7.8037793, 45.0250867 ] } },
{ "type": "Feature", "properties": { "name": "Bonsignore Capolinea" }, "geometry": { "type": "Point", "coordinates": [ 7.6985412, 45.0619463 ] } },
{ "type": "Feature", "properties": { "name": "Altessano" }, "geometry": { "type": "Point", "coordinates": [ 7.6457542, 45.1065834 ] } },
{ "type": "Feature", "properties": { "name": "Statale 24" }, "geometry": { "type": "Point", "coordinates": [ 7.569819, 45.0952888 ] } },
{ "type": "Feature", "properties": { "name": "Moncalvo" }, "geometry": { "type": "Point", "coordinates": [ 7.71283, 45.02487 ] } },
{ "type": "Feature", "properties": { "name": "Stampalia" }, "geometry": { "type": "Point", "coordinates": [ 7.6596673, 45.1121753 ] } },
{ "type": "Feature", "properties": { "name": "Salvemini" }, "geometry": { "type": "Point", "coordinates": [ 7.6159619, 45.0458077 ] } },
{ "type": "Feature", "properties": { "name": "Solferino Capolinea" }, "geometry": { "type": "Point", "coordinates": [ 7.6769842, 45.0692007 ] } },
{ "type": "Feature", "properties": { "name": "La Cassa (Ribolzi)" }, "geometry": { "type": "Point", "coordinates": [ 7.51596, 45.18379 ] } },
{ "type": "Feature", "properties": { "name": "Museo Mufant" }, "geometry": { "type": "Point", "coordinates": [ 7.6895451, 45.1083759 ] } },
{ "type": "Feature", "properties": { "name": "Servais" }, "geometry": { "type": "Point", "coordinates": [ 7.6386857, 45.0827741 ] } },
{ "type": "Feature", "properties": { "name": "Abbadia di Stura" }, "geometry": { "type": "Point", "coordinates": [ 7.7074061, 45.1231006 ] } },
{ "type": "Feature", "properties": { "name": "Passo Buole" }, "geometry": { "type": "Point", "coordinates": [ 7.6522752, 45.0246642 ] } },
{ "type": "Feature", "properties": { "name": "Bertani Est" }, "geometry": { "type": "Point", "coordinates": [ 7.6057699, 45.0348445 ] } },
{ "type": "Feature", "properties": { "name": "Pastrengo N.29" }, "geometry": { "type": "Point", "coordinates": [ 7.6654435, 45.0033696 ] } },
{ "type": "Feature", "properties": { "name": "Lavazza N.47" }, "geometry": { "type": "Point", "coordinates": [ 7.7294577, 45.051989 ] } },
{ "type": "Feature", "properties": { "name": "Santa Maria" }, "geometry": { "type": "Point", "coordinates": [ 7.66543, 44.99389 ] } },
{ "type": "Feature", "properties": { "name": "Guido Reni" }, "geometry": { "type": "Point", "coordinates": [ 7.6291121, 45.0565112 ] } },
{ "type": "Feature", "properties": { "name": "Piave" }, "geometry": { "type": "Point", "coordinates": [ 7.6754693, 45.0756934 ] } },
{ "type": "Feature", "properties": { "name": "Toti" }, "geometry": { "type": "Point", "coordinates": [ 7.6490018, 44.9967479 ] } },
{ "type": "Feature", "properties": { "name": "Vittorio Veneto" }, "geometry": { "type": "Point", "coordinates": [ 7.5228313, 45.0989415 ] } },
{ "type": "Feature", "properties": { "name": "Olivetti" }, "geometry": { "type": "Point", "coordinates": [ 7.7118463, 45.1655493 ] } },
{ "type": "Feature", "properties": { "name": "Stroppiana" }, "geometry": { "type": "Point", "coordinates": [ 7.6587703, 45.1425146 ] } },
{ "type": "Feature", "properties": { "name": "Sangone" }, "geometry": { "type": "Point", "coordinates": [ 7.620915, 45.0102433 ] } },
{ "type": "Feature", "properties": { "name": "Leini' (Mantovani)" }, "geometry": { "type": "Point", "coordinates": [ 7.7457694, 45.1888395 ] } },
{ "type": "Feature", "properties": { "name": "Stati Uniti Capolinea" }, "geometry": { "type": "Point", "coordinates": [ 7.6716891, 45.062543 ] } },
{ "type": "Feature", "properties": { "name": "Sebastopoli" }, "geometry": { "type": "Point", "coordinates": [ 7.6407774, 45.0475621 ] } },
{ "type": "Feature", "properties": { "name": "Coppino" }, "geometry": { "type": "Point", "coordinates": [ 7.6809274, 45.1006897 ] } },
{ "type": "Feature", "properties": { "name": "Cosenza" }, "geometry": { "type": "Point", "coordinates": [ 7.6409664, 45.0364901 ] } },
{ "type": "Feature", "properties": { "name": "Forli" }, "geometry": { "type": "Point", "coordinates": [ 7.6520659, 45.0933878 ] } },
{ "type": "Feature", "properties": { "name": "Scoffone" }, "geometry": { "type": "Point", "coordinates": [ 7.5877578, 45.0611242 ] } },
{ "type": "Feature", "properties": { "name": "Buozzi" }, "geometry": { "type": "Point", "coordinates": [ 7.69377, 44.99498 ] } },
{ "type": "Feature", "properties": { "name": "San Martino N.155" }, "geometry": { "type": "Point", "coordinates": [ 7.7212541, 45.0527275 ] } },
{ "type": "Feature", "properties": { "name": "Largo Grosseto Sud" }, "geometry": { "type": "Point", "coordinates": [ 7.66421, 45.1045903 ] } },
{ "type": "Feature", "properties": { "name": "Castello di Mirafiori" }, "geometry": { "type": "Point", "coordinates": [ 7.62462, 45.01356 ] } },
{ "type": "Feature", "properties": { "name": "Micca" }, "geometry": { "type": "Point", "coordinates": [ 7.7638554, 45.146508 ] } },
{ "type": "Feature", "properties": { "name": "Levi" }, "geometry": { "type": "Point", "coordinates": [ 7.7791789, 45.1411282 ] } },
{ "type": "Feature", "properties": { "name": "Lanza" }, "geometry": { "type": "Point", "coordinates": [ 7.6957834, 45.0548126 ] } },
{ "type": "Feature", "properties": { "name": "Pirano" }, "geometry": { "type": "Point", "coordinates": [ 7.6426124, 45.1026964 ] } },
{ "type": "Feature", "properties": { "name": "Orbassano (str. Torino/v. Calvino)" }, "geometry": { "type": "Point", "coordinates": [ 7.5478061, 45.0085768 ] } },
{ "type": "Feature", "properties": { "name": "Val Salice N.227" }, "geometry": { "type": "Point", "coordinates": [ 7.71425, 45.04033 ] } },
{ "type": "Feature", "properties": { "name": "Fabrizi" }, "geometry": { "type": "Point", "coordinates": [ 7.6559885, 45.0800019 ] } },
{ "type": "Feature", "properties": { "name": "Graf" }, "geometry": { "type": "Point", "coordinates": [ 7.6733679, 45.0441958 ] } },
{ "type": "Feature", "properties": { "name": "Monginevro" }, "geometry": { "type": "Point", "coordinates": [ 7.6308432, 45.064815 ] } },
{ "type": "Feature", "properties": { "name": "Ponte del Gatto" }, "geometry": { "type": "Point", "coordinates": [ 7.6849284, 45.0341473 ] } },
{ "type": "Feature", "properties": { "name": "Pervinche" }, "geometry": { "type": "Point", "coordinates": [ 7.6352218, 45.1030169 ] } },
{ "type": "Feature", "properties": { "name": "Cardinal Maurizio" }, "geometry": { "type": "Point", "coordinates": [ 7.7035368, 45.0649786 ] } },
{ "type": "Feature", "properties": { "name": "Vigili Del Fuoco" }, "geometry": { "type": "Point", "coordinates": [ 7.6487835, 45.0885028 ] } },
{ "type": "Feature", "properties": { "name": "Cimitero Grugliasco" }, "geometry": { "type": "Point", "coordinates": [ 7.5912863, 45.0640607 ] } },
{ "type": "Feature", "properties": { "name": "Unione Sovietica" }, "geometry": { "type": "Point", "coordinates": [ 7.6615648, 45.0469314 ] } },
{ "type": "Feature", "properties": { "name": "Vallette Capolinea" }, "geometry": { "type": "Point", "coordinates": [ 7.6242171, 45.1039404 ] } },
{ "type": "Feature", "properties": { "name": "Bligny" }, "geometry": { "type": "Point", "coordinates": [ 7.6767702, 45.0777677 ] } },
{ "type": "Feature", "properties": { "name": "San Gregorio Magno" }, "geometry": { "type": "Point", "coordinates": [ 7.6012556, 45.0683625 ] } },
{ "type": "Feature", "properties": { "name": "Palucco" }, "geometry": { "type": "Point", "coordinates": [ 7.7913716, 45.0734028 ] } },
{ "type": "Feature", "properties": { "name": "Milazzo" }, "geometry": { "type": "Point", "coordinates": [ 7.6907656, 45.0527316 ] } },
{ "type": "Feature", "properties": { "name": "Nichelino (str. Debouche'/v. Nenni)" }, "geometry": { "type": "Point", "coordinates": [ 7.63092, 44.99772 ] } },
{ "type": "Feature", "properties": { "name": "Peschiera" }, "geometry": { "type": "Point", "coordinates": [ 7.6452067, 45.0660118 ] } },
{ "type": "Feature", "properties": { "name": "Corelli" }, "geometry": { "type": "Point", "coordinates": [ 7.7065724, 45.0938574 ] } },
{ "type": "Feature", "properties": { "name": "Svizzera" }, "geometry": { "type": "Point", "coordinates": [ 7.6565946, 45.0889731 ] } },
{ "type": "Feature", "properties": { "name": "Liceo Curie" }, "geometry": { "type": "Point", "coordinates": [ 7.6075593, 45.0510796 ] } },
{ "type": "Feature", "properties": { "name": "Pacchiotti Est" }, "geometry": { "type": "Point", "coordinates": [ 7.6266769, 45.0783582 ] } },
{ "type": "Feature", "properties": { "name": "Berlinguer" }, "geometry": { "type": "Point", "coordinates": [ 7.6344685, 44.9982167 ] } },
{ "type": "Feature", "properties": { "name": "Morgari" }, "geometry": { "type": "Point", "coordinates": [ 7.5806969, 45.0658679 ] } },
{ "type": "Feature", "properties": { "name": "Gottardo" }, "geometry": { "type": "Point", "coordinates": [ 7.6973462, 45.097848 ] } },
{ "type": "Feature", "properties": { "name": "Svizzera" }, "geometry": { "type": "Point", "coordinates": [ 7.6498524, 45.0802128 ] } },
{ "type": "Feature", "properties": { "name": "Olevano Ovest" }, "geometry": { "type": "Point", "coordinates": [ 7.5664199, 45.0601834 ] } },
{ "type": "Feature", "properties": { "name": "Cadibona" }, "geometry": { "type": "Point", "coordinates": [ 7.71577, 45.02565 ] } },
{ "type": "Feature", "properties": { "name": "Stampini" }, "geometry": { "type": "Point", "coordinates": [ 7.6626154, 45.1084807 ] } },
{ "type": "Feature", "properties": { "name": "Petrarca" }, "geometry": { "type": "Point", "coordinates": [ 7.6181196, 45.1145376 ] } },
{ "type": "Feature", "properties": { "name": "Scalero" }, "geometry": { "type": "Point", "coordinates": [ 7.6800645, 45.0168572 ] } },
{ "type": "Feature", "properties": { "name": "Volta" }, "geometry": { "type": "Point", "coordinates": [ 7.7714304, 45.1337747 ] } },
{ "type": "Feature", "properties": { "name": "Mainero N.126" }, "geometry": { "type": "Point", "coordinates": [ 7.72247, 45.04193 ] } },
{ "type": "Feature", "properties": { "name": "XXV Aprile N.167" }, "geometry": { "type": "Point", "coordinates": [ 7.6936446, 45.0321116 ] } },
{ "type": "Feature", "properties": { "name": "Rivalta (FIAT Rivalta-canc. 8)" }, "geometry": { "type": "Point", "coordinates": [ 7.5062378, 44.9968276 ] } },
{ "type": "Feature", "properties": { "name": "Corelli" }, "geometry": { "type": "Point", "coordinates": [ 7.709977, 45.09716 ] } },
{ "type": "Feature", "properties": { "name": "Monte Corno" }, "geometry": { "type": "Point", "coordinates": [ 7.6547083, 45.0256066 ] } },
{ "type": "Feature", "properties": { "name": "Plava" }, "geometry": { "type": "Point", "coordinates": [ 7.6124553, 45.0207851 ] } },
{ "type": "Feature", "properties": { "name": "Altessano" }, "geometry": { "type": "Point", "coordinates": [ 7.6445794, 45.1061568 ] } },
{ "type": "Feature", "properties": { "name": "Revigliasco N.187" }, "geometry": { "type": "Point", "coordinates": [ 7.7290646, 45.0045159 ] } },
{ "type": "Feature", "properties": { "name": "Carignano" }, "geometry": { "type": "Point", "coordinates": [ 7.6707425, 44.9988072 ] } },
{ "type": "Feature", "properties": { "name": "Telesio" }, "geometry": { "type": "Point", "coordinates": [ 7.62774, 45.07946 ] } },
{ "type": "Feature", "properties": { "name": "Giulio Cesare" }, "geometry": { "type": "Point", "coordinates": [ 7.698453, 45.0971654 ] } },
{ "type": "Feature", "properties": { "name": "Battisti Sud" }, "geometry": { "type": "Point", "coordinates": [ 7.5866102, 45.0534175 ] } },
{ "type": "Feature", "properties": { "name": "Santa Rita Nord" }, "geometry": { "type": "Point", "coordinates": [ 7.6473116, 45.0475929 ] } },
{ "type": "Feature", "properties": { "name": "Sant'anna" }, "geometry": { "type": "Point", "coordinates": [ 7.7206455, 45.0572566 ] } },
{ "type": "Feature", "properties": { "name": "Di Vittorio" }, "geometry": { "type": "Point", "coordinates": [ 7.6219157, 45.0581056 ] } },
{ "type": "Feature", "properties": { "name": "Piemonte" }, "geometry": { "type": "Point", "coordinates": [ 7.7540563, 45.1318858 ] } },
{ "type": "Feature", "properties": { "name": "Pastrengo" }, "geometry": { "type": "Point", "coordinates": [ 7.6743351, 45.058285 ] } },
{ "type": "Feature", "properties": { "name": "Carducci" }, "geometry": { "type": "Point", "coordinates": [ 7.6707962, 45.0417492 ] } },
{ "type": "Feature", "properties": { "name": "Malone" }, "geometry": { "type": "Point", "coordinates": [ 7.774243, 45.110015 ] } },
{ "type": "Feature", "properties": { "name": "Castello" }, "geometry": { "type": "Point", "coordinates": [ 7.6849471, 45.0706322 ] } },
{ "type": "Feature", "properties": { "name": "Ghemme" }, "geometry": { "type": "Point", "coordinates": [ 7.6421544, 45.0812426 ] } },
{ "type": "Feature", "properties": { "name": "Rivodora" }, "geometry": { "type": "Point", "coordinates": [ 7.78648, 45.09044 ] } },
{ "type": "Feature", "properties": { "name": "Plinio" }, "geometry": { "type": "Point", "coordinates": [ 7.6557391, 45.0172554 ] } },
{ "type": "Feature", "properties": { "name": "Bertone" }, "geometry": { "type": "Point", "coordinates": [ 7.5942776, 45.0520757 ] } },
{ "type": "Feature", "properties": { "name": "Scirea" }, "geometry": { "type": "Point", "coordinates": [ 7.6392378, 45.1064614 ] } },
{ "type": "Feature", "properties": { "name": "Revigliasco N.253" }, "geometry": { "type": "Point", "coordinates": [ 7.7322668, 45.0107322 ] } },
{ "type": "Feature", "properties": { "name": "Filzi" }, "geometry": { "type": "Point", "coordinates": [ 7.665307, 45.0272011 ] } },
{ "type": "Feature", "properties": { "name": "Omero Capolinea" }, "geometry": { "type": "Point", "coordinates": [ 7.6297864, 45.03739 ] } },
{ "type": "Feature", "properties": { "name": "Duino" }, "geometry": { "type": "Point", "coordinates": [ 7.6492004, 45.0193914 ] } },
{ "type": "Feature", "properties": { "name": "Einaudi" }, "geometry": { "type": "Point", "coordinates": [ 7.5288206, 45.0292669 ] } },
{ "type": "Feature", "properties": { "name": "Val Salice N.121" }, "geometry": { "type": "Point", "coordinates": [ 7.71323, 45.04448 ] } },
{ "type": "Feature", "properties": { "name": "Berruti" }, "geometry": { "type": "Point", "coordinates": [ 7.616698, 45.0823637 ] } },
{ "type": "Feature", "properties": { "name": "Pomi" }, "geometry": { "type": "Point", "coordinates": [ 7.7384924, 45.0621526 ] } },
{ "type": "Feature", "properties": { "name": "Stati Uniti" }, "geometry": { "type": "Point", "coordinates": [ 7.6760009, 45.0606343 ] } },
{ "type": "Feature", "properties": { "name": "Settembrini" }, "geometry": { "type": "Point", "coordinates": [ 7.6341527, 45.0226844 ] } },
{ "type": "Feature", "properties": { "name": "Cincinnato" }, "geometry": { "type": "Point", "coordinates": [ 7.63739, 45.0969 ] } },
{ "type": "Feature", "properties": { "name": "Tartini" }, "geometry": { "type": "Point", "coordinates": [ 7.7057664, 45.0985258 ] } },
{ "type": "Feature", "properties": { "name": "Appio Claudio" }, "geometry": { "type": "Point", "coordinates": [ 7.6502862, 45.085786 ] } },
{ "type": "Feature", "properties": { "name": "Savona N.12" }, "geometry": { "type": "Point", "coordinates": [ 7.6836673, 44.996502 ] } },
{ "type": "Feature", "properties": { "name": "Ginestra" }, "geometry": { "type": "Point", "coordinates": [ 7.7211343, 44.9991392 ] } },
{ "type": "Feature", "properties": { "name": "Borgaretto (P.za Kennedy)" }, "geometry": { "type": "Point", "coordinates": [ 7.60258, 45.00605 ] } },
{ "type": "Feature", "properties": { "name": "Veronese" }, "geometry": { "type": "Point", "coordinates": [ 7.6630998, 45.1123865 ] } },
{ "type": "Feature", "properties": { "name": "Brunelleschi" }, "geometry": { "type": "Point", "coordinates": [ 7.6243042, 45.0720362 ] } },
{ "type": "Feature", "properties": { "name": "Alessandria" }, "geometry": { "type": "Point", "coordinates": [ 7.7638312, 45.129808 ] } },
{ "type": "Feature", "properties": { "name": "Tetti Menzio" }, "geometry": { "type": "Point", "coordinates": [ 7.7850519, 45.0396119 ] } },
{ "type": "Feature", "properties": { "name": "Lanza" }, "geometry": { "type": "Point", "coordinates": [ 7.6961816, 45.0555496 ] } },
{ "type": "Feature", "properties": { "name": "Lauro Rossi" }, "geometry": { "type": "Point", "coordinates": [ 7.6883881, 45.0959898 ] } },
{ "type": "Feature", "properties": { "name": "Orbassano" }, "geometry": { "type": "Point", "coordinates": [ 7.6452442, 45.0453377 ] } },
{ "type": "Feature", "properties": { "name": "Macalle" }, "geometry": { "type": "Point", "coordinates": [ 7.71556, 45.0423961 ] } },
{ "type": "Feature", "properties": { "name": "Borgaro (v. Lanzo/v.le Martiri)" }, "geometry": { "type": "Point", "coordinates": [ 7.6546197, 45.1524361 ] } },
{ "type": "Feature", "properties": { "name": "Sangone" }, "geometry": { "type": "Point", "coordinates": [ 7.6213289, 45.0100499 ] } },
{ "type": "Feature", "properties": { "name": "Strada Superga Fronte N.99" }, "geometry": { "type": "Point", "coordinates": [ 7.7447825, 45.0823274 ] } },
{ "type": "Feature", "properties": { "name": "Treviso" }, "geometry": { "type": "Point", "coordinates": [ 7.6696733, 45.0874456 ] } },
{ "type": "Feature", "properties": { "name": "Monfalcone" }, "geometry": { "type": "Point", "coordinates": [ 7.6345207, 45.0529556 ] } },
{ "type": "Feature", "properties": { "name": "Sabaudia" }, "geometry": { "type": "Point", "coordinates": [ 7.6815856, 45.037491 ] } },
{ "type": "Feature", "properties": { "name": "Tazzoli" }, "geometry": { "type": "Point", "coordinates": [ 7.6404628, 45.0314007 ] } },
{ "type": "Feature", "properties": { "name": "Santa Giulia" }, "geometry": { "type": "Point", "coordinates": [ 7.7000814, 45.0691648 ] } },
{ "type": "Feature", "properties": { "name": "Colombetto" }, "geometry": { "type": "Point", "coordinates": [ 7.6553235, 44.9924653 ] } },
{ "type": "Feature", "properties": { "name": "Torino" }, "geometry": { "type": "Point", "coordinates": [ 7.5787772, 45.0653574 ] } },
{ "type": "Feature", "properties": { "name": "Santa Brigida N.64" }, "geometry": { "type": "Point", "coordinates": [ 7.70139, 45.01153 ] } },
{ "type": "Feature", "properties": { "name": "Maddalena N.98/104" }, "geometry": { "type": "Point", "coordinates": [ 7.7224725, 45.0235927 ] } },
{ "type": "Feature", "properties": { "name": "Paganini" }, "geometry": { "type": "Point", "coordinates": [ 7.6250191, 45.1171569 ] } },
{ "type": "Feature", "properties": { "name": "Volpiano (v. Torino 81-Lago Azzurro)" }, "geometry": { "type": "Point", "coordinates": [ 7.7675349, 45.1799728 ] } },
{ "type": "Feature", "properties": { "name": "Baldissera Nord" }, "geometry": { "type": "Point", "coordinates": [ 7.6775707, 45.0906756 ] } },
{ "type": "Feature", "properties": { "name": "Park Stura Capolinea" }, "geometry": { "type": "Point", "coordinates": [ 7.7110685, 45.1203972 ] } },
{ "type": "Feature", "properties": { "name": "Ospedale San Vito" }, "geometry": { "type": "Point", "coordinates": [ 7.6908315, 45.0502449 ] } },
{ "type": "Feature", "properties": { "name": "Sidoli" }, "geometry": { "type": "Point", "coordinates": [ 7.6470758, 45.0266492 ] } },
{ "type": "Feature", "properties": { "name": "Don Amerano" }, "geometry": { "type": "Point", "coordinates": [ 7.7075171, 45.1474077 ] } },
{ "type": "Feature", "properties": { "name": "Stampalia Capolinea" }, "geometry": { "type": "Point", "coordinates": [ 7.6563833, 45.1127706 ] } },
{ "type": "Feature", "properties": { "name": "Anselmetti Nord" }, "geometry": { "type": "Point", "coordinates": [ 7.6096129, 45.028105 ] } },
{ "type": "Feature", "properties": { "name": "Venaria (v.le Carlo Eman.II)" }, "geometry": { "type": "Point", "coordinates": [ 7.6258082, 45.137185 ] } },
{ "type": "Feature", "properties": { "name": "Brin" }, "geometry": { "type": "Point", "coordinates": [ 7.6709787, 45.0938748 ] } },
{ "type": "Feature", "properties": { "name": "Sebastopoli" }, "geometry": { "type": "Point", "coordinates": [ 7.6298742, 45.0511354 ] } },
{ "type": "Feature", "properties": { "name": "Prunotto" }, "geometry": { "type": "Point", "coordinates": [ 7.636431, 45.0016927 ] } },
{ "type": "Feature", "properties": { "name": "Val Pattonera" }, "geometry": { "type": "Point", "coordinates": [ 7.7027452, 45.04073 ] } },
{ "type": "Feature", "properties": { "name": "Pio VII" }, "geometry": { "type": "Point", "coordinates": [ 7.6501363, 45.0219712 ] } },
{ "type": "Feature", "properties": { "name": "Amendola Capolinea" }, "geometry": { "type": "Point", "coordinates": [ 7.6353, 44.99564 ] } },
{ "type": "Feature", "properties": { "name": "Torino" }, "geometry": { "type": "Point", "coordinates": [ 7.5868738, 45.0224698 ] } },
{ "type": "Feature", "properties": { "name": "Beinette" }, "geometry": { "type": "Point", "coordinates": [ 7.6624702, 45.0202228 ] } },
{ "type": "Feature", "properties": { "name": "Primule Nord" }, "geometry": { "type": "Point", "coordinates": [ 7.6252829, 45.1061229 ] } },
{ "type": "Feature", "properties": { "name": "Tetti Bertoglio" }, "geometry": { "type": "Point", "coordinates": [ 7.7528595, 45.0701829 ] } },
{ "type": "Feature", "properties": { "name": "Madama Cristina Est" }, "geometry": { "type": "Point", "coordinates": [ 7.6800507, 45.0531002 ] } },
{ "type": "Feature", "properties": { "name": "Costituzione Ovest" }, "geometry": { "type": "Point", "coordinates": [ 7.77289, 45.10853 ] } },
{ "type": "Feature", "properties": { "name": "Veronese" }, "geometry": { "type": "Point", "coordinates": [ 7.6597848, 45.1123385 ] } },
{ "type": "Feature", "properties": { "name": "Pavia" }, "geometry": { "type": "Point", "coordinates": [ 7.6928796, 45.08268 ] } },
{ "type": "Feature", "properties": { "name": "Capriolo" }, "geometry": { "type": "Point", "coordinates": [ 7.6416802, 45.0678028 ] } },
{ "type": "Feature", "properties": { "name": "Monte Ortigara" }, "geometry": { "type": "Point", "coordinates": [ 7.51635, 45.03401 ] } },
{ "type": "Feature", "properties": { "name": "Stura" }, "geometry": { "type": "Point", "coordinates": [ 7.7099484, 45.1107375 ] } },
{ "type": "Feature", "properties": { "name": "Sette Comuni" }, "geometry": { "type": "Point", "coordinates": [ 7.6549691, 45.0203653 ] } },
{ "type": "Feature", "properties": { "name": "Italia" }, "geometry": { "type": "Point", "coordinates": [ 7.6103855, 45.0989527 ] } },
{ "type": "Feature", "properties": { "name": "Rivalta (Rivoli)" }, "geometry": { "type": "Point", "coordinates": [ 7.5230558, 45.0387728 ] } },
{ "type": "Feature", "properties": { "name": "Meisino" }, "geometry": { "type": "Point", "coordinates": [ 7.73539, 45.08709 ] } },
{ "type": "Feature", "properties": { "name": "Vespucci" }, "geometry": { "type": "Point", "coordinates": [ 7.66894, 45.05274 ] } },
{ "type": "Feature", "properties": { "name": "Montale" }, "geometry": { "type": "Point", "coordinates": [ 7.6311967, 45.1034967 ] } },
{ "type": "Feature", "properties": { "name": "Moncalieri (v. Martiri/v. Roma)" }, "geometry": { "type": "Point", "coordinates": [ 7.6583951, 45.0021045 ] } },
{ "type": "Feature", "properties": { "name": "Don Grioli" }, "geometry": { "type": "Point", "coordinates": [ 7.637888, 45.0379756 ] } },
{ "type": "Feature", "properties": { "name": "Val Pattonera N.153" }, "geometry": { "type": "Point", "coordinates": [ 7.6971617, 45.034202 ] } },
{ "type": "Feature", "properties": { "name": "Traiano" }, "geometry": { "type": "Point", "coordinates": [ 7.6507565, 45.0226372 ] } },
{ "type": "Feature", "properties": { "name": "San Bartolomeo" }, "geometry": { "type": "Point", "coordinates": [ 7.5041586, 45.0703833 ] } },
{ "type": "Feature", "properties": { "name": "Sofia" }, "geometry": { "type": "Point", "coordinates": [ 7.71485, 45.0949 ] } },
{ "type": "Feature", "properties": { "name": "Largo Borgaro" }, "geometry": { "type": "Point", "coordinates": [ 7.662215, 45.09554 ] } },
{ "type": "Feature", "properties": { "name": "Pasque Piemontesi" }, "geometry": { "type": "Point", "coordinates": [ 7.6208619, 45.0392721 ] } },
{ "type": "Feature", "properties": { "name": "Di Vittorio" }, "geometry": { "type": "Point", "coordinates": [ 7.7570373, 45.139171 ] } },
{ "type": "Feature", "properties": { "name": "Ospedale CTO" }, "geometry": { "type": "Point", "coordinates": [ 7.6758966, 45.0341677 ] } },
{ "type": "Feature", "properties": { "name": "Como" }, "geometry": { "type": "Point", "coordinates": [ 7.7830479, 45.1462154 ] } },
{ "type": "Feature", "properties": { "name": "Ala di Stura" }, "geometry": { "type": "Point", "coordinates": [ 7.6864151, 45.1041592 ] } },
{ "type": "Feature", "properties": { "name": "Croce" }, "geometry": { "type": "Point", "coordinates": [ 7.6443607, 45.0184259 ] } },
{ "type": "Feature", "properties": { "name": "Mercadante" }, "geometry": { "type": "Point", "coordinates": [ 7.705013, 45.1009421 ] } },
{ "type": "Feature", "properties": { "name": "Lione" }, "geometry": { "type": "Point", "coordinates": [ 7.6555481, 45.0594636 ] } },
{ "type": "Feature", "properties": { "name": "Cassagna" }, "geometry": { "type": "Point", "coordinates": [ 7.5961215, 45.1230474 ] } },
{ "type": "Feature", "properties": { "name": "Rossini" }, "geometry": { "type": "Point", "coordinates": [ 7.6923046, 45.0721686 ] } },
{ "type": "Feature", "properties": { "name": "Romita" }, "geometry": { "type": "Point", "coordinates": [ 7.627284, 45.0441383 ] } },
{ "type": "Feature", "properties": { "name": "Zenit" }, "geometry": { "type": "Point", "coordinates": [ 7.8010086, 45.073381 ] } },
{ "type": "Feature", "properties": { "name": "Cappuccini" }, "geometry": { "type": "Point", "coordinates": [ 7.69853, 45.05885 ] } },
{ "type": "Feature", "properties": { "name": "Stadio" }, "geometry": { "type": "Point", "coordinates": [ 7.6451046, 45.1096312 ] } },
{ "type": "Feature", "properties": { "name": "Vittime di Bologna" }, "geometry": { "type": "Point", "coordinates": [ 7.6562727, 45.159123 ] } },
{ "type": "Feature", "properties": { "name": "Vallarsa" }, "geometry": { "type": "Point", "coordinates": [ 7.62297, 45.01763 ] } },
{ "type": "Feature", "properties": { "name": "Asl" }, "geometry": { "type": "Point", "coordinates": [ 7.8173778, 44.9996502 ] } },
{ "type": "Feature", "properties": { "name": "Villa Zanetti" }, "geometry": { "type": "Point", "coordinates": [ 7.6775762, 45.0290946 ] } },
{ "type": "Feature", "properties": { "name": "Pitagora Sud" }, "geometry": { "type": "Point", "coordinates": [ 7.6342496, 45.0387678 ] } },
{ "type": "Feature", "properties": { "name": "Porta Susa" }, "geometry": { "type": "Point", "coordinates": [ 7.6656749, 45.0706743 ] } },
{ "type": "Feature", "properties": { "name": "Carmagnola" }, "geometry": { "type": "Point", "coordinates": [ 7.6885395, 45.0843702 ] } },
{ "type": "Feature", "properties": { "name": "XXV Aprile" }, "geometry": { "type": "Point", "coordinates": [ 7.6403647, 45.0012061 ] } },
{ "type": "Feature", "properties": { "name": "Svizzera" }, "geometry": { "type": "Point", "coordinates": [ 7.6507535, 45.0801206 ] } },
{ "type": "Feature", "properties": { "name": "Gorizia Numero 39" }, "geometry": { "type": "Point", "coordinates": [ 7.6056537, 45.0076589 ] } },
{ "type": "Feature", "properties": { "name": "Costalunga" }, "geometry": { "type": "Point", "coordinates": [ 7.69253, 45.00766 ] } },
{ "type": "Feature", "properties": { "name": "Moncalieri" }, "geometry": { "type": "Point", "coordinates": [ 7.7331749, 45.0134466 ] } },
{ "type": "Feature", "properties": { "name": "Trofarello" }, "geometry": { "type": "Point", "coordinates": [ 7.7414448, 45.0100562 ] } },
{ "type": "Feature", "properties": { "name": "Principi d'Acaja" }, "geometry": { "type": "Point", "coordinates": [ 7.664056, 45.076455 ] } },
{ "type": "Feature", "properties": { "name": "Guido Reni" }, "geometry": { "type": "Point", "coordinates": [ 7.6303114, 45.0472827 ] } },
{ "type": "Feature", "properties": { "name": "Antica Di San Vito Est" }, "geometry": { "type": "Point", "coordinates": [ 7.69433, 45.04533 ] } },
{ "type": "Feature", "properties": { "name": "Statuto" }, "geometry": { "type": "Point", "coordinates": [ 7.6704074, 45.0769266 ] } },
{ "type": "Feature", "properties": { "name": "Sansovino" }, "geometry": { "type": "Point", "coordinates": [ 7.645983, 45.1040991 ] } },
{ "type": "Feature", "properties": { "name": "C.L.N." }, "geometry": { "type": "Point", "coordinates": [ 7.5206882, 45.0683605 ] } },
{ "type": "Feature", "properties": { "name": "Stura" }, "geometry": { "type": "Point", "coordinates": [ 7.7094572, 45.111178 ] } },
{ "type": "Feature", "properties": { "name": "Caltanissetta" }, "geometry": { "type": "Point", "coordinates": [ 7.6590986, 45.1100841 ] } },
{ "type": "Feature", "properties": { "name": "Allason Capolinea" }, "geometry": { "type": "Point", "coordinates": [ 7.6157466, 45.03868 ] } },
{ "type": "Feature", "properties": { "name": "Crispi Est" }, "geometry": { "type": "Point", "coordinates": [ 7.6903821, 45.0879415 ] } },
{ "type": "Feature", "properties": { "name": "Crosetto" }, "geometry": { "type": "Point", "coordinates": [ 7.569664, 45.0634758 ] } },
{ "type": "Feature", "properties": { "name": "Molinette Est" }, "geometry": { "type": "Point", "coordinates": [ 7.6772852, 45.0422162 ] } },
{ "type": "Feature", "properties": { "name": "Caio Mario Capolinea" }, "geometry": { "type": "Point", "coordinates": [ 7.6362538, 45.0243459 ] } },
{ "type": "Feature", "properties": { "name": "Milano" }, "geometry": { "type": "Point", "coordinates": [ 7.6816321, 45.0735306 ] } },
{ "type": "Feature", "properties": { "name": "Trapani Est" }, "geometry": { "type": "Point", "coordinates": [ 7.6399152, 45.070075 ] } },
{ "type": "Feature", "properties": { "name": "Val Pattonera N.251" }, "geometry": { "type": "Point", "coordinates": [ 7.70168, 45.03963 ] } },
{ "type": "Feature", "properties": { "name": "Pastrengo Nord" }, "geometry": { "type": "Point", "coordinates": [ 7.5821834, 45.0831975 ] } },
{ "type": "Feature", "properties": { "name": "Ivrea" }, "geometry": { "type": "Point", "coordinates": [ 7.7052549, 45.1172106 ] } },
{ "type": "Feature", "properties": { "name": "Leini (v.le Europa/v.Volpiano)" }, "geometry": { "type": "Point", "coordinates": [ 7.7200557, 45.1853325 ] } },
{ "type": "Feature", "properties": { "name": "Brunelleschi" }, "geometry": { "type": "Point", "coordinates": [ 7.6249964, 45.0746696 ] } },
{ "type": "Feature", "properties": { "name": "Cuneo" }, "geometry": { "type": "Point", "coordinates": [ 7.7609717, 45.1316776 ] } },
{ "type": "Feature", "properties": { "name": "Maroncelli" }, "geometry": { "type": "Point", "coordinates": [ 7.7770247, 45.1381615 ] } },
{ "type": "Feature", "properties": { "name": "Rivoli Nord" }, "geometry": { "type": "Point", "coordinates": [ 7.6435483, 45.0761374 ] } },
{ "type": "Feature", "properties": { "name": "Val Della Torre" }, "geometry": { "type": "Point", "coordinates": [ 7.5416137, 45.1032674 ] } },
{ "type": "Feature", "properties": { "name": "Loreto" }, "geometry": { "type": "Point", "coordinates": [ 7.7151051, 44.9957172 ] } },
{ "type": "Feature", "properties": { "name": "Potenza Ovest" }, "geometry": { "type": "Point", "coordinates": [ 7.6557118, 45.0946315 ] } },
{ "type": "Feature", "properties": { "name": "Planteri" }, "geometry": { "type": "Point", "coordinates": [ 7.6195551, 45.0143651 ] } },
{ "type": "Feature", "properties": { "name": "Crispi Est" }, "geometry": { "type": "Point", "coordinates": [ 7.6902664, 45.08816 ] } },
{ "type": "Feature", "properties": { "name": "Cervi" }, "geometry": { "type": "Point", "coordinates": [ 7.8067319, 44.9976576 ] } },
{ "type": "Feature", "properties": { "name": "Ventimiglia Capolinea" }, "geometry": { "type": "Point", "coordinates": [ 7.6723671, 45.0342443 ] } },
{ "type": "Feature", "properties": { "name": "Mattatoio Sud" }, "geometry": { "type": "Point", "coordinates": [ 7.6292909, 45.1088145 ] } },
{ "type": "Feature", "properties": { "name": "Cigna" }, "geometry": { "type": "Point", "coordinates": [ 7.6831754, 45.0896479 ] } },
{ "type": "Feature", "properties": { "name": "Pianezza (stab. Valeo)" }, "geometry": { "type": "Point", "coordinates": [ 7.567236, 45.0954923 ] } },
{ "type": "Feature", "properties": { "name": "Monte Grappa" }, "geometry": { "type": "Point", "coordinates": [ 7.636667, 45.0751552 ] } },
{ "type": "Feature", "properties": { "name": "Ospedale Giovanni Bosco" }, "geometry": { "type": "Point", "coordinates": [ 7.7016098, 45.0959161 ] } },
{ "type": "Feature", "properties": { "name": "Macedonia" }, "geometry": { "type": "Point", "coordinates": [ 7.6037965, 45.0685433 ] } },
{ "type": "Feature", "properties": { "name": "Marmolada" }, "geometry": { "type": "Point", "coordinates": [ 7.6495739, 45.0553188 ] } },
{ "type": "Feature", "properties": { "name": "Galvani" }, "geometry": { "type": "Point", "coordinates": [ 7.6506256, 45.0019101 ] } },
{ "type": "Feature", "properties": { "name": "Gorini Capolinea" }, "geometry": { "type": "Point", "coordinates": [ 7.59169, 45.0393941 ] } },
{ "type": "Feature", "properties": { "name": "Lavazza" }, "geometry": { "type": "Point", "coordinates": [ 7.725724, 45.0526747 ] } },
{ "type": "Feature", "properties": { "name": "De Nicola" }, "geometry": { "type": "Point", "coordinates": [ 7.66222, 45.05071 ] } },
{ "type": "Feature", "properties": { "name": "Pellerina" }, "geometry": { "type": "Point", "coordinates": [ 7.6260245, 45.0863235 ] } },
{ "type": "Feature", "properties": { "name": "San Domenico" }, "geometry": { "type": "Point", "coordinates": [ 7.677075, 45.0762087 ] } },
{ "type": "Feature", "properties": { "name": "Buriasco" }, "geometry": { "type": "Point", "coordinates": [ 7.62278, 45.0231 ] } },
{ "type": "Feature", "properties": { "name": "Po" }, "geometry": { "type": "Point", "coordinates": [ 7.6898794, 45.0675793 ] } },
{ "type": "Feature", "properties": { "name": "Venaria (Giardini)" }, "geometry": { "type": "Point", "coordinates": [ 7.621543, 45.1383735 ] } },
{ "type": "Feature", "properties": { "name": "Peschiera" }, "geometry": { "type": "Point", "coordinates": [ 7.6450758, 45.0671069 ] } },
{ "type": "Feature", "properties": { "name": "Secreto" }, "geometry": { "type": "Point", "coordinates": [ 7.6515689, 45.1034844 ] } },
{ "type": "Feature", "properties": { "name": "Torino" }, "geometry": { "type": "Point", "coordinates": [ 7.6551934, 45.1480571 ] } },
{ "type": "Feature", "properties": { "name": "Plava Capolinea" }, "geometry": { "type": "Point", "coordinates": [ 7.6080239, 45.0230654 ] } },
{ "type": "Feature", "properties": { "name": "Casale" }, "geometry": { "type": "Point", "coordinates": [ 7.7329428, 45.0786649 ] } },
{ "type": "Feature", "properties": { "name": "Largo Massaia" }, "geometry": { "type": "Point", "coordinates": [ 7.6719535, 45.0987862 ] } },
{ "type": "Feature", "properties": { "name": "Roma" }, "geometry": { "type": "Point", "coordinates": [ 7.57836, 45.06597 ] } },
{ "type": "Feature", "properties": { "name": "Re" }, "geometry": { "type": "Point", "coordinates": [ 7.6300631, 45.0792926 ] } },
{ "type": "Feature", "properties": { "name": "Trapani" }, "geometry": { "type": "Point", "coordinates": [ 7.6377837, 45.0692886 ] } },
{ "type": "Feature", "properties": { "name": "Val Pattonera N.174" }, "geometry": { "type": "Point", "coordinates": [ 7.698614, 45.0356653 ] } },
{ "type": "Feature", "properties": { "name": "Sabotino" }, "geometry": { "type": "Point", "coordinates": [ 7.6501469, 45.0645286 ] } },
{ "type": "Feature", "properties": { "name": "Alpignano" }, "geometry": { "type": "Point", "coordinates": [ 7.5647598, 45.0832561 ] } },
{ "type": "Feature", "properties": { "name": "Cuneo N.12" }, "geometry": { "type": "Point", "coordinates": [ 7.65793, 45.00498 ] } },
{ "type": "Feature", "properties": { "name": "Juglaris N 51" }, "geometry": { "type": "Point", "coordinates": [ 7.66526, 44.9914 ] } },
{ "type": "Feature", "properties": { "name": "Massaua Nord" }, "geometry": { "type": "Point", "coordinates": [ 7.620999, 45.0747037 ] } },
{ "type": "Feature", "properties": { "name": "San Giorgio" }, "geometry": { "type": "Point", "coordinates": [ 7.7479376, 45.1243343 ] } },
{ "type": "Feature", "properties": { "name": "Bertola" }, "geometry": { "type": "Point", "coordinates": [ 7.6804786, 45.0705149 ] } },
{ "type": "Feature", "properties": { "name": "Micca" }, "geometry": { "type": "Point", "coordinates": [ 7.76364, 45.14608 ] } },
{ "type": "Feature", "properties": { "name": "Cascina Nuova" }, "geometry": { "type": "Point", "coordinates": [ 7.7700445, 45.1488212 ] } },
{ "type": "Feature", "properties": { "name": "Volpiano (v. Brandizzo/v. Genova)" }, "geometry": { "type": "Point", "coordinates": [ 7.7847466, 45.1984298 ] } },
{ "type": "Feature", "properties": { "name": "Gorizia" }, "geometry": { "type": "Point", "coordinates": [ 7.6414599, 45.0466276 ] } },
{ "type": "Feature", "properties": { "name": "Corbiglia (str. Piai)" }, "geometry": { "type": "Point", "coordinates": [ 7.5018719, 45.0525489 ] } },
{ "type": "Feature", "properties": { "name": "Nievo" }, "geometry": { "type": "Point", "coordinates": [ 7.7096547, 45.078055 ] } },
{ "type": "Feature", "properties": { "name": "Pio VII" }, "geometry": { "type": "Point", "coordinates": [ 7.654767, 45.0274983 ] } },
{ "type": "Feature", "properties": { "name": "La Manta Cancello 23" }, "geometry": { "type": "Point", "coordinates": [ 7.6116852, 45.0281485 ] } },
{ "type": "Feature", "properties": { "name": "Brighenti" }, "geometry": { "type": "Point", "coordinates": [ 7.7371475, 45.0784985 ] } },
{ "type": "Feature", "properties": { "name": "IV Novembre" }, "geometry": { "type": "Point", "coordinates": [ 7.6350912, 45.126779 ] } },
{ "type": "Feature", "properties": { "name": "Siracusa" }, "geometry": { "type": "Point", "coordinates": [ 7.6328356, 45.0352762 ] } },
{ "type": "Feature", "properties": { "name": "Castiglione (Fornace)" }, "geometry": { "type": "Point", "coordinates": [ 7.8086564, 45.1191866 ] } },
{ "type": "Feature", "properties": { "name": "Allamano Capolinea" }, "geometry": { "type": "Point", "coordinates": [ 7.5766687, 45.0516731 ] } },
{ "type": "Feature", "properties": { "name": "Unione Sovietica" }, "geometry": { "type": "Point", "coordinates": [ 7.6476025, 45.0325157 ] } },
{ "type": "Feature", "properties": { "name": "Della Croce" }, "geometry": { "type": "Point", "coordinates": [ 7.5742756, 45.0938236 ] } },
{ "type": "Feature", "properties": { "name": "Sofia Nord" }, "geometry": { "type": "Point", "coordinates": [ 7.7181371, 45.0957089 ] } },
{ "type": "Feature", "properties": { "name": "Bengasi Ovest" }, "geometry": { "type": "Point", "coordinates": [ 7.6609481, 45.0175294 ] } },
{ "type": "Feature", "properties": { "name": "Aglietta" }, "geometry": { "type": "Point", "coordinates": [ 7.6220527, 45.0992658 ] } },
{ "type": "Feature", "properties": { "name": "Volpiano (Bar Pina)" }, "geometry": { "type": "Point", "coordinates": [ 7.7589971, 45.1943732 ] } },
{ "type": "Feature", "properties": { "name": "Vittoria" }, "geometry": { "type": "Point", "coordinates": [ 7.6751068, 45.093769 ] } },
{ "type": "Feature", "properties": { "name": "Ferrara" }, "geometry": { "type": "Point", "coordinates": [ 7.650789, 45.1062927 ] } },
{ "type": "Feature", "properties": { "name": "San Pio V" }, "geometry": { "type": "Point", "coordinates": [ 7.6845984, 45.0599666 ] } },
{ "type": "Feature", "properties": { "name": "Revigliasco N. 14" }, "geometry": { "type": "Point", "coordinates": [ 7.6996, 45.00115 ] } },
{ "type": "Feature", "properties": { "name": "Ponte XI Settembre" }, "geometry": { "type": "Point", "coordinates": [ 7.7667726, 45.1039064 ] } },
{ "type": "Feature", "properties": { "name": "Rivodora (Fontanina)" }, "geometry": { "type": "Point", "coordinates": [ 7.78531, 45.09533 ] } },
{ "type": "Feature", "properties": { "name": "Accademia Albertina" }, "geometry": { "type": "Point", "coordinates": [ 7.68827, 45.06489 ] } },
{ "type": "Feature", "properties": { "name": "Moro N.10" }, "geometry": { "type": "Point", "coordinates": [ 7.5952826, 45.0015245 ] } },
{ "type": "Feature", "properties": { "name": "Re Umberto" }, "geometry": { "type": "Point", "coordinates": [ 7.6693084, 45.0569044 ] } },
{ "type": "Feature", "properties": { "name": "Rossini" }, "geometry": { "type": "Point", "coordinates": [ 7.6943165, 45.0732603 ] } },
{ "type": "Feature", "properties": { "name": "Carlina Nord Ristocolor" }, "geometry": { "type": "Point", "coordinates": [ 7.6890874, 45.066607 ] } },
{ "type": "Feature", "properties": { "name": "Caprera" }, "geometry": { "type": "Point", "coordinates": [ 7.6482376, 45.049254 ] } },
{ "type": "Feature", "properties": { "name": "Tirreno" }, "geometry": { "type": "Point", "coordinates": [ 7.6611183, 45.0494469 ] } },
{ "type": "Feature", "properties": { "name": "Moncalieri Capolinea" }, "geometry": { "type": "Point", "coordinates": [ 7.6174276, 45.0444844 ] } },
{ "type": "Feature", "properties": { "name": "Tigli" }, "geometry": { "type": "Point", "coordinates": [ 7.8087552, 44.9991794 ] } },
{ "type": "Feature", "properties": { "name": "Croce" }, "geometry": { "type": "Point", "coordinates": [ 7.7452379, 45.0910476 ] } },
{ "type": "Feature", "properties": { "name": "Rivoli (v. Don Murialdo) Capolinea" }, "geometry": { "type": "Point", "coordinates": [ 7.5215955, 45.0695869 ] } },
{ "type": "Feature", "properties": { "name": "Stampini Nord" }, "geometry": { "type": "Point", "coordinates": [ 7.6629364, 45.1114845 ] } },
{ "type": "Feature", "properties": { "name": "Caio Mario Nord" }, "geometry": { "type": "Point", "coordinates": [ 7.6352, 45.02408 ] } },
{ "type": "Feature", "properties": { "name": "Vercelli" }, "geometry": { "type": "Point", "coordinates": [ 7.7055451, 45.1166345 ] } },
{ "type": "Feature", "properties": { "name": "Petrarca" }, "geometry": { "type": "Point", "coordinates": [ 7.6517686, 44.9940215 ] } },
{ "type": "Feature", "properties": { "name": "Gorizia" }, "geometry": { "type": "Point", "coordinates": [ 7.6031285, 45.0057708 ] } },
{ "type": "Feature", "properties": { "name": "Del Francese N.134" }, "geometry": { "type": "Point", "coordinates": [ 7.6695514, 45.1332581 ] } },
{ "type": "Feature", "properties": { "name": "Moncalieri N.440" }, "geometry": { "type": "Point", "coordinates": [ 7.6769927, 45.0227033 ] } },
{ "type": "Feature", "properties": { "name": "Terni" }, "geometry": { "type": "Point", "coordinates": [ 7.6632549, 45.1021567 ] } },
{ "type": "Feature", "properties": { "name": "Tetti Rocco" }, "geometry": { "type": "Point", "coordinates": [ 7.7636344, 45.0769636 ] } },
{ "type": "Feature", "properties": { "name": "Vigevano" }, "geometry": { "type": "Point", "coordinates": [ 7.6841125, 45.089966 ] } },
{ "type": "Feature", "properties": { "name": "Robinie" }, "geometry": { "type": "Point", "coordinates": [ 7.713348, 45.1274684 ] } },
{ "type": "Feature", "properties": { "name": "Somalia" }, "geometry": { "type": "Point", "coordinates": [ 7.6578025, 45.0140349 ] } },
{ "type": "Feature", "properties": { "name": "Alfieri" }, "geometry": { "type": "Point", "coordinates": [ 7.6189484, 45.056068 ] } },
{ "type": "Feature", "properties": { "name": "Villa Clara" }, "geometry": { "type": "Point", "coordinates": [ 7.7487167, 45.0806452 ] } },
{ "type": "Feature", "properties": { "name": "De Gasperi N.12" }, "geometry": { "type": "Point", "coordinates": [ 7.5032914, 45.0715521 ] } },
{ "type": "Feature", "properties": { "name": "Bosso" }, "geometry": { "type": "Point", "coordinates": [ 7.6715103, 45.0091896 ] } },
{ "type": "Feature", "properties": { "name": "Caio Mario Capolinea" }, "geometry": { "type": "Point", "coordinates": [ 7.636327, 45.0246403 ] } },
{ "type": "Feature", "properties": { "name": "Orbassano" }, "geometry": { "type": "Point", "coordinates": [ 7.6118252, 45.0336332 ] } },
{ "type": "Feature", "properties": { "name": "Rigolino" }, "geometry": { "type": "Point", "coordinates": [ 7.6813792, 45.0150033 ] } },
{ "type": "Feature", "properties": { "name": "Sansovino" }, "geometry": { "type": "Point", "coordinates": [ 7.6398037, 45.1020431 ] } },
{ "type": "Feature", "properties": { "name": "Ospedale Giovanni Bosco" }, "geometry": { "type": "Point", "coordinates": [ 7.6990589, 45.0974469 ] } },
{ "type": "Feature", "properties": { "name": "Lulli" }, "geometry": { "type": "Point", "coordinates": [ 7.66956, 45.11123 ] } },
{ "type": "Feature", "properties": { "name": "Santa Brigida" }, "geometry": { "type": "Point", "coordinates": [ 7.6969682, 45.0104825 ] } },
{ "type": "Feature", "properties": { "name": "Sant'anna N.9" }, "geometry": { "type": "Point", "coordinates": [ 7.72153, 45.05822 ] } },
{ "type": "Feature", "properties": { "name": "Somalia" }, "geometry": { "type": "Point", "coordinates": [ 7.6592891, 45.0138881 ] } },
{ "type": "Feature", "properties": { "name": "Pramollo" }, "geometry": { "type": "Point", "coordinates": [ 7.6257504, 45.0219448 ] } },
{ "type": "Feature", "properties": { "name": "Volpiano (v. Torino 149)" }, "geometry": { "type": "Point", "coordinates": [ 7.762023, 45.1716094 ] } },
{ "type": "Feature", "properties": { "name": "Valprato" }, "geometry": { "type": "Point", "coordinates": [ 7.690039, 45.0928003 ] } },
{ "type": "Feature", "properties": { "name": "Robilant Sud" }, "geometry": { "type": "Point", "coordinates": [ 7.6454824, 45.0600215 ] } },
{ "type": "Feature", "properties": { "name": "Borromini" }, "geometry": { "type": "Point", "coordinates": [ 7.7098368, 45.0664881 ] } },
{ "type": "Feature", "properties": { "name": "Mameli" }, "geometry": { "type": "Point", "coordinates": [ 7.659566, 44.9905755 ] } },
{ "type": "Feature", "properties": { "name": "Meisino" }, "geometry": { "type": "Point", "coordinates": [ 7.7342917, 45.0865807 ] } },
{ "type": "Feature", "properties": { "name": "Borgata Villaretto" }, "geometry": { "type": "Point", "coordinates": [ 7.6870089, 45.1319112 ] } },
{ "type": "Feature", "properties": { "name": "Vittorio Emanuele II" }, "geometry": { "type": "Point", "coordinates": [ 7.6734314, 45.0639343 ] } },
{ "type": "Feature", "properties": { "name": "Gladioli" }, "geometry": { "type": "Point", "coordinates": [ 7.6300393, 45.1017072 ] } },
{ "type": "Feature", "properties": { "name": "Vercelli" }, "geometry": { "type": "Point", "coordinates": [ 7.6841209, 45.084232 ] } },
{ "type": "Feature", "properties": { "name": "Monginevro" }, "geometry": { "type": "Point", "coordinates": [ 7.6365185, 45.0648984 ] } },
{ "type": "Feature", "properties": { "name": "Oxilia Est" }, "geometry": { "type": "Point", "coordinates": [ 7.7008332, 45.1047432 ] } },
{ "type": "Feature", "properties": { "name": "Torricelli" }, "geometry": { "type": "Point", "coordinates": [ 7.6496309, 45.0045065 ] } },
{ "type": "Feature", "properties": { "name": "Lamarmora" }, "geometry": { "type": "Point", "coordinates": [ 7.5836558, 45.0654957 ] } },
{ "type": "Feature", "properties": { "name": "Monteu Da Po" }, "geometry": { "type": "Point", "coordinates": [ 7.7229739, 45.0697726 ] } },
{ "type": "Feature", "properties": { "name": "Lepanto" }, "geometry": { "type": "Point", "coordinates": [ 7.6617775, 45.0465371 ] } },
{ "type": "Feature", "properties": { "name": "Cattaneo Est" }, "geometry": { "type": "Point", "coordinates": [ 7.62603, 45.03538 ] } },
{ "type": "Feature", "properties": { "name": "Alfieri" }, "geometry": { "type": "Point", "coordinates": [ 7.7693306, 45.1059253 ] } },
{ "type": "Feature", "properties": { "name": "Baldissera Sud" }, "geometry": { "type": "Point", "coordinates": [ 7.6768183, 45.0890493 ] } },
{ "type": "Feature", "properties": { "name": "Ancona" }, "geometry": { "type": "Point", "coordinates": [ 7.6927237, 45.0805036 ] } },
{ "type": "Feature", "properties": { "name": "Ada Negri" }, "geometry": { "type": "Point", "coordinates": [ 7.64167, 45.05156 ] } },
{ "type": "Feature", "properties": { "name": "Rivoli (Strada Santa Maria)" }, "geometry": { "type": "Point", "coordinates": [ 7.5110118, 45.0579521 ] } },
{ "type": "Feature", "properties": { "name": "Moncalvo" }, "geometry": { "type": "Point", "coordinates": [ 7.7107851, 45.0649166 ] } },
{ "type": "Feature", "properties": { "name": "Borsi" }, "geometry": { "type": "Point", "coordinates": [ 7.653128, 45.0980159 ] } },
{ "type": "Feature", "properties": { "name": "Eritrea" }, "geometry": { "type": "Point", "coordinates": [ 7.6133888, 45.071505 ] } },
{ "type": "Feature", "properties": { "name": "Tinivella" }, "geometry": { "type": "Point", "coordinates": [ 7.76594, 45.14806 ] } },
{ "type": "Feature", "properties": { "name": "Cartman" }, "geometry": { "type": "Point", "coordinates": [ 7.7389641, 45.0762399 ] } },
{ "type": "Feature", "properties": { "name": "V Circoscrizione" }, "geometry": { "type": "Point", "coordinates": [ 7.6677347, 45.1008496 ] } },
{ "type": "Feature", "properties": { "name": "Siracusa" }, "geometry": { "type": "Point", "coordinates": [ 7.633237, 45.0460865 ] } },
{ "type": "Feature", "properties": { "name": "Vittorio Veneto" }, "geometry": { "type": "Point", "coordinates": [ 7.6963958, 45.0649 ] } },
{ "type": "Feature", "properties": { "name": "Revello" }, "geometry": { "type": "Point", "coordinates": [ 7.64932, 45.07092 ] } },
{ "type": "Feature", "properties": { "name": "Cadibona" }, "geometry": { "type": "Point", "coordinates": [ 7.71614, 45.02558 ] } },
{ "type": "Feature", "properties": { "name": "Avellino" }, "geometry": { "type": "Point", "coordinates": [ 7.66228, 45.08391 ] } },
{ "type": "Feature", "properties": { "name": "Petrarca" }, "geometry": { "type": "Point", "coordinates": [ 7.6187321, 45.1150787 ] } },
{ "type": "Feature", "properties": { "name": "Vibò" }, "geometry": { "type": "Point", "coordinates": [ 7.678487, 45.094281 ] } },
{ "type": "Feature", "properties": { "name": "Liceo Valsalice" }, "geometry": { "type": "Point", "coordinates": [ 7.7016739, 45.0537536 ] } },
{ "type": "Feature", "properties": { "name": "Capriolo" }, "geometry": { "type": "Point", "coordinates": [ 7.6416644, 45.0676043 ] } },
{ "type": "Feature", "properties": { "name": "Tetti None (v. Bellavista 24)" }, "geometry": { "type": "Point", "coordinates": [ 7.7926, 45.08563 ] } },
{ "type": "Feature", "properties": { "name": "Bologna" }, "geometry": { "type": "Point", "coordinates": [ 7.7079808, 45.0875665 ] } },
{ "type": "Feature", "properties": { "name": "Monginevro Est" }, "geometry": { "type": "Point", "coordinates": [ 7.6553492, 45.0658601 ] } },
{ "type": "Feature", "properties": { "name": "Francia" }, "geometry": { "type": "Point", "coordinates": [ 7.5953502, 45.0741638 ] } },
{ "type": "Feature", "properties": { "name": "Puglia Cancello 4" }, "geometry": { "type": "Point", "coordinates": [ 7.7256596, 45.1073383 ] } },
{ "type": "Feature", "properties": { "name": "Treviso" }, "geometry": { "type": "Point", "coordinates": [ 7.6694818, 45.087286 ] } },
{ "type": "Feature", "properties": { "name": "San Maurizio Capolinea" }, "geometry": { "type": "Point", "coordinates": [ 7.6983407, 45.0657966 ] } },
{ "type": "Feature", "properties": { "name": "Giambone" }, "geometry": { "type": "Point", "coordinates": [ 7.6466837, 45.0330786 ] } },
{ "type": "Feature", "properties": { "name": "Olevano N.87" }, "geometry": { "type": "Point", "coordinates": [ 7.5690392, 45.0589995 ] } },
{ "type": "Feature", "properties": { "name": "Motovelodromo" }, "geometry": { "type": "Point", "coordinates": [ 7.7175775, 45.0688333 ] } },
{ "type": "Feature", "properties": { "name": "Canelli" }, "geometry": { "type": "Point", "coordinates": [ 7.6597891, 45.0187971 ] } },
{ "type": "Feature", "properties": { "name": "Vandalino Ovest" }, "geometry": { "type": "Point", "coordinates": [ 7.5992765, 45.070409 ] } },
{ "type": "Feature", "properties": { "name": "Levi" }, "geometry": { "type": "Point", "coordinates": [ 7.5819665, 45.0467867 ] } },
{ "type": "Feature", "properties": { "name": "Cernaia" }, "geometry": { "type": "Point", "coordinates": [ 7.6748097, 45.0715066 ] } },
{ "type": "Feature", "properties": { "name": "Volpiano (Piscina-v. Trento)" }, "geometry": { "type": "Point", "coordinates": [ 7.7743155, 45.1917039 ] } },
{ "type": "Feature", "properties": { "name": "Borgo Dora" }, "geometry": { "type": "Point", "coordinates": [ 7.6859472, 45.0801083 ] } },
{ "type": "Feature", "properties": { "name": "Fleming - C.N.R." }, "geometry": { "type": "Point", "coordinates": [ 7.638437, 45.0169388 ] } },
{ "type": "Feature", "properties": { "name": "Palazzetto" }, "geometry": { "type": "Point", "coordinates": [ 7.7060621, 45.140938 ] } },
{ "type": "Feature", "properties": { "name": "Lecce" }, "geometry": { "type": "Point", "coordinates": [ 7.6505791, 45.0869646 ] } },
{ "type": "Feature", "properties": { "name": "SKF Somecat" }, "geometry": { "type": "Point", "coordinates": [ 7.6011154, 45.1215474 ] } },
{ "type": "Feature", "properties": { "name": "Castelvecchio" }, "geometry": { "type": "Point", "coordinates": [ 7.6902219, 45.0042121 ] } },
{ "type": "Feature", "properties": { "name": "Villaggio Olimpia" }, "geometry": { "type": "Point", "coordinates": [ 7.7303776, 45.124707 ] } },
{ "type": "Feature", "properties": { "name": "Pavese" }, "geometry": { "type": "Point", "coordinates": [ 7.6307006, 45.0183771 ] } },
{ "type": "Feature", "properties": { "name": "La Cassa (Truc di Miola)" }, "geometry": { "type": "Point", "coordinates": [ 7.513973, 45.19505 ] } },
{ "type": "Feature", "properties": { "name": "Mole Antonelliana" }, "geometry": { "type": "Point", "coordinates": [ 7.693693, 45.0705047 ] } },
{ "type": "Feature", "properties": { "name": "Nichelino (v. Torino/v. Galimberti)" }, "geometry": { "type": "Point", "coordinates": [ 7.65075, 44.99802 ] } },
{ "type": "Feature", "properties": { "name": "Medici" }, "geometry": { "type": "Point", "coordinates": [ 7.6467494, 45.0800134 ] } },
{ "type": "Feature", "properties": { "name": "Susa" }, "geometry": { "type": "Point", "coordinates": [ 7.5197455, 45.0732646 ] } },
{ "type": "Feature", "properties": { "name": "Moncalvo" }, "geometry": { "type": "Point", "coordinates": [ 7.71239, 45.02472 ] } },
{ "type": "Feature", "properties": { "name": "Rondò Bernardo" }, "geometry": { "type": "Point", "coordinates": [ 7.6159749, 45.0056297 ] } },
{ "type": "Feature", "properties": { "name": "Don Bosco" }, "geometry": { "type": "Point", "coordinates": [ 7.669741, 45.0825728 ] } },
{ "type": "Feature", "properties": { "name": "Fortino" }, "geometry": { "type": "Point", "coordinates": [ 7.6755151, 45.0866097 ] } },
{ "type": "Feature", "properties": { "name": "Pitagora Nord" }, "geometry": { "type": "Point", "coordinates": [ 7.6341619, 45.0411934 ] } },
{ "type": "Feature", "properties": { "name": "Crispi Sud" }, "geometry": { "type": "Point", "coordinates": [ 7.6878507, 45.088345 ] } },
{ "type": "Feature", "properties": { "name": "Pascolo" }, "geometry": { "type": "Point", "coordinates": [ 7.6406451, 44.9968308 ] } },
{ "type": "Feature", "properties": { "name": "Regio Parco" }, "geometry": { "type": "Point", "coordinates": [ 7.7004044, 45.0798068 ] } },
{ "type": "Feature", "properties": { "name": "Germanasca" }, "geometry": { "type": "Point", "coordinates": [ 7.6524156, 45.0652687 ] } },
{ "type": "Feature", "properties": { "name": "Del Brucco" }, "geometry": { "type": "Point", "coordinates": [ 7.5803211, 45.0850816 ] } },
{ "type": "Feature", "properties": { "name": "Vico" }, "geometry": { "type": "Point", "coordinates": [ 7.6680131, 45.0087933 ] } },
{ "type": "Feature", "properties": { "name": "Pramollo" }, "geometry": { "type": "Point", "coordinates": [ 7.6256751, 45.0218088 ] } },
{ "type": "Feature", "properties": { "name": "Casana" }, "geometry": { "type": "Point", "coordinates": [ 7.6438471, 45.0277732 ] } },
{ "type": "Feature", "properties": { "name": "Traforo" }, "geometry": { "type": "Point", "coordinates": [ 7.7866739, 45.0380588 ] } },
{ "type": "Feature", "properties": { "name": "Curreno" }, "geometry": { "type": "Point", "coordinates": [ 7.69531, 45.05484 ] } },
{ "type": "Feature", "properties": { "name": "Sebastopoli" }, "geometry": { "type": "Point", "coordinates": [ 7.6452764, 45.0444057 ] } },
{ "type": "Feature", "properties": { "name": "San Luigi N.61" }, "geometry": { "type": "Point", "coordinates": [ 7.5368385, 45.0290644 ] } },
{ "type": "Feature", "properties": { "name": "Ancina" }, "geometry": { "type": "Point", "coordinates": [ 7.7120708, 45.0961947 ] } },
{ "type": "Feature", "properties": { "name": "Galimberti" }, "geometry": { "type": "Point", "coordinates": [ 7.656381, 45.0326894 ] } },
{ "type": "Feature", "properties": { "name": "Don Borio Capolinea" }, "geometry": { "type": "Point", "coordinates": [ 7.6179526, 45.0447268 ] } },
{ "type": "Feature", "properties": { "name": "Settimo (v. Torino-Lucchini)" }, "geometry": { "type": "Point", "coordinates": [ 7.7451959, 45.1471436 ] } },
{ "type": "Feature", "properties": { "name": "Trieste Ovest" }, "geometry": { "type": "Point", "coordinates": [ 7.671731, 45.0057777 ] } },
{ "type": "Feature", "properties": { "name": "San Giuseppe" }, "geometry": { "type": "Point", "coordinates": [ 7.6334229, 45.1266207 ] } },
{ "type": "Feature", "properties": { "name": "Breglio" }, "geometry": { "type": "Point", "coordinates": [ 7.6804718, 45.0985504 ] } },
{ "type": "Feature", "properties": { "name": "Unione Sovietica" }, "geometry": { "type": "Point", "coordinates": [ 7.6393734, 45.0258913 ] } },
{ "type": "Feature", "properties": { "name": "Giulio Cesare" }, "geometry": { "type": "Point", "coordinates": [ 7.7008864, 45.1049355 ] } },
{ "type": "Feature", "properties": { "name": "Pitagora" }, "geometry": { "type": "Point", "coordinates": [ 7.64669, 45.0018 ] } },
{ "type": "Feature", "properties": { "name": "Di Vittorio" }, "geometry": { "type": "Point", "coordinates": [ 7.6477124, 45.1252844 ] } },
{ "type": "Feature", "properties": { "name": "Pastrengo Nord" }, "geometry": { "type": "Point", "coordinates": [ 7.5823836, 45.083319 ] } },
{ "type": "Feature", "properties": { "name": "Tempia" }, "geometry": { "type": "Point", "coordinates": [ 7.706213, 45.1177814 ] } },
{ "type": "Feature", "properties": { "name": "Bengasi Sud" }, "geometry": { "type": "Point", "coordinates": [ 7.6625428, 45.0156047 ] } },
{ "type": "Feature", "properties": { "name": "Omero Ovest" }, "geometry": { "type": "Point", "coordinates": [ 7.6270384, 45.0391421 ] } },
{ "type": "Feature", "properties": { "name": "Roma" }, "geometry": { "type": "Point", "coordinates": [ 7.8196731, 45.0053896 ] } },
{ "type": "Feature", "properties": { "name": "Volpiano (v. Torino 81-Lago Azzurro)" }, "geometry": { "type": "Point", "coordinates": [ 7.7682117, 45.1807593 ] } },
{ "type": "Feature", "properties": { "name": "Taricco" }, "geometry": { "type": "Point", "coordinates": [ 7.7997562, 45.0275771 ] } },
{ "type": "Feature", "properties": { "name": "Lauro Rossi" }, "geometry": { "type": "Point", "coordinates": [ 7.6910777, 45.0949006 ] } },
{ "type": "Feature", "properties": { "name": "Venaria (Ponte Verde)" }, "geometry": { "type": "Point", "coordinates": [ 7.6123755, 45.141417 ] } },
{ "type": "Feature", "properties": { "name": "Norvegia" }, "geometry": { "type": "Point", "coordinates": [ 7.6548386, 45.1566748 ] } },
{ "type": "Feature", "properties": { "name": "Dei Mille" }, "geometry": { "type": "Point", "coordinates": [ 7.60657, 45.06445 ] } },
{ "type": "Feature", "properties": { "name": "D'Harcourt" }, "geometry": { "type": "Point", "coordinates": [ 7.732228, 45.066123 ] } },
{ "type": "Feature", "properties": { "name": "Fermi" }, "geometry": { "type": "Point", "coordinates": [ 7.591465, 45.0760425 ] } },
{ "type": "Feature", "properties": { "name": "Casteldelfino" }, "geometry": { "type": "Point", "coordinates": [ 7.6723498, 45.1049552 ] } },
{ "type": "Feature", "properties": { "name": "Mattatoio Sud" }, "geometry": { "type": "Point", "coordinates": [ 7.6290709, 45.1088264 ] } },
{ "type": "Feature", "properties": { "name": "Chiesa della Salute" }, "geometry": { "type": "Point", "coordinates": [ 7.6819619, 45.1043836 ] } },
{ "type": "Feature", "properties": { "name": "Rivalta (v. Moriondo/v. La Malfa)" }, "geometry": { "type": "Point", "coordinates": [ 7.5231485, 45.0268989 ] } },
{ "type": "Feature", "properties": { "name": "Francia" }, "geometry": { "type": "Point", "coordinates": [ 7.635608, 45.074727 ] } },
{ "type": "Feature", "properties": { "name": "Rebaudengo" }, "geometry": { "type": "Point", "coordinates": [ 7.6966693, 45.10332 ] } },
{ "type": "Feature", "properties": { "name": "Sabotino Est" }, "geometry": { "type": "Point", "coordinates": [ 7.650333, 45.0649585 ] } },
{ "type": "Feature", "properties": { "name": "Fabbrichetta" }, "geometry": { "type": "Point", "coordinates": [ 7.56278, 45.07093 ] } },
{ "type": "Feature", "properties": { "name": "Ospedale di Rivoli Capolinea" }, "geometry": { "type": "Point", "coordinates": [ 7.5204699, 45.0591348 ] } },
{ "type": "Feature", "properties": { "name": "Corradino Capolinea" }, "geometry": { "type": "Point", "coordinates": [ 7.6643325, 45.0171618 ] } },
{ "type": "Feature", "properties": { "name": "Salvemini Ovest" }, "geometry": { "type": "Point", "coordinates": [ 7.6211775, 45.0469755 ] } },
{ "type": "Feature", "properties": { "name": "Volpiano (Ultragas)" }, "geometry": { "type": "Point", "coordinates": [ 7.7516685, 45.191331 ] } },
{ "type": "Feature", "properties": { "name": "Massari" }, "geometry": { "type": "Point", "coordinates": [ 7.6793387, 45.1070169 ] } },
{ "type": "Feature", "properties": { "name": "Costituzione Est" }, "geometry": { "type": "Point", "coordinates": [ 7.7741666, 45.1075025 ] } },
{ "type": "Feature", "properties": { "name": "XI Febbraio" }, "geometry": { "type": "Point", "coordinates": [ 7.6870977, 45.075468 ] } },
{ "type": "Feature", "properties": { "name": "Largo Palermo" }, "geometry": { "type": "Point", "coordinates": [ 7.693197, 45.0849207 ] } },
{ "type": "Feature", "properties": { "name": "Leini (Fornacino)" }, "geometry": { "type": "Point", "coordinates": [ 7.7362664, 45.1500059 ] } },
{ "type": "Feature", "properties": { "name": "Guala" }, "geometry": { "type": "Point", "coordinates": [ 7.6432933, 45.0243901 ] } },
{ "type": "Feature", "properties": { "name": "Toti" }, "geometry": { "type": "Point", "coordinates": [ 7.5186756, 45.0820528 ] } },
{ "type": "Feature", "properties": { "name": "Della Viola" }, "geometry": { "type": "Point", "coordinates": [ 7.7106325, 45.0276522 ] } },
{ "type": "Feature", "properties": { "name": "Forli" }, "geometry": { "type": "Point", "coordinates": [ 7.6523732, 45.0929951 ] } },
{ "type": "Feature", "properties": { "name": "Primule Capolinea" }, "geometry": { "type": "Point", "coordinates": [ 7.7245268, 44.994625 ] } },
{ "type": "Feature", "properties": { "name": "Baricco" }, "geometry": { "type": "Point", "coordinates": [ 7.73808, 45.01896 ] } },
{ "type": "Feature", "properties": { "name": "Livorno" }, "geometry": { "type": "Point", "coordinates": [ 7.6661528, 45.0824064 ] } },
{ "type": "Feature", "properties": { "name": "Pallavicino" }, "geometry": { "type": "Point", "coordinates": [ 7.6344855, 45.0016691 ] } },
{ "type": "Feature", "properties": { "name": "Pervinche" }, "geometry": { "type": "Point", "coordinates": [ 7.6360395, 45.1036263 ] } },
{ "type": "Feature", "properties": { "name": "Novara" }, "geometry": { "type": "Point", "coordinates": [ 7.6981518, 45.0835305 ] } },
{ "type": "Feature", "properties": { "name": "Risorgimento" }, "geometry": { "type": "Point", "coordinates": [ 7.6527415, 45.0795974 ] } },
{ "type": "Feature", "properties": { "name": "Corsica" }, "geometry": { "type": "Point", "coordinates": [ 7.6513343, 45.0313801 ] } },
{ "type": "Feature", "properties": { "name": "Dora Riparia" }, "geometry": { "type": "Point", "coordinates": [ 7.5708875, 45.0892283 ] } },
{ "type": "Feature", "properties": { "name": "Brianza" }, "geometry": { "type": "Point", "coordinates": [ 7.7185185, 45.0746386 ] } },
{ "type": "Feature", "properties": { "name": "Canelli" }, "geometry": { "type": "Point", "coordinates": [ 7.6607023, 45.018979 ] } },
{ "type": "Feature", "properties": { "name": "Rodi" }, "geometry": { "type": "Point", "coordinates": [ 7.6227169, 45.0557082 ] } },
{ "type": "Feature", "properties": { "name": "Pirandello" }, "geometry": { "type": "Point", "coordinates": [ 7.7587954, 45.133284 ] } },
{ "type": "Feature", "properties": { "name": "Rivoli (Ospedale)" }, "geometry": { "type": "Point", "coordinates": [ 7.5187201, 45.061008 ] } },
{ "type": "Feature", "properties": { "name": "Ospedale CTO" }, "geometry": { "type": "Point", "coordinates": [ 7.6763222, 45.0340319 ] } },
{ "type": "Feature", "properties": { "name": "Pacchiotti" }, "geometry": { "type": "Point", "coordinates": [ 7.6212797, 45.0779491 ] } },
{ "type": "Feature", "properties": { "name": "Ala di Stura Nord" }, "geometry": { "type": "Point", "coordinates": [ 7.6862254, 45.109362 ] } },
{ "type": "Feature", "properties": { "name": "Caselle (str. Ciriè 46)" }, "geometry": { "type": "Point", "coordinates": [ 7.6405035, 45.1830088 ] } },
{ "type": "Feature", "properties": { "name": "Mascagni" }, "geometry": { "type": "Point", "coordinates": [ 7.7034718, 45.0987766 ] } },
{ "type": "Feature", "properties": { "name": "San Mauro (Angelotti)" }, "geometry": { "type": "Point", "coordinates": [ 7.78274, 45.11036 ] } },
{ "type": "Feature", "properties": { "name": "Palagiustizia" }, "geometry": { "type": "Point", "coordinates": [ 7.6618746, 45.070694 ] } },
{ "type": "Feature", "properties": { "name": "Bernini Est" }, "geometry": { "type": "Point", "coordinates": [ 7.6543493, 45.0760526 ] } },
{ "type": "Feature", "properties": { "name": "Fermi Sud" }, "geometry": { "type": "Point", "coordinates": [ 7.5911901, 45.0759303 ] } },
{ "type": "Feature", "properties": { "name": "Itis Natta Capolinea" }, "geometry": { "type": "Point", "coordinates": [ 7.5299353, 45.0669914 ] } },
{ "type": "Feature", "properties": { "name": "Finalmarina" }, "geometry": { "type": "Point", "coordinates": [ 7.6695881, 45.0322583 ] } },
{ "type": "Feature", "properties": { "name": "Benso" }, "geometry": { "type": "Point", "coordinates": [ 7.8044885, 45.0244624 ] } },
{ "type": "Feature", "properties": { "name": "Cena" }, "geometry": { "type": "Point", "coordinates": [ 7.69766, 45.109072 ] } },
{ "type": "Feature", "properties": { "name": "Roma" }, "geometry": { "type": "Point", "coordinates": [ 7.6836535, 45.0681219 ] } },
{ "type": "Feature", "properties": { "name": "Cincinnato" }, "geometry": { "type": "Point", "coordinates": [ 7.64585, 45.10035 ] } },
{ "type": "Feature", "properties": { "name": "La Cassa (Truc di Miola)" }, "geometry": { "type": "Point", "coordinates": [ 7.513951, 45.1951242 ] } },
{ "type": "Feature", "properties": { "name": "Palmieri" }, "geometry": { "type": "Point", "coordinates": [ 7.6606978, 45.074477 ] } },
{ "type": "Feature", "properties": { "name": "Resistenza N.10" }, "geometry": { "type": "Point", "coordinates": [ 7.8069837, 44.997885 ] } },
{ "type": "Feature", "properties": { "name": "Traverse" }, "geometry": { "type": "Point", "coordinates": [ 7.7418802, 45.0754198 ] } },
{ "type": "Feature", "properties": { "name": "Saorgio" }, "geometry": { "type": "Point", "coordinates": [ 7.6760553, 45.096671 ] } },
{ "type": "Feature", "properties": { "name": "Peschiera" }, "geometry": { "type": "Point", "coordinates": [ 7.633643, 45.0712418 ] } },
{ "type": "Feature", "properties": { "name": "Carmagnola" }, "geometry": { "type": "Point", "coordinates": [ 7.6891441, 45.0851293 ] } },
{ "type": "Feature", "properties": { "name": "Rovereto" }, "geometry": { "type": "Point", "coordinates": [ 7.6390944, 45.0470993 ] } },
{ "type": "Feature", "properties": { "name": "Casale N.25" }, "geometry": { "type": "Point", "coordinates": [ 7.7696081, 45.104738 ] } },
{ "type": "Feature", "properties": { "name": "Corsica Est" }, "geometry": { "type": "Point", "coordinates": [ 7.6511417, 45.0286523 ] } },
{ "type": "Feature", "properties": { "name": "Gerbido" }, "geometry": { "type": "Point", "coordinates": [ 7.5992174, 45.0518903 ] } },
{ "type": "Feature", "properties": { "name": "Puglia" }, "geometry": { "type": "Point", "coordinates": [ 7.7284271, 45.1083762 ] } },
{ "type": "Feature", "properties": { "name": "Primule Sud" }, "geometry": { "type": "Point", "coordinates": [ 7.6286998, 45.0982932 ] } },
{ "type": "Feature", "properties": { "name": "Settimio Severo" }, "geometry": { "type": "Point", "coordinates": [ 7.6947606, 45.0474673 ] } },
{ "type": "Feature", "properties": { "name": "Agnelli Est" }, "geometry": { "type": "Point", "coordinates": [ 7.6481575, 45.040866 ] } },
{ "type": "Feature", "properties": { "name": "Philips" }, "geometry": { "type": "Point", "coordinates": [ 7.523217, 45.0951606 ] } },
{ "type": "Feature", "properties": { "name": "Ancina" }, "geometry": { "type": "Point", "coordinates": [ 7.7137102, 45.0967919 ] } },
{ "type": "Feature", "properties": { "name": "Tassoni Capolinea" }, "geometry": { "type": "Point", "coordinates": [ 7.6556796, 45.0847506 ] } },
{ "type": "Feature", "properties": { "name": "Induno" }, "geometry": { "type": "Point", "coordinates": [ 7.6198078, 45.0368993 ] } },
{ "type": "Feature", "properties": { "name": "Mongreno N.250" }, "geometry": { "type": "Point", "coordinates": [ 7.7487922, 45.0670217 ] } },
{ "type": "Feature", "properties": { "name": "Spezia" }, "geometry": { "type": "Point", "coordinates": [ 7.6718369, 45.0377626 ] } },
{ "type": "Feature", "properties": { "name": "Amendola" }, "geometry": { "type": "Point", "coordinates": [ 7.6374776, 44.9976925 ] } },
{ "type": "Feature", "properties": { "name": "Bertola Capolinea" }, "geometry": { "type": "Point", "coordinates": [ 7.6816003, 45.069892 ] } },
{ "type": "Feature", "properties": { "name": "Bovetti" }, "geometry": { "type": "Point", "coordinates": [ 7.6374465, 45.0142083 ] } },
{ "type": "Feature", "properties": { "name": "Lanza" }, "geometry": { "type": "Point", "coordinates": [ 7.6975928, 45.0549872 ] } },
{ "type": "Feature", "properties": { "name": "Borsi" }, "geometry": { "type": "Point", "coordinates": [ 7.6532249, 45.0954633 ] } },
{ "type": "Feature", "properties": { "name": "Colombo" }, "geometry": { "type": "Point", "coordinates": [ 7.578839, 45.0286392 ] } },
{ "type": "Feature", "properties": { "name": "Costalunga" }, "geometry": { "type": "Point", "coordinates": [ 7.69389, 45.00835 ] } },
{ "type": "Feature", "properties": { "name": "San Vincenzo" }, "geometry": { "type": "Point", "coordinates": [ 7.7209639, 45.0504019 ] } },
{ "type": "Feature", "properties": { "name": "Volpiano (v. Torino 149)" }, "geometry": { "type": "Point", "coordinates": [ 7.7615081, 45.1712236 ] } },
{ "type": "Feature", "properties": { "name": "Trento Cap." }, "geometry": { "type": "Point", "coordinates": [ 7.6435101, 44.993923 ] } },
{ "type": "Feature", "properties": { "name": "Montanaro" }, "geometry": { "type": "Point", "coordinates": [ 7.6952671, 45.0927105 ] } },
{ "type": "Feature", "properties": { "name": "Pirano" }, "geometry": { "type": "Point", "coordinates": [ 7.6432165, 45.1034668 ] } },
{ "type": "Feature", "properties": { "name": "San Pancrazio" }, "geometry": { "type": "Point", "coordinates": [ 7.5465137, 45.1031832 ] } },
{ "type": "Feature", "properties": { "name": "Abbadia di Stura" }, "geometry": { "type": "Point", "coordinates": [ 7.7079885, 45.1232283 ] } },
{ "type": "Feature", "properties": { "name": "Tunisi" }, "geometry": { "type": "Point", "coordinates": [ 7.6576566, 45.0408065 ] } },
{ "type": "Feature", "properties": { "name": "Torino" }, "geometry": { "type": "Point", "coordinates": [ 7.6077347, 45.0673443 ] } },
{ "type": "Feature", "properties": { "name": "Cebrosa" }, "geometry": { "type": "Point", "coordinates": [ 7.732403, 45.1146284 ] } },
{ "type": "Feature", "properties": { "name": "Del Francese N.21" }, "geometry": { "type": "Point", "coordinates": [ 7.6620173, 45.1346114 ] } },
{ "type": "Feature", "properties": { "name": "Molinette" }, "geometry": { "type": "Point", "coordinates": [ 7.6751628, 45.0418652 ] } },
{ "type": "Feature", "properties": { "name": "Mattatoio Nord" }, "geometry": { "type": "Point", "coordinates": [ 7.6296398, 45.1114537 ] } },
{ "type": "Feature", "properties": { "name": "Volgograd Nord" }, "geometry": { "type": "Point", "coordinates": [ 7.7157209, 45.130482 ] } },
{ "type": "Feature", "properties": { "name": "Sicilia" }, "geometry": { "type": "Point", "coordinates": [ 7.68476, 45.04326 ] } },
{ "type": "Feature", "properties": { "name": "Traiano" }, "geometry": { "type": "Point", "coordinates": [ 7.63732, 45.02645 ] } },
{ "type": "Feature", "properties": { "name": "Villa della Regina" }, "geometry": { "type": "Point", "coordinates": [ 7.7048321, 45.0597499 ] } },
{ "type": "Feature", "properties": { "name": "Altessano" }, "geometry": { "type": "Point", "coordinates": [ 7.6484423, 45.1018943 ] } },
{ "type": "Feature", "properties": { "name": "Verdi (Peso)" }, "geometry": { "type": "Point", "coordinates": [ 7.5811718, 45.1300738 ] } },
{ "type": "Feature", "properties": { "name": "Leini (v.le Europa/v.Volpiano)" }, "geometry": { "type": "Point", "coordinates": [ 7.7202894, 45.186026 ] } },
{ "type": "Feature", "properties": { "name": "Trieste Capolinea" }, "geometry": { "type": "Point", "coordinates": [ 7.6792765, 45.000583 ] } },
{ "type": "Feature", "properties": { "name": "Leoncavallo" }, "geometry": { "type": "Point", "coordinates": [ 7.7928557, 45.0313912 ] } },
{ "type": "Feature", "properties": { "name": "Rossini" }, "geometry": { "type": "Point", "coordinates": [ 7.6904328, 45.06804 ] } },
{ "type": "Feature", "properties": { "name": "Zumaglia" }, "geometry": { "type": "Point", "coordinates": [ 7.6448017, 45.0833207 ] } },
{ "type": "Feature", "properties": { "name": "C.R.F." }, "geometry": { "type": "Point", "coordinates": [ 7.7109888, 45.0321749 ] } },
{ "type": "Feature", "properties": { "name": "Torino (Ospedale Koelliker)" }, "geometry": { "type": "Point", "coordinates": [ 7.654535, 45.0416189 ] } },
{ "type": "Feature", "properties": { "name": "Settembrini" }, "geometry": { "type": "Point", "coordinates": [ 7.61353, 45.0305 ] } },
{ "type": "Feature", "properties": { "name": "Carrera Est" }, "geometry": { "type": "Point", "coordinates": [ 7.6276515, 45.07999 ] } },
{ "type": "Feature", "properties": { "name": "Cimitero Abbadia" }, "geometry": { "type": "Point", "coordinates": [ 7.7368009, 45.1172607 ] } },
{ "type": "Feature", "properties": { "name": "Ellero" }, "geometry": { "type": "Point", "coordinates": [ 7.6689826, 45.0343121 ] } },
{ "type": "Feature", "properties": { "name": "Berlinguer" }, "geometry": { "type": "Point", "coordinates": [ 7.633755, 44.998472 ] } },
{ "type": "Feature", "properties": { "name": "Medici" }, "geometry": { "type": "Point", "coordinates": [ 7.6372601, 45.0794809 ] } },
{ "type": "Feature", "properties": { "name": "Sandre Capolinea" }, "geometry": { "type": "Point", "coordinates": [ 7.64891, 45.1201896 ] } },
{ "type": "Feature", "properties": { "name": "Pianezza" }, "geometry": { "type": "Point", "coordinates": [ 7.5670232, 45.0920198 ] } },
{ "type": "Feature", "properties": { "name": "Sommariva" }, "geometry": { "type": "Point", "coordinates": [ 7.6635201, 45.0228666 ] } },
{ "type": "Feature", "properties": { "name": "Cascina Canonica" }, "geometry": { "type": "Point", "coordinates": [ 7.587928, 45.0962493 ] } },
{ "type": "Feature", "properties": { "name": "Villa Luigina" }, "geometry": { "type": "Point", "coordinates": [ 7.7521318, 45.0488018 ] } },
{ "type": "Feature", "properties": { "name": "Alberoni" }, "geometry": { "type": "Point", "coordinates": [ 7.6797972, 45.0340052 ] } },
{ "type": "Feature", "properties": { "name": "Pino Centro" }, "geometry": { "type": "Point", "coordinates": [ 7.7741825, 45.0430443 ] } },
{ "type": "Feature", "properties": { "name": "Vercelli" }, "geometry": { "type": "Point", "coordinates": [ 7.6920879, 45.0953846 ] } },
{ "type": "Feature", "properties": { "name": "Sansovino" }, "geometry": { "type": "Point", "coordinates": [ 7.6387545, 45.1020929 ] } },
{ "type": "Feature", "properties": { "name": "Rivoli (v. De Gasperi)" }, "geometry": { "type": "Point", "coordinates": [ 7.5065369, 45.0806734 ] } },
{ "type": "Feature", "properties": { "name": "Ponchielli" }, "geometry": { "type": "Point", "coordinates": [ 7.7051501, 45.0867145 ] } },
{ "type": "Feature", "properties": { "name": "Tetti None (v. Torino)" }, "geometry": { "type": "Point", "coordinates": [ 7.78742, 45.08605 ] } },
{ "type": "Feature", "properties": { "name": "Negri" }, "geometry": { "type": "Point", "coordinates": [ 7.7025888, 44.9958685 ] } },
{ "type": "Feature", "properties": { "name": "Sacrario Del Martinetto" }, "geometry": { "type": "Point", "coordinates": [ 7.6531365, 45.0842143 ] } },
{ "type": "Feature", "properties": { "name": "Ventimiglia Capolinea" }, "geometry": { "type": "Point", "coordinates": [ 7.673096, 45.0359164 ] } },
{ "type": "Feature", "properties": { "name": "Revigliasco N.176" }, "geometry": { "type": "Point", "coordinates": [ 7.7281561, 45.0037336 ] } },
{ "type": "Feature", "properties": { "name": "Breglio" }, "geometry": { "type": "Point", "coordinates": [ 7.6691277, 45.0990548 ] } },
{ "type": "Feature", "properties": { "name": "Primule N.18" }, "geometry": { "type": "Point", "coordinates": [ 7.626863, 45.1005436 ] } },
{ "type": "Feature", "properties": { "name": "Campo 47" }, "geometry": { "type": "Point", "coordinates": [ 7.5945671, 45.0366364 ] } },
{ "type": "Feature", "properties": { "name": "Belgioioso" }, "geometry": { "type": "Point", "coordinates": [ 7.698152, 45.1111891 ] } },
{ "type": "Feature", "properties": { "name": "Nichelino (v. Torino/v. E. Toti)" }, "geometry": { "type": "Point", "coordinates": [ 7.64923, 44.99703 ] } },
{ "type": "Feature", "properties": { "name": "Santa Rita Nord" }, "geometry": { "type": "Point", "coordinates": [ 7.6473508, 45.0478856 ] } },
{ "type": "Feature", "properties": { "name": "Gradisca" }, "geometry": { "type": "Point", "coordinates": [ 7.6450395, 45.0531314 ] } },
{ "type": "Feature", "properties": { "name": "Venaria" }, "geometry": { "type": "Point", "coordinates": [ 7.5746034, 45.0957793 ] } },
{ "type": "Feature", "properties": { "name": "Carcano" }, "geometry": { "type": "Point", "coordinates": [ 7.717, 45.07686 ] } },
{ "type": "Feature", "properties": { "name": "Fidia" }, "geometry": { "type": "Point", "coordinates": [ 7.62135, 45.07135 ] } },
{ "type": "Feature", "properties": { "name": "Cartman N.123" }, "geometry": { "type": "Point", "coordinates": [ 7.75582, 45.06779 ] } },
{ "type": "Feature", "properties": { "name": "Grugliasco (v. Lamarmora/v. Baracca)" }, "geometry": { "type": "Point", "coordinates": [ 7.58493, 45.06758 ] } },
{ "type": "Feature", "properties": { "name": "Re Umberto" }, "geometry": { "type": "Point", "coordinates": [ 7.6745818, 45.0665252 ] } },
{ "type": "Feature", "properties": { "name": "Novara" }, "geometry": { "type": "Point", "coordinates": [ 7.7010287, 45.0783273 ] } },
{ "type": "Feature", "properties": { "name": "Piazza Mercato" }, "geometry": { "type": "Point", "coordinates": [ 7.773802, 45.1347986 ] } },
{ "type": "Feature", "properties": { "name": "XXV Aprile N.65" }, "geometry": { "type": "Point", "coordinates": [ 7.6862105, 45.0346993 ] } },
{ "type": "Feature", "properties": { "name": "Pellerina" }, "geometry": { "type": "Point", "coordinates": [ 7.6428169, 45.0903608 ] } },
{ "type": "Feature", "properties": { "name": "Ponchielli" }, "geometry": { "type": "Point", "coordinates": [ 7.7049042, 45.0867809 ] } },
{ "type": "Feature", "properties": { "name": "Bernini Ovest" }, "geometry": { "type": "Point", "coordinates": [ 7.6556403, 45.0759179 ] } },
{ "type": "Feature", "properties": { "name": "Anselmetti" }, "geometry": { "type": "Point", "coordinates": [ 7.6059796, 45.017803 ] } },
{ "type": "Feature", "properties": { "name": "Savona" }, "geometry": { "type": "Point", "coordinates": [ 7.68884, 44.99595 ] } },
{ "type": "Feature", "properties": { "name": "Revigliasco N.196" }, "geometry": { "type": "Point", "coordinates": [ 7.7322045, 45.0101727 ] } },
{ "type": "Feature", "properties": { "name": "San Matteo" }, "geometry": { "type": "Point", "coordinates": [ 7.6654683, 45.0119943 ] } },
{ "type": "Feature", "properties": { "name": "Primule Sud" }, "geometry": { "type": "Point", "coordinates": [ 7.6274955, 45.0982572 ] } },
{ "type": "Feature", "properties": { "name": "Gottardo" }, "geometry": { "type": "Point", "coordinates": [ 7.6934614, 45.0999469 ] } },
{ "type": "Feature", "properties": { "name": "Giardini Reali" }, "geometry": { "type": "Point", "coordinates": [ 7.6898859, 45.0723072 ] } },
{ "type": "Feature", "properties": { "name": "Lombardia" }, "geometry": { "type": "Point", "coordinates": [ 7.6476382, 45.0974372 ] } },
{ "type": "Feature", "properties": { "name": "Orbassano (v. Parini)" }, "geometry": { "type": "Point", "coordinates": [ 7.5343587, 45.0049648 ] } },
{ "type": "Feature", "properties": { "name": "Italia Capolinea" }, "geometry": { "type": "Point", "coordinates": [ 7.6581603, 45.1572009 ] } },
{ "type": "Feature", "properties": { "name": "Mongreno N.134" }, "geometry": { "type": "Point", "coordinates": [ 7.74062, 45.07163 ] } },
{ "type": "Feature", "properties": { "name": "Principe Eugenio" }, "geometry": { "type": "Point", "coordinates": [ 7.6752243, 45.0793004 ] } },
{ "type": "Feature", "properties": { "name": "Siracusa" }, "geometry": { "type": "Point", "coordinates": [ 7.63356, 45.0557014 ] } },
{ "type": "Feature", "properties": { "name": "Febo" }, "geometry": { "type": "Point", "coordinates": [ 7.68812, 45.05043 ] } },
{ "type": "Feature", "properties": { "name": "Barbera" }, "geometry": { "type": "Point", "coordinates": [ 7.639298, 45.0188632 ] } },
{ "type": "Feature", "properties": { "name": "Tartini" }, "geometry": { "type": "Point", "coordinates": [ 7.7064529, 45.0987905 ] } },
{ "type": "Feature", "properties": { "name": "Grosseto" }, "geometry": { "type": "Point", "coordinates": [ 7.6499501, 45.1069853 ] } },
{ "type": "Feature", "properties": { "name": "Anselmetti" }, "geometry": { "type": "Point", "coordinates": [ 7.6064001, 45.0174286 ] } },
{ "type": "Feature", "properties": { "name": "Moncalvo N.10" }, "geometry": { "type": "Point", "coordinates": [ 7.70437, 45.02023 ] } },
{ "type": "Feature", "properties": { "name": "Puglia Cancello 3" }, "geometry": { "type": "Point", "coordinates": [ 7.720646, 45.1060514 ] } },
{ "type": "Feature", "properties": { "name": "Torino (C.so Potenza 175)" }, "geometry": { "type": "Point", "coordinates": [ 7.6613199, 45.1025274 ] } },
{ "type": "Feature", "properties": { "name": "Vespucci" }, "geometry": { "type": "Point", "coordinates": [ 7.66648, 45.05423 ] } },
{ "type": "Feature", "properties": { "name": "Brunelleschi" }, "geometry": { "type": "Point", "coordinates": [ 7.6246297, 45.0692302 ] } },
{ "type": "Feature", "properties": { "name": "Tolmino" }, "geometry": { "type": "Point", "coordinates": [ 7.6449849, 45.0561119 ] } },
{ "type": "Feature", "properties": { "name": "Boccherini" }, "geometry": { "type": "Point", "coordinates": [ 7.6927135, 45.1014076 ] } },
{ "type": "Feature", "properties": { "name": "Paroletti" }, "geometry": { "type": "Point", "coordinates": [ 7.7123321, 45.0909612 ] } },
{ "type": "Feature", "properties": { "name": "Franzoj" }, "geometry": { "type": "Point", "coordinates": [ 7.6166605, 45.080513 ] } },
{ "type": "Feature", "properties": { "name": "Mongreno N.218" }, "geometry": { "type": "Point", "coordinates": [ 7.745298, 45.0685584 ] } },
{ "type": "Feature", "properties": { "name": "Bonghi" }, "geometry": { "type": "Point", "coordinates": [ 7.66991, 45.1005711 ] } },
{ "type": "Feature", "properties": { "name": "Tazzoli Cancello 2" }, "geometry": { "type": "Point", "coordinates": [ 7.6352235, 45.0319526 ] } },
{ "type": "Feature", "properties": { "name": "Marconi" }, "geometry": { "type": "Point", "coordinates": [ 7.6810237, 45.0549699 ] } },
{ "type": "Feature", "properties": { "name": "Rubiana" }, "geometry": { "type": "Point", "coordinates": [ 7.63915, 45.07543 ] } },
{ "type": "Feature", "properties": { "name": "Derna" }, "geometry": { "type": "Point", "coordinates": [ 7.6994322, 45.1008655 ] } },
{ "type": "Feature", "properties": { "name": "Galimberti" }, "geometry": { "type": "Point", "coordinates": [ 7.6530841, 45.032842 ] } },
{ "type": "Feature", "properties": { "name": "Agnelli" }, "geometry": { "type": "Point", "coordinates": [ 7.640952, 45.030342 ] } },
{ "type": "Feature", "properties": { "name": "Cimitero Collegno" }, "geometry": { "type": "Point", "coordinates": [ 7.5794707, 45.0876351 ] } },
{ "type": "Feature", "properties": { "name": "Caltanissetta" }, "geometry": { "type": "Point", "coordinates": [ 7.66046, 45.11063 ] } },
{ "type": "Feature", "properties": { "name": "Primule Ovest" }, "geometry": { "type": "Point", "coordinates": [ 7.6250164, 45.1009459 ] } },
{ "type": "Feature", "properties": { "name": "Chiesa della Salute" }, "geometry": { "type": "Point", "coordinates": [ 7.6776244, 45.0924626 ] } },
{ "type": "Feature", "properties": { "name": "Bellavista" }, "geometry": { "type": "Point", "coordinates": [ 7.7971118, 45.0741567 ] } },
{ "type": "Feature", "properties": { "name": "Val Pattonera N.109" }, "geometry": { "type": "Point", "coordinates": [ 7.6928506, 45.0343414 ] } },
{ "type": "Feature", "properties": { "name": "Leini (bar Florian)" }, "geometry": { "type": "Point", "coordinates": [ 7.7192168, 45.1884343 ] } },
{ "type": "Feature", "properties": { "name": "Vittorio Veneto" }, "geometry": { "type": "Point", "coordinates": [ 7.6469081, 44.9948846 ] } },
{ "type": "Feature", "properties": { "name": "Sauro" }, "geometry": { "type": "Point", "coordinates": [ 7.6572018, 45.1021309 ] } },
{ "type": "Feature", "properties": { "name": "Stupinigi" }, "geometry": { "type": "Point", "coordinates": [ 7.6074663, 44.9983021 ] } },
{ "type": "Feature", "properties": { "name": "Modena" }, "geometry": { "type": "Point", "coordinates": [ 7.7316215, 45.0808377 ] } },
{ "type": "Feature", "properties": { "name": "Verolengo" }, "geometry": { "type": "Point", "coordinates": [ 7.6714255, 45.095707 ] } },
{ "type": "Feature", "properties": { "name": "Biscaretti" }, "geometry": { "type": "Point", "coordinates": [ 7.63079, 45.01909 ] } },
{ "type": "Feature", "properties": { "name": "Aquileia" }, "geometry": { "type": "Point", "coordinates": [ 7.6834801, 45.0411161 ] } },
{ "type": "Feature", "properties": { "name": "Capelli" }, "geometry": { "type": "Point", "coordinates": [ 7.6351473, 45.0817439 ] } },
{ "type": "Feature", "properties": { "name": "Boston" }, "geometry": { "type": "Point", "coordinates": [ 7.6339838, 45.043549 ] } },
{ "type": "Feature", "properties": { "name": "Leonardo Da Vinci" }, "geometry": { "type": "Point", "coordinates": [ 7.5876449, 45.0647435 ] } },
{ "type": "Feature", "properties": { "name": "Alfieri" }, "geometry": { "type": "Point", "coordinates": [ 7.7135887, 45.1740549 ] } },
{ "type": "Feature", "properties": { "name": "Valgioie" }, "geometry": { "type": "Point", "coordinates": [ 7.6203059, 45.0770145 ] } },
{ "type": "Feature", "properties": { "name": "Fortino" }, "geometry": { "type": "Point", "coordinates": [ 7.6800585, 45.0845231 ] } },
{ "type": "Feature", "properties": { "name": "Volpiano (v. Torino 21)" }, "geometry": { "type": "Point", "coordinates": [ 7.7715055, 45.1854151 ] } },
{ "type": "Feature", "properties": { "name": "Rondissone" }, "geometry": { "type": "Point", "coordinates": [ 7.6924175, 45.0976465 ] } },
{ "type": "Feature", "properties": { "name": "Tazzoli" }, "geometry": { "type": "Point", "coordinates": [ 7.64256, 45.02914 ] } },
{ "type": "Feature", "properties": { "name": "Alpignano" }, "geometry": { "type": "Point", "coordinates": [ 7.5165389, 45.0786072 ] } },
{ "type": "Feature", "properties": { "name": "Ancina" }, "geometry": { "type": "Point", "coordinates": [ 7.710263, 45.0941312 ] } },
{ "type": "Feature", "properties": { "name": "Borsi" }, "geometry": { "type": "Point", "coordinates": [ 7.6528997, 45.0954605 ] } },
{ "type": "Feature", "properties": { "name": "Negarville Est" }, "geometry": { "type": "Point", "coordinates": [ 7.6153111, 45.0202255 ] } },
{ "type": "Feature", "properties": { "name": "Dalle Bande Nere" }, "geometry": { "type": "Point", "coordinates": [ 7.7348086, 45.079531 ] } },
{ "type": "Feature", "properties": { "name": "Millefonti" }, "geometry": { "type": "Point", "coordinates": [ 7.6680733, 45.028584 ] } },
{ "type": "Feature", "properties": { "name": "Caselle (str. Ciriè 199)" }, "geometry": { "type": "Point", "coordinates": [ 7.62863, 45.19355 ] } },
{ "type": "Feature", "properties": { "name": "Moncalieri (P.za Foro Boario)" }, "geometry": { "type": "Point", "coordinates": [ 7.67361, 45.00196 ] } },
{ "type": "Feature", "properties": { "name": "Pervinche Nord" }, "geometry": { "type": "Point", "coordinates": [ 7.635766, 45.1053045 ] } },
{ "type": "Feature", "properties": { "name": "Chiesa Di San Vito" }, "geometry": { "type": "Point", "coordinates": [ 7.6972519, 45.042949 ] } },
{ "type": "Feature", "properties": { "name": "De Gasperi N.69" }, "geometry": { "type": "Point", "coordinates": [ 7.505256, 45.075215 ] } },
{ "type": "Feature", "properties": { "name": "Pecetto" }, "geometry": { "type": "Point", "coordinates": [ 7.7182598, 45.052371 ] } },
{ "type": "Feature", "properties": { "name": "Torino (P.za Bengasi)" }, "geometry": { "type": "Point", "coordinates": [ 7.6640495, 45.0183018 ] } },
{ "type": "Feature", "properties": { "name": "La Valle" }, "geometry": { "type": "Point", "coordinates": [ 7.7588818, 45.0975603 ] } },
{ "type": "Feature", "properties": { "name": "Rondò Forca" }, "geometry": { "type": "Point", "coordinates": [ 7.6748059, 45.0789281 ] } },
{ "type": "Feature", "properties": { "name": "Monferrato" }, "geometry": { "type": "Point", "coordinates": [ 7.7012, 45.0643832 ] } },
{ "type": "Feature", "properties": { "name": "Moglia" }, "geometry": { "type": "Point", "coordinates": [ 7.7756246, 45.1483306 ] } },
{ "type": "Feature", "properties": { "name": "XXV Aprile N.102" }, "geometry": { "type": "Point", "coordinates": [ 7.6879566, 45.0347331 ] } },
{ "type": "Feature", "properties": { "name": "Orbassano" }, "geometry": { "type": "Point", "coordinates": [ 7.6437053, 45.0454903 ] } },
{ "type": "Feature", "properties": { "name": "Adua" }, "geometry": { "type": "Point", "coordinates": [ 7.7062378, 45.052858 ] } },
{ "type": "Feature", "properties": { "name": "Palermo" }, "geometry": { "type": "Point", "coordinates": [ 7.6588932, 44.9985703 ] } },
{ "type": "Feature", "properties": { "name": "Adriano Ovest" }, "geometry": { "type": "Point", "coordinates": [ 7.6552157, 45.0700099 ] } },
{ "type": "Feature", "properties": { "name": "Rivalta (v. Einaudi/str. S.Vittore)" }, "geometry": { "type": "Point", "coordinates": [ 7.5233869, 45.0369316 ] } },
{ "type": "Feature", "properties": { "name": "Sant'anna N." }, "geometry": { "type": "Point", "coordinates": [ 7.7264599, 45.0554985 ] } },
{ "type": "Feature", "properties": { "name": "Ospedale Martini" }, "geometry": { "type": "Point", "coordinates": [ 7.6273497, 45.0671765 ] } },
{ "type": "Feature", "properties": { "name": "Castiglione (Pedaggio)" }, "geometry": { "type": "Point", "coordinates": [ 7.8020049, 45.117304 ] } },
{ "type": "Feature", "properties": { "name": "Druento" }, "geometry": { "type": "Point", "coordinates": [ 7.6455608, 45.1117084 ] } },
{ "type": "Feature", "properties": { "name": "Portalupi Capolinea" }, "geometry": { "type": "Point", "coordinates": [ 7.5701844, 45.0952949 ] } },
{ "type": "Feature", "properties": { "name": "Alberoni" }, "geometry": { "type": "Point", "coordinates": [ 7.7197122, 44.9986269 ] } },
{ "type": "Feature", "properties": { "name": "Toscana" }, "geometry": { "type": "Point", "coordinates": [ 7.6581633, 45.0974842 ] } },
{ "type": "Feature", "properties": { "name": "Centro Commerciale" }, "geometry": { "type": "Point", "coordinates": [ 7.6154583, 45.0551197 ] } },
{ "type": "Feature", "properties": { "name": "Chiaventone" }, "geometry": { "type": "Point", "coordinates": [ 7.8042581, 44.999373 ] } },
{ "type": "Feature", "properties": { "name": "Arsenale" }, "geometry": { "type": "Point", "coordinates": [ 7.6767841, 45.0656204 ] } },
{ "type": "Feature", "properties": { "name": "Rossini" }, "geometry": { "type": "Point", "coordinates": [ 7.6924405, 45.0717711 ] } },
{ "type": "Feature", "properties": { "name": "Capelli" }, "geometry": { "type": "Point", "coordinates": [ 7.6335572, 45.0793226 ] } },
{ "type": "Feature", "properties": { "name": "Della Rocca" }, "geometry": { "type": "Point", "coordinates": [ 7.69001, 45.0586629 ] } },
{ "type": "Feature", "properties": { "name": "De Canal" }, "geometry": { "type": "Point", "coordinates": [ 7.6394529, 45.0339578 ] } },
{ "type": "Feature", "properties": { "name": "Corelli" }, "geometry": { "type": "Point", "coordinates": [ 7.7076648, 45.0954365 ] } },
{ "type": "Feature", "properties": { "name": "Vigone" }, "geometry": { "type": "Point", "coordinates": [ 7.6511947, 45.0666966 ] } },
{ "type": "Feature", "properties": { "name": "Buozzi" }, "geometry": { "type": "Point", "coordinates": [ 7.6933499, 44.9948165 ] } },
{ "type": "Feature", "properties": { "name": "Boston" }, "geometry": { "type": "Point", "coordinates": [ 7.6290132, 45.0453748 ] } },
{ "type": "Feature", "properties": { "name": "Ponte Isabella" }, "geometry": { "type": "Point", "coordinates": [ 7.69443, 45.04362 ] } },
{ "type": "Feature", "properties": { "name": "Vittorio Emanuele II" }, "geometry": { "type": "Point", "coordinates": [ 7.6744104, 45.0649182 ] } },
{ "type": "Feature", "properties": { "name": "Tangenziale" }, "geometry": { "type": "Point", "coordinates": [ 7.6465298, 45.1218956 ] } },
{ "type": "Feature", "properties": { "name": "Francia" }, "geometry": { "type": "Point", "coordinates": [ 7.5215854, 45.0697816 ] } },
{ "type": "Feature", "properties": { "name": "Querce" }, "geometry": { "type": "Point", "coordinates": [ 7.7102824, 45.1296258 ] } },
{ "type": "Feature", "properties": { "name": "Spaventa" }, "geometry": { "type": "Point", "coordinates": [ 7.6611706, 45.0403832 ] } },
{ "type": "Feature", "properties": { "name": "Centro Commerciale Sud" }, "geometry": { "type": "Point", "coordinates": [ 7.6156013, 45.0529119 ] } },
{ "type": "Feature", "properties": { "name": "Chieri N.232" }, "geometry": { "type": "Point", "coordinates": [ 7.7479925, 45.0529337 ] } },
{ "type": "Feature", "properties": { "name": "Bosso" }, "geometry": { "type": "Point", "coordinates": [ 7.6710301, 45.0093469 ] } },
{ "type": "Feature", "properties": { "name": "Stazione Venaria" }, "geometry": { "type": "Point", "coordinates": [ 7.6349921, 45.1324945 ] } },
{ "type": "Feature", "properties": { "name": "Marco Polo" }, "geometry": { "type": "Point", "coordinates": [ 7.6825686, 45.0008194 ] } },
{ "type": "Feature", "properties": { "name": "Pacini" }, "geometry": { "type": "Point", "coordinates": [ 7.7011877, 45.0851023 ] } },
{ "type": "Feature", "properties": { "name": "Pisacane" }, "geometry": { "type": "Point", "coordinates": [ 7.6538662, 45.0138855 ] } },
{ "type": "Feature", "properties": { "name": "Bottone" }, "geometry": { "type": "Point", "coordinates": [ 7.5848854, 45.0283909 ] } },
{ "type": "Feature", "properties": { "name": "Lulli" }, "geometry": { "type": "Point", "coordinates": [ 7.6662168, 45.1081254 ] } },
{ "type": "Feature", "properties": { "name": "Leini" }, "geometry": { "type": "Point", "coordinates": [ 7.7617611, 45.1401827 ] } },
{ "type": "Feature", "properties": { "name": "Partigiani" }, "geometry": { "type": "Point", "coordinates": [ 7.7766275, 45.1433027 ] } },
{ "type": "Feature", "properties": { "name": "Clementi" }, "geometry": { "type": "Point", "coordinates": [ 7.696058, 45.0879695 ] } },
{ "type": "Feature", "properties": { "name": "Tolmino" }, "geometry": { "type": "Point", "coordinates": [ 7.643969, 45.0557302 ] } },
{ "type": "Feature", "properties": { "name": "Cafasso" }, "geometry": { "type": "Point", "coordinates": [ 7.5442431, 45.1031113 ] } },
{ "type": "Feature", "properties": { "name": "Olivetti" }, "geometry": { "type": "Point", "coordinates": [ 7.7114131, 45.1647449 ] } },
{ "type": "Feature", "properties": { "name": "Ospedale Maria Vittoria" }, "geometry": { "type": "Point", "coordinates": [ 7.6560137, 45.0818689 ] } },
{ "type": "Feature", "properties": { "name": "Casale" }, "geometry": { "type": "Point", "coordinates": [ 7.7329132, 45.0790152 ] } },
{ "type": "Feature", "properties": { "name": "Cruto" }, "geometry": { "type": "Point", "coordinates": [ 7.7051972, 45.0907831 ] } },
{ "type": "Feature", "properties": { "name": "Villafranca" }, "geometry": { "type": "Point", "coordinates": [ 7.6743013, 45.0029044 ] } },
{ "type": "Feature", "properties": { "name": "Guido Reni" }, "geometry": { "type": "Point", "coordinates": [ 7.6306644, 45.0539345 ] } },
{ "type": "Feature", "properties": { "name": "Cimitero Moncalieri" }, "geometry": { "type": "Point", "coordinates": [ 7.6850292, 45.0111851 ] } },
{ "type": "Feature", "properties": { "name": "Stupinigi (Castello)" }, "geometry": { "type": "Point", "coordinates": [ 7.6077312, 44.9980835 ] } },
{ "type": "Feature", "properties": { "name": "Siracusa Est" }, "geometry": { "type": "Point", "coordinates": [ 7.6363301, 45.048411 ] } },
{ "type": "Feature", "properties": { "name": "Respighi" }, "geometry": { "type": "Point", "coordinates": [ 7.7027952, 45.0933825 ] } },
{ "type": "Feature", "properties": { "name": "Stazione Lingotto Capolinea" }, "geometry": { "type": "Point", "coordinates": [ 7.6567884, 45.0256435 ] } },
{ "type": "Feature", "properties": { "name": "Svizzera" }, "geometry": { "type": "Point", "coordinates": [ 7.6490256, 45.0786405 ] } },
{ "type": "Feature", "properties": { "name": "VIII Marzo" }, "geometry": { "type": "Point", "coordinates": [ 7.5920307, 45.0251334 ] } },
{ "type": "Feature", "properties": { "name": "Marco Aurelio" }, "geometry": { "type": "Point", "coordinates": [ 7.7273722, 45.0702 ] } },
{ "type": "Feature", "properties": { "name": "Santa Maria N 39" }, "geometry": { "type": "Point", "coordinates": [ 7.66387, 44.99183 ] } },
{ "type": "Feature", "properties": { "name": "Bianchi" }, "geometry": { "type": "Point", "coordinates": [ 7.6243597, 45.0821522 ] } },
{ "type": "Feature", "properties": { "name": "Madonna Della Scala" }, "geometry": { "type": "Point", "coordinates": [ 7.8103753, 44.9994164 ] } },
{ "type": "Feature", "properties": { "name": "Fioccardo" }, "geometry": { "type": "Point", "coordinates": [ 7.6785405, 45.0201308 ] } },
{ "type": "Feature", "properties": { "name": "Napoli Capolinea" }, "geometry": { "type": "Point", "coordinates": [ 7.6008937, 45.0684902 ] } },
{ "type": "Feature", "properties": { "name": "Piano Balbiana" }, "geometry": { "type": "Point", "coordinates": [ 7.7900486, 45.0335309 ] } },
{ "type": "Feature", "properties": { "name": "Genè" }, "geometry": { "type": "Point", "coordinates": [ 7.6900225, 45.0773104 ] } },
{ "type": "Feature", "properties": { "name": "Drosso Ovest" }, "geometry": { "type": "Point", "coordinates": [ 7.5954816, 45.0195005 ] } },
{ "type": "Feature", "properties": { "name": "Torino (C.so G.Cesare/Lungo Stura Lazio)" }, "geometry": { "type": "Point", "coordinates": [ 7.70761, 45.11312 ] } },
{ "type": "Feature", "properties": { "name": "Druento" }, "geometry": { "type": "Point", "coordinates": [ 7.6560931, 45.1132907 ] } },
{ "type": "Feature", "properties": { "name": "Cascina Maiat" }, "geometry": { "type": "Point", "coordinates": [ 7.6075474, 45.0984349 ] } },
{ "type": "Feature", "properties": { "name": "Caduti sul Lavoro" }, "geometry": { "type": "Point", "coordinates": [ 7.6690787, 45.0266908 ] } },
{ "type": "Feature", "properties": { "name": "Caselle (Cirie/Ballarini)" }, "geometry": { "type": "Point", "coordinates": [ 7.6342498, 45.190038 ] } },
{ "type": "Feature", "properties": { "name": "San Maurizio" }, "geometry": { "type": "Point", "coordinates": [ 7.6977411, 45.0673419 ] } },
{ "type": "Feature", "properties": { "name": "Sandre" }, "geometry": { "type": "Point", "coordinates": [ 7.6488411, 45.1199375 ] } },
{ "type": "Feature", "properties": { "name": "Martin Luther King" }, "geometry": { "type": "Point", "coordinates": [ 7.5657298, 45.065914 ] } },
{ "type": "Feature", "properties": { "name": "Largo Borgaro" }, "geometry": { "type": "Point", "coordinates": [ 7.6628813, 45.0961617 ] } },
{ "type": "Feature", "properties": { "name": "Di Vittorio" }, "geometry": { "type": "Point", "coordinates": [ 7.6205892, 45.058782 ] } },
{ "type": "Feature", "properties": { "name": "Mongreno N.239" }, "geometry": { "type": "Point", "coordinates": [ 7.7502896, 45.0665592 ] } },
{ "type": "Feature", "properties": { "name": "Giulio" }, "geometry": { "type": "Point", "coordinates": [ 7.6784914, 45.0765341 ] } },
{ "type": "Feature", "properties": { "name": "Failla Capolinea" }, "geometry": { "type": "Point", "coordinates": [ 7.693608, 45.0002916 ] } },
{ "type": "Feature", "properties": { "name": "Stadio Ovest" }, "geometry": { "type": "Point", "coordinates": [ 7.6394704, 45.1124978 ] } },
{ "type": "Feature", "properties": { "name": "Montebianco" }, "geometry": { "type": "Point", "coordinates": [ 7.504247, 45.0731048 ] } },
{ "type": "Feature", "properties": { "name": "Dalla Chiesa" }, "geometry": { "type": "Point", "coordinates": [ 7.7083402, 45.1508428 ] } },
{ "type": "Feature", "properties": { "name": "Monastir" }, "geometry": { "type": "Point", "coordinates": [ 7.6547104, 45.0147819 ] } },
{ "type": "Feature", "properties": { "name": "Vandalino" }, "geometry": { "type": "Point", "coordinates": [ 7.6110571, 45.0715734 ] } },
{ "type": "Feature", "properties": { "name": "Francia Est" }, "geometry": { "type": "Point", "coordinates": [ 7.6248643, 45.0754789 ] } },
{ "type": "Feature", "properties": { "name": "Sospello" }, "geometry": { "type": "Point", "coordinates": [ 7.6671193, 45.1040459 ] } },
{ "type": "Feature", "properties": { "name": "Veglia Est" }, "geometry": { "type": "Point", "coordinates": [ 7.6286815, 45.0536796 ] } },
{ "type": "Feature", "properties": { "name": "Tetti Borra" }, "geometry": { "type": "Point", "coordinates": [ 7.8132277, 45.018862 ] } },
{ "type": "Feature", "properties": { "name": "Gran Madre" }, "geometry": { "type": "Point", "coordinates": [ 7.6986087, 45.0630814 ] } },
{ "type": "Feature", "properties": { "name": "Francia" }, "geometry": { "type": "Point", "coordinates": [ 7.57949, 45.07259 ] } },
{ "type": "Feature", "properties": { "name": "Rivalta" }, "geometry": { "type": "Point", "coordinates": [ 7.6472999, 45.0572342 ] } },
{ "type": "Feature", "properties": { "name": "Collegno" }, "geometry": { "type": "Point", "coordinates": [ 7.5749742, 45.081569 ] } },
{ "type": "Feature", "properties": { "name": "Cadore" }, "geometry": { "type": "Point", "coordinates": [ 7.7203887, 45.0764224 ] } },
{ "type": "Feature", "properties": { "name": "Bengasi Sud" }, "geometry": { "type": "Point", "coordinates": [ 7.6609598, 45.0158867 ] } },
{ "type": "Feature", "properties": { "name": "Giardino Green" }, "geometry": { "type": "Point", "coordinates": [ 7.6240453, 45.0453916 ] } },
{ "type": "Feature", "properties": { "name": "IV Novembre" }, "geometry": { "type": "Point", "coordinates": [ 7.7539683, 45.1288948 ] } },
{ "type": "Feature", "properties": { "name": "Nizza" }, "geometry": { "type": "Point", "coordinates": [ 7.6747438, 45.0518536 ] } },
{ "type": "Feature", "properties": { "name": "Pragelato" }, "geometry": { "type": "Point", "coordinates": [ 7.6438439, 45.0703321 ] } },
{ "type": "Feature", "properties": { "name": "Del Castello 17" }, "geometry": { "type": "Point", "coordinates": [ 7.6864198, 45.0059019 ] } },
{ "type": "Feature", "properties": { "name": "Cosenza" }, "geometry": { "type": "Point", "coordinates": [ 7.6429712, 45.0343664 ] } },
{ "type": "Feature", "properties": { "name": "Morozzo" }, "geometry": { "type": "Point", "coordinates": [ 7.7050416, 45.053414 ] } },
{ "type": "Feature", "properties": { "name": "Tetti Lupo" }, "geometry": { "type": "Point", "coordinates": [ 7.78526, 45.10296 ] } },
{ "type": "Feature", "properties": { "name": "Sant'Ottavio" }, "geometry": { "type": "Point", "coordinates": [ 7.6933562, 45.0671405 ] } },
{ "type": "Feature", "properties": { "name": "Stabilimento GTT Venaria" }, "geometry": { "type": "Point", "coordinates": [ 7.6535882, 45.1157088 ] } },
{ "type": "Feature", "properties": { "name": "IV Novembre Capolinea" }, "geometry": { "type": "Point", "coordinates": [ 7.635708, 45.1274015 ] } },
{ "type": "Feature", "properties": { "name": "Marco Aurelio" }, "geometry": { "type": "Point", "coordinates": [ 7.7270207, 45.0704633 ] } },
{ "type": "Feature", "properties": { "name": "Tepice" }, "geometry": { "type": "Point", "coordinates": [ 7.6700359, 45.039878 ] } },
{ "type": "Feature", "properties": { "name": "Bianchi" }, "geometry": { "type": "Point", "coordinates": [ 7.6285726, 45.0825681 ] } },
{ "type": "Feature", "properties": { "name": "Einaudi" }, "geometry": { "type": "Point", "coordinates": [ 7.5284597, 45.0292953 ] } },
{ "type": "Feature", "properties": { "name": "Centro Commerciale" }, "geometry": { "type": "Point", "coordinates": [ 7.7105614, 45.160214 ] } },
{ "type": "Feature", "properties": { "name": "Garibaldi" }, "geometry": { "type": "Point", "coordinates": [ 7.659, 45.14672 ] } },
{ "type": "Feature", "properties": { "name": "Savonera" }, "geometry": { "type": "Point", "coordinates": [ 7.61594, 45.11466 ] } },
{ "type": "Feature", "properties": { "name": "Bivio Pecetto" }, "geometry": { "type": "Point", "coordinates": [ 7.7414688, 45.0162569 ] } },
{ "type": "Feature", "properties": { "name": "Arbarello Capolinea" }, "geometry": { "type": "Point", "coordinates": [ 7.6754986, 45.072739 ] } },
{ "type": "Feature", "properties": { "name": "Monte Cucco" }, "geometry": { "type": "Point", "coordinates": [ 7.6333035, 45.0708492 ] } },
{ "type": "Feature", "properties": { "name": "Febo" }, "geometry": { "type": "Point", "coordinates": [ 7.6880853, 45.0498839 ] } },
{ "type": "Feature", "properties": { "name": "Raby" }, "geometry": { "type": "Point", "coordinates": [ 7.7073352, 45.0409428 ] } },
{ "type": "Feature", "properties": { "name": "Grosseto" }, "geometry": { "type": "Point", "coordinates": [ 7.6491981, 45.1069465 ] } },
{ "type": "Feature", "properties": { "name": "Bertani" }, "geometry": { "type": "Point", "coordinates": [ 7.6043738, 45.0366881 ] } },
{ "type": "Feature", "properties": { "name": "Del Francese N.156" }, "geometry": { "type": "Point", "coordinates": [ 7.6721379, 45.131068 ] } },
{ "type": "Feature", "properties": { "name": "Vittime di Bologna N.7" }, "geometry": { "type": "Point", "coordinates": [ 7.7293904, 45.1010683 ] } },
{ "type": "Feature", "properties": { "name": "Rivalta (Avio canc. 10)" }, "geometry": { "type": "Point", "coordinates": [ 7.50988, 44.998 ] } },
{ "type": "Feature", "properties": { "name": "Pozzo Strada" }, "geometry": { "type": "Point", "coordinates": [ 7.6298293, 45.0748748 ] } },
{ "type": "Feature", "properties": { "name": "Rebaudengo Sud" }, "geometry": { "type": "Point", "coordinates": [ 7.695336, 45.1029716 ] } },
{ "type": "Feature", "properties": { }, "geometry": { "type": "Point", "coordinates": [ 7.6462, 44.99581 ] } },
{ "type": "Feature", "properties": { "name": "Stura Cancello 2" }, "geometry": { "type": "Point", "coordinates": [ 7.7141604, 45.1084755 ] } },
{ "type": "Feature", "properties": { "name": "Mameli" }, "geometry": { "type": "Point", "coordinates": [ 7.6587548, 44.9908348 ] } },
{ "type": "Feature", "properties": { "name": "Chambery" }, "geometry": { "type": "Point", "coordinates": [ 7.61883, 45.06952 ] } },
{ "type": "Feature", "properties": { "name": "Bandello" }, "geometry": { "type": "Point", "coordinates": [ 7.743884, 45.101929 ] } },
{ "type": "Feature", "properties": { "name": "Tepice" }, "geometry": { "type": "Point", "coordinates": [ 7.6721816, 45.0397292 ] } },
{ "type": "Feature", "properties": { "name": "Istituto Maxwell" }, "geometry": { "type": "Point", "coordinates": [ 7.6354128, 45.0015055 ] } },
{ "type": "Feature", "properties": { "name": "Previati" }, "geometry": { "type": "Point", "coordinates": [ 7.6796787, 45.1091437 ] } },
{ "type": "Feature", "properties": { "name": "San Vito-Revigliasco N.253" }, "geometry": { "type": "Point", "coordinates": [ 7.7006612, 45.0421142 ] } },
{ "type": "Feature", "properties": { "name": "Vigliani" }, "geometry": { "type": "Point", "coordinates": [ 7.644283, 45.0197453 ] } },
{ "type": "Feature", "properties": { "name": "Oropa Capolinea" }, "geometry": { "type": "Point", "coordinates": [ 7.5768569, 45.1360505 ] } },
{ "type": "Feature", "properties": { "name": "Giulia di Barolo" }, "geometry": { "type": "Point", "coordinates": [ 7.6968704, 45.0674476 ] } },
{ "type": "Feature", "properties": { "name": "Aglietta" }, "geometry": { "type": "Point", "coordinates": [ 7.6235411, 45.09883 ] } },
{ "type": "Feature", "properties": { "name": "Montello" }, "geometry": { "type": "Point", "coordinates": [ 7.7686194, 45.1332212 ] } },
{ "type": "Feature", "properties": { "name": "Adamello" }, "geometry": { "type": "Point", "coordinates": [ 7.7973174, 45.028963 ] } },
{ "type": "Feature", "properties": { "name": "Regina Margherita" }, "geometry": { "type": "Point", "coordinates": [ 7.6908984, 45.0751366 ] } },
{ "type": "Feature", "properties": { "name": "Buozzi" }, "geometry": { "type": "Point", "coordinates": [ 7.6440173, 45.1241016 ] } },
{ "type": "Feature", "properties": { "name": "Frassini" }, "geometry": { "type": "Point", "coordinates": [ 7.70811, 45.12723 ] } },
{ "type": "Feature", "properties": { "name": "Borgaro (Lanzo/Lombardia)" }, "geometry": { "type": "Point", "coordinates": [ 7.6558835, 45.1377914 ] } },
{ "type": "Feature", "properties": { "name": "Drosso" }, "geometry": { "type": "Point", "coordinates": [ 7.6098772, 45.0170431 ] } },
{ "type": "Feature", "properties": { "name": "Revigliasco N.303" }, "geometry": { "type": "Point", "coordinates": [ 7.7369204, 45.0128237 ] } },
{ "type": "Feature", "properties": { "name": "Grosseto" }, "geometry": { "type": "Point", "coordinates": [ 7.6729542, 45.1039499 ] } },
{ "type": "Feature", "properties": { "name": "Re" }, "geometry": { "type": "Point", "coordinates": [ 7.6288589, 45.0801326 ] } },
{ "type": "Feature", "properties": { "name": "Sanremo" }, "geometry": { "type": "Point", "coordinates": [ 7.6361317, 45.0333104 ] } },
{ "type": "Feature", "properties": { "name": "Traiano Ovest" }, "geometry": { "type": "Point", "coordinates": [ 7.645869, 45.0222451 ] } },
{ "type": "Feature", "properties": { "name": "Marmolada Nord" }, "geometry": { "type": "Point", "coordinates": [ 7.6484885, 45.0554498 ] } },
{ "type": "Feature", "properties": { "name": "Aosta" }, "geometry": { "type": "Point", "coordinates": [ 7.5856929, 45.0282879 ] } },
{ "type": "Feature", "properties": { "name": "Leini' (str. Volpiano 23)" }, "geometry": { "type": "Point", "coordinates": [ 7.7217015, 45.1848092 ] } },
{ "type": "Feature", "properties": { "name": "Bengasi Capolinea" }, "geometry": { "type": "Point", "coordinates": [ 7.6627931, 45.0174799 ] } },
{ "type": "Feature", "properties": { "name": "Mughetti Ovest" }, "geometry": { "type": "Point", "coordinates": [ 7.6244881, 45.1037033 ] } },
{ "type": "Feature", "properties": { "name": "Moncenisio" }, "geometry": { "type": "Point", "coordinates": [ 7.7514309, 45.0928287 ] } },
{ "type": "Feature", "properties": { "name": "Ormea" }, "geometry": { "type": "Point", "coordinates": [ 7.6799723, 45.050901 ] } },
{ "type": "Feature", "properties": { "name": "Costituzione Ovest" }, "geometry": { "type": "Point", "coordinates": [ 7.77252, 45.10837 ] } },
{ "type": "Feature", "properties": { "name": "Maria Adelaide" }, "geometry": { "type": "Point", "coordinates": [ 7.6930992, 45.075016 ] } },
{ "type": "Feature", "properties": { "name": "Moretta" }, "geometry": { "type": "Point", "coordinates": [ 7.655074, 45.0677446 ] } },
{ "type": "Feature", "properties": { "name": "Toscana" }, "geometry": { "type": "Point", "coordinates": [ 7.6403419, 45.1013136 ] } },
{ "type": "Feature", "properties": { "name": "Alpignano (v. Caselette-Stab. Philips)" }, "geometry": { "type": "Point", "coordinates": [ 7.5089671, 45.1031149 ] } },
{ "type": "Feature", "properties": { "name": "Val Salice" }, "geometry": { "type": "Point", "coordinates": [ 7.7111295, 45.0473937 ] } },
{ "type": "Feature", "properties": { "name": "Barocchio Ovest" }, "geometry": { "type": "Point", "coordinates": [ 7.6145384, 45.0509464 ] } },
{ "type": "Feature", "properties": { "name": "Castello di Rivoli Capolinea" }, "geometry": { "type": "Point", "coordinates": [ 7.50914, 45.06992 ] } },
{ "type": "Feature", "properties": { "name": "New Holland" }, "geometry": { "type": "Point", "coordinates": [ 7.7399119, 45.1192392 ] } },
{ "type": "Feature", "properties": { "name": "Peschiera" }, "geometry": { "type": "Point", "coordinates": [ 7.669703, 45.0068553 ] } },
{ "type": "Feature", "properties": { "name": "Autostrade Nord" }, "geometry": { "type": "Point", "coordinates": [ 7.709902, 45.1188668 ] } },
{ "type": "Feature", "properties": { "name": "Guarini" }, "geometry": { "type": "Point", "coordinates": [ 7.6317548, 45.1242346 ] } },
{ "type": "Feature", "properties": { "name": "Nichelino (v. XXV Aprile/v. Ferraris)" }, "geometry": { "type": "Point", "coordinates": [ 7.6524635, 45.0020725 ] } },
{ "type": "Feature", "properties": { "name": "Isler" }, "geometry": { "type": "Point", "coordinates": [ 7.6380235, 45.0181154 ] } },
{ "type": "Feature", "properties": { "name": "San Martino Superiore" }, "geometry": { "type": "Point", "coordinates": [ 7.715534, 45.0624523 ] } },
{ "type": "Feature", "properties": { "name": "Barocchio Est" }, "geometry": { "type": "Point", "coordinates": [ 7.6215396, 45.0506947 ] } },
{ "type": "Feature", "properties": { "name": "Magenta" }, "geometry": { "type": "Point", "coordinates": [ 7.6621876, 45.0677943 ] } },
{ "type": "Feature", "properties": { "name": "Don Caustico" }, "geometry": { "type": "Point", "coordinates": [ 7.5644968, 45.0658403 ] } },
{ "type": "Feature", "properties": { "name": "Biblioteca Civica" }, "geometry": { "type": "Point", "coordinates": [ 7.6799048, 45.0485151 ] } },
{ "type": "Feature", "properties": { "name": "Signorelli" }, "geometry": { "type": "Point", "coordinates": [ 7.7288656, 45.0726171 ] } },
{ "type": "Feature", "properties": { "name": "Mezzaluna Capolinea" }, "geometry": { "type": "Point", "coordinates": [ 7.7761861, 45.1140252 ] } },
{ "type": "Feature", "properties": { "name": "Tazzoli Est" }, "geometry": { "type": "Point", "coordinates": [ 7.6430929, 45.0298286 ] } },
{ "type": "Feature", "properties": { "name": "Tazzoli Est" }, "geometry": { "type": "Point", "coordinates": [ 7.6430599, 45.0298449 ] } },
{ "type": "Feature", "properties": { "name": "Regina Margherita" }, "geometry": { "type": "Point", "coordinates": [ 7.7024183, 45.0710261 ] } },
{ "type": "Feature", "properties": { "name": "Santa Giulia" }, "geometry": { "type": "Point", "coordinates": [ 7.7001173, 45.0691445 ] } },
{ "type": "Feature", "properties": { "name": "Sabotino" }, "geometry": { "type": "Point", "coordinates": [ 7.650137, 45.0645187 ] } },
{ "type": "Feature", "properties": { "name": "Monte Cucco" }, "geometry": { "type": "Point", "coordinates": [ 7.6314551, 45.0644302 ] } },
{ "type": "Feature", "properties": { "name": "Vittorio Veneto" }, "geometry": { "type": "Point", "coordinates": [ 7.6955615, 45.064637 ] } },
{ "type": "Feature", "properties": { "name": "Vittorio Veneto" }, "geometry": { "type": "Point", "coordinates": [ 7.6952947, 45.0649246 ] } },
{ "type": "Feature", "properties": { "name": "Settembrini" }, "geometry": { "type": "Point", "coordinates": [ 7.6155937, 45.0304655 ] } },
{ "type": "Feature", "properties": { "name": "Stazione autobus di Torino" }, "geometry": { "type": "Point", "coordinates": [ 7.6587631, 45.0697545 ] } },
{ "type": "Feature", "properties": { "name": "Stazione autobus di Torino" }, "geometry": { "type": "Point", "coordinates": [ 7.6584472, 45.0698688 ] } },
{ "type": "Feature", "properties": { "name": "Stazione autobus di Torino" }, "geometry": { "type": "Point", "coordinates": [ 7.6581314, 45.069983 ] } },
{ "type": "Feature", "properties": { "name": "Stazione autobus di Torino" }, "geometry": { "type": "Point", "coordinates": [ 7.6578155, 45.0700973 ] } },
{ "type": "Feature", "properties": { "name": "Stazione autobus di Torino - stallo 6" }, "geometry": { "type": "Point", "coordinates": [ 7.6578445, 45.0701412 ] } },
{ "type": "Feature", "properties": { "name": "Castello" }, "geometry": { "type": "Point", "coordinates": [ 7.6849195, 45.0706137 ] } },
{ "type": "Feature", "properties": { "name": "Castello Est Capolinea" }, "geometry": { "type": "Point", "coordinates": [ 7.6869898, 45.0708538 ] } },
{ "type": "Feature", "properties": { "name": "Levi" }, "geometry": { "type": "Point", "coordinates": [ 7.5822442, 45.0470187 ] } },
{ "type": "Feature", "properties": { "name": "Raddoppio" }, "geometry": { "type": "Point", "coordinates": [ 7.7486686, 45.0804245 ] } },
{ "type": "Feature", "properties": { "name": "Della Rocca" }, "geometry": { "type": "Point", "coordinates": [ 7.6892896, 45.0590864 ] } },
{ "type": "Feature", "properties": { "name": "Nuova Tetti" }, "geometry": { "type": "Point", "coordinates": [ 7.5228836, 45.0632168 ] } },
{ "type": "Feature", "properties": { "name": "Cambiano N.240" }, "geometry": { "type": "Point", "coordinates": [ 7.8011059, 44.9912856 ] } },
{ "type": "Feature", "properties": { "name": "Gatti N. 18" }, "geometry": { "type": "Point", "coordinates": [ 7.5239459, 45.0665242 ] } },
{ "type": "Feature", "properties": { "name": "Moncalieri (str. Vivero/v. Monviso)" }, "geometry": { "type": "Point", "coordinates": [ 7.7073262, 44.9933574 ] } },
{ "type": "Feature", "properties": { "name": "Baldi N. 3" }, "geometry": { "type": "Point", "coordinates": [ 7.527655, 45.0641247 ] } },
{ "type": "Feature", "properties": { "name": "Gribaudia" }, "geometry": { "type": "Point", "coordinates": [ 7.7656711, 45.129793 ] } },
{ "type": "Feature", "properties": { "name": "Gioberti" }, "geometry": { "type": "Point", "coordinates": [ 7.7821491, 45.1430158 ] } },
{ "type": "Feature", "properties": { "name": "Dante" }, "geometry": { "type": "Point", "coordinates": [ 7.6730888, 45.0471256 ] } },
{ "type": "Feature", "properties": { "name": "Vaglie' N.3" }, "geometry": { "type": "Point", "coordinates": [ 7.7685559, 45.1317505 ] } },
{ "type": "Feature", "properties": { "name": "Nuova Tetti N. 41" }, "geometry": { "type": "Point", "coordinates": [ 7.5252185, 45.0631522 ] } },
{ "type": "Feature", "properties": { "name": "Casale Capolinea" }, "geometry": { "type": "Point", "coordinates": [ 7.7303078, 45.0814339 ] } },
{ "type": "Feature", "properties": { "name": "Levi" }, "geometry": { "type": "Point", "coordinates": [ 7.7793789, 45.1417411 ] } },
{ "type": "Feature", "properties": { "name": "Cambiano N. 240" }, "geometry": { "type": "Point", "coordinates": [ 7.8011965, 44.9915016 ] } },
{ "type": "Feature", "properties": { "name": "Maroncelli" }, "geometry": { "type": "Point", "coordinates": [ 7.7772156, 45.1385301 ] } },
{ "type": "Feature", "properties": { "name": "Fabrizi" }, "geometry": { "type": "Point", "coordinates": [ 7.6564332, 45.0801659 ] } },
{ "type": "Feature", "properties": { "name": "Nizza" }, "geometry": { "type": "Point", "coordinates": [ 7.6749411, 45.0518046 ] } },
{ "type": "Feature", "properties": { "name": "Moncalieri (str. Vivero/v. Monviso)" }, "geometry": { "type": "Point", "coordinates": [ 7.7069503, 44.9930727 ] } },
{ "type": "Feature", "properties": { "name": "Millefonti" }, "geometry": { "type": "Point", "coordinates": [ 7.6657832, 45.0288052 ] } },
{ "type": "Feature", "properties": { "name": "Cuneo" }, "geometry": { "type": "Point", "coordinates": [ 7.7608618, 45.1320523 ] } },
{ "type": "Feature", "properties": { "name": "Ariosto" }, "geometry": { "type": "Point", "coordinates": [ 7.7750049, 45.1363453 ] } },
{ "type": "Feature", "properties": { "name": "Fermi Capolinea" }, "geometry": { "type": "Point", "coordinates": [ 7.5915366, 45.0758653 ] } },
{ "type": "Feature", "properties": { "name": "Radich" }, "geometry": { "type": "Point", "coordinates": [ 7.61288, 45.06598 ] } },
{ "type": "Feature", "properties": { "name": "Vernante N. 11" }, "geometry": { "type": "Point", "coordinates": [ 7.5244121, 45.0686855 ] } },
{ "type": "Feature", "properties": { "name": "Sassi-Superga" }, "geometry": { "type": "Point", "coordinates": [ 7.7302275, 45.0802524 ] } },
{ "type": "Feature", "properties": { "name": "Baldi N. 3" }, "geometry": { "type": "Point", "coordinates": [ 7.5273763, 45.0645253 ] } },
{ "type": "Feature", "properties": { "name": "Volta" }, "geometry": { "type": "Point", "coordinates": [ 7.7714948, 45.1339399 ] } },
{ "type": "Feature", "properties": { "name": "Allianz Stadium Capolinea" }, "geometry": { "type": "Point", "coordinates": [ 7.6387695, 45.1116356 ] } },
{ "type": "Feature", "properties": { "name": "Battisti" }, "geometry": { "type": "Point", "coordinates": [ 7.5817452, 45.0559666 ] } },
{ "type": "Feature", "properties": { "name": "Battisti" }, "geometry": { "type": "Point", "coordinates": [ 7.5817173, 45.0560912 ] } },
{ "type": "Feature", "properties": { "name": "Leonardo da Vinci Nord" }, "geometry": { "type": "Point", "coordinates": [ 7.5861412, 45.0554447 ] } },
{ "type": "Feature", "properties": { "name": "Leonardo da Vinci Nord" }, "geometry": { "type": "Point", "coordinates": [ 7.5856548, 45.0555184 ] } },
{ "type": "Feature", "properties": { "name": "Rivalta Est" }, "geometry": { "type": "Point", "coordinates": [ 7.5792382, 45.0565626 ] } },
{ "type": "Feature", "properties": { "name": "Rivalta Est" }, "geometry": { "type": "Point", "coordinates": [ 7.5791312, 45.0566772 ] } },
{ "type": "Feature", "properties": { "name": "Settembrini Cancello 15" }, "geometry": { "type": "Point", "coordinates": [ 7.6321177, 45.02404 ] } },
{ "type": "Feature", "properties": { "name": "Settembrini Cancello 15" }, "geometry": { "type": "Point", "coordinates": [ 7.6312856, 45.0242965 ] } },
{ "type": "Feature", "properties": { "name": "Settembrini Cancello 16" }, "geometry": { "type": "Point", "coordinates": [ 7.6297272, 45.0249762 ] } },
{ "type": "Feature", "properties": { "name": "Settembrini Cancello 16" }, "geometry": { "type": "Point", "coordinates": [ 7.6289228, 45.0252148 ] } },
{ "type": "Feature", "properties": { "name": "Settembrini Cancello 17" }, "geometry": { "type": "Point", "coordinates": [ 7.6275012, 45.0258418 ] } },
{ "type": "Feature", "properties": { "name": "Settembrini Cancello 17" }, "geometry": { "type": "Point", "coordinates": [ 7.6265137, 45.0261488 ] } },
{ "type": "Feature", "properties": { "name": "Settembrini Cancello 20" }, "geometry": { "type": "Point", "coordinates": [ 7.6172523, 45.0298114 ] } },
{ "type": "Feature", "properties": { "name": "Settembrini Cancello 19" }, "geometry": { "type": "Point", "coordinates": [ 7.6184143, 45.0292945 ] } },
{ "type": "Feature", "properties": { "name": "Settembrini Cancello 8" }, "geometry": { "type": "Point", "coordinates": [ 7.6342847, 45.0231331 ] } },
{ "type": "Feature", "properties": { "name": "Settembrini Cancello 8" }, "geometry": { "type": "Point", "coordinates": [ 7.6338599, 45.0233537 ] } },
{ "type": "Feature", "properties": { "name": "Settembrini Capolinea" }, "geometry": { "type": "Point", "coordinates": [ 7.6150994, 45.0305814 ] } },
{ "type": "Feature", "properties": { "name": "Stazione Grosseto" }, "geometry": { "type": "Point", "coordinates": [ 7.6668822, 45.1053497 ] } },
{ "type": "Feature", "properties": { "name": "Torino" }, "geometry": { "type": "Point", "coordinates": [ 7.7553178, 45.1334056 ] } },
{ "type": "Feature", "properties": { "name": "Antony" }, "geometry": { "type": "Point", "coordinates": [ 7.6002538, 45.074645 ] } },
{ "type": "Feature", "properties": { "name": "Magenta" }, "geometry": { "type": "Point", "coordinates": [ 7.5953115, 45.0751818 ] } },
{ "type": "Feature", "properties": { "name": "Alby" }, "geometry": { "type": "Point", "coordinates": [ 7.6972413, 45.0537435 ] } },
{ "type": "Feature", "properties": { "name": "Catone N. 29" }, "geometry": { "type": "Point", "coordinates": [ 7.7000343, 45.0503416 ] } },
{ "type": "Feature", "properties": { "name": "Catone N. 29" }, "geometry": { "type": "Point", "coordinates": [ 7.6998262, 45.0503474 ] } },
{ "type": "Feature", "properties": { "name": "Catone N. 30" }, "geometry": { "type": "Point", "coordinates": [ 7.6987643, 45.0508579 ] } },
{ "type": "Feature", "properties": { "name": "Gatti N.17" }, "geometry": { "type": "Point", "coordinates": [ 7.6972512, 45.0538264 ] } },
{ "type": "Feature", "properties": { "name": "Righino" }, "geometry": { "type": "Point", "coordinates": [ 7.6988411, 45.0509269 ] } },
{ "type": "Feature", "properties": { "name": "Settimio Severo N.65" }, "geometry": { "type": "Point", "coordinates": [ 7.6946846, 45.0502741 ] } },
{ "type": "Feature", "properties": { "name": "Settimio Severo N.65" }, "geometry": { "type": "Point", "coordinates": [ 7.6945961, 45.0504904 ] } },
{ "type": "Feature", "properties": { "name": "Settimio Severo" }, "geometry": { "type": "Point", "coordinates": [ 7.6977859, 45.0502516 ] } },
{ "type": "Feature", "properties": { "name": "Settimio Severo" }, "geometry": { "type": "Point", "coordinates": [ 7.6978887, 45.0502831 ] } },
{ "type": "Feature", "properties": { "name": "Fermi" }, "geometry": { "type": "Point", "coordinates": [ 7.591176, 45.0759955 ] } },
{ "type": "Feature", "properties": { "name": "Campo Sportivo" }, "geometry": { "type": "Point", "coordinates": [ 7.819658, 45.0709469 ] } },
{ "type": "Feature", "properties": { "name": "IV Novembre" }, "geometry": { "type": "Point", "coordinates": [ 7.8158, 45.0694503 ] } },
{ "type": "Feature", "properties": { "name": "Pavarolo" }, "geometry": { "type": "Point", "coordinates": [ 7.8199089, 45.0684593 ] } },
{ "type": "Feature", "properties": { "name": "Scuola Berruto" }, "geometry": { "type": "Point", "coordinates": [ 7.8154397, 45.0683505 ] } },
{ "type": "Feature", "properties": { "name": "Scuola Berruto" }, "geometry": { "type": "Point", "coordinates": [ 7.8153197, 45.0683834 ] } },
{ "type": "Feature", "properties": { "name": "Umberto I" }, "geometry": { "type": "Point", "coordinates": [ 7.6832387, 45.0007196 ] } },
{ "type": "Feature", "properties": { "name": "Italia '61" }, "geometry": { "type": "Point", "coordinates": [ 7.6737278, 45.0262511 ] } },
{ "type": "Feature", "properties": { "name": "Petrarca" }, "geometry": { "type": "Point", "coordinates": [ 7.6826831, 45.0470148 ] } },
{ "type": "Feature", "properties": { "name": "Piazza Castello" }, "geometry": { "type": "Point", "coordinates": [ 7.6865906, 45.0700846 ] } },
{ "type": "Feature", "properties": { "name": "Roma" }, "geometry": { "type": "Point", "coordinates": [ 7.6802554, 45.0641627 ] } },
{ "type": "Feature", "properties": { "name": "XX Settembre" }, "geometry": { "type": "Point", "coordinates": [ 7.6811625, 45.0689924 ] } },
{ "type": "Feature", "properties": { "name": "Ravina Capolinea" }, "geometry": { "type": "Point", "coordinates": [ 7.7114, 45.07678 ] } },
{ "type": "Feature", "properties": { "name": "Caio Mario" }, "geometry": { "type": "Point", "coordinates": [ 7.6366812, 45.024177 ] } },
{ "type": "Feature", "properties": { "name": "Aosta N.133" }, "geometry": { "type": "Point", "coordinates": [ 7.7022523, 45.0894063 ] } },
{ "type": "Feature", "properties": { "name": "Aosta N.133" }, "geometry": { "type": "Point", "coordinates": [ 7.7022895, 45.0895432 ] } },
{ "type": "Feature", "properties": { "name": "Ponchielli" }, "geometry": { "type": "Point", "coordinates": [ 7.6985896, 45.0881103 ] } },
{ "type": "Feature", "properties": { "name": "Bottesini" }, "geometry": { "type": "Point", "coordinates": [ 7.698379, 45.0881084 ] } },
{ "type": "Feature", "properties": { "name": "Leoncavallo" }, "geometry": { "type": "Point", "coordinates": [ 7.6993401, 45.0867586 ] } },
{ "type": "Feature", "properties": { "name": "Tollegno" }, "geometry": { "type": "Point", "coordinates": [ 7.6997023, 45.0860752 ] } },
{ "type": "Feature", "properties": { "name": "Castello Di Mirafiori N.45" }, "geometry": { "type": "Point", "coordinates": [ 7.6283791, 45.0122394 ] } },
{ "type": "Feature", "properties": { "name": "Castello Di Mirafiori N.52" }, "geometry": { "type": "Point", "coordinates": [ 7.6285392, 45.0121181 ] } },
{ "type": "Feature", "properties": { "name": "Morandi" }, "geometry": { "type": "Point", "coordinates": [ 7.632956, 45.0113774 ] } },
{ "type": "Feature", "properties": { "name": "Passo Buole" }, "geometry": { "type": "Point", "coordinates": [ 7.6561803, 45.0243912 ] } },
{ "type": "Feature", "properties": { "name": "Roveda" }, "geometry": { "type": "Point", "coordinates": [ 7.6048056, 45.0203175 ] } },
{ "type": "Feature", "properties": { "name": "Unione Sovietica" }, "geometry": { "type": "Point", "coordinates": [ 7.625424, 45.0127755 ] } },
{ "type": "Feature", "properties": { "name": "Cavalli" }, "geometry": { "type": "Point", "coordinates": [ 7.6636269, 45.0698118 ] } },
{ "type": "Feature", "properties": { "name": "Statuto" }, "geometry": { "type": "Point", "coordinates": [ 7.6692381, 45.0767938 ] } },
{ "type": "Feature", "properties": { "name": "Susa" }, "geometry": { "type": "Point", "coordinates": [ 7.6647015, 45.0717055 ] } },
{ "type": "Feature", "properties": { "name": "Don Bosco" }, "geometry": { "type": "Point", "coordinates": [ 7.6724626, 45.082095 ] } },
{ "type": "Feature", "properties": { "name": "Settembrini Capolinea" }, "geometry": { "type": "Point", "coordinates": [ 7.6156369, 45.0302328 ] } },
{ "type": "Feature", "properties": { "name": "Solferino Capolinea" }, "geometry": { "type": "Point", "coordinates": [ 7.6765133, 45.0687781 ] } },
{ "type": "Feature", "properties": { "name": "Torino (Stati Uniti Cap.)" }, "geometry": { "type": "Point", "coordinates": [ 7.6711494, 45.0627332 ] } },
{ "type": "Feature", "properties": { "name": "Tripoli" }, "geometry": { "type": "Point", "coordinates": [ 7.6444791, 45.0422985 ] } },
{ "type": "Feature", "properties": { "name": "Industria" }, "geometry": { "type": "Point", "coordinates": [ 7.6693157, 45.0813596 ] } },
{ "type": "Feature", "properties": { "name": "Industria" }, "geometry": { "type": "Point", "coordinates": [ 7.6692123, 45.0815833 ] } },
{ "type": "Feature", "properties": { "name": "Bonghi" }, "geometry": { "type": "Point", "coordinates": [ 7.6700796, 45.100669 ] } },
{ "type": "Feature", "properties": { "name": "Coni Zugna" }, "geometry": { "type": "Point", "coordinates": [ 7.6210645, 45.0180118 ] } },
{ "type": "Feature", "properties": { "name": "Coni Zugna" }, "geometry": { "type": "Point", "coordinates": [ 7.6209271, 45.0182954 ] } },
{ "type": "Feature", "properties": { "name": "Porta Susa Sud" }, "geometry": { "type": "Point", "coordinates": [ 7.6658038, 45.0692761 ] } },
{ "type": "Feature", "properties": { "name": "Porta Susa Sud" }, "geometry": { "type": "Point", "coordinates": [ 7.66475, 45.06946 ] } },
{ "type": "Feature", "properties": { "name": "Sospello" }, "geometry": { "type": "Point", "coordinates": [ 7.66725, 45.1040919 ] } },
{ "type": "Feature", "properties": { "name": "Vallette" }, "geometry": { "type": "Point", "coordinates": [ 7.6250422, 45.1041465 ] } },
{ "type": "Feature", "properties": { "name": "Industria" }, "geometry": { "type": "Point", "coordinates": [ 7.6693347, 45.0813914 ] } },
{ "type": "Feature", "properties": { "name": "Industria" }, "geometry": { "type": "Point", "coordinates": [ 7.6691999, 45.0815684 ] } },
{ "type": "Feature", "properties": { "name": "Alpignano" }, "geometry": { "type": "Point", "coordinates": [ 7.5238245, 45.0912816 ] } },
{ "type": "Feature", "properties": { "name": "Grugliasco" }, "geometry": { "type": "Point", "coordinates": [ 7.5993438, 45.0681366 ] } },
{ "type": "Feature", "properties": { "name": "Collegno" }, "geometry": { "type": "Point", "coordinates": [ 7.5741956, 45.0788692 ] } },
{ "type": "Feature", "properties": { "name": "Spezia" }, "geometry": { "type": "Point", "coordinates": [ 7.6694941, 45.0381342 ] } },
{ "type": "Feature", "properties": { "name": "Nizza" }, "geometry": { "type": "Point", "coordinates": [ 7.6746207, 45.0514359 ] } },
{ "type": "Feature", "properties": { "name": "Marconi" }, "geometry": { "type": "Point", "coordinates": [ 7.6768522, 45.0571422 ] } },
{ "type": "Feature", "properties": { "name": "Bertola" }, "geometry": { "type": "Point", "coordinates": [ 7.6813947, 45.0705563 ] } },
{ "type": "Feature", "properties": { "name": "Siccardi" }, "geometry": { "type": "Point", "coordinates": [ 7.6752476, 45.0711766 ] } },
{ "type": "Feature", "properties": { "name": "Siccardi" }, "geometry": { "type": "Point", "coordinates": [ 7.6744144, 45.0714424 ] } },
{ "type": "Feature", "properties": { "name": "Borsellino" }, "geometry": { "type": "Point", "coordinates": [ 7.55327, 45.10264 ] } },
{ "type": "Feature", "properties": { "name": "Druento" }, "geometry": { "type": "Point", "coordinates": [ 7.5550443, 45.1044122 ] } },
{ "type": "Feature", "properties": { "name": "Jotti" }, "geometry": { "type": "Point", "coordinates": [ 7.54934, 45.11246 ] } },
{ "type": "Feature", "properties": { "name": "Levante N.25" }, "geometry": { "type": "Point", "coordinates": [ 7.5466655, 45.1146693 ] } },
{ "type": "Feature", "properties": { "name": "Levi" }, "geometry": { "type": "Point", "coordinates": [ 7.5532543, 45.1079713 ] } },
{ "type": "Feature", "properties": { "name": "Parucco" }, "geometry": { "type": "Point", "coordinates": [ 7.5385748, 45.1099576 ] } },
{ "type": "Feature", "properties": { "name": "Ponente - Santuario" }, "geometry": { "type": "Point", "coordinates": [ 7.5436317, 45.1142413 ] } },
{ "type": "Feature", "properties": { "name": "San Gabriele" }, "geometry": { "type": "Point", "coordinates": [ 7.5400542, 45.1122467 ] } },
{ "type": "Feature", "properties": { "name": "Tirreno Capolinea" }, "geometry": { "type": "Point", "coordinates": [ 7.6080962, 45.0640855 ] } },
{ "type": "Feature", "properties": { "name": "Campo 11" }, "geometry": { "type": "Point", "coordinates": [ 7.5984669, 45.0320283 ] } },
{ "type": "Feature", "properties": { "name": "Iv Novembre N.11" }, "geometry": { "type": "Point", "coordinates": [ 7.5433684, 45.0699477 ] } },
{ "type": "Feature", "properties": { "name": "Novara" }, "geometry": { "type": "Point", "coordinates": [ 7.6932789, 45.0872455 ] } },
{ "type": "Feature", "properties": { "name": "Quarello Sud" }, "geometry": { "type": "Point", "coordinates": [ 7.6115382, 45.0190634 ] } },
{ "type": "Feature", "properties": { "name": "Robilant Nord" }, "geometry": { "type": "Point", "coordinates": [ 7.645385, 45.0615483 ] } },
{ "type": "Feature", "properties": { "name": "Unione Sovietica Sud" }, "geometry": { "type": "Point", "coordinates": [ 7.6235725, 45.0136114 ] } },
{ "type": "Feature", "properties": { "name": "Marco Polo" }, "geometry": { "type": "Point", "coordinates": [ 7.551308, 45.1100561 ] } },
{ "type": "Feature", "properties": { "name": "Settembrini" }, "geometry": { "type": "Point", "coordinates": [ 7.7098773, 44.9953206 ] } },
{ "type": "Feature", "properties": { "name": "Filadelfia" }, "geometry": { "type": "Point", "coordinates": [ 7.647652, 45.0414782 ] } },
{ "type": "Feature", "properties": { "name": "Bertola" }, "geometry": { "type": "Point", "coordinates": [ 7.6719908, 45.0733903 ] } },
{ "type": "Feature", "properties": { "name": "Boves" }, "geometry": { "type": "Point", "coordinates": [ 7.5418084, 45.0744686 ] } },
{ "type": "Feature", "properties": { "name": "Garibaldi Ovest" }, "geometry": { "type": "Point", "coordinates": [ 7.6735463, 45.0755686 ] } },
{ "type": "Feature", "properties": { "name": "Vicuna Capolinea" }, "geometry": { "type": "Point", "coordinates": [ 7.510159, 44.9938755 ] } },
{ "type": "Feature", "properties": { "name": "Fossano" }, "geometry": { "type": "Point", "coordinates": [ 7.5127459, 44.9973654 ] } },
{ "type": "Feature", "properties": { "name": "Fossano" }, "geometry": { "type": "Point", "coordinates": [ 7.51294, 44.99739 ] } },
{ "type": "Feature", "properties": { "name": "Allioni" }, "geometry": { "type": "Point", "coordinates": [ 7.6724106, 45.0774505 ] } },
{ "type": "Feature", "properties": { "name": "Bertola" }, "geometry": { "type": "Point", "coordinates": [ 7.6804823, 45.0705006 ] } },
{ "type": "Feature", "properties": { "name": "Moncalieri" }, "geometry": { "type": "Point", "coordinates": [ 7.6782643, 44.9982199 ] } },
{ "type": "Feature", "properties": { "name": "Settimo Torinese" }, "geometry": { "type": "Point", "coordinates": [ 7.7694909, 45.1399254 ] } },
{ "type": "Feature", "properties": { "name": "Torino Lingotto" }, "geometry": { "type": "Point", "coordinates": [ 7.6568231, 45.0265963 ] } },
{ "type": "Feature", "properties": { "name": "Torino Stura" }, "geometry": { "type": "Point", "coordinates": [ 7.7137959, 45.1220894 ] } },
{ "type": "Feature", "properties": { "name": "Principi d'Acaja" }, "geometry": { "type": "Point", "coordinates": [ 7.6646405, 45.0763861 ] } },
{ "type": "Feature", "properties": { "name": "Moro" }, "geometry": { "type": "Point", "coordinates": [ 7.6223461, 45.1220234 ] } },
{ "type": "Feature", "properties": { "name": "Fontaneto Ovest" }, "geometry": { "type": "Point", "coordinates": [ 7.8123447, 44.9944052 ] } },
{ "type": "Feature", "properties": { "name": "Rossa" }, "geometry": { "type": "Point", "coordinates": [ 7.6240455, 45.1251333 ] } },
{ "type": "Feature", "properties": { "name": "Machiavelli Capolinea" }, "geometry": { "type": "Point", "coordinates": [ 7.6265802, 45.1198537 ] } },
{ "type": "Feature", "properties": { "name": "Molinetti" }, "geometry": { "type": "Point", "coordinates": [ 7.5400879, 45.0598149 ] } },
{ "type": "Feature", "properties": { "name": "Parucco Est" }, "geometry": { "type": "Point", "coordinates": [ 7.5413967, 45.1084616 ] } },
{ "type": "Feature", "properties": { "name": "Robotti Capolinea" }, "geometry": { "type": "Point", "coordinates": [ 7.5234671, 45.0919037 ] } },
{ "type": "Feature", "properties": { "name": "De Gasperi Capolinea" }, "geometry": { "type": "Point", "coordinates": [ 7.63081, 45.12574 ] } },
{ "type": "Feature", "properties": { "name": "Bruere N.15" }, "geometry": { "type": "Point", "coordinates": [ 7.5391561, 45.0715549 ] } },
{ "type": "Feature", "properties": { "name": "Francia" }, "geometry": { "type": "Point", "coordinates": [ 7.5390667, 45.0699421 ] } },
{ "type": "Feature", "properties": { "name": "Goito" }, "geometry": { "type": "Point", "coordinates": [ 7.6345585, 45.1297964 ] } },
{ "type": "Feature", "properties": { "name": "Iv Novembre N.153" }, "geometry": { "type": "Point", "coordinates": [ 7.5421495, 45.0674644 ] } },
{ "type": "Feature", "properties": { "name": "Iv Novembre N.204" }, "geometry": { "type": "Point", "coordinates": [ 7.5383971, 45.0561865 ] } },
{ "type": "Feature", "properties": { "name": "Svincolo Tangenziale" }, "geometry": { "type": "Point", "coordinates": [ 7.5403344, 45.062258 ] } },
{ "type": "Feature", "properties": { "name": "Molinetti" }, "geometry": { "type": "Point", "coordinates": [ 7.5399566, 45.0597663 ] } },
{ "type": "Feature", "properties": { "name": "Moncalieri" }, "geometry": { "type": "Point", "coordinates": [ 7.5363982, 45.0521369 ] } },
{ "type": "Feature", "properties": { "name": "Park Stura Capolinea" }, "geometry": { "type": "Point", "coordinates": [ 7.7107735, 45.1203137 ] } },
{ "type": "Feature", "properties": { "name": "Pellice" }, "geometry": { "type": "Point", "coordinates": [ 7.5510783, 45.0767139 ] } },
{ "type": "Feature", "properties": { "name": "Sestriere Cap" }, "geometry": { "type": "Point", "coordinates": [ 7.5481326, 45.07475 ] } },
{ "type": "Feature", "properties": { "name": "Tetti Neirotti Cap." }, "geometry": { "type": "Point", "coordinates": [ 7.5369565, 45.0499924 ] } },
{ "type": "Feature", "properties": { "name": "Volturno" }, "geometry": { "type": "Point", "coordinates": [ 7.5456532, 45.074423 ] } },
{ "type": "Feature", "properties": { "name": "Adige" }, "geometry": { "type": "Point", "coordinates": [ 7.5495499, 45.0741579 ] } },
{ "type": "Feature", "properties": { "name": "Asl" }, "geometry": { "type": "Point", "coordinates": [ 7.8172663, 44.9996709 ] } },
{ "type": "Feature", "properties": { "name": "Bruere N.302" }, "geometry": { "type": "Point", "coordinates": [ 7.5488938, 45.0862683 ] } },
{ "type": "Feature", "properties": { "name": "Bruere N.305" }, "geometry": { "type": "Point", "coordinates": [ 7.5491815, 45.0869002 ] } },
{ "type": "Feature", "properties": { "name": "Bruere N.92" }, "geometry": { "type": "Point", "coordinates": [ 7.54243, 45.07801 ] } },
{ "type": "Feature", "properties": { "name": "Cambiano" }, "geometry": { "type": "Point", "coordinates": [ 7.5206166, 45.0852314 ] } },
{ "type": "Feature", "properties": { "name": "Cambiano" }, "geometry": { "type": "Point", "coordinates": [ 7.5205186, 45.0852593 ] } },
{ "type": "Feature", "properties": { "name": "Caselle (str. Aeroporto 36)" }, "geometry": { "type": "Point", "coordinates": [ 7.6505015, 45.175806 ] } },
{ "type": "Feature", "properties": { "name": "Caselle (str. Aeroporto 44)" }, "geometry": { "type": "Point", "coordinates": [ 7.650467, 45.1764765 ] } },
{ "type": "Feature", "properties": { "name": "San Gabriele da Gorizia" }, "geometry": { "type": "Point", "coordinates": [ 7.652868, 45.039617 ] } },
{ "type": "Feature", "properties": { "name": "Galileo Ferraris Ovest" }, "geometry": { "type": "Point", "coordinates": [ 7.6523938, 45.0394004 ] } },
{ "type": "Feature", "properties": { "name": "Giolitti" }, "geometry": { "type": "Point", "coordinates": [ 7.62563, 45.12785 ] } },
{ "type": "Feature", "properties": { "name": "Grosseto" }, "geometry": { "type": "Point", "coordinates": [ 7.6386618, 45.1060189 ] } },
{ "type": "Feature", "properties": { "name": "Iv Novembre N.204" }, "geometry": { "type": "Point", "coordinates": [ 7.5388292, 45.0567998 ] } },
{ "type": "Feature", "properties": { "name": "Iv Novembre" }, "geometry": { "type": "Point", "coordinates": [ 7.5403585, 45.0652605 ] } },
{ "type": "Feature", "properties": { "name": "Lincoln" }, "geometry": { "type": "Point", "coordinates": [ 7.5148772, 45.0805938 ] } },
{ "type": "Feature", "properties": { "name": "Lincoln" }, "geometry": { "type": "Point", "coordinates": [ 7.5150137, 45.0806748 ] } },
{ "type": "Feature", "properties": { "name": "Macario N.68" }, "geometry": { "type": "Point", "coordinates": [ 7.53807, 45.06781 ] } },
{ "type": "Feature", "properties": { "name": "Moncalieri" }, "geometry": { "type": "Point", "coordinates": [ 7.5424343, 45.0521132 ] } },
{ "type": "Feature", "properties": { "name": "Mondovi" }, "geometry": { "type": "Point", "coordinates": [ 7.5421937, 45.0765853 ] } },
{ "type": "Feature", "properties": { "name": "Morandi" }, "geometry": { "type": "Point", "coordinates": [ 7.5795932, 45.1352213 ] } },
{ "type": "Feature", "properties": { "name": "Palma di Cesnola" }, "geometry": { "type": "Point", "coordinates": [ 7.6502235, 45.017595 ] } },
{ "type": "Feature", "properties": { "name": "Regio Parco Est" }, "geometry": { "type": "Point", "coordinates": [ 7.712716, 45.085539 ] } },
{ "type": "Feature", "properties": { "name": "Salvemini" }, "geometry": { "type": "Point", "coordinates": [ 7.5178659, 45.0832412 ] } },
{ "type": "Feature", "properties": { "name": "Salvemini" }, "geometry": { "type": "Point", "coordinates": [ 7.5178862, 45.0833569 ] } },
{ "type": "Feature", "properties": { "name": "Sestriere" }, "geometry": { "type": "Point", "coordinates": [ 7.5520632, 45.0738416 ] } },
{ "type": "Feature", "properties": { "name": "Stazione Rebaudengo" }, "geometry": { "type": "Point", "coordinates": [ 7.685277, 45.0994433 ] } },
{ "type": "Feature", "properties": { "name": "Torino (C.so Marche-Stab.Abarth)" }, "geometry": { "type": "Point", "coordinates": [ 7.6146982, 45.0761601 ] } },
{ "type": "Feature", "properties": { "name": "Torino (C.so Marche-Stab.Abarth)" }, "geometry": { "type": "Point", "coordinates": [ 7.61429, 45.0762 ] } },
{ "type": "Feature", "properties": { "name": "Velasco" }, "geometry": { "type": "Point", "coordinates": [ 7.580977, 45.1331432 ] } },
{ "type": "Feature", "properties": { "name": "Matteotti" }, "geometry": { "type": "Point", "coordinates": [ 7.62646, 45.12913 ] } },
{ "type": "Feature", "properties": { "name": "Volpiano (CC Elicotteristi)" }, "geometry": { "type": "Point", "coordinates": [ 7.79771, 45.19388 ] } },
{ "type": "Feature", "properties": { "name": "Volpiano (CC Elicotteristi)" }, "geometry": { "type": "Point", "coordinates": [ 7.79806, 45.19412 ] } },
{ "type": "Feature", "properties": { "name": "Beltramo" }, "geometry": { "type": "Point", "coordinates": [ 7.5144708, 45.0786978 ] } },
{ "type": "Feature", "properties": { "name": "Bruere Cap." }, "geometry": { "type": "Point", "coordinates": [ 7.55077, 45.09023 ] } },
{ "type": "Feature", "properties": { "name": "Dei Mughetti" }, "geometry": { "type": "Point", "coordinates": [ 7.6378308, 45.1031147 ] } },
{ "type": "Feature", "properties": { "name": "Baldissera Nord" }, "geometry": { "type": "Point", "coordinates": [ 7.678098, 45.0910358 ] } },
{ "type": "Feature", "properties": { "name": "Ferrara" }, "geometry": { "type": "Point", "coordinates": [ 7.6379609, 45.1055809 ] } },
{ "type": "Feature", "properties": { "name": "Giovanni XXIII" }, "geometry": { "type": "Point", "coordinates": [ 7.6358667, 45.1250924 ] } },
{ "type": "Feature", "properties": { "name": "S. Caselle" }, "geometry": { "type": "Point", "coordinates": [ 7.8152, 44.99372 ] } },
{ "type": "Feature", "properties": { "name": "Sangone" }, "geometry": { "type": "Point", "coordinates": [ 7.539912, 45.0729149 ] } },
{ "type": "Feature", "properties": { "name": "Stazione Rebaudengo Capolinea" }, "geometry": { "type": "Point", "coordinates": [ 7.6849275, 45.0997499 ] } },
{ "type": "Feature", "properties": { "name": "Vasino" }, "geometry": { "type": "Point", "coordinates": [ 7.819, 44.99301 ] } },
{ "type": "Feature", "properties": { "name": "Venaria (Centro Storico)" }, "geometry": { "type": "Point", "coordinates": [ 7.6335262, 45.1316904 ] } },
{ "type": "Feature", "properties": { "name": "XVIII Dicembre" }, "geometry": { "type": "Point", "coordinates": [ 7.6688453, 45.0735058 ] } },
{ "type": "Feature", "properties": { "name": "Volpiano (bv. Cebrosa)" }, "geometry": { "type": "Point", "coordinates": [ 7.7737511, 45.1992078 ] } },
{ "type": "Feature", "properties": { "name": "Volpiano (bv. Cebrosa)" }, "geometry": { "type": "Point", "coordinates": [ 7.7742517, 45.1994267 ] } },
{ "type": "Feature", "properties": { "name": "Via Miraflores" }, "geometry": { "type": "Point", "coordinates": [ 7.6497809, 45.0043258 ] } },
{ "type": "Feature", "properties": { "name": "IKEA" }, "geometry": { "type": "Point", "coordinates": [ 7.5804699, 45.0988999 ] } },
{ "type": "Feature", "properties": { "name": "IKEA" }, "geometry": { "type": "Point", "coordinates": [ 7.5799346, 45.0988767 ] } },
{ "type": "Feature", "properties": { "name": "Fermi" }, "geometry": { "type": "Point", "coordinates": [ 7.5916803, 45.0759959 ] } },
{ "type": "Feature", "properties": { "name": "Fermi" }, "geometry": { "type": "Point", "coordinates": [ 7.5910214, 45.0759584 ] } },
{ "type": "Feature", "properties": { "name": "Bus Torino city center (Torino Aeroporto liv. arrivi)" }, "geometry": { "type": "Point", "coordinates": [ 7.6430086, 45.1925991 ] } },
{ "type": "Feature", "properties": { "name": "Monginevro" }, "geometry": { "type": "Point", "coordinates": [ 7.6238287, 45.0641008 ] } },
{ "type": "Feature", "properties": { "name": "Settimo Torinese (Casello)" }, "geometry": { "type": "Point", "coordinates": [ 7.756282, 45.145996 ] } },
{ "type": "Feature", "properties": { "name": "Settimo Torinese (Casello-S.E.)" }, "geometry": { "type": "Point", "coordinates": [ 7.7568955, 45.1456615 ] } },
{ "type": "Feature", "properties": { "name": "Settimo (Cimitero)" }, "geometry": { "type": "Point", "coordinates": [ 7.7851598, 45.1473543 ] } },
{ "type": "Feature", "properties": { "name": "Costaguta" }, "geometry": { "type": "Point", "coordinates": [ 7.8152862, 45.0014484 ] } },
{ "type": "Feature", "properties": { "name": "Parco Salvemini" }, "geometry": { "type": "Point", "coordinates": [ 7.5180077, 45.0765235 ] } },
{ "type": "Feature", "properties": { "name": "Acqui 68C" }, "geometry": { "type": "Point", "coordinates": [ 7.5588711, 45.0664465 ] } },
{ "type": "Feature", "properties": { "name": "Acqui Capolinea (Partenza)" }, "geometry": { "type": "Point", "coordinates": [ 7.552427, 45.0675048 ] } },
{ "type": "Feature", "properties": { "name": "Albenga 65" }, "geometry": { "type": "Point", "coordinates": [ 7.55268, 45.06432 ] } },
{ "type": "Feature", "properties": { "name": "Alessandria" }, "geometry": { "type": "Point", "coordinates": [ 7.5552796, 45.067021 ] } },
{ "type": "Feature", "properties": { "name": "Di Vittorio 6A" }, "geometry": { "type": "Point", "coordinates": [ 7.5598417, 45.0647921 ] } },
{ "type": "Feature", "properties": { "name": "Pavia 72" }, "geometry": { "type": "Point", "coordinates": [ 7.55112, 45.0659 ] } },
{ "type": "Feature", "properties": { "name": "Pavia Capolinea" }, "geometry": { "type": "Point", "coordinates": [ 7.5517621, 45.0680427 ] } },
{ "type": "Feature", "properties": { "name": "Serafino Dir. Borgaretto" }, "geometry": { "type": "Point", "coordinates": [ 7.57929, 45.02045 ] } },
{ "type": "Feature", "properties": { "name": "Serafino Dir. Orbassano" }, "geometry": { "type": "Point", "coordinates": [ 7.578995, 45.0203809 ] } },
{ "type": "Feature", "properties": { "name": "Giovanni XXIII" }, "geometry": { "type": "Point", "coordinates": [ 7.636013, 45.1250169 ] } },
{ "type": "Feature", "properties": { "name": "Duino" }, "geometry": { "type": "Point", "coordinates": [ 7.6568361, 45.0186525 ] } },
{ "type": "Feature", "properties": { "name": "Morandi" }, "geometry": { "type": "Point", "coordinates": [ 7.6336571, 45.0111611 ] } },
{ "type": "Feature", "properties": { "name": "Roma N.8" }, "geometry": { "type": "Point", "coordinates": [ 7.659716, 45.0042309 ] } },
{ "type": "Feature", "properties": { "name": "Vigliani Capolinea" }, "geometry": { "type": "Point", "coordinates": [ 7.6516839, 45.0175776 ] } },
{ "type": "Feature", "properties": { "name": "Ventimiglia Capolinea" }, "geometry": { "type": "Point", "coordinates": [ 7.672217, 45.0339144 ] } },
{ "type": "Feature", "properties": { "name": "Campus Einaudi" }, "geometry": { "type": "Point", "coordinates": [ 7.6992528, 45.0749059 ] } },
{ "type": "Feature", "properties": { "name": "Campus Einaudi" }, "geometry": { "type": "Point", "coordinates": [ 7.6990426, 45.0749828 ] } },
{ "type": "Feature", "properties": { "name": "Pisa" }, "geometry": { "type": "Point", "coordinates": [ 7.6949317, 45.0739765 ] } },
{ "type": "Feature", "properties": { "name": "Pisa" }, "geometry": { "type": "Point", "coordinates": [ 7.6950612, 45.074046 ] } },
{ "type": "Feature", "properties": { "name": "Verona" }, "geometry": { "type": "Point", "coordinates": [ 7.6989256, 45.0768524 ] } },
{ "type": "Feature", "properties": { "name": "Telesio" }, "geometry": { "type": "Point", "coordinates": [ 7.6310896, 45.0837958 ] } },
{ "type": "Feature", "properties": { "name": "Confienza" }, "geometry": { "type": "Point", "coordinates": [ 7.6766289, 45.0705583 ] } },
{ "type": "Feature", "properties": { "name": "Carducci-Molinette" }, "geometry": { "type": "Point", "coordinates": [ 7.6711553, 45.0424484 ] } },
{ "type": "Feature", "properties": { "name": "Siccardi" }, "geometry": { "type": "Point", "coordinates": [ 7.6757609, 45.0710598 ] } },
{ "type": "Feature", "properties": { "name": "Palazzo Nuovo" }, "geometry": { "type": "Point", "coordinates": [ 7.6951426, 45.0691989 ] } },
{ "type": "Feature", "properties": { "name": "Mole Antonelliana" }, "geometry": { "type": "Point", "coordinates": [ 7.6934176, 45.0709446 ] } },
{ "type": "Feature", "properties": { "name": "Tortona Capolinea" }, "geometry": { "type": "Point", "coordinates": [ 7.7076448, 45.0716364 ] } },
{ "type": "Feature", "properties": { "name": "Ricasoli" }, "geometry": { "type": "Point", "coordinates": [ 7.7056893, 45.0718146 ] } },
{ "type": "Feature", "properties": { "name": "Torino Rebaudengo Fossata" }, "geometry": { "type": "Point", "coordinates": [ 7.6870231, 45.0995225 ] } },
{ "type": "Feature", "properties": { "name": "Torino Porta Nuova" }, "geometry": { "type": "Point", "coordinates": [ 7.6778001, 45.0612027 ] } },
{ "type": "Feature", "properties": { "name": "Borgaro" }, "geometry": { "type": "Point", "coordinates": [ 7.6487537, 45.1532979 ] } },
{ "type": "Feature", "properties": { "name": "Statuto Capolinea" }, "geometry": { "type": "Point", "coordinates": [ 7.6703683, 45.0765769 ] } },
{ "type": "Feature", "properties": { "name": "Brianza" }, "geometry": { "type": "Point", "coordinates": [ 7.7179206, 45.0737071 ] } },
{ "type": "Feature", "properties": { "name": "Brianza" }, "geometry": { "type": "Point", "coordinates": [ 7.7176795, 45.073782 ] } },
{ "type": "Feature", "properties": { "name": "Bovetti" }, "geometry": { "type": "Point", "coordinates": [ 7.5346336, 45.1423742 ] } },
{ "type": "Feature", "properties": { "name": "Pigafetta" }, "geometry": { "type": "Point", "coordinates": [ 7.657069, 45.057021 ] } },
{ "type": "Feature", "properties": { "name": "Lingotto" }, "geometry": { "type": "Point", "coordinates": [ 7.6668834, 45.0314038 ] } },
{ "type": "Feature", "properties": { "name": "Duchessa Jolanda Est" }, "geometry": { "type": "Point", "coordinates": [ 7.666218, 45.0729057 ] } },
{ "type": "Feature", "properties": { "name": "Duchessa Jolanda" }, "geometry": { "type": "Point", "coordinates": [ 7.6655696, 45.0725915 ] } },
{ "type": "Feature", "properties": { }, "geometry": { "type": "Point", "coordinates": [ 7.6892093, 45.0937175 ] } },
{ "type": "Feature", "properties": { "name": "Regina Margherita" }, "geometry": { "type": "Point", "coordinates": [ 7.6712061, 45.0801575 ] } },
{ "type": "Feature", "properties": { "name": "Inghilterra Capolinea" }, "geometry": { "type": "Point", "coordinates": [ 7.6669766, 45.0736989 ] } },
{ "type": "Feature", "properties": { "name": "Caselle Express" }, "geometry": { "type": "Point", "coordinates": [ 7.6769699, 45.0632182 ] } },
{ "type": "Feature", "properties": { "name": "Cavallero" }, "geometry": { "type": "Point", "coordinates": [ 7.5182879, 45.0626713 ] } },
{ "type": "Feature", "properties": { "name": "Valentino" }, "geometry": { "type": "Point", "coordinates": [ 7.6847761, 45.0549577 ] } },
{ "type": "Feature", "properties": { "name": "Drovetti" }, "geometry": { "type": "Point", "coordinates": [ 7.6646938, 45.0730031 ] } },
{ "type": "Feature", "properties": { "name": "Drovetti" }, "geometry": { "type": "Point", "coordinates": [ 7.6645323, 45.0731851 ] } },
{ "type": "Feature", "properties": { "name": "Cavalli Est" }, "geometry": { "type": "Point", "coordinates": [ 7.6643106, 45.0701206 ] } },
{ "type": "Feature", "properties": { "name": "Moncalieri Sangone" }, "geometry": { "type": "Point", "coordinates": [ 7.6679801, 45.0004103 ] } },
{ "type": "Feature", "properties": { "name": "Nizza" }, "geometry": { "type": "Point", "coordinates": [ 7.6766052, 45.0537209 ] } },
{ "type": "Feature", "properties": { "name": "Carlo Emanuele II" }, "geometry": { "type": "Point", "coordinates": [ 7.6881444, 45.0665267 ] } },
{ "type": "Feature", "properties": { "name": "Dora" }, "geometry": { "type": "Point", "coordinates": [ 7.676674, 45.0890488 ] } },
{ "type": "Feature", "properties": { "name": "Torino, Stura" }, "geometry": { "type": "Point", "coordinates": [ 7.7108539, 45.1200401 ] } },
{ "type": "Feature", "properties": { }, "geometry": { "type": "Point", "coordinates": [ 7.6774633, 45.0654579 ] } },
{ "type": "Feature", "properties": { }, "geometry": { "type": "Point", "coordinates": [ 7.6818408, 45.069073 ] } },
{ "type": "Feature", "properties": { }, "geometry": { "type": "Point", "coordinates": [ 7.6896814, 45.0673017 ] } },
{ "type": "Feature", "properties": { }, "geometry": { "type": "Point", "coordinates": [ 7.6899528, 45.0676719 ] } },
{ "type": "Feature", "properties": { }, "geometry": { "type": "Point", "coordinates": [ 7.6690958, 45.0069107 ] } },
{ "type": "Feature", "properties": { }, "geometry": { "type": "Point", "coordinates": [ 7.6814199, 45.049718 ] } },
{ "type": "Feature", "properties": { }, "geometry": { "type": "Point", "coordinates": [ 7.671572, 44.9952296 ] } },
{ "type": "Feature", "properties": { }, "geometry": { "type": "Point", "coordinates": [ 7.5215354, 45.0464404 ] } },
{ "type": "Feature", "properties": { }, "geometry": { "type": "Point", "coordinates": [ 7.5216895, 45.0465225 ] } },
{ "type": "Feature", "properties": { }, "geometry": { "type": "Point", "coordinates": [ 7.6807398, 45.0705314 ] } },
{ "type": "Feature", "properties": { }, "geometry": { "type": "Point", "coordinates": [ 7.6851629, 45.0740824 ] } },
{ "type": "Feature", "properties": { "name": "Fossata" }, "geometry": { "type": "Point", "coordinates": [ 7.6846685, 45.0985817 ] } },
{ "type": "Feature", "properties": { "name": "Bengasi" }, "geometry": { "type": "Point", "coordinates": [ 7.6613021, 45.0169671 ] } },
{ "type": "Feature", "properties": { "name": "Italia '61 - Regione Piemonte" }, "geometry": { "type": "Point", "coordinates": [ 7.6642899, 45.0246783 ] } },
{ "type": "Feature", "properties": { }, "geometry": { "type": "Point", "coordinates": [ 7.6668317, 45.0494466 ] } },
{ "type": "Feature", "properties": { "name": "Caselle (Leonardo Sud)" }, "geometry": { "type": "Point", "coordinates": [ 7.6551966, 45.187282 ] } },
{ "type": "Feature", "properties": { "name": "Torino Aeroporto di Caselle" }, "geometry": { "type": "Point", "coordinates": [ 7.6415776, 45.1915762 ] } },
{ "type": "Feature", "properties": { "name": "Susa N.145" }, "geometry": { "type": "Point", "coordinates": [ 7.513204, 45.0781403 ] } },
{ "type": "Feature", "properties": { }, "geometry": { "type": "Point", "coordinates": [ 7.667415, 45.0490048 ] } },
{ "type": "Feature", "properties": { }, "geometry": { "type": "Point", "coordinates": [ 7.6927194, 45.0804329 ] } },
{ "type": "Feature", "properties": { }, "geometry": { "type": "Point", "coordinates": [ 7.6909257, 45.0804504 ] } },
{ "type": "Feature", "properties": { }, "geometry": { "type": "Point", "coordinates": [ 7.6716106, 45.042465 ] } },
{ "type": "Feature", "properties": { "name": "Fasano" }, "geometry": { "type": "Point", "coordinates": [ 7.8190231, 45.0149226 ] } },
{ "type": "Feature", "properties": { "name": "Eremo" }, "geometry": { "type": "Point", "coordinates": [ 7.7356482, 45.0385704 ] } },
{ "type": "Feature", "properties": { "name": "Eremo" }, "geometry": { "type": "Point", "coordinates": [ 7.7361193, 45.0383498 ] } },
{ "type": "Feature", "properties": { "name": "Eremo" }, "geometry": { "type": "Point", "coordinates": [ 7.7456237, 45.0330662 ] } },
{ "type": "Feature", "properties": { "name": "Eremo" }, "geometry": { "type": "Point", "coordinates": [ 7.7457294, 45.0330892 ] } },
{ "type": "Feature", "properties": { "name": "Torino" }, "geometry": { "type": "Point", "coordinates": [ 7.6562136, 45.0251752 ] } },
{ "type": "Feature", "properties": { "name": "Alpignano (Piazza Robotti)" }, "geometry": { "type": "Point", "coordinates": [ 7.5236694, 45.0919333 ] } },
{ "type": "Feature", "properties": { "name": "Torino Grosseto" }, "geometry": { "type": "Point", "coordinates": [ 7.6671301, 45.1052353 ] } },
{ "type": "Feature", "properties": { "name": "Verdi" }, "geometry": { "type": "Point", "coordinates": [ 7.6906462, 45.0686482 ] } },
{ "type": "Feature", "properties": { }, "geometry": { "type": "Point", "coordinates": [ 7.5235097, 45.0374949 ] } },
{ "type": "Feature", "properties": { "name": "Parco Salvemini" }, "geometry": { "type": "Point", "coordinates": [ 7.5182962, 45.0763313 ] } },
{ "type": "Feature", "properties": { }, "geometry": { "type": "Point", "coordinates": [ 7.6771131, 45.0656095 ] } },
{ "type": "Feature", "properties": { "name": "Nichelino" }, "geometry": { "type": "Point", "coordinates": [ 7.642054, 44.9914039 ] } },
{ "type": "Feature", "properties": { "name": "Campanella Capolinea" }, "geometry": { "type": "Point", "coordinates": [ 7.6322735, 45.0821997 ] } },
{ "type": "Feature", "properties": { "name": "Marconi" }, "geometry": { "type": "Point", "coordinates": [ 7.677025, 45.057802 ] } },
{ "type": "Feature", "properties": { "name": "Marconi" }, "geometry": { "type": "Point", "coordinates": [ 7.677191, 45.0576258 ] } },
{ "type": "Feature", "properties": { "name": "Carcano" }, "geometry": { "type": "Point", "coordinates": [ 7.7141321, 45.0800569 ] } },
{ "type": "Feature", "properties": { "name": "Donatore di Sangue Capolinea" }, "geometry": { "type": "Point", "coordinates": [ 7.7002521, 45.096492 ] } },
{ "type": "Feature", "properties": { "name": "Parco della Confluenza" }, "geometry": { "type": "Point", "coordinates": [ 7.7166067, 45.0940641 ] } },
{ "type": "Feature", "properties": { "name": "Paroletti" }, "geometry": { "type": "Point", "coordinates": [ 7.7151015, 45.0916249 ] } },
{ "type": "Feature", "properties": { "name": "Paroletti" }, "geometry": { "type": "Point", "coordinates": [ 7.7149371, 45.0915735 ] } },
{ "type": "Feature", "properties": { "name": "Monte Rosa" }, "geometry": { "type": "Point", "coordinates": [ 7.7011514, 45.098024 ] } },
{ "type": "Feature", "properties": { "name": "Porta Susa Sud" }, "geometry": { "type": "Point", "coordinates": [ 7.6656619, 45.0701294 ] } },
{ "type": "Feature", "properties": { "name": "Nievo Est" }, "geometry": { "type": "Point", "coordinates": [ 7.7099186, 45.0780541 ] } },
{ "type": "Feature", "properties": { "name": "Bolzano Capolinea" }, "geometry": { "type": "Point", "coordinates": [ 7.6669402, 45.0725129 ] } },
{ "type": "Feature", "properties": { "name": "Madonna di Campagna" }, "geometry": { "type": "Point", "coordinates": [ 7.6629954, 45.1041769 ] } },
{ "type": "Feature", "properties": { "name": "Cuneo" }, "geometry": { "type": "Point", "coordinates": [ 7.6809569, 45.0871284 ] } },
{ "type": "Feature", "properties": { "name": "Coppino" }, "geometry": { "type": "Point", "coordinates": [ 7.6808807, 45.1006857 ] } },
{ "type": "Feature", "properties": { "name": "Via Nizza-Lingotto Fiere" }, "geometry": { "type": "Point", "coordinates": [ 7.6661866, 45.0298592 ] } },
{ "type": "Feature", "properties": { "name": "Venaria" }, "geometry": { "type": "Point", "coordinates": [ 7.574823, 45.0959756 ] } },
{ "type": "Feature", "properties": { "name": "C.So V.Eman. Porta Nuova" }, "geometry": { "type": "Point", "coordinates": [ 7.6773909, 45.0630605 ] } },
{ "type": "Feature", "properties": { "name": "Certosa" }, "geometry": { "type": "Point", "coordinates": [ 7.5827824, 45.0800767 ] } },
{ "type": "Feature", "properties": { "name": "Certosa" }, "geometry": { "type": "Point", "coordinates": [ 7.5815738, 45.0803169 ] } },
{ "type": "Feature", "properties": { "name": "Fermi Capolinea" }, "geometry": { "type": "Point", "coordinates": [ 7.5905154, 45.0763315 ] } },
{ "type": "Feature", "properties": { "name": "Vittorio Emanuele II" }, "geometry": { "type": "Point", "coordinates": [ 7.685213, 45.0610701 ] } },
{ "type": "Feature", "properties": { }, "geometry": { "type": "Point", "coordinates": [ 7.7493601, 45.0173944 ] } },
{ "type": "Feature", "properties": { "name": "Vittorio Emanuele II Capolinea" }, "geometry": { "type": "Point", "coordinates": [ 7.6770188, 45.063617 ] } },
{ "type": "Feature", "properties": { "name": "Braccini" }, "geometry": { "type": "Point", "coordinates": [ 7.6564937, 45.0590653 ] } },
{ "type": "Feature", "properties": { "name": "Torricelli" }, "geometry": { "type": "Point", "coordinates": [ 7.6549565, 45.0562033 ] } },
{ "type": "Feature", "properties": { "name": "Rosselli" }, "geometry": { "type": "Point", "coordinates": [ 7.6550366, 45.0538254 ] } },
{ "type": "Feature", "properties": { "name": "Rosselli" }, "geometry": { "type": "Point", "coordinates": [ 7.6547597, 45.053688 ] } },
{ "type": "Feature", "properties": { "name": "Torricelli" }, "geometry": { "type": "Point", "coordinates": [ 7.6546363, 45.0561636 ] } },
{ "type": "Feature", "properties": { "name": "Circonvallazione Sud" }, "geometry": { "type": "Point", "coordinates": [ 7.7541091, 45.0146872 ] } },
{ "type": "Feature", "properties": { "name": "Circonvallazione Nord" }, "geometry": { "type": "Point", "coordinates": [ 7.7523196, 45.0192697 ] } },
{ "type": "Feature", "properties": { }, "geometry": { "type": "Point", "coordinates": [ 7.748284, 45.0197902 ] } },
{ "type": "Feature", "properties": { "name": "San Sebastiano" }, "geometry": { "type": "Point", "coordinates": [ 7.7523953, 45.0139342 ] } },
{ "type": "Feature", "properties": { }, "geometry": { "type": "Point", "coordinates": [ 7.7541413, 45.01282 ] } },
{ "type": "Feature", "properties": { "name": "Valenza" }, "geometry": { "type": "Point", "coordinates": [ 7.6666277, 45.0250914 ] } },
{ "type": "Feature", "properties": { "name": "Fermi Capolinea" }, "geometry": { "type": "Point", "coordinates": [ 7.5903519, 45.0762508 ] } },
{ "type": "Feature", "properties": { "name": "Porta Susa (Flibco da Malpensa)" }, "geometry": { "type": "Point", "coordinates": [ 7.6646922, 45.0693521 ] } },
{ "type": "Feature", "properties": { "name": "Porta Susa (Flibco per Malpensa)" }, "geometry": { "type": "Point", "coordinates": [ 7.6654084, 45.0714022 ] } },
{ "type": "Feature", "properties": { "name": "Brissogne Capolinea" }, "geometry": { "type": "Point", "coordinates": [ 7.6210505, 45.0626121 ] } },
{ "type": "Feature", "properties": { "name": "Genola" }, "geometry": { "type": "Point", "coordinates": [ 7.6406343, 45.0644952 ] } },
{ "type": "Feature", "properties": { "name": "Racconigi" }, "geometry": { "type": "Point", "coordinates": [ 7.6440614, 45.0644503 ] } },
{ "type": "Feature", "properties": { "name": "Sabotino Ovest" }, "geometry": { "type": "Point", "coordinates": [ 7.6482229, 45.0647714 ] } },
{ "type": "Feature", "properties": { "name": "Bertola" }, "geometry": { "type": "Point", "coordinates": [ 7.6821588, 45.0694112 ] } },
{ "type": "Feature", "properties": { "name": "Sabotino Ovest" }, "geometry": { "type": "Point", "coordinates": [ 7.6473297, 45.0647455 ] } },
{ "type": "Feature", "properties": { "name": "Racconigi" }, "geometry": { "type": "Point", "coordinates": [ 7.6454241, 45.0645659 ] } },
{ "type": "Feature", "properties": { "name": "Genola" }, "geometry": { "type": "Point", "coordinates": [ 7.6410306, 45.064562 ] } },
{ "type": "Feature", "properties": { "name": "Trapani" }, "geometry": { "type": "Point", "coordinates": [ 7.6370846, 45.0646116 ] } },
{ "type": "Feature", "properties": { "name": "Vittorio Veneto Nord" }, "geometry": { "type": "Point", "coordinates": [ 7.6956452, 45.0656906 ] } },
{ "type": "Feature", "properties": { "name": "San Maurizio" }, "geometry": { "type": "Point", "coordinates": [ 7.6977749, 45.06732 ] } },
{ "type": "Feature", "properties": { "name": "XVIII Dicembre" }, "geometry": { "type": "Point", "coordinates": [ 7.6682198, 45.0740858 ] } },
{ "type": "Feature", "properties": { "name": "Papa Giovanni XXIII" }, "geometry": { "type": "Point", "coordinates": [ 7.7611213, 45.1037428 ] } },
{ "type": "Feature", "properties": { "name": "Flibco per Malpensa" }, "geometry": { "type": "Point", "coordinates": [ 7.7094422, 45.1156745 ] } },
{ "type": "Feature", "properties": { "name": "Fossata Ovest" }, "geometry": { "type": "Point", "coordinates": [ 7.6859473, 45.0987244 ] } },
{ "type": "Feature", "properties": { "name": "Fossata Est" }, "geometry": { "type": "Point", "coordinates": [ 7.6863751, 45.0986884 ] } },
{ "type": "Feature", "properties": { "name": "Saorgio Ovest" }, "geometry": { "type": "Point", "coordinates": [ 7.683422, 45.0963236 ] } },
{ "type": "Feature", "properties": { "name": "Saorgio Est" }, "geometry": { "type": "Point", "coordinates": [ 7.6837278, 45.0961845 ] } },
{ "type": "Feature", "properties": { }, "geometry": { "type": "Point", "coordinates": [ 7.6486297, 45.1172015 ] } },
{ "type": "Feature", "properties": { }, "geometry": { "type": "Point", "coordinates": [ 7.64704, 45.1186217 ] } },
{ "type": "Feature", "properties": { "name": "Venaria Reale Rigola Stadio" }, "geometry": { "type": "Point", "coordinates": [ 7.6478349, 45.1179644 ] } },
{ "type": "Feature", "properties": { }, "geometry": { "type": "Point", "coordinates": [ 7.6487234, 45.1172457 ] } },
{ "type": "Feature", "properties": { }, "geometry": { "type": "Point", "coordinates": [ 7.6471337, 45.1186659 ] } },
{ "type": "Feature", "properties": { "name": "Torino Porta Susa" }, "geometry": { "type": "Point", "coordinates": [ 7.6658551, 45.0715765 ] } },
{ "type": "Feature", "properties": { "name": "Como" }, "geometry": { "type": "Point", "coordinates": [ 7.6962746, 45.084173 ] } },
{ "type": "Feature", "properties": { "name": "Chivasso" }, "geometry": { "type": "Point", "coordinates": [ 7.7601648, 45.1070014 ] } },
{ "type": "Feature", "properties": { "name": "Speranza" }, "geometry": { "type": "Point", "coordinates": [ 7.7551097, 45.1064878 ] } },
{ "type": "Feature", "properties": { "name": "Centro Commerciale" }, "geometry": { "type": "Point", "coordinates": [ 7.7509709, 45.1072474 ] } },
{ "type": "Feature", "properties": { "name": "Alba" }, "geometry": { "type": "Point", "coordinates": [ 7.7490507, 45.1082518 ] } },
{ "type": "Feature", "properties": { "name": "Lombardia N.20" }, "geometry": { "type": "Point", "coordinates": [ 7.7489322, 45.1159181 ] } },
{ "type": "Feature", "properties": { "name": "Ospedale Settimo" }, "geometry": { "type": "Point", "coordinates": [ 7.7534059, 45.1247252 ] } },
{ "type": "Feature", "properties": { "name": "Oberdan" }, "geometry": { "type": "Point", "coordinates": [ 7.7627142, 45.1394134 ] } },
{ "type": "Feature", "properties": { "name": "Trento" }, "geometry": { "type": "Point", "coordinates": [ 7.7658203, 45.1389882 ] } },
{ "type": "Feature", "properties": { "name": "Fantina" }, "geometry": { "type": "Point", "coordinates": [ 7.7620508, 45.1396598 ] } },
{ "type": "Feature", "properties": { "name": "Paganini Capolinea" }, "geometry": { "type": "Point", "coordinates": [ 7.734163, 45.1382666 ] } },
{ "type": "Feature", "properties": { "name": "Paganini N.7" }, "geometry": { "type": "Point", "coordinates": [ 7.7389658, 45.1439109 ] } },
{ "type": "Feature", "properties": { "name": "Ospedale Settimo" }, "geometry": { "type": "Point", "coordinates": [ 7.7530531, 45.1244936 ] } },
{ "type": "Feature", "properties": { "name": "Lombardia" }, "geometry": { "type": "Point", "coordinates": [ 7.7485796, 45.1159109 ] } },
{ "type": "Feature", "properties": { "name": "Domodossola N.1B" }, "geometry": { "type": "Point", "coordinates": [ 7.7477625, 45.1093964 ] } },
{ "type": "Feature", "properties": { "name": "Centro Commerciale" }, "geometry": { "type": "Point", "coordinates": [ 7.7507739, 45.1071133 ] } },
{ "type": "Feature", "properties": { "name": "Borsellino" }, "geometry": { "type": "Point", "coordinates": [ 7.7573566, 45.1071846 ] } },
{ "type": "Feature", "properties": { "name": "Chivasso" }, "geometry": { "type": "Point", "coordinates": [ 7.7602757, 45.1067396 ] } },
{ "type": "Feature", "properties": { "name": "Bormida" }, "geometry": { "type": "Point", "coordinates": [ 7.7582848, 45.1104986 ] } },
{ "type": "Feature", "properties": { "name": "Borgata Paradiso" }, "geometry": { "type": "Point", "coordinates": [ 7.7589681, 45.1133779 ] } },
{ "type": "Feature", "properties": { "name": "San Giorgio" }, "geometry": { "type": "Point", "coordinates": [ 7.7588446, 45.1231741 ] } },
{ "type": "Feature", "properties": { "name": "Ospedale Settimo" }, "geometry": { "type": "Point", "coordinates": [ 7.7543022, 45.1247194 ] } },
{ "type": "Feature", "properties": { "name": "Ospedale Settimo" }, "geometry": { "type": "Point", "coordinates": [ 7.75487, 45.1244313 ] } },
{ "type": "Feature", "properties": { "name": "San Giorgio" }, "geometry": { "type": "Point", "coordinates": [ 7.7594037, 45.1228853 ] } },
{ "type": "Feature", "properties": { "name": "Borgata Paradiso" }, "geometry": { "type": "Point", "coordinates": [ 7.7588555, 45.1133233 ] } },
{ "type": "Feature", "properties": { "name": "Bormida" }, "geometry": { "type": "Point", "coordinates": [ 7.7582063, 45.1106101 ] } },
{ "type": "Feature", "properties": { "name": "Dei Mille" }, "geometry": { "type": "Point", "coordinates": [ 7.7612735, 45.1045402 ] } },
{ "type": "Feature", "properties": { "name": "Tortona Capolinea" }, "geometry": { "type": "Point", "coordinates": [ 7.7076107, 45.0716298 ] } },
{ "type": "Feature", "properties": { }, "geometry": { "type": "Point", "coordinates": [ 7.6772365, 45.0612958 ] } },
{ "type": "Feature", "properties": { }, "geometry": { "type": "Point", "coordinates": [ 7.6773203, 45.061266 ] } },
{ "type": "Feature", "properties": { }, "geometry": { "type": "Point", "coordinates": [ 7.6774001, 45.0612376 ] } },
{ "type": "Feature", "properties": { }, "geometry": { "type": "Point", "coordinates": [ 7.6774882, 45.0612063 ] } },
{ "type": "Feature", "properties": { }, "geometry": { "type": "Point", "coordinates": [ 7.677573, 45.0611761 ] } },
{ "type": "Feature", "properties": { }, "geometry": { "type": "Point", "coordinates": [ 7.6776633, 45.061144 ] } },
{ "type": "Feature", "properties": { }, "geometry": { "type": "Point", "coordinates": [ 7.6777384, 45.0611173 ] } },
{ "type": "Feature", "properties": { }, "geometry": { "type": "Point", "coordinates": [ 7.6778322, 45.061084 ] } },
{ "type": "Feature", "properties": { }, "geometry": { "type": "Point", "coordinates": [ 7.6776997, 45.0611311 ] } },
{ "type": "Feature", "properties": { }, "geometry": { "type": "Point", "coordinates": [ 7.6775273, 45.0611924 ] } },
{ "type": "Feature", "properties": { }, "geometry": { "type": "Point", "coordinates": [ 7.6773589, 45.0612523 ] } },
{ "type": "Feature", "properties": { }, "geometry": { "type": "Point", "coordinates": [ 7.6771879, 45.0613131 ] } },
{ "type": "Feature", "properties": { "name": "Castello Est Capolinea" }, "geometry": { "type": "Point", "coordinates": [ 7.6870212, 45.0708299 ] } },
{ "type": "Feature", "properties": { "name": "Castello Capolinea" }, "geometry": { "type": "Point", "coordinates": [ 7.6868105, 45.0707193 ] } },
{ "type": "Feature", "properties": { }, "geometry": { "type": "Point", "coordinates": [ 7.6739313, 45.071589 ] } },
{ "type": "Feature", "properties": { }, "geometry": { "type": "Point", "coordinates": [ 7.6756471, 45.0710447 ] } },
{ "type": "Feature", "properties": { "name": "Giardini Reali" }, "geometry": { "type": "Point", "coordinates": [ 7.6906021, 45.0743304 ] } },
{ "type": "Feature", "properties": { "name": "Papa Giovanni XXIII Capolinea" }, "geometry": { "type": "Point", "coordinates": [ 7.5734383, 45.0785395 ] } },
{ "type": "Feature", "properties": { "name": "Tazzoli" }, "geometry": { "type": "Point", "coordinates": [ 7.6398731, 45.0302239 ] } },
{ "type": "Feature", "properties": { "name": "Statuto Capolinea" }, "geometry": { "type": "Point", "coordinates": [ 7.6703764, 45.0766082 ] } },
{ "type": "Feature", "properties": { "name": "Agnelli Cancello 3" }, "geometry": { "type": "Point", "coordinates": [ 7.6385751, 45.028606 ] } },
{ "type": "Feature", "properties": { "name": "Agnelli Cancello 3" }, "geometry": { "type": "Point", "coordinates": [ 7.6388617, 45.0288421 ] } },
{ "type": "Feature", "properties": { "name": "Flibco da Malpensa" }, "geometry": { "type": "Point", "coordinates": [ 7.7087762, 45.1157416 ] } },
{ "type": "Feature", "properties": { "name": "Del Ridotto" }, "geometry": { "type": "Point", "coordinates": [ 7.6792426, 45.0922282 ] } },
{ "type": "Feature", "properties": { "name": "Cervino" }, "geometry": { "type": "Point", "coordinates": [ 7.6796261, 45.0921818 ] } },
{ "type": "Feature", "properties": { "name": "Betulle 1" }, "geometry": { "type": "Point", "coordinates": [ 7.7200839, 45.1837565 ] } },
{ "type": "Feature", "properties": { "name": "Lombardore Capolinea" }, "geometry": { "type": "Point", "coordinates": [ 7.7191013, 45.1887036 ] } },
{ "type": "Feature", "properties": { "name": "Stazione Stura" }, "geometry": { "type": "Point", "coordinates": [ 7.7131764, 45.1215253 ] } },
{ "type": "Feature", "properties": { "name": "Park Stura Capolinea" }, "geometry": { "type": "Point", "coordinates": [ 7.7107933, 45.1202219 ] } },
{ "type": "Feature", "properties": { "name": "Sopraelevata" }, "geometry": { "type": "Point", "coordinates": [ 7.7150389, 45.1203008 ] } },
{ "type": "Feature", "properties": { "name": "Sopraelevata" }, "geometry": { "type": "Point", "coordinates": [ 7.7165021, 45.1205494 ] } },
{ "type": "Feature", "properties": { "name": "Don Murialdo" }, "geometry": { "type": "Point", "coordinates": [ 7.7040387, 45.150653 ] } },
{ "type": "Feature", "properties": { "name": "Don Murialdo N.13" }, "geometry": { "type": "Point", "coordinates": [ 7.7035182, 45.1482898 ] } },
{ "type": "Feature", "properties": { "name": "Bocciardina" }, "geometry": { "type": "Point", "coordinates": [ 7.7029195, 45.1461691 ] } },
{ "type": "Feature", "properties": { "name": "Rivarolo" }, "geometry": { "type": "Point", "coordinates": [ 7.7058856, 45.1431564 ] } },
{ "type": "Feature", "properties": { "name": "Germagnano" }, "geometry": { "type": "Point", "coordinates": [ 7.6991518, 45.1153261 ] } },
{ "type": "Feature", "properties": { "name": "Settembrini" }, "geometry": { "type": "Point", "coordinates": [ 7.6155994, 45.030493 ] } },
{ "type": "Feature", "properties": { "name": "Settembrini Capolinea" }, "geometry": { "type": "Point", "coordinates": [ 7.6150762, 45.0305543 ] } },
{ "type": "Feature", "properties": { "name": "Settembrini Cancello 20" }, "geometry": { "type": "Point", "coordinates": [ 7.6165761, 45.030006 ] } },
{ "type": "Feature", "properties": { "name": "Settembrini Cancello 20" }, "geometry": { "type": "Point", "coordinates": [ 7.6165545, 45.0299782 ] } },
{ "type": "Feature", "properties": { "name": "Settembrini Cancello 20" }, "geometry": { "type": "Point", "coordinates": [ 7.6172757, 45.0298285 ] } },
{ "type": "Feature", "properties": { "name": "Settembrini Cancello 19" }, "geometry": { "type": "Point", "coordinates": [ 7.6184117, 45.0292557 ] } },
{ "type": "Feature", "properties": { "name": "Settembrini Cancello 17" }, "geometry": { "type": "Point", "coordinates": [ 7.6264892, 45.0261202 ] } },
{ "type": "Feature", "properties": { "name": "Settembrini Cancello 17" }, "geometry": { "type": "Point", "coordinates": [ 7.6275252, 45.0258535 ] } },
{ "type": "Feature", "properties": { "name": "Settembrini Cancello 16" }, "geometry": { "type": "Point", "coordinates": [ 7.6288812, 45.0251886 ] } },
{ "type": "Feature", "properties": { "name": "Settembrini Cancello 16" }, "geometry": { "type": "Point", "coordinates": [ 7.6297426, 45.0249874 ] } },
{ "type": "Feature", "properties": { "name": "Settembrini Cancello 15" }, "geometry": { "type": "Point", "coordinates": [ 7.6321305, 45.0240523 ] } },
{ "type": "Feature", "properties": { "name": "Settembrini Cancello 15" }, "geometry": { "type": "Point", "coordinates": [ 7.6313098, 45.0242449 ] } },
{ "type": "Feature", "properties": { "name": "Settembrini Cancello 8" }, "geometry": { "type": "Point", "coordinates": [ 7.6342943, 45.023103 ] } },
{ "type": "Feature", "properties": { "name": "Settembrini Cancello 8" }, "geometry": { "type": "Point", "coordinates": [ 7.6338933, 45.0233789 ] } },
{ "type": "Feature", "properties": { "name": "Piave Capolinea" }, "geometry": { "type": "Point", "coordinates": [ 7.7357734, 45.1506717 ] } },
{ "type": "Feature", "properties": { "name": "Paganini Brt" }, "geometry": { "type": "Point", "coordinates": [ 7.7387489, 45.1439704 ] } },
{ "type": "Feature", "properties": { "name": "Magenta" }, "geometry": { "type": "Point", "coordinates": [ 7.6639747, 45.0676982 ] } },
{ "type": "Feature", "properties": { "name": "Sait" }, "geometry": { "type": "Point", "coordinates": [ 7.6087595, 45.0992086 ] } },
{ "type": "Feature", "properties": { "name": "Sait" }, "geometry": { "type": "Point", "coordinates": [ 7.6088721, 45.0993388 ] } },
{ "type": "Feature", "properties": { "name": "Nazioni Unite" }, "geometry": { "type": "Point", "coordinates": [ 7.6077789, 45.1034233 ] } },
{ "type": "Feature", "properties": { "name": "Nazioni Unite" }, "geometry": { "type": "Point", "coordinates": [ 7.6076643, 45.1032676 ] } },
{ "type": "Feature", "properties": { "name": "Liebherr" }, "geometry": { "type": "Point", "coordinates": [ 7.6033299, 45.1036969 ] } },
{ "type": "Feature", "properties": { "name": "Liebherr" }, "geometry": { "type": "Point", "coordinates": [ 7.6039252, 45.103576 ] } },
{ "type": "Feature", "properties": { "name": "Elbi" }, "geometry": { "type": "Point", "coordinates": [ 7.5989382, 45.1037443 ] } },
{ "type": "Feature", "properties": { "name": "Elbi" }, "geometry": { "type": "Point", "coordinates": [ 7.5998685, 45.1035382 ] } },
{ "type": "Feature", "properties": { "name": "Carrefour" }, "geometry": { "type": "Point", "coordinates": [ 7.5927693, 45.1018259 ] } },
{ "type": "Feature", "properties": { "name": "Carrefour" }, "geometry": { "type": "Point", "coordinates": [ 7.5925585, 45.1016975 ] } },
{ "type": "Feature", "properties": { "name": "Spagna N.4" }, "geometry": { "type": "Point", "coordinates": [ 7.5892553, 45.1001358 ] } },
{ "type": "Feature", "properties": { "name": "Spagna N.4" }, "geometry": { "type": "Point", "coordinates": [ 7.5892418, 45.1003342 ] } },
{ "type": "Feature", "properties": { "name": "Centro Commerciale" }, "geometry": { "type": "Point", "coordinates": [ 7.5538024, 45.1004409 ] } },
{ "type": "Feature", "properties": { "name": "Centro Commerciale" }, "geometry": { "type": "Point", "coordinates": [ 7.5534932, 45.1005746 ] } },
{ "type": "Feature", "properties": { "name": "D'Antona" }, "geometry": { "type": "Point", "coordinates": [ 7.5355474, 45.1111595 ] } },
{ "type": "Feature", "properties": { "name": "Givoletto N.4" }, "geometry": { "type": "Point", "coordinates": [ 7.532507, 45.1146824 ] } },
{ "type": "Feature", "properties": { "name": "Giaveno" }, "geometry": { "type": "Point", "coordinates": [ 7.5310414, 45.1166637 ] } },
{ "type": "Feature", "properties": { "name": "Caselette" }, "geometry": { "type": "Point", "coordinates": [ 7.5333322, 45.1164001 ] } },
{ "type": "Feature", "properties": { "name": "Rosta" }, "geometry": { "type": "Point", "coordinates": [ 7.5361175, 45.1127095 ] } },
{ "type": "Feature", "properties": { "name": "Partigiani" }, "geometry": { "type": "Point", "coordinates": [ 7.5728944, 45.0913949 ] } },
{ "type": "Feature", "properties": { "name": "Arcivescovado" }, "geometry": { "type": "Point", "coordinates": [ 7.6803495, 45.06681 ] } },
{ "type": "Feature", "properties": { "name": "Arcivescovado" }, "geometry": { "type": "Point", "coordinates": [ 7.6792532, 45.0674826 ] } },
{ "type": "Feature", "properties": { "name": "Sabotino Capolinea" }, "geometry": { "type": "Point", "coordinates": [ 7.6502004, 45.0645572 ] } },
{ "type": "Feature", "properties": { "name": "Scialoja Capolinea Mufant" }, "geometry": { "type": "Point", "coordinates": [ 7.6900788, 45.1076731 ] } },
{ "type": "Feature", "properties": { "name": "Veronese Nord" }, "geometry": { "type": "Point", "coordinates": [ 7.6850026, 45.1076567 ] } },
{ "type": "Feature", "properties": { "name": "Veronese Sud" }, "geometry": { "type": "Point", "coordinates": [ 7.6851101, 45.1064653 ] } },
{ "type": "Feature", "properties": { "name": "De Marchi" }, "geometry": { "type": "Point", "coordinates": [ 7.6758461, 45.1073695 ] } },
{ "type": "Feature", "properties": { "name": "Vaninetti" }, "geometry": { "type": "Point", "coordinates": [ 7.67261, 45.1078883 ] } },
{ "type": "Feature", "properties": { "name": "Farini Capolinea" }, "geometry": { "type": "Point", "coordinates": [ 7.7036796, 45.0708349 ] } },
{ "type": "Feature", "properties": { "name": "Barocchio Capolinea" }, "geometry": { "type": "Point", "coordinates": [ 7.6157818, 45.0498894 ] } },
{ "type": "Feature", "properties": { "name": "Barocchio Capolinea" }, "geometry": { "type": "Point", "coordinates": [ 7.6157731, 45.0500446 ] } },
{ "type": "Feature", "properties": { "name": "Borgo Dora" }, "geometry": { "type": "Point", "coordinates": [ 7.6859031, 45.080118 ] } },
{ "type": "Feature", "properties": { "name": "Carlina Sud" }, "geometry": { "type": "Point", "coordinates": [ 7.6887907, 45.0659603 ] } },
{ "type": "Feature", "properties": { "name": "Corradino Capolinea" }, "geometry": { "type": "Point", "coordinates": [ 7.6625436, 45.0175306 ] } },
{ "type": "Feature", "properties": { "name": "Settembrini" }, "geometry": { "type": "Point", "coordinates": [ 7.7100299, 44.9954458 ] } },
{ "type": "Feature", "properties": { "name": "Marconi Capolinea" }, "geometry": { "type": "Point", "coordinates": [ 7.7104585, 44.9966304 ] } },
{ "type": "Feature", "properties": { "name": "Tortona" }, "geometry": { "type": "Point", "coordinates": [ 7.7081336, 45.0720394 ] } },
{ "type": "Feature", "properties": { "name": "Centro Commerciale Sud" }, "geometry": { "type": "Point", "coordinates": [ 7.5357289, 45.1030428 ] } },
{ "type": "Feature", "properties": { "name": "Centro Commerciale Nord" }, "geometry": { "type": "Point", "coordinates": [ 7.5360065, 45.1032609 ] } },
{ "type": "Feature", "properties": { "name": "Cavour Poste" }, "geometry": { "type": "Point", "coordinates": [ 7.5273005, 45.1005109 ] } },
{ "type": "Feature", "properties": { "name": "Cavour Poste" }, "geometry": { "type": "Point", "coordinates": [ 7.5277878, 45.1006794 ] } },
{ "type": "Feature", "properties": { "name": "Largo Grosseto Nord" }, "geometry": { "type": "Point", "coordinates": [ 7.6624455, 45.1073422 ] } },
{ "type": "Feature", "properties": { "name": "Rossini" }, "geometry": { "type": "Point", "coordinates": [ 7.6904253, 45.0680357 ] } },
{ "type": "Feature", "properties": { "name": "Monte Ortigara Capolinea" }, "geometry": { "type": "Point", "coordinates": [ 7.626099, 45.0688831 ] } },
{ "type": "Feature", "properties": { "name": "Oleggio" }, "geometry": { "type": "Point", "coordinates": [ 7.6328612, 45.0835728 ] } },
{ "type": "Feature", "properties": { "name": "Sant'Ottavio" }, "geometry": { "type": "Point", "coordinates": [ 7.6924329, 45.0666979 ] } },
{ "type": "Feature", "properties": { "name": "Accademia Albertina" }, "geometry": { "type": "Point", "coordinates": [ 7.690025, 45.0682602 ] } },
{ "type": "Feature", "properties": { "name": "Bonsignore" }, "geometry": { "type": "Point", "coordinates": [ 7.6987843, 45.0623342 ] } },
{ "type": "Feature", "properties": { "name": "Bixio Capolinea" }, "geometry": { "type": "Point", "coordinates": [ 7.6556608, 45.0690108 ] } },
{ "type": "Feature", "properties": { "name": "Manin Capolinea" }, "geometry": { "type": "Point", "coordinates": [ 7.7028605, 45.0717401 ] } },
{ "type": "Feature", "properties": { "name": "Bodoni" }, "geometry": { "type": "Point", "coordinates": [ 7.6838321, 45.0639031 ] } },
{ "type": "Feature", "properties": { "name": "Pellico" }, "geometry": { "type": "Point", "coordinates": [ 7.6859165, 45.056531 ] } },
{ "type": "Feature", "properties": { "name": "Bengasi Ovest" }, "geometry": { "type": "Point", "coordinates": [ 7.6610903, 45.0177906 ] } },
{ "type": "Feature", "properties": { "name": "Goito Capolinea" }, "geometry": { "type": "Point", "coordinates": [ 7.6790061, 45.0000543 ] } },
{ "type": "Feature", "properties": { "name": "Ponte Cavalieri Templari" }, "geometry": { "type": "Point", "coordinates": [ 7.6768651, 45.0021956 ] } },
{ "type": "Feature", "properties": { "name": "Peschiera" }, "geometry": { "type": "Point", "coordinates": [ 7.6699087, 45.0069619 ] } },
{ "type": "Feature", "properties": { "name": "Caduti per la Libertà" }, "geometry": { "type": "Point", "coordinates": [ 7.6799605, 44.9991538 ] } },
{ "type": "Feature", "properties": { "name": "Lombardia Capolinea" }, "geometry": { "type": "Point", "coordinates": [ 7.7854131, 45.1458791 ] } },
{ "type": "Feature", "properties": { "name": "Cascina Nuova" }, "geometry": { "type": "Point", "coordinates": [ 7.7701649, 45.1482506 ] } },
{ "type": "Feature", "properties": { "name": "Tinivella" }, "geometry": { "type": "Point", "coordinates": [ 7.766679, 45.1464059 ] } },
{ "type": "Feature", "properties": { "name": "Rivarolo" }, "geometry": { "type": "Point", "coordinates": [ 7.7627669, 45.1443443 ] } },
{ "type": "Feature", "properties": { "name": "Foglizzo" }, "geometry": { "type": "Point", "coordinates": [ 7.7595684, 45.1439628 ] } },
{ "type": "Feature", "properties": { "name": "Piemonte N.71" }, "geometry": { "type": "Point", "coordinates": [ 7.7573512, 45.141598 ] } },
{ "type": "Feature", "properties": { "name": "Museo MU-CH" }, "geometry": { "type": "Point", "coordinates": [ 7.7546614, 45.1423599 ] } },
{ "type": "Feature", "properties": { "name": "Monviso N.34" }, "geometry": { "type": "Point", "coordinates": [ 7.7521253, 45.1402874 ] } },
{ "type": "Feature", "properties": { "name": "Frassati" }, "geometry": { "type": "Point", "coordinates": [ 7.7516593, 45.1372087 ] } },
{ "type": "Feature", "properties": { "name": "Provana" }, "geometry": { "type": "Point", "coordinates": [ 7.7539132, 45.1385007 ] } },
{ "type": "Feature", "properties": { "name": "Monviso N.11" }, "geometry": { "type": "Point", "coordinates": [ 7.7563313, 45.140133 ] } },
{ "type": "Feature", "properties": { "name": "Leini" }, "geometry": { "type": "Point", "coordinates": [ 7.7644017, 45.1391373 ] } },
{ "type": "Feature", "properties": { "name": "Einaudi Capolinea" }, "geometry": { "type": "Point", "coordinates": [ 7.7589757, 45.1342084 ] } },
{ "type": "Feature", "properties": { "name": "Nicoli" }, "geometry": { "type": "Point", "coordinates": [ 7.7561543, 45.1330382 ] } },
{ "type": "Feature", "properties": { "name": "Regio Parco" }, "geometry": { "type": "Point", "coordinates": [ 7.7574703, 45.1315667 ] } },
{ "type": "Feature", "properties": { "name": "Milano N.2" }, "geometry": { "type": "Point", "coordinates": [ 7.7751451, 45.1398133 ] } },
{ "type": "Feature", "properties": { "name": "Milano N.24" }, "geometry": { "type": "Point", "coordinates": [ 7.7773269, 45.1420573 ] } },
{ "type": "Feature", "properties": { "name": "Milano N.48" }, "geometry": { "type": "Point", "coordinates": [ 7.7790834, 45.1438394 ] } },
{ "type": "Feature", "properties": { "name": "San Matteo" }, "geometry": { "type": "Point", "coordinates": [ 7.6450242, 44.9967139 ] } },
{ "type": "Feature", "properties": { "name": "Giusti" }, "geometry": { "type": "Point", "coordinates": [ 7.651822, 44.9935868 ] } },
{ "type": "Feature", "properties": { "name": "Po" }, "geometry": { "type": "Point", "coordinates": [ 7.690639, 45.0687731 ] } },
{ "type": "Feature", "properties": { "name": "Verdi" }, "geometry": { "type": "Point", "coordinates": [ 7.6906203, 45.0686551 ] } },
{ "type": "Feature", "properties": { "name": "Auditorium" }, "geometry": { "type": "Point", "coordinates": [ 7.6921061, 45.070857 ] } },
{ "type": "Feature", "properties": { "name": "Auditorium" }, "geometry": { "type": "Point", "coordinates": [ 7.6924777, 45.0712977 ] } },
{ "type": "Feature", "properties": { "name": "Porpora" }, "geometry": { "type": "Point", "coordinates": [ 7.6975219, 45.0983125 ] } },
{ "type": "Feature", "properties": { "name": "Lauro Rossi Est" }, "geometry": { "type": "Point", "coordinates": [ 7.6952062, 45.0947045 ] } },
{ "type": "Feature", "properties": { "name": "Madonna di Campagna" }, "geometry": { "type": "Point", "coordinates": [ 7.6622, 45.1038151 ] } },
{ "type": "Feature", "properties": { "name": "Regina Margherita" }, "geometry": { "type": "Point", "coordinates": [ 7.6543781, 45.0858233 ] } },
{ "type": "Feature", "properties": { "name": "Regina Margherita" }, "geometry": { "type": "Point", "coordinates": [ 7.6548871, 45.0858073 ] } },
{ "type": "Feature", "properties": { "name": "Lungo Stura Capolinea" }, "geometry": { "type": "Point", "coordinates": [ 7.7081734, 45.111675 ] } },
{ "type": "Feature", "properties": { "name": "Agnelli" }, "geometry": { "type": "Point", "coordinates": [ 7.6404375, 45.0304062 ] } },
{ "type": "Feature", "properties": { "name": "Amendola Capolinea" }, "geometry": { "type": "Point", "coordinates": [ 7.6353982, 44.9958528 ] } },
{ "type": "Feature", "properties": { "name": "Francia Capolinea" }, "geometry": { "type": "Point", "coordinates": [ 7.5227057, 45.0703386 ] } },
{ "type": "Feature", "properties": { "name": "Salvemini N.51" }, "geometry": { "type": "Point", "coordinates": [ 7.6216419, 45.045833 ] } },
{ "type": "Feature", "properties": { "name": "Chieti" }, "geometry": { "type": "Point", "coordinates": [ 7.7140588, 45.0731656 ] } },
{ "type": "Feature", "properties": { "name": "Vanchiglia" }, "geometry": { "type": "Point", "coordinates": [ 7.6974778, 45.0669204 ] } },
{ "type": "Feature", "properties": { "name": "Vanchiglia" }, "geometry": { "type": "Point", "coordinates": [ 7.6972636, 45.0670475 ] } },
{ "type": "Feature", "properties": { }, "geometry": { "type": "Point", "coordinates": [ 7.6348382, 45.1326417 ] } },
{ "type": "Feature", "properties": { "name": "Capelli" }, "geometry": { "type": "Point", "coordinates": [ 7.6351444, 45.0817126 ] } },
{ "type": "Feature", "properties": { "name": "Capelli" }, "geometry": { "type": "Point", "coordinates": [ 7.6355106, 45.0817728 ] } },
{ "type": "Feature", "properties": { }, "geometry": { "type": "Point", "coordinates": [ 7.6624825, 45.0201069 ] } },
{ "type": "Feature", "properties": { }, "geometry": { "type": "Point", "coordinates": [ 7.5237656, 45.0919696 ] } },
{ "type": "Feature", "properties": { "name": "Borromini" }, "geometry": { "type": "Point", "coordinates": [ 7.7095323, 45.0665125 ] } },
{ "type": "Feature", "properties": { "name": "Borromini" }, "geometry": { "type": "Point", "coordinates": [ 7.7092255, 45.0669855 ] } },
{ "type": "Feature", "properties": { "name": "Hermada Capolinea" }, "geometry": { "type": "Point", "coordinates": [ 7.711737, 45.0642122 ] } },
{ "type": "Feature", "properties": { "name": "Largo Grosseto Nord" }, "geometry": { "type": "Point", "coordinates": [ 7.6627174, 45.1057921 ] } },
{ "type": "Feature", "properties": { "name": "Toscana" }, "geometry": { "type": "Point", "coordinates": [ 7.6385217, 45.1036806 ] } },
{ "type": "Feature", "properties": { "name": "Foligno" }, "geometry": { "type": "Point", "coordinates": [ 7.6602433, 45.1006195 ] } },
{ "type": "Feature", "properties": { "name": "Foligno" }, "geometry": { "type": "Point", "coordinates": [ 7.6602822, 45.1006359 ] } },
{ "type": "Feature", "properties": { "name": "MAUTO" }, "geometry": { "type": "Point", "coordinates": [ 7.6743588, 45.0313979 ] } },
{ "type": "Feature", "properties": { "name": "Stati Uniti Capolinea" }, "geometry": { "type": "Point", "coordinates": [ 7.6719089, 45.0624663 ] } },
{ "type": "Feature", "properties": { "name": "Partigiani Capolinea" }, "geometry": { "type": "Point", "coordinates": [ 7.5719101, 45.0927909 ] } },
{ "type": "Feature", "properties": { "name": "Pannunzio" }, "geometry": { "type": "Point", "coordinates": [ 7.7014086, 44.9954362 ] } },
{ "type": "Feature", "properties": { }, "geometry": { "type": "Point", "coordinates": [ 7.7001004, 45.0691544 ] } },
{ "type": "Feature", "properties": { "name": "TRM" }, "geometry": { "type": "Point", "coordinates": [ 7.5885602, 45.0359277 ] } },
{ "type": "Feature", "properties": { "name": "Polo Sanitario" }, "geometry": { "type": "Point", "coordinates": [ 7.6125635, 45.1192793 ] } },
{ "type": "Feature", "properties": { "name": "Oropa" }, "geometry": { "type": "Point", "coordinates": [ 7.5764314, 45.1359428 ] } },
{ "type": "Feature", "properties": { "name": "Oropa" }, "geometry": { "type": "Point", "coordinates": [ 7.5764968, 45.1363023 ] } },
{ "type": "Feature", "properties": { "name": "Misterletta" }, "geometry": { "type": "Point", "coordinates": [ 7.5611739, 45.1417401 ] } },
{ "type": "Feature", "properties": { "name": "Misterletta" }, "geometry": { "type": "Point", "coordinates": [ 7.5625011, 45.1411986 ] } },
{ "type": "Feature", "properties": { "name": "Pellico" }, "geometry": { "type": "Point", "coordinates": [ 7.5448919, 45.1416491 ] } },
{ "type": "Feature", "properties": { "name": "Pellico" }, "geometry": { "type": "Point", "coordinates": [ 7.545873, 45.1417289 ] } },
{ "type": "Feature", "properties": { "name": "Pascoli" }, "geometry": { "type": "Point", "coordinates": [ 7.5463577, 45.1086089 ] } },
{ "type": "Feature", "properties": { "name": "Susa" }, "geometry": { "type": "Point", "coordinates": [ 7.5471328, 45.1040429 ] } },
{ "type": "Feature", "properties": { "name": "Gramsci Capolinea" }, "geometry": { "type": "Point", "coordinates": [ 7.5507015, 45.1026596 ] } },
{ "type": "Feature", "properties": { "name": "Matteotti" }, "geometry": { "type": "Point", "coordinates": [ 7.5384646, 45.1386234 ] } },
{ "type": "Feature", "properties": { "name": "Costituzione" }, "geometry": { "type": "Point", "coordinates": [ 7.5700156, 45.07851 ] } },
{ "type": "Feature", "properties": { }, "geometry": { "type": "Point", "coordinates": [ 7.7547783, 45.1020519 ] } },
{ "type": "Feature", "properties": { }, "geometry": { "type": "Point", "coordinates": [ 7.7541911, 45.1013394 ] } },
{ "type": "Feature", "properties": { }, "geometry": { "type": "Point", "coordinates": [ 7.7556327, 45.100077 ] } },
{ "type": "Feature", "properties": { }, "geometry": { "type": "Point", "coordinates": [ 7.758867, 45.1017432 ] } },
{ "type": "Feature", "properties": { }, "geometry": { "type": "Point", "coordinates": [ 7.7590466, 45.1020189 ] } },
{ "type": "Feature", "properties": { "name": "Largo Berardi" }, "geometry": { "type": "Point", "coordinates": [ 7.7024178, 45.0706067 ] } },
{ "type": "Feature", "properties": { "name": "Carducci Nord" }, "geometry": { "type": "Point", "coordinates": [ 7.671846, 45.0424201 ] } },
{ "type": "Feature", "properties": { "name": "Valperga Caluso" }, "geometry": { "type": "Point", "coordinates": [ 7.6814353, 45.0508855 ] } },
{ "type": "Feature", "properties": { "name": "Maria Ausiliatrice" }, "geometry": { "type": "Point", "coordinates": [ 7.6780561, 45.0816011 ] } },
{ "type": "Feature", "properties": { "name": "Maria Ausiliatrice" }, "geometry": { "type": "Point", "coordinates": [ 7.6772369, 45.0805205 ] } },
{ "type": "Feature", "properties": { "name": "Fortino" }, "geometry": { "type": "Point", "coordinates": [ 7.6798425, 45.0841071 ] } },
{ "type": "Feature", "properties": { "name": "Fortino" }, "geometry": { "type": "Point", "coordinates": [ 7.6800944, 45.0845213 ] } },
{ "type": "Feature", "properties": { "name": "Cuneo" }, "geometry": { "type": "Point", "coordinates": [ 7.6802368, 45.0879378 ] } },
{ "type": "Feature", "properties": { "name": "Baldissera" }, "geometry": { "type": "Point", "coordinates": [ 7.6786317, 45.0895737 ] } },
{ "type": "Feature", "properties": { "name": "Baldissera" }, "geometry": { "type": "Point", "coordinates": [ 7.6786663, 45.0894872 ] } },
{ "type": "Feature", "properties": { "name": "Chiesa della Salute" }, "geometry": { "type": "Point", "coordinates": [ 7.6775863, 45.092464 ] } },
{ "type": "Feature", "properties": { "name": "Vibò" }, "geometry": { "type": "Point", "coordinates": [ 7.678443, 45.0942795 ] } },
{ "type": "Feature", "properties": { "name": "Saorgio" }, "geometry": { "type": "Point", "coordinates": [ 7.6797377, 45.0970322 ] } },
{ "type": "Feature", "properties": { "name": "Breglio" }, "geometry": { "type": "Point", "coordinates": [ 7.6804494, 45.098548 ] } },
{ "type": "Feature", "properties": { "name": "Grosseto" }, "geometry": { "type": "Point", "coordinates": [ 7.681396, 45.1039969 ] } },
{ "type": "Feature", "properties": { "name": "Massari Capolinea" }, "geometry": { "type": "Point", "coordinates": [ 7.6805082, 45.1064378 ] } },
{ "type": "Feature", "properties": { "name": "Grosseto" }, "geometry": { "type": "Point", "coordinates": [ 7.6790815, 45.1049932 ] } },
{ "type": "Feature", "properties": { "name": "Sospello" }, "geometry": { "type": "Point", "coordinates": [ 7.6786634, 45.1023133 ] } },
{ "type": "Feature", "properties": { "name": "Breglio" }, "geometry": { "type": "Point", "coordinates": [ 7.6782029, 45.099355 ] } },
{ "type": "Feature", "properties": { "name": "Saorgio" }, "geometry": { "type": "Point", "coordinates": [ 7.676104, 45.0966654 ] } },
{ "type": "Feature", "properties": { "name": "Vibò" }, "geometry": { "type": "Point", "coordinates": [ 7.6748049, 45.095156 ] } },
{ "type": "Feature", "properties": { "name": "Vittoria" }, "geometry": { "type": "Point", "coordinates": [ 7.6751171, 45.0938025 ] } },
{ "type": "Feature", "properties": { "name": "Chiesa della Salute" }, "geometry": { "type": "Point", "coordinates": [ 7.6770663, 45.092218 ] } },
{ "type": "Feature", "properties": { "name": "Unione Sovietica" }, "geometry": { "type": "Point", "coordinates": [ 7.6556401, 45.0414243 ] } },
{ "type": "Feature", "properties": { "name": "Coriolano Capolinea" }, "geometry": { "type": "Point", "coordinates": [ 7.7302076, 45.0813861 ] } },
{ "type": "Feature", "properties": { "name": "Galileo Ferraris" }, "geometry": { "type": "Point", "coordinates": [ 7.6583792, 45.0484515 ] } },
{ "type": "Feature", "properties": { }, "geometry": { "type": "Point", "coordinates": [ 7.6363756, 45.0239455 ] } },
{ "type": "Feature", "properties": { "name": "Susa N.145" }, "geometry": { "type": "Point", "coordinates": [ 7.5128207, 45.07829 ] } },
{ "type": "Feature", "properties": { "name": "Madonna di Campagna" }, "geometry": { "type": "Point", "coordinates": [ 7.6635994, 45.1037279 ] } },
{ "type": "Feature", "properties": { "name": "Madonna di Campagna" }, "geometry": { "type": "Point", "coordinates": [ 7.6636451, 45.1037464 ] } },
{ "type": "Feature", "properties": { "name": "Piazza Vetta d'Italia" }, "geometry": { "type": "Point", "coordinates": [ 7.6666849, 45.1009568 ] } },
{ "type": "Feature", "properties": { "name": "Piazza Vetta d'Italia" }, "geometry": { "type": "Point", "coordinates": [ 7.6667284, 45.1009821 ] } },
{ "type": "Feature", "properties": { "name": "Largo Giachino" }, "geometry": { "type": "Point", "coordinates": [ 7.6713794, 45.0967347 ] } },
{ "type": "Feature", "properties": { "name": "Largo Giachino" }, "geometry": { "type": "Point", "coordinates": [ 7.6714334, 45.0967636 ] } },
{ "type": "Feature", "properties": { "name": "Cambiano" }, "geometry": { "type": "Point", "coordinates": [ 7.6764299, 45.0922518 ] } },
{ "type": "Feature", "properties": { "name": "Cambiano" }, "geometry": { "type": "Point", "coordinates": [ 7.6764599, 45.0922677 ] } },
{ "type": "Feature", "properties": { "name": "Tirreno" }, "geometry": { "type": "Point", "coordinates": [ 7.6610948, 45.0494446 ] } },
{ "type": "Feature", "properties": { "name": "De Nicola" }, "geometry": { "type": "Point", "coordinates": [ 7.6622771, 45.0506913 ] } },
{ "type": "Feature", "properties": { "name": "Ospedale Mauriziano" }, "geometry": { "type": "Point", "coordinates": [ 7.6636127, 45.0517054 ] } },
{ "type": "Feature", "properties": { "name": "Ospedale Mauriziano" }, "geometry": { "type": "Point", "coordinates": [ 7.6641703, 45.0523954 ] } },
{ "type": "Feature", "properties": { "name": "Vespucci" }, "geometry": { "type": "Point", "coordinates": [ 7.6664496, 45.0542413 ] } },
{ "type": "Feature", "properties": { "name": "Vespucci" }, "geometry": { "type": "Point", "coordinates": [ 7.6663827, 45.0543565 ] } },
{ "type": "Feature", "properties": { "name": "Sommeiller" }, "geometry": { "type": "Point", "coordinates": [ 7.6685734, 45.0567714 ] } },
{ "type": "Feature", "properties": { "name": "Stazione Stura" }, "geometry": { "type": "Point", "coordinates": [ 7.7108212, 45.1200844 ] } },
{ "type": "Feature", "properties": { }, "geometry": { "type": "Point", "coordinates": [ 7.7108051, 45.1201338 ] } },
{ "type": "Feature", "properties": { "name": "Porta Susa Capolinea" }, "geometry": { "type": "Point", "coordinates": [ 7.6667466, 45.0722486 ] } },
{ "type": "Feature", "properties": { "name": "Caio Mario Capolinea" }, "geometry": { "type": "Point", "coordinates": [ 7.6362054, 45.0242299 ] } },
{ "type": "Feature", "properties": { "name": "Trento" }, "geometry": { "type": "Point", "coordinates": [ 7.517383, 45.035723 ] } },
{ "type": "Feature", "properties": { "name": "CAAT" }, "geometry": { "type": "Point", "coordinates": [ 7.5778516, 45.0478109 ] } },
{ "type": "Feature", "properties": { "name": "Italia Capolinea" }, "geometry": { "type": "Point", "coordinates": [ 7.6581886, 45.1573525 ] } },
{ "type": "Feature", "properties": { "name": "Polo Sanitario Capolinea" }, "geometry": { "type": "Point", "coordinates": [ 7.6146318, 45.118646 ] } },
{ "type": "Feature", "properties": { "name": "Guarini" }, "geometry": { "type": "Point", "coordinates": [ 7.6307822, 45.1237743 ] } },
{ "type": "Feature", "properties": { "name": "Don Sapino" }, "geometry": { "type": "Point", "coordinates": [ 7.6187127, 45.1221047 ] } }
]
}
