{"type": "FeatureCollection", "name": "zone_statistiche_geo", "features": [{"type": "Feature", "properties": {"ZONASTAT": "70", "DENOM": "Pilonetto", "name": "Pilonetto", "pop2023": null, "cafes": null, "cafe_density": null, "stops500m": null, "cafe_norm": null, "traffic_norm": null, "transit_norm": null, "pop_norm": null, "flow_norm": null, "traffic_raw": null, "flow_raw": null, "total": null}, "geometry": {"type": "Polygon", "coordinates": [[[7.6779373, 45.0381675], [7.6779628, 45.0379925], [7.6779839, 45.0377585], [7.6779963, 45.0377033], [7.6779985, 45.0376934], [7.6780066, 45.0376574], [7.6780147, 45.0375754], [7.678041, 45.0375046], [7.6781115, 45.0372846], [7.6781601, 45.0371937], [7.6782162, 45.0370053], [7.67823, 45.0369342], [7.6782706, 45.036843], [7.678326, 45.0367687], [7.6783149, 45.0367108], [7.6783439, 45.0366474], [7.6783669, 45.0366139], [7.6784184, 45.0365506], [7.6784488, 45.0364295], [7.6784502, 45.0364229], [7.6784772, 45.0363365], [7.6785374, 45.0362225], [7.6785609, 45.0361224], [7.6786467, 45.0358232], [7.6786806, 45.0355554], [7.6786832, 45.0355134], [7.6786859, 45.0354885], [7.6786778, 45.035471], [7.6786139, 45.0354313], [7.6786029, 45.035402], [7.6786094, 45.0353764], [7.678626, 45.0353612], [7.678677, 45.0353663], [7.678796, 45.0353779], [7.6788649, 45.0353818], [7.6789119, 45.0353795], [7.6790334, 45.0353677], [7.6791133, 45.0353487], [7.6790929, 45.0353304], [7.679125, 45.0353157], [7.6792267, 45.0352562], [7.6793019, 45.0352227], [7.679341, 45.0352038], [7.6793799, 45.0351948], [7.6794321, 45.0351891], [7.679483, 45.0351889], [7.6795591, 45.0351976], [7.6797871, 45.0352458], [7.6798546, 45.0352489], [7.6799632, 45.0352408], [7.6800576, 45.0352254], [7.6801155, 45.0352119], [7.6804313, 45.0351256], [7.6801252, 45.0344347], [7.6810414, 45.034222], [7.6815549, 45.0340884], [7.6815901, 45.0340994], [7.6816194, 45.0341336], [7.6817398, 45.0342207], [7.6817704, 45.0342241], [7.6821013, 45.0341331], [7.6822474, 45.0340758], [7.6823074, 45.0340659], [7.6824381, 45.0340661], [7.6826275, 45.0340731], [7.682781, 45.034085], [7.6830381, 45.0341229], [7.6832995, 45.0341111], [7.6833773, 45.0340664], [7.683386, 45.0339184], [7.6833936, 45.0338334], [7.6834092, 45.0337866], [7.6835136, 45.0337453], [7.6837263, 45.0337372], [7.6837633, 45.0337276], [7.6838883, 45.0336699], [7.6839982, 45.0335916], [7.6841785, 45.0334538], [7.6842928, 45.0333211], [7.684366, 45.0332181], [7.6844362, 45.0330961], [7.6845177, 45.0329183], [7.684599, 45.0327311], [7.6846211, 45.0326975], [7.6847093, 45.0326273], [7.6848712, 45.0325173], [7.6855163, 45.0321292], [7.6857117, 45.0320211], [7.6857547, 45.0319699], [7.686743, 45.0316352], [7.6868491, 45.0315891], [7.6869095, 45.0315502], [7.6869356, 45.0315875], [7.6869707, 45.0316301], [7.6870078, 45.0316567], [7.6870627, 45.0316559], [7.687137, 45.0316254], [7.6873594, 45.0315178], [7.6882943, 45.0311997], [7.6885022, 45.0311082], [7.6886633, 45.0310252], [7.6887079, 45.0309997], [7.6887436, 45.030957], [7.6888327, 45.0308558], [7.6889755, 45.0307183], [7.6890063, 45.0307075], [7.689068, 45.0307039], [7.6891374, 45.0307059], [7.6891762, 45.0307156], [7.6892274, 45.0307544], [7.689262, 45.0307997], [7.6892975, 45.0308584], [7.6893256, 45.0310986], [7.6893316, 45.0313159], [7.6893361, 45.0314784], [7.6893416, 45.0315303], [7.6893556, 45.0315592], [7.6893805, 45.0315879], [7.689434, 45.0316167], [7.6896206, 45.0316968], [7.6896575, 45.0317143], [7.6897023, 45.0317463], [7.6897323, 45.0317983], [7.6897267, 45.0318474], [7.6897054, 45.0318826], [7.6896918, 45.0318999], [7.6892676, 45.0320644], [7.6895768, 45.0323545], [7.6896506, 45.0323748], [7.6897718, 45.0323645], [7.689987, 45.0323319], [7.6900945, 45.0323214], [7.6901218, 45.0323295], [7.6901706, 45.0323613], [7.6901807, 45.0323985], [7.6901691, 45.0324257], [7.690039, 45.0324632], [7.6899332, 45.0325224], [7.689886, 45.0325414], [7.6898773, 45.0325608], [7.6901312, 45.0328817], [7.6901629, 45.0329386], [7.6902034, 45.0329683], [7.6902526, 45.0329845], [7.6902857, 45.0329771], [7.690311, 45.0329559], [7.6903092, 45.032913], [7.6903681, 45.0328629], [7.6904263, 45.0328402], [7.6904644, 45.0328582], [7.6906598, 45.0330926], [7.6907484, 45.0331735], [7.6904827, 45.0333923], [7.690413, 45.0334479], [7.6896932, 45.0338505], [7.6896618, 45.0339649], [7.6894165, 45.0341889], [7.6889662, 45.0345066], [7.6889202, 45.0345508], [7.6888783, 45.0346091], [7.6888292, 45.0347076], [7.6888013, 45.0347839], [7.6887856, 45.0348438], [7.688849, 45.0352616], [7.6889226, 45.0353784], [7.6890129, 45.0354847], [7.6891232, 45.0355951], [7.6891839, 45.0356527], [7.6892631, 45.0356959], [7.6892852, 45.03571], [7.6893804, 45.0357707], [7.6894586, 45.0358297], [7.6894867, 45.0358542], [7.6895282, 45.0359298], [7.6895834, 45.0360163], [7.6896175, 45.0361082], [7.689615, 45.0361743], [7.6896045, 45.0362075], [7.6895787, 45.0362386], [7.6893136, 45.0363463], [7.6889797, 45.0364887], [7.6887266, 45.0366134], [7.6885612, 45.0366795], [7.6883711, 45.036747], [7.6881851, 45.0367851], [7.6881244, 45.0368038], [7.6880879, 45.0368187], [7.688077, 45.0368309], [7.688072, 45.0368478], [7.6880766, 45.0369925], [7.68807, 45.0370681], [7.6882312, 45.0372424], [7.6882896, 45.037298], [7.6883734, 45.037352], [7.6885635, 45.0374402], [7.6888417, 45.0375527], [7.6890437, 45.037624], [7.6890511, 45.0376568], [7.6890997, 45.0377358], [7.6891967, 45.0378131], [7.6889911, 45.0378536], [7.6890522, 45.0383316], [7.6887604, 45.0383906], [7.6885007, 45.0384599], [7.6883014, 45.0384837], [7.6880753, 45.0384654], [7.6874391, 45.0386599], [7.6873841, 45.0387621], [7.6870326, 45.038814], [7.6870331, 45.0388274], [7.6870041, 45.0388338], [7.6871698, 45.0388608], [7.6871745, 45.0388874], [7.6874547, 45.0388672], [7.6875043, 45.0388785], [7.6875364, 45.0388907], [7.687557, 45.0389079], [7.6875693, 45.0389353], [7.6875699, 45.038954], [7.687564, 45.0389692], [7.6875437, 45.0389911], [7.687513, 45.0390042], [7.6877297, 45.0394036], [7.6878187, 45.0394043], [7.6879035, 45.0394114], [7.6879775, 45.0394232], [7.6887006, 45.0397655], [7.6889295, 45.0398499], [7.6890859, 45.039879], [7.6891689, 45.0398901], [7.6892556, 45.0398902], [7.6896423, 45.0398751], [7.6896818, 45.0398889], [7.6896989, 45.0399111], [7.6898156, 45.0399313], [7.6898529, 45.0400605], [7.6898675, 45.0400859], [7.6899866, 45.0403119], [7.6904294, 45.041152], [7.6904492, 45.0411895], [7.690529, 45.0412473], [7.6907281, 45.041303], [7.6908404, 45.0413581], [7.6907955, 45.0413945], [7.6907872, 45.0414568], [7.6908703, 45.0416719], [7.6910235, 45.0420088], [7.691024, 45.042081], [7.6909876, 45.0421642], [7.6909131, 45.0422491], [7.6906047, 45.0425266], [7.6903084, 45.0427595], [7.6899854, 45.0434085], [7.6899175, 45.0435445], [7.6893675, 45.0440102], [7.6893599, 45.044038], [7.6893554, 45.0440755], [7.6893557, 45.0441125], [7.6893625, 45.0441873], [7.689384, 45.0443093], [7.6894064, 45.0443721], [7.6894271, 45.0444251], [7.6894582, 45.044489], [7.6894626, 45.0444976], [7.6894685, 45.0445055], [7.6894765, 45.0445125], [7.6894957, 45.0445256], [7.6895375, 45.0445487], [7.6895465, 45.0445553], [7.6895688, 45.0445739], [7.6895937, 45.0446042], [7.689605, 45.0446156], [7.6896223, 45.0446295], [7.6896424, 45.044641], [7.6896652, 45.0446488], [7.6896884, 45.0446537], [7.6897138, 45.0446576], [7.6897361, 45.0446629], [7.6897625, 45.0446658], [7.6897866, 45.0446748], [7.6898001, 45.0446736], [7.689815, 45.0446655], [7.6898496, 45.0446515], [7.6898875, 45.0446423], [7.6899306, 45.0446349], [7.6899747, 45.0446337], [7.6900147, 45.0446345], [7.6901993, 45.0446686], [7.6902371, 45.0446671], [7.6903254, 45.0446541], [7.69039, 45.0446353], [7.6904203, 45.0446311], [7.6904496, 45.0446298], [7.6906721, 45.0446303], [7.690726, 45.0446279], [7.6907774, 45.0446172], [7.6908858, 45.0445835], [7.6909753, 45.0445544], [7.6910909, 45.0445088], [7.6911751, 45.0444702], [7.691257, 45.0444376], [7.6913268, 45.0444113], [7.6914385, 45.0443818], [7.6916274, 45.0443394], [7.6916704, 45.0443231], [7.6918308, 45.0442519], [7.6918942, 45.0442197], [7.6919667, 45.0441778], [7.6921269, 45.0441019], [7.6924674, 45.0444397], [7.6925569, 45.0444709], [7.6929847, 45.044631], [7.6930848, 45.0446536], [7.693164, 45.0446669], [7.6935378, 45.0446425], [7.6936937, 45.0446264], [7.6937275, 45.0447102], [7.6937846, 45.0450522], [7.6938722, 45.045046], [7.6932869, 45.045791], [7.6930979, 45.0461994], [7.6930653, 45.046241], [7.6929326, 45.046358], [7.6928354, 45.0464361], [7.6927515, 45.0464944], [7.6926861, 45.0465327], [7.6926218, 45.0465682], [7.6925477, 45.0466047], [7.6919463, 45.0468022], [7.691675, 45.0469028], [7.6915026, 45.0469827], [7.6913526, 45.0470539], [7.6912732, 45.047098], [7.6911586, 45.0471641], [7.6905993, 45.0476226], [7.6905569, 45.047638], [7.6903577, 45.047668], [7.6902684, 45.047713], [7.6901561, 45.0478046], [7.6901118, 45.0478725], [7.6900952, 45.0479148], [7.690081, 45.0479681], [7.6900721, 45.048054], [7.690074, 45.0481602], [7.6900803, 45.0483652], [7.6900885, 45.0485001], [7.6901025, 45.0485727], [7.6901277, 45.0486282], [7.690228, 45.0487301], [7.6902943, 45.0488104], [7.6903227, 45.0488745], [7.6903654, 45.0489815], [7.6903595, 45.0492076], [7.6903036, 45.0492903], [7.6901689, 45.0494824], [7.6901621, 45.0495307], [7.6904178, 45.0498091], [7.6906814, 45.05007], [7.6909519, 45.0503204], [7.6912014, 45.0505326], [7.6913296, 45.0506398], [7.6915154, 45.0507722], [7.6915899, 45.0508105], [7.6915123, 45.0508532], [7.6918524, 45.0520567], [7.6918598, 45.0521105], [7.6918509, 45.0521971], [7.6918282, 45.0522772], [7.6917717, 45.0522981], [7.6917019, 45.0522718], [7.6916727, 45.0522196], [7.691639, 45.0519742], [7.6915989, 45.051934], [7.6915361, 45.0519286], [7.6914605, 45.0519474], [7.6914269, 45.0520024], [7.6914183, 45.0520778], [7.691433, 45.0521703], [7.6914696, 45.0522847], [7.6915688, 45.0524524], [7.6917306, 45.0526608], [7.6918787, 45.052814], [7.691925, 45.0528726], [7.6919257, 45.0529129], [7.6918792, 45.0529324], [7.6918356, 45.0529356], [7.6918047, 45.0529116], [7.6915614, 45.0526786], [7.6915279, 45.0526605], [7.6914833, 45.0526658], [7.6914537, 45.0526973], [7.6914685, 45.0527318], [7.6916367, 45.0529393], [7.6916275, 45.0529964], [7.6916021, 45.0530322], [7.6914599, 45.0531027], [7.6911119, 45.0528369], [7.6907603, 45.0525342], [7.6902717, 45.0520722], [7.6901763, 45.0519978], [7.6901296, 45.0519781], [7.6900327, 45.0519682], [7.6898162, 45.0520443], [7.689443, 45.0522376], [7.6893297, 45.0523178], [7.6893303, 45.052322], [7.6893282, 45.0523263], [7.6893244, 45.0523306], [7.6893191, 45.0523339], [7.6893011, 45.0523387], [7.6892496, 45.0523446], [7.6892182, 45.0523463], [7.6891969, 45.0523451], [7.6891757, 45.0523413], [7.6891493, 45.0523338], [7.6891248, 45.0523236], [7.6890994, 45.0523103], [7.6890768, 45.052295], [7.6890524, 45.0522747], [7.6889562, 45.0522876], [7.6889335, 45.0522921], [7.688915, 45.0522935], [7.6888966, 45.0522927], [7.6887538, 45.0523147], [7.6887371, 45.0523563], [7.6887155, 45.0523969], [7.6887011, 45.0524178], [7.6886823, 45.052437], [7.6886606, 45.052452], [7.6886359, 45.0524643], [7.6886166, 45.052472], [7.6885961, 45.0524783], [7.6885835, 45.052481], [7.6885708, 45.0524822], [7.688553, 45.0524815], [7.6885279, 45.0524764], [7.6884788, 45.052532], [7.6884437, 45.0525151], [7.6883512, 45.0526078], [7.6883409, 45.0526157], [7.6883191, 45.0526923], [7.6882441, 45.0525572], [7.6881471, 45.0523809], [7.6879327, 45.0519177], [7.6878906, 45.0519082], [7.6878739, 45.0518782], [7.6878967, 45.0518426], [7.6877763, 45.051538], [7.68766, 45.0512114], [7.6876103, 45.0510461], [7.6872989, 45.0500123], [7.6870975, 45.0492834], [7.6869681, 45.0488534], [7.6869596, 45.0488234], [7.686869, 45.0485061], [7.6865602, 45.0469548], [7.6863062, 45.0461837], [7.6856256, 45.0448167], [7.6849893, 45.0450368], [7.6849601, 45.0449844], [7.6849313, 45.0449323], [7.6855587, 45.04472], [7.6855326, 45.0446796], [7.6855099, 45.0446863], [7.6851843, 45.0444647], [7.6851838, 45.0444635], [7.6850712, 45.0443879], [7.6850161, 45.0443504], [7.6846639, 45.0441109], [7.6841836, 45.0438255], [7.683952, 45.0437195], [7.6833777, 45.0434516], [7.6830943, 45.0433214], [7.6827276, 45.0431615], [7.6824832, 45.0430619], [7.6820963, 45.0429198], [7.6820341, 45.0428975], [7.6818093, 45.0428169], [7.6818064, 45.0428192], [7.6817914, 45.0428265], [7.6817736, 45.0428292], [7.6817557, 45.0428269], [7.6817439, 45.0428222], [7.681732, 45.0428125], [7.6817261, 45.0428003], [7.6817273, 45.0427874], [7.6811658, 45.042589], [7.6809488, 45.0425034], [7.680803, 45.0424444], [7.680717, 45.0424096], [7.6803544, 45.0422497], [7.6801145, 45.0421287], [7.6799212, 45.0420105], [7.6798727, 45.0419808], [7.6796767, 45.0418453], [7.6795249, 45.0417269], [7.6793145, 45.0415388], [7.6791865, 45.041407], [7.6790687, 45.0412705], [7.6789689, 45.0411399], [7.6785947, 45.0412553], [7.6785872, 45.0412727], [7.6785555, 45.0412825], [7.6785297, 45.0412729], [7.6783734, 45.0413218], [7.6783213, 45.0412406], [7.6782669, 45.0411581], [7.6784324, 45.0411081], [7.6784389, 45.0410877], [7.6784795, 45.0410786], [7.6784964, 45.0410883], [7.6789024, 45.0409657], [7.678637, 45.0407144], [7.6783817, 45.0403981], [7.6782668, 45.0401665], [7.6781521, 45.0398435], [7.6781028, 45.0396022], [7.6780504, 45.0391998], [7.6780261, 45.0391259], [7.677981, 45.03891], [7.6779445, 45.038661], [7.6779566, 45.0384631], [7.6779373, 45.0381675]]]}}, {"type": "Feature", "properties": {"ZONASTAT": "42", "DENOM": "Borgata Vittoria", "name": "Borgata Vittoria", "pop2023": null, "cafes": null, "cafe_density": null, "stops500m": null, "cafe_norm": null, "traffic_norm": null, "transit_norm": null, "pop_norm": null, "flow_norm": null, "traffic_raw": null, "flow_raw": null, "total": null}, "geometry": {"type": "Polygon", "coordinates": [[[7.67179, 45.097062], [7.671757, 45.096861], [7.6720006, 45.0965832], [7.6722988, 45.0963171], [7.6731435, 45.0955633], [7.6743431, 45.094545], [7.6753552, 45.0936492], [7.6753885, 45.0936222], [7.6757127, 45.0933389], [7.6760476, 45.0930453], [7.6765176, 45.0926328], [7.6768509, 45.0923531], [7.6774521, 45.0920947], [7.6782185, 45.0917634], [7.6786197, 45.0915836], [7.6789079, 45.0914767], [7.679617, 45.0923895], [7.6800548, 45.0928492], [7.6807798, 45.0936055], [7.6811027, 45.0939424], [7.6816359, 45.0944377], [7.6827877, 45.0955077], [7.6834648, 45.0961366], [7.684288, 45.0969014], [7.68507, 45.0976277], [7.6858025, 45.0983089], [7.6855662, 45.0983996], [7.6853844, 45.0984511], [7.6852112, 45.0984788], [7.684273, 45.0985562], [7.6839886, 45.0985489], [7.6830377, 45.0986363], [7.6818056, 45.0987435], [7.6805681, 45.0988511], [7.6793868, 45.0989538], [7.6781785, 45.099059], [7.6762305, 45.0992283], [7.6747917, 45.0993533], [7.6742139, 45.0994035], [7.6724469, 45.0995564], [7.6721632, 45.099581], [7.6721298, 45.0993378], [7.6720242, 45.0985734], [7.6719576, 45.0980817], [7.6718954, 45.0977034], [7.67179, 45.097062]]]}}, {"type": "Feature", "properties": {"ZONASTAT": "55", "DENOM": "Ospizio di Carit\u00e0", "name": "Ospizio di Carit\u00e0", "pop2023": null, "cafes": null, "cafe_density": null, "stops500m": null, "cafe_norm": null, "traffic_norm": null, "transit_norm": null, "pop_norm": null, "flow_norm": null, "traffic_raw": null, "flow_raw": null, "total": null}, "geometry": {"type": "Polygon", "coordinates": [[[7.634747, 45.0404396], [7.6339629, 45.0400567], [7.6347688, 45.0395844], [7.6354044, 45.0392118], [7.6361128, 45.0387966], [7.6362716, 45.0387035], [7.6377787, 45.0378201], [7.6392384, 45.0369644], [7.6408155, 45.0360398], [7.6430196, 45.0347476], [7.6444658, 45.0338996], [7.646519, 45.0326957], [7.6474731, 45.03356], [7.6480248, 45.0340598], [7.6485803, 45.0345631], [7.6494635, 45.0353632], [7.6505699, 45.0363655], [7.6512977, 45.0370247], [7.6530099, 45.0385756], [7.6532705, 45.038802], [7.6535553, 45.0390696], [7.6533579, 45.0391388], [7.6532103, 45.039188], [7.6528453, 45.0393183], [7.6500176, 45.0403086], [7.6476185, 45.0411488], [7.645776, 45.0417939], [7.6442362, 45.0423331], [7.64338, 45.0426329], [7.6429384, 45.0427875], [7.6422761, 45.0430193], [7.6409679, 45.0434774], [7.6401933, 45.0430992], [7.6381789, 45.0421155], [7.6375684, 45.0418174], [7.6366742, 45.0413808], [7.6359417, 45.0410231], [7.634747, 45.0404396]]]}}, {"type": "Feature", "properties": {"ZONASTAT": "06", "DENOM": "Piazza Vittorio Veneto", "name": "Piazza Vittorio Veneto", "pop2023": null, "cafes": null, "cafe_density": null, "stops500m": null, "cafe_norm": null, "traffic_norm": null, "transit_norm": null, "pop_norm": null, "flow_norm": null, "traffic_raw": null, "flow_raw": null, "total": null}, "geometry": {"type": "Polygon", "coordinates": [[[7.690114, 45.065306], [7.6894698, 45.0644241], [7.6906578, 45.064], [7.6909765, 45.0638686], [7.6917401, 45.0635941], [7.6926173, 45.0632788], [7.6941265, 45.0627214], [7.6947501, 45.0624908], [7.6949366, 45.0624218], [7.6950789, 45.0623692], [7.6957022, 45.0621386], [7.6959268, 45.0623485], [7.6974109, 45.06343], [7.6974631, 45.0634681], [7.6975227, 45.0635116], [7.698164, 45.0639802], [7.6995573, 45.0649877], [7.699099, 45.0654233], [7.6990901, 45.0654228], [7.6988599, 45.0654096], [7.6987195, 45.065553], [7.6981171, 45.0661621], [7.698023, 45.0662574], [7.697347, 45.0669425], [7.6967704, 45.0675268], [7.6962072, 45.0680976], [7.6958169, 45.0684931], [7.6955597, 45.0687538], [7.6950395, 45.0692822], [7.6944323, 45.0698962], [7.6942695, 45.0700612], [7.6938938, 45.0704418], [7.6926977, 45.07165], [7.6921063, 45.0708108], [7.6918796, 45.0704891], [7.6915191, 45.0699775], [7.6911782, 45.0694937], [7.6908367, 45.0690089], [7.6918354, 45.0685995], [7.6923711, 45.0683898], [7.691562, 45.0672847], [7.6909554, 45.066458], [7.690751, 45.0661788], [7.6904335, 45.065745], [7.690114, 45.065306]]]}}, {"type": "Feature", "properties": {"ZONASTAT": "09", "DENOM": "Piazza Madama Cristina (Borgo San Salvario)", "name": "Piazza Madama Cristina (Borgo San Salvario)", "pop2023": null, "cafes": null, "cafe_density": null, "stops500m": null, "cafe_norm": null, "traffic_norm": null, "transit_norm": null, "pop_norm": null, "flow_norm": null, "traffic_raw": null, "flow_raw": null, "total": null}, "geometry": {"type": "Polygon", "coordinates": [[[7.6769455, 45.0572204], [7.6769062, 45.0571439], [7.6775171, 45.0569535], [7.6781514, 45.0567533], [7.679292, 45.0563956], [7.6799117, 45.0562024], [7.6804174, 45.0560449], [7.6815023, 45.0557029], [7.6828096, 45.0552911], [7.6844811, 45.054759], [7.6849586, 45.055426], [7.6854333, 45.0560719], [7.6858764, 45.0566537], [7.6862987, 45.0572359], [7.6869034, 45.0580685], [7.6873798, 45.0587086], [7.6878613, 45.0593639], [7.6878404, 45.059522], [7.6862905, 45.060076], [7.6849184, 45.0605703], [7.6838016, 45.0609728], [7.6826484, 45.0613874], [7.6822423, 45.0615334], [7.6815527, 45.0617803], [7.6807552, 45.0620671], [7.6801324, 45.0622911], [7.6795344, 45.0615223], [7.6790865, 45.0608742], [7.6784828, 45.0600462], [7.6777991, 45.0591204], [7.6774949, 45.0585479], [7.6772642, 45.0579509], [7.6770936, 45.0575093], [7.6769455, 45.0572204]]]}}, {"type": "Feature", "properties": {"ZONASTAT": "74", "DENOM": "Barriera di Chieri - Valpiana - Val San Martino", "name": "Barriera di Chieri - Valpiana - Val San Martino", "pop2023": null, "cafes": null, "cafe_density": null, "stops500m": null, "cafe_norm": null, "traffic_norm": null, "transit_norm": null, "pop_norm": null, "flow_norm": null, "traffic_raw": null, "flow_raw": null, "total": null}, "geometry": {"type": "Polygon", "coordinates": [[[7.7130733, 45.0641314], [7.7129509, 45.0640222], [7.7133014, 45.0639303], [7.7139733, 45.0636733], [7.714038, 45.0636475], [7.7141931, 45.0635893], [7.7143784, 45.0635199], [7.7147903, 45.0634109], [7.7152861, 45.0631864], [7.7153851, 45.0631298], [7.7154537, 45.0630794], [7.7155004, 45.0630173], [7.7155412, 45.0629339], [7.7155883, 45.0627296], [7.7156257, 45.0625386], [7.7156001, 45.0624763], [7.7155934, 45.0622986], [7.7156046, 45.0621051], [7.7156134, 45.062018], [7.7156409, 45.0616668], [7.7156198, 45.0615417], [7.715628, 45.0614532], [7.7156493, 45.0613823], [7.7156662, 45.0613476], [7.715673, 45.0613338], [7.7156909, 45.0613012], [7.7159487, 45.0608903], [7.7159763, 45.0608512], [7.7159993, 45.0608354], [7.7160439, 45.0608114], [7.7164244, 45.0606503], [7.7164922, 45.0606064], [7.7166703, 45.0604678], [7.7169773, 45.0602946], [7.7170671, 45.060224], [7.7171591, 45.0601352], [7.7172484, 45.0600185], [7.7172872, 45.0599469], [7.7173468, 45.0598009], [7.7174028, 45.0596634], [7.7177662, 45.0592885], [7.7178955, 45.0591691], [7.7179804, 45.0590361], [7.7180362, 45.058981], [7.7180984, 45.0589352], [7.7181603, 45.0589026], [7.7183979, 45.0588255], [7.7185858, 45.0587723], [7.718777, 45.0587115], [7.7191478, 45.058729], [7.7192288, 45.0587339], [7.7193118, 45.0587279], [7.7193774, 45.0587158], [7.7194348, 45.0586958], [7.7194741, 45.0586705], [7.7195126, 45.0586271], [7.7195625, 45.0585616], [7.7195891, 45.0585061], [7.7196099, 45.0584411], [7.7196132, 45.0583799], [7.7196111, 45.0581347], [7.7196283, 45.0580783], [7.7196492, 45.0580273], [7.719676, 45.0579834], [7.7197206, 45.057932], [7.7197638, 45.0578966], [7.719854, 45.0578338], [7.719972, 45.0577573], [7.7201388, 45.0576602], [7.7201778, 45.0576264], [7.720217, 45.0575821], [7.7202901, 45.0575074], [7.7204986, 45.0573259], [7.7206176, 45.0572302], [7.7206522, 45.0572056], [7.7208215, 45.0570851], [7.7209373, 45.0570381], [7.720958, 45.0570939], [7.7209573, 45.0571232], [7.7209312, 45.0571511], [7.7208383, 45.05722], [7.7207889, 45.0572614], [7.7207502, 45.0573118], [7.7207409, 45.0573611], [7.7207876, 45.0573973], [7.7209552, 45.0576001], [7.7210978, 45.0577728], [7.7212162, 45.0578629], [7.7214563, 45.0579716], [7.7215297, 45.0580058], [7.7216185, 45.0580829], [7.7218584, 45.0583078], [7.7219013, 45.0583316], [7.7219531, 45.0583453], [7.7220092, 45.0583501], [7.7220974, 45.0583369], [7.7221296, 45.0583249], [7.7221741, 45.0583083], [7.7222711, 45.0582404], [7.7225848, 45.0579522], [7.7226924, 45.0578372], [7.7227612, 45.0577038], [7.7228148, 45.0576437], [7.7231442, 45.057429], [7.7231877, 45.0573971], [7.7232243, 45.057353], [7.7232544, 45.0572969], [7.7234499, 45.0567644], [7.7235085, 45.0566383], [7.7235777, 45.0563636], [7.7236688, 45.0560713], [7.7236865, 45.0560344], [7.7237091, 45.05601], [7.723777, 45.0559866], [7.7239807, 45.0560576], [7.724047, 45.0560665], [7.7241261, 45.0560665], [7.7241812, 45.0560615], [7.7242145, 45.056057], [7.7242836, 45.0560415], [7.7243506, 45.056017], [7.7244039, 45.05599], [7.7245548, 45.0558991], [7.7249504, 45.0556339], [7.725089, 45.0555283], [7.7251491, 45.0554795], [7.7252396, 45.055396], [7.7253028, 45.0553544], [7.7253704, 45.0553233], [7.7254449, 45.0553021], [7.7255, 45.0553023], [7.7255464, 45.0553093], [7.7257029, 45.0553434], [7.7259397, 45.0553684], [7.7260794, 45.0553872], [7.726166, 45.0554115], [7.7265079, 45.0555319], [7.7265813, 45.0555524], [7.7266465, 45.0555629], [7.7267271, 45.0555595], [7.726791, 45.0555526], [7.726846, 45.0555392], [7.7269042, 45.0555205], [7.7269671, 45.0554921], [7.7270012, 45.0554644], [7.7270248, 45.0554281], [7.7270438, 45.0553949], [7.7270501, 45.055347], [7.7270398, 45.0553005], [7.7270168, 45.0552389], [7.7269152, 45.0549936], [7.7268983, 45.054942], [7.726902, 45.0548934], [7.7269167, 45.0548329], [7.7269356, 45.0547891], [7.7269637, 45.054752], [7.7270117, 45.0547019], [7.7270675, 45.0546357], [7.7271192, 45.0545862], [7.7271928, 45.0545357], [7.7272769, 45.0544956], [7.7273535, 45.0544726], [7.7275369, 45.0543611], [7.7275932, 45.0543104], [7.7276525, 45.054271], [7.7277217, 45.0542307], [7.7277789, 45.0542047], [7.7278533, 45.0541814], [7.7279186, 45.0541695], [7.7280828, 45.0541598], [7.7282647, 45.0541519], [7.7283029, 45.054147], [7.7283307, 45.0541395], [7.7283524, 45.0541267], [7.7283834, 45.054094], [7.7284133, 45.0540472], [7.728736, 45.0537449], [7.7288115, 45.0536873], [7.7289224, 45.0537591], [7.729025, 45.0538401], [7.7292379, 45.0540269], [7.7294787, 45.0542437], [7.7297658, 45.0544928], [7.7299691, 45.0546496], [7.7300156, 45.0546832], [7.7300551, 45.0547084], [7.7301375, 45.0547496], [7.7302375, 45.0548059], [7.7302723, 45.0548203], [7.7303429, 45.0548406], [7.7303916, 45.0548487], [7.7304998, 45.0548624], [7.7305981, 45.0548716], [7.7307642, 45.0548805], [7.7311014, 45.0548951], [7.7312008, 45.0549117], [7.7312559, 45.054927], [7.7313364, 45.0549649], [7.7313329, 45.0550385], [7.7313183, 45.0550706], [7.7312927, 45.0550973], [7.7312454, 45.055127], [7.7309884, 45.0552072], [7.7308944, 45.0552441], [7.7306529, 45.0553803], [7.7303829, 45.0555078], [7.7302576, 45.055577], [7.7299087, 45.0558521], [7.729764, 45.0559157], [7.7296647, 45.055963], [7.7295946, 45.0560081], [7.7295136, 45.0561104], [7.7294459, 45.0562329], [7.7293827, 45.0563177], [7.7292294, 45.05644], [7.7287547, 45.0567942], [7.7286513, 45.0568558], [7.728434, 45.0569481], [7.7281293, 45.0570738], [7.7280248, 45.057089], [7.7279239, 45.0570946], [7.7277958, 45.0570944], [7.7275181, 45.0570738], [7.7274434, 45.0570746], [7.727375, 45.0570851], [7.7272998, 45.0571101], [7.7272329, 45.057145], [7.7271706, 45.0571957], [7.7271123, 45.0572569], [7.7270773, 45.0573385], [7.7270738, 45.0574473], [7.7270735, 45.0575522], [7.7270604, 45.0576105], [7.7269371, 45.0577801], [7.7268646, 45.0578655], [7.7268175, 45.0579436], [7.7268076, 45.057996], [7.7268152, 45.0580676], [7.7268638, 45.0582985], [7.7268684, 45.0583545], [7.7268014, 45.0585884], [7.7267586, 45.0587266], [7.726663, 45.0588468], [7.7265325, 45.0589947], [7.7264787, 45.0590725], [7.7264592, 45.0591421], [7.7264504, 45.059218], [7.7264542, 45.0592728], [7.7264617, 45.0593106], [7.7265145, 45.0593732], [7.7265639, 45.0594019], [7.7266331, 45.0594278], [7.7267005, 45.059444], [7.7269709, 45.0594652], [7.7270243, 45.0594743], [7.7270725, 45.0594954], [7.7271048, 45.0595204], [7.7271262, 45.059552], [7.727132, 45.0595745], [7.727127, 45.0595995], [7.7271113, 45.0596257], [7.7270771, 45.059658], [7.7269661, 45.0597079], [7.7270174, 45.0597317], [7.7271145, 45.0597406], [7.727204, 45.0597428], [7.7273094, 45.0597189], [7.7273932, 45.0596983], [7.7275616, 45.059625], [7.7276627, 45.0595824], [7.7280564, 45.0593939], [7.7281855, 45.0593253], [7.7284401, 45.0592305], [7.728708, 45.0591762], [7.728813, 45.0591409], [7.7289135, 45.059085], [7.728999, 45.0590245], [7.7292526, 45.0589169], [7.7296417, 45.0587582], [7.7297328, 45.0587289], [7.7298665, 45.0587019], [7.7299279, 45.0586913], [7.7300352, 45.0586923], [7.7301494, 45.0587038], [7.7302388, 45.0587193], [7.7303373, 45.0587438], [7.7304263, 45.0587727], [7.7304792, 45.0588023], [7.7308052, 45.0589978], [7.7308609, 45.0590419], [7.7309684, 45.0589831], [7.7311558, 45.058865], [7.7312247, 45.0588138], [7.7313026, 45.0588038], [7.7313309, 45.0587918], [7.7313555, 45.0587483], [7.7313547, 45.0586859], [7.7313633, 45.0586208], [7.7313892, 45.0585567], [7.7314118, 45.0585134], [7.731447, 45.0584706], [7.7315436, 45.0583903], [7.7316383, 45.0583313], [7.7318734, 45.0582163], [7.7321338, 45.058098], [7.7323646, 45.0580073], [7.7324442, 45.0579737], [7.7324829, 45.0579499], [7.732498, 45.0579202], [7.7325093, 45.0578877], [7.732513, 45.0578446], [7.7325048, 45.0577801], [7.7324786, 45.0576553], [7.7324673, 45.0575538], [7.7324788, 45.0572952], [7.7325225, 45.0570659], [7.7325578, 45.0569529], [7.7325783, 45.0569088], [7.7325941, 45.0568865], [7.7326202, 45.056865], [7.7326535, 45.0568435], [7.7326904, 45.0568418], [7.7328981, 45.0569026], [7.7330735, 45.0569645], [7.7331705, 45.0570015], [7.7332102, 45.057027], [7.7332252, 45.0570312], [7.7332405, 45.0570314], [7.7332581, 45.0570236], [7.7332734, 45.0570106], [7.7332886, 45.0569824], [7.7333124, 45.0569245], [7.7333232, 45.0569058], [7.7333366, 45.0568884], [7.7333383, 45.0568839], [7.7333379, 45.056878], [7.7333187, 45.0568636], [7.733301, 45.05684], [7.7332901, 45.0568156], [7.7332754, 45.0567652], [7.7332649, 45.0567403], [7.7332427, 45.0567007], [7.733202, 45.0566352], [7.7331755, 45.0565887], [7.7331647, 45.0565653], [7.7331499, 45.0565042], [7.7331402, 45.0564556], [7.7331419, 45.0564432], [7.7331461, 45.0564347], [7.7331557, 45.0564234], [7.7331747, 45.0564136], [7.7332065, 45.0564026], [7.7332617, 45.0563923], [7.7333232, 45.0563841], [7.7334755, 45.0563683], [7.7335604, 45.0563644], [7.7335471, 45.0563326], [7.7335148, 45.0562936], [7.7335389, 45.0562974], [7.7335998, 45.0562989], [7.7336121, 45.0563007], [7.7336239, 45.0563045], [7.7336342, 45.0563094], [7.7336427, 45.0563155], [7.7336813, 45.0563532], [7.7336939, 45.0563637], [7.7337442, 45.0563876], [7.7337794, 45.056406], [7.7337924, 45.056409], [7.7338568, 45.0564113], [7.7338638, 45.0564128], [7.7338732, 45.0564172], [7.7339046, 45.0564361], [7.7339374, 45.0564508], [7.7339625, 45.0564636], [7.7339874, 45.0564726], [7.7340686, 45.0564962], [7.7341722, 45.0565287], [7.7342884, 45.0565596], [7.7343503, 45.05658], [7.7343796, 45.0565946], [7.7345859, 45.0568119], [7.7346737, 45.0569246], [7.7348475, 45.0571421], [7.7349539, 45.0572899], [7.7350954, 45.0574587], [7.7351324, 45.0575176], [7.7352199, 45.057784], [7.7352283, 45.0577914], [7.7352348, 45.0577998], [7.7352397, 45.0578104], [7.7352421, 45.0578213], [7.7352506, 45.0578874], [7.735255, 45.0578993], [7.7352904, 45.0579455], [7.7353132, 45.0579807], [7.7353685, 45.0580522], [7.7353884, 45.0580835], [7.7354239, 45.0581493], [7.7354996, 45.0582313], [7.7355373, 45.0582575], [7.7356059, 45.0582813], [7.7356484, 45.0583173], [7.7357274, 45.0583445], [7.7357814, 45.0583334], [7.7358427, 45.0583842], [7.7359151, 45.0584177], [7.7359725, 45.0584549], [7.7362159, 45.058817], [7.736346, 45.0589786], [7.7364123, 45.059062], [7.7364264, 45.0591219], [7.736466, 45.0591936], [7.73649, 45.0592255], [7.7365189, 45.0592467], [7.7366162, 45.0593097], [7.7366582, 45.0593424], [7.736685, 45.0593723], [7.7367052, 45.0594048], [7.7367387, 45.0594752], [7.7367771, 45.0595638], [7.7368379, 45.0597683], [7.7368728, 45.0599008], [7.7368878, 45.0600057], [7.7369011, 45.0600681], [7.7369695, 45.0601844], [7.7370449, 45.0602282], [7.7371307, 45.0603009], [7.7373206, 45.060432], [7.7376029, 45.0606823], [7.7376945, 45.0607687], [7.7377415, 45.0608193], [7.7377658, 45.0608527], [7.7377802, 45.0608936], [7.7377842, 45.060946], [7.7377762, 45.0610137], [7.737758, 45.0611382], [7.7377154, 45.0613697], [7.7377178, 45.0614318], [7.7377777, 45.061439], [7.7378243, 45.0614584], [7.7379733, 45.0615204], [7.7387468, 45.0618013], [7.7387144, 45.0618679], [7.7386426, 45.0619547], [7.73836, 45.0621674], [7.7382674, 45.0622269], [7.7381155, 45.062311], [7.7377818, 45.0624584], [7.7371833, 45.0626779], [7.7371262, 45.0627054], [7.7370054, 45.0627778], [7.7367375, 45.06292], [7.7363453, 45.0630972], [7.7361919, 45.0631617], [7.7360318, 45.0632231], [7.7353752, 45.0634327], [7.7352891, 45.0634678], [7.7351662, 45.0635257], [7.7350494, 45.0635939], [7.7349812, 45.0636389], [7.7344578, 45.0640535], [7.7343433, 45.0641169], [7.7341417, 45.0642131], [7.7338634, 45.0643072], [7.7337551, 45.0643481], [7.7336834, 45.0643926], [7.7335989, 45.0644661], [7.7325848, 45.0656218], [7.7334067, 45.0663709], [7.7343471, 45.0672192], [7.7343765, 45.0672404], [7.7344054, 45.0672517], [7.7344427, 45.0672481], [7.7344822, 45.0672366], [7.7345149, 45.0672211], [7.7345407, 45.0671975], [7.7345626, 45.0671599], [7.7345664, 45.0671329], [7.7345452, 45.067055], [7.7344629, 45.0668504], [7.7342554, 45.0661895], [7.734254, 45.0661768], [7.7342844, 45.0661593], [7.7343229, 45.0661519], [7.7343526, 45.0661526], [7.7343758, 45.0661655], [7.7344777, 45.0662844], [7.735032, 45.0669044], [7.7357596, 45.0677552], [7.735883, 45.0678802], [7.7359486, 45.067934], [7.7362439, 45.0681172], [7.7363066, 45.06817], [7.7364458, 45.0682943], [7.7366305, 45.0684591], [7.7367167, 45.0685646], [7.7367194, 45.0685961], [7.7366945, 45.0686156], [7.7364208, 45.0687385], [7.7363276, 45.0687872], [7.7362936, 45.0688112], [7.7362883, 45.0688261], [7.7362803, 45.0688811], [7.7363482, 45.0692977], [7.736338, 45.0693318], [7.7363163, 45.0693572], [7.736294, 45.069378], [7.7362663, 45.0693879], [7.7362308, 45.0693915], [7.7361856, 45.0693866], [7.7361412, 45.0693734], [7.7357887, 45.069208], [7.7357752, 45.0692017], [7.7356679, 45.0692113], [7.7357036, 45.0692688], [7.7359915, 45.0694809], [7.7361762, 45.0695863], [7.7363556, 45.0696612], [7.7364749, 45.0697047], [7.7365648, 45.0697277], [7.7366539, 45.0697348], [7.7367273, 45.0697269], [7.7367675, 45.0697018], [7.7368119, 45.0696003], [7.7368798, 45.0694726], [7.736939, 45.0693448], [7.736965, 45.0692988], [7.7369991, 45.0692562], [7.7370543, 45.0692013], [7.7371074, 45.0691638], [7.7371735, 45.0691269], [7.7374113, 45.0690123], [7.7376656, 45.068908], [7.7378038, 45.0688413], [7.7379446, 45.0687583], [7.7383215, 45.0684271], [7.7385413, 45.0682254], [7.738626, 45.0682382], [7.7386811, 45.068228], [7.7387939, 45.0682302], [7.7390653, 45.0682473], [7.7392984, 45.0682599], [7.739359, 45.0682782], [7.7394128, 45.0682987], [7.7394428, 45.0683211], [7.7394629, 45.0683792], [7.7394717, 45.0684226], [7.7394726, 45.0684623], [7.7395375, 45.0684488], [7.7395999, 45.0684387], [7.7396745, 45.0684291], [7.7397185, 45.0684262], [7.7397479, 45.0684267], [7.7398856, 45.0684423], [7.7402184, 45.0684519], [7.7403814, 45.0684615], [7.7406229, 45.0684671], [7.7408071, 45.0684909], [7.7409344, 45.068503], [7.7410716, 45.0685118], [7.7411684, 45.0685099], [7.7413184, 45.0684913], [7.7413906, 45.0684672], [7.7414239, 45.0684627], [7.7414442, 45.0684721], [7.7414559, 45.0684879], [7.7414474, 45.0685152], [7.7414219, 45.0685314], [7.741361, 45.0685535], [7.7411506, 45.0686539], [7.7411151, 45.0686677], [7.7410698, 45.068678], [7.7410039, 45.0686826], [7.7409776, 45.0686964], [7.7409675, 45.0687127], [7.7409674, 45.0687299], [7.7409784, 45.0687434], [7.7409981, 45.0687561], [7.741034, 45.0687667], [7.7410604, 45.0687687], [7.7411176, 45.0687634], [7.7411506, 45.0687585], [7.741433, 45.0686824], [7.7414777, 45.068669], [7.7415141, 45.0686547], [7.7415192, 45.0686544], [7.7415403, 45.0686588], [7.7415486, 45.0686642], [7.7415588, 45.0686745], [7.741554, 45.0686888], [7.7415204, 45.068732], [7.7413958, 45.0688564], [7.7413126, 45.0689446], [7.7412706, 45.0689911], [7.7412324, 45.0690249], [7.741196, 45.0690434], [7.7411501, 45.0690643], [7.7410894, 45.0690754], [7.7410353, 45.0690799], [7.7408325, 45.0690747], [7.7407982, 45.0690814], [7.7407728, 45.0690908], [7.7407573, 45.069108], [7.7407556, 45.0691198], [7.7407615, 45.0691438], [7.7407786, 45.0691602], [7.7408238, 45.0691951], [7.7408784, 45.069235], [7.7409003, 45.0692526], [7.7410906, 45.0694473], [7.7411678, 45.0695342], [7.7413369, 45.0697126], [7.7415565, 45.0699544], [7.7416744, 45.0700369], [7.7417389, 45.06997], [7.7418287, 45.0698278], [7.741873, 45.0697667], [7.7419391, 45.0696865], [7.7420032, 45.0695347], [7.7422034, 45.0694262], [7.7423207, 45.069302], [7.7424485, 45.0691705], [7.7424503, 45.0690894], [7.7425155, 45.0689646], [7.742621, 45.0688993], [7.7427575, 45.0688492], [7.7429762, 45.0688442], [7.7430707, 45.0688083], [7.7433602, 45.0689001], [7.7438702, 45.0689057], [7.744433, 45.0688824], [7.7448267, 45.0692217], [7.7449499, 45.0693943], [7.7448362, 45.069384], [7.7447604, 45.0693868], [7.7447052, 45.0693939], [7.7446501, 45.0694009], [7.7446046, 45.0694151], [7.7445591, 45.0694293], [7.7444677, 45.0694758], [7.7443763, 45.0695224], [7.744189, 45.0696484], [7.7440575, 45.0697113], [7.7439272, 45.0697653], [7.7438547, 45.0697935], [7.7438015, 45.0698038], [7.7437254, 45.0698141], [7.7435039, 45.0698373], [7.7432824, 45.0698606], [7.7432332, 45.0698761], [7.7430154, 45.0699826], [7.7427976, 45.0700892], [7.7429518, 45.070044], [7.7430075, 45.0700582], [7.7430327, 45.0700647], [7.7429046, 45.0702054], [7.7428679, 45.0702621], [7.7428461, 45.0703288], [7.7428631, 45.0703299], [7.742894, 45.0705984], [7.7428953, 45.0706303], [7.7428949, 45.0707143], [7.7429274, 45.0708497], [7.7427451, 45.0710559], [7.7427622, 45.071067], [7.742611, 45.0712219], [7.7424398, 45.0713939], [7.7424316, 45.0714031], [7.7423672, 45.0714673], [7.7423402, 45.0714897], [7.7423761, 45.0715347], [7.7424754, 45.0715704], [7.7424971, 45.0715962], [7.7424535, 45.0716238], [7.7423779, 45.0717214], [7.7423171, 45.0717818], [7.7422193, 45.0719309], [7.7421788, 45.0720578], [7.7421028, 45.0721752], [7.7418156, 45.0722838], [7.7417854, 45.0723232], [7.741705, 45.0723513], [7.7417052, 45.0724927], [7.7416747, 45.0725598], [7.7416476, 45.0726196], [7.7416056, 45.0726763], [7.7414756, 45.0729783], [7.7414859, 45.0729813], [7.7414732, 45.0730063], [7.7414501, 45.0730731], [7.7414127, 45.0732046], [7.741386, 45.0733084], [7.7412744, 45.0733055], [7.7412927, 45.0733138], [7.7412349, 45.0733839], [7.7412058, 45.0735366], [7.7412705, 45.0738017], [7.7415968, 45.0737997], [7.741923, 45.0737977], [7.7416933, 45.0743389], [7.7416748, 45.0743981], [7.7416564, 45.0744574], [7.7416379, 45.0745102], [7.7416502, 45.0745231], [7.741702, 45.0745331], [7.741863, 45.0745714], [7.742024, 45.0746097], [7.7422011, 45.0746412], [7.742435, 45.0746382], [7.74274, 45.0745619], [7.743045, 45.0744856], [7.7431587, 45.0744487], [7.7431898, 45.0744414], [7.743251, 45.0746009], [7.743286, 45.074692], [7.7435013, 45.0745548], [7.7435555, 45.0745967], [7.7435915, 45.0746074], [7.7429318, 45.0750293], [7.7426122, 45.0751535], [7.7423959, 45.0752318], [7.7421815, 45.0753115], [7.7419688, 45.0753661], [7.741841, 45.0753792], [7.741621, 45.0753725], [7.7415388, 45.0753585], [7.7414098, 45.0753819], [7.7412286, 45.075393], [7.7411866, 45.0754301], [7.7411603, 45.0758256], [7.741151, 45.0759137], [7.7411284, 45.0759798], [7.7410865, 45.0760246], [7.7410375, 45.0760614], [7.7409185, 45.0761187], [7.7406802, 45.0761859], [7.740166, 45.0762914], [7.7399418, 45.0763213], [7.739777, 45.076265], [7.7392824, 45.0760962], [7.739172, 45.07606], [7.7393625, 45.0757292], [7.7394594, 45.0756244], [7.7395508, 45.0754422], [7.7396038, 45.0753499], [7.7395577, 45.0752951], [7.7394963, 45.0752738], [7.7390945, 45.0754939], [7.7390626, 45.0754574], [7.7392375, 45.0752864], [7.7392375, 45.0751187], [7.7391599, 45.0750068], [7.7390741, 45.074931], [7.7389829, 45.0749403], [7.7389602, 45.0749814], [7.7389904, 45.0750953], [7.7389998, 45.0751651], [7.7389224, 45.0752081], [7.738864, 45.0752319], [7.7387948, 45.075264], [7.7379467, 45.0758167], [7.7378862, 45.0758487], [7.7378321, 45.0758655], [7.7377644, 45.0758789], [7.7377213, 45.075886], [7.7376635, 45.0758625], [7.737565, 45.0758071], [7.7373306, 45.0756852], [7.7372084, 45.0756581], [7.7369625, 45.0756762], [7.7367764, 45.0756958], [7.7366094, 45.0757318], [7.7364994, 45.0757636], [7.7363732, 45.0758025], [7.7363399, 45.0757928], [7.736311, 45.0757781], [7.7362667, 45.0758086], [7.7362491, 45.0758135], [7.7362288, 45.0758071], [7.7362103, 45.0757883], [7.7361631, 45.0758126], [7.7360672, 45.0758663], [7.7359662, 45.075953], [7.735948, 45.0760488], [7.7358649, 45.0761161], [7.7357334, 45.0762014], [7.735668, 45.0761348], [7.735547, 45.0760125], [7.7353966, 45.0760263], [7.735072, 45.0761349], [7.7344701, 45.0763017], [7.7343755, 45.0765587], [7.7338726, 45.0765988], [7.7339235, 45.0762169], [7.733683, 45.0759519], [7.7332662, 45.0756474], [7.7331989, 45.0756559], [7.7331924, 45.0756386], [7.7334344, 45.0756538], [7.7334993, 45.0756773], [7.7335184, 45.0756483], [7.7333148, 45.0753574], [7.7333153, 45.0753045], [7.7333419, 45.0751492], [7.7330767, 45.0748786], [7.7329971, 45.0748215], [7.7321532, 45.0742509], [7.7319686, 45.0741408], [7.7313124, 45.0737838], [7.7312474, 45.0736412], [7.7312284, 45.0735994], [7.7312104, 45.0731693], [7.7311936, 45.0731353], [7.731163, 45.0730474], [7.7311518, 45.0729591], [7.7311488, 45.072922], [7.731064, 45.0728833], [7.7310307, 45.0728578], [7.7310689, 45.0723003], [7.7310274, 45.0722936], [7.7309999, 45.0722804], [7.7308075, 45.072092], [7.7306424, 45.0719127], [7.7305659, 45.0718296], [7.7305451, 45.0718066], [7.7305111, 45.0717865], [7.7304912, 45.0718026], [7.7304748, 45.0718089], [7.7304491, 45.0718056], [7.7304297, 45.0717961], [7.729923, 45.0714958], [7.7297648, 45.0713851], [7.7295244, 45.0712017], [7.7294554, 45.0711663], [7.7290557, 45.0710801], [7.7290254, 45.0710278], [7.7290195, 45.0709782], [7.7290159, 45.0707423], [7.7289819, 45.0706802], [7.7290691, 45.0706612], [7.7293804, 45.0705532], [7.7296916, 45.0704452], [7.7294323, 45.0702202], [7.7292263, 45.0701309], [7.7289302, 45.0700082], [7.728756, 45.0699169], [7.72872, 45.0699388], [7.7283787, 45.0701349], [7.7280916, 45.0702941], [7.7281132, 45.0701295], [7.7280129, 45.0700622], [7.7283907, 45.0697729], [7.7284126, 45.069696], [7.7284739, 45.0694808], [7.7285441, 45.0693425], [7.7285532, 45.069298], [7.7285484, 45.0692489], [7.7284977, 45.069149], [7.7284489, 45.0691098], [7.7281995, 45.0689518], [7.7280567, 45.0688719], [7.7277516, 45.0690282], [7.7277136, 45.06903], [7.7276882, 45.0690234], [7.7276427, 45.0690016], [7.7275186, 45.0688638], [7.7274524, 45.0688261], [7.7273986, 45.0688296], [7.727322, 45.0688745], [7.7272252, 45.0689457], [7.7271346, 45.0689807], [7.7270526, 45.0689463], [7.7268402, 45.0689545], [7.7267033, 45.0689811], [7.7266565, 45.0689965], [7.7264899, 45.0689941], [7.7263076, 45.0689662], [7.7260301, 45.0689325], [7.7259803, 45.0688862], [7.7260936, 45.0686805], [7.7260915, 45.068613], [7.7259201, 45.068435], [7.725567, 45.0681004], [7.7254661, 45.0681492], [7.7254505, 45.0681793], [7.7252066, 45.0678511], [7.7251656, 45.0677681], [7.7247214, 45.0678645], [7.7244716, 45.0680662], [7.7244679, 45.0680518], [7.7244355, 45.0680013], [7.7243696, 45.0678705], [7.7242362, 45.0676495], [7.7241145, 45.0675229], [7.7239918, 45.0674773], [7.724007, 45.0674579], [7.7237581, 45.0673914], [7.7236265, 45.0673725], [7.7233589, 45.067328], [7.7232434, 45.0673034], [7.7230825, 45.0672581], [7.7229834, 45.0672158], [7.722956, 45.0671793], [7.7229221, 45.0671252], [7.722452, 45.0667234], [7.7224419, 45.0667125], [7.7222744, 45.0665315], [7.7218863, 45.0665332], [7.7218408, 45.0665381], [7.7217197, 45.0665512], [7.7215421, 45.0665752], [7.721181, 45.0666459], [7.7207799, 45.0666889], [7.7207329, 45.0666873], [7.7204896, 45.0666793], [7.7203078, 45.0666517], [7.7193455, 45.0665188], [7.7180472, 45.0663229], [7.7179244, 45.0663029], [7.717841, 45.0662868], [7.7177828, 45.066271], [7.7176163, 45.0662191], [7.7170973, 45.0660632], [7.7163319, 45.0658132], [7.7159214, 45.0656861], [7.7155233, 45.0655616], [7.7146339, 45.0652815], [7.7146218, 45.0652776], [7.7145571, 45.065234], [7.7143179, 45.0650727], [7.7140044, 45.0648207], [7.7130733, 45.0641314]]]}}, {"type": "Feature", "properties": {"ZONASTAT": "45", "DENOM": "Madonna di Campagna", "name": "Madonna di Campagna", "pop2023": null, "cafes": null, "cafe_density": null, "stops500m": null, "cafe_norm": null, "traffic_norm": null, "transit_norm": null, "pop_norm": null, "flow_norm": null, "traffic_raw": null, "flow_raw": null, "total": null}, "geometry": {"type": "Polygon", "coordinates": [[[7.6630541, 45.0980077], [7.6630439, 45.097561], [7.6643483, 45.0974205], [7.665566, 45.0972894], [7.6668066, 45.0971558], [7.6677645, 45.0970527], [7.6687585, 45.0969456], [7.6712892, 45.0966741], [7.6715659, 45.0963593], [7.6720006, 45.0965832], [7.671757, 45.096861], [7.67179, 45.097062], [7.6718954, 45.0977034], [7.6719576, 45.0980817], [7.6720242, 45.0985734], [7.6721298, 45.0993378], [7.6721632, 45.099581], [7.6724469, 45.0995564], [7.6742139, 45.0994035], [7.6743103, 45.1000216], [7.674497, 45.1012183], [7.6747692, 45.1029633], [7.675005, 45.1044806], [7.6750323, 45.1046565], [7.6732118, 45.104759], [7.6731042, 45.1047651], [7.6730278, 45.1047723], [7.6716639, 45.1048544], [7.6699523, 45.1049546], [7.6683442, 45.1050655], [7.6666604, 45.1051616], [7.6663387, 45.1051687], [7.665785, 45.1051963], [7.6647527, 45.105258], [7.6632711, 45.1053466], [7.6632339, 45.1048271], [7.663219, 45.1046197], [7.6631953, 45.104289], [7.6631787, 45.1040573], [7.6632503, 45.1035305], [7.6632097, 45.1034481], [7.6631693, 45.1019406], [7.663144, 45.1010762], [7.6631247, 45.1004162], [7.6631119, 45.0999806], [7.663096, 45.0994388], [7.6630937, 45.0993598], [7.663067, 45.0984473], [7.6630541, 45.0980077]]]}}, {"type": "Feature", "properties": {"ZONASTAT": "46", "DENOM": "Nuova Barriera di Lanzo", "name": "Nuova Barriera di Lanzo", "pop2023": null, "cafes": null, "cafe_density": null, "stops500m": null, "cafe_norm": null, "traffic_norm": null, "transit_norm": null, "pop_norm": null, "flow_norm": null, "traffic_raw": null, "flow_raw": null, "total": null}, "geometry": {"type": "Polygon", "coordinates": [[[7.6523496, 45.1085271], [7.6522504, 45.1084723], [7.6524451, 45.1083373], [7.6536103, 45.1072895], [7.6542946, 45.1066899], [7.6545844, 45.106441], [7.6549199, 45.106153], [7.6557454, 45.1057646], [7.6580003, 45.1056387], [7.6586483, 45.1056014], [7.6602046, 45.1055117], [7.6617984, 45.1054201], [7.6623953, 45.105386], [7.6632711, 45.1053466], [7.6647527, 45.105258], [7.665785, 45.1051963], [7.6663387, 45.1051687], [7.6666604, 45.1051616], [7.6683442, 45.1050655], [7.6699523, 45.1049546], [7.6699761, 45.1051316], [7.6701316, 45.1062871], [7.670354, 45.1079411], [7.6705739, 45.1095772], [7.6696403, 45.1097808], [7.6677945, 45.1101833], [7.6669343, 45.1103721], [7.6661101, 45.1105472], [7.6652939, 45.1107215], [7.6644124, 45.1109203], [7.6642003, 45.1110402], [7.6635878, 45.1111771], [7.6634381, 45.1112202], [7.6622114, 45.1114863], [7.6615547, 45.1116287], [7.6611429, 45.111718], [7.6608444, 45.1117875], [7.6601916, 45.111856], [7.6599919, 45.1118642], [7.6598254, 45.1118692], [7.6582149, 45.111844], [7.6575492, 45.111842], [7.6556512, 45.11095], [7.6548012, 45.1105483], [7.6547824, 45.1105328], [7.6545195, 45.1103154], [7.6535503, 45.1095139], [7.6523496, 45.1085271]]]}}, {"type": "Feature", "properties": {"ZONASTAT": "08", "DENOM": "Comandi Militari - Stazione Porta Susa", "name": "Comandi Militari - Stazione Porta Susa", "pop2023": null, "cafes": null, "cafe_density": null, "stops500m": null, "cafe_norm": null, "traffic_norm": null, "transit_norm": null, "pop_norm": null, "flow_norm": null, "traffic_raw": null, "flow_raw": null, "total": null}, "geometry": {"type": "Polygon", "coordinates": [[[7.6627406, 45.0685377], [7.6630675, 45.0684209], [7.66321, 45.0683699], [7.6641044, 45.0680502], [7.665082, 45.0676983], [7.6662455, 45.0672799], [7.6678975, 45.0666871], [7.6693153, 45.0661777], [7.6701181, 45.0658894], [7.6709132, 45.0656038], [7.671579, 45.0653648], [7.6724551, 45.0650503], [7.6740046, 45.064494], [7.6747186, 45.0654995], [7.6751648, 45.0661278], [7.6752248, 45.0662124], [7.6755478, 45.0666671], [7.6759352, 45.0672127], [7.6760141, 45.0673238], [7.6762833, 45.0677028], [7.6766994, 45.0683335], [7.6770973, 45.0689401], [7.6774208, 45.0694335], [7.6779206, 45.0701957], [7.6770038, 45.0705206], [7.6760471, 45.0708598], [7.6748454, 45.0712875], [7.6739364, 45.0716123], [7.6732726, 45.0718495], [7.6730628, 45.0719244], [7.6722486, 45.0722153], [7.6715321, 45.0724713], [7.671195, 45.0725917], [7.6704308, 45.0728632], [7.6702707, 45.0729201], [7.6692315, 45.0732896], [7.6685479, 45.0735329], [7.6690893, 45.074318], [7.6685345, 45.0745093], [7.6681217, 45.0746537], [7.6683178, 45.0753731], [7.6684351, 45.075792], [7.6685144, 45.0759107], [7.6685655, 45.0763029], [7.6683512, 45.0766174], [7.6682763, 45.0765199], [7.668166, 45.0765156], [7.6680173, 45.0764104], [7.6674979, 45.0756669], [7.6676751, 45.0756047], [7.667486, 45.075344], [7.6673904, 45.075191], [7.6672698, 45.0750139], [7.6672385, 45.0749777], [7.6669269, 45.0745498], [7.6667249, 45.0742658], [7.6667347, 45.0741771], [7.6667258, 45.0741061], [7.6663462, 45.073567], [7.6662536, 45.0734375], [7.6661814, 45.0733308], [7.6657432, 45.072714], [7.6652162, 45.0719245], [7.665146, 45.0718408], [7.6644978, 45.070938], [7.6639282, 45.070131], [7.6638801, 45.0700901], [7.6638163, 45.0700312], [7.663515, 45.069612], [7.6634198, 45.0695105], [7.6627406, 45.0685377]]]}}, {"type": "Feature", "properties": {"ZONASTAT": "81", "DENOM": "Mongreno", "name": "Mongreno", "pop2023": null, "cafes": null, "cafe_density": null, "stops500m": null, "cafe_norm": null, "traffic_norm": null, "transit_norm": null, "pop_norm": null, "flow_norm": null, "traffic_raw": null, "flow_raw": null, "total": null}, "geometry": {"type": "Polygon", "coordinates": [[[7.7378668, 45.0671067], [7.7378697, 45.0670655], [7.7378808, 45.067025], [7.7378919, 45.0669845], [7.7379212, 45.0669271], [7.7379842, 45.0669421], [7.7380622, 45.0669875], [7.7382478, 45.0671255], [7.7384179, 45.0671627], [7.7384619, 45.0670402], [7.7388045, 45.0669385], [7.7387402, 45.0668064], [7.7388285, 45.0667481], [7.739307, 45.0668966], [7.7396424, 45.0664099], [7.7396762, 45.0664102], [7.7396694, 45.0662856], [7.7396139, 45.0662788], [7.7395941, 45.0662989], [7.7393948, 45.0661238], [7.7391654, 45.0658555], [7.7390397, 45.0657084], [7.7390655, 45.0656796], [7.7393345, 45.0656528], [7.7394317, 45.0656346], [7.7397868, 45.0655561], [7.7398652, 45.0655332], [7.7399527, 45.0655047], [7.7404137, 45.0653248], [7.7405483, 45.0652527], [7.7405817, 45.0652311], [7.7406135, 45.0651962], [7.7406591, 45.0651324], [7.7407062, 45.0650708], [7.7408051, 45.064982], [7.7408723, 45.0649423], [7.7409218, 45.0649186], [7.7410078, 45.0648798], [7.7410783, 45.0648315], [7.7410886, 45.0648121], [7.7410901, 45.0647975], [7.7410428, 45.0646506], [7.7410307, 45.0645832], [7.7410289, 45.0645161], [7.7410208, 45.0644179], [7.7410373, 45.0644251], [7.7412775, 45.0644919], [7.7412609, 45.064517], [7.7412706, 45.0645206], [7.7412678, 45.0645254], [7.7414398, 45.0645803], [7.7414661, 45.0645889], [7.7414589, 45.0646009], [7.7414933, 45.0646109], [7.7416409, 45.0644403], [7.7416809, 45.0643979], [7.7416961, 45.0644093], [7.7418747, 45.0645347], [7.7419194, 45.0645527], [7.741806, 45.0646266], [7.7417335, 45.0648567], [7.7416924, 45.0649798], [7.7416544, 45.0651044], [7.741944, 45.0650409], [7.7421451, 45.0649889], [7.7422766, 45.0648945], [7.7423822, 45.064904], [7.742498, 45.0647801], [7.7425122, 45.0647627], [7.7425118, 45.0647499], [7.7426203, 45.0646944], [7.7426403, 45.0647118], [7.7428084, 45.064641], [7.7428887, 45.0645994], [7.7428804, 45.0645857], [7.7428709, 45.0645334], [7.74287, 45.0645067], [7.7428783, 45.0644836], [7.7428918, 45.0644781], [7.7429052, 45.0644687], [7.7429119, 45.0644594], [7.7429124, 45.0644525], [7.7429079, 45.0644381], [7.7429007, 45.0644289], [7.7430369, 45.0643427], [7.7430514, 45.0643165], [7.7430188, 45.0642966], [7.7431154, 45.0641965], [7.7431103, 45.0641951], [7.7431997, 45.0641006], [7.7432626, 45.0640229], [7.7432925, 45.0640137], [7.7430366, 45.063791], [7.743024, 45.0637795], [7.7430042, 45.0637651], [7.7429806, 45.0637465], [7.7429673, 45.0637417], [7.7423677, 45.063531], [7.7423266, 45.0635611], [7.7423492, 45.0635155], [7.7423805, 45.0634147], [7.7424156, 45.0632892], [7.7424771, 45.0631904], [7.7425127, 45.0631556], [7.7425483, 45.0631208], [7.7426023, 45.063053], [7.7426404, 45.0629918], [7.7426567, 45.0629689], [7.7426919, 45.0629687], [7.7433281, 45.0634176], [7.7435644, 45.0635859], [7.7440618, 45.0634514], [7.7442078, 45.0633527], [7.7446615, 45.0629568], [7.743778, 45.0624918], [7.7438188, 45.0624115], [7.7439676, 45.0624156], [7.7439688, 45.0623973], [7.7440343, 45.0624017], [7.7440612, 45.0622954], [7.7440464, 45.0622932], [7.7440536, 45.0622527], [7.744154, 45.0621836], [7.7444879, 45.0619797], [7.7445385, 45.0619423], [7.744562, 45.0619558], [7.7446698, 45.0618516], [7.744728, 45.0618803], [7.7447546, 45.0618934], [7.7447859, 45.0619072], [7.7448409, 45.0619301], [7.7450094, 45.0617956], [7.7452264, 45.0616129], [7.7452832, 45.0615977], [7.7453878, 45.0614947], [7.7454224, 45.0614323], [7.7454916, 45.0613608], [7.745525, 45.061354], [7.7456372, 45.0612408], [7.7456817, 45.0611892], [7.7458198, 45.0612212], [7.745861, 45.0611458], [7.7458866, 45.061099], [7.7459533, 45.0610742], [7.7459785, 45.0610844], [7.7461673, 45.0611939], [7.7461586, 45.0612017], [7.746376, 45.0613188], [7.7464107, 45.0613477], [7.7464086, 45.0614625], [7.7463925, 45.0614631], [7.7463726, 45.0615465], [7.746312, 45.0616191], [7.7462071, 45.0616593], [7.7462276, 45.0617852], [7.7462836, 45.061774], [7.7463333, 45.0617376], [7.7465361, 45.0616442], [7.7465538, 45.0615815], [7.7465481, 45.0615073], [7.7464755, 45.0613973], [7.7464684, 45.0612653], [7.7465109, 45.0611209], [7.7465463, 45.0610603], [7.7465618, 45.0610648], [7.7465821, 45.0610353], [7.7466023, 45.0610058], [7.7466819, 45.0609938], [7.7467322, 45.0608986], [7.7467292, 45.0608487], [7.7464936, 45.0607946], [7.746258, 45.0607405], [7.7462455, 45.0607151], [7.7462852, 45.0606234], [7.7463284, 45.0605037], [7.7463716, 45.0603752], [7.7464147, 45.0602467], [7.7464767, 45.0601212], [7.7465388, 45.0599957], [7.7466144, 45.0598425], [7.7466948, 45.0597009], [7.7467698, 45.0595757], [7.7468225, 45.0595092], [7.7468615, 45.0594758], [7.7469186, 45.0594428], [7.7470797, 45.0593601], [7.7471886, 45.0592915], [7.7472821, 45.0592382], [7.7474542, 45.0591431], [7.7475447, 45.05909], [7.7476132, 45.0590406], [7.7478665, 45.0588364], [7.7479662, 45.0587679], [7.7480881, 45.0587033], [7.74815, 45.0586618], [7.7482389, 45.058585], [7.7484441, 45.058332], [7.7484819, 45.0582993], [7.7485803, 45.0583761], [7.7485906, 45.0584048], [7.7485766, 45.0584447], [7.7485615, 45.0584768], [7.7484647, 45.058592], [7.7483634, 45.0586878], [7.7482982, 45.0587391], [7.7482354, 45.0587823], [7.7481508, 45.0588372], [7.7480885, 45.0588877], [7.7480732, 45.0589094], [7.7480821, 45.0589329], [7.7481135, 45.0589428], [7.7481592, 45.0589349], [7.7481929, 45.0589054], [7.7482266, 45.058873], [7.7482733, 45.0588465], [7.7483239, 45.0588225], [7.7484175, 45.0587852], [7.7485314, 45.0587358], [7.7486575, 45.0586517], [7.7487286, 45.0585921], [7.7488841, 45.0584397], [7.749026, 45.0583139], [7.7491297, 45.0582341], [7.7492014, 45.0581862], [7.7497347, 45.0578889], [7.7498354, 45.0578462], [7.7499, 45.0578135], [7.7499574, 45.0577766], [7.7500106, 45.0577349], [7.7501143, 45.0576434], [7.7502289, 45.0575597], [7.7502924, 45.0575274], [7.7503628, 45.0574968], [7.7503855, 45.0574884], [7.7504038, 45.0574857], [7.7504536, 45.0574921], [7.7504743, 45.0575046], [7.7504923, 45.0575312], [7.7504917, 45.0575601], [7.7504829, 45.0575905], [7.7504158, 45.0576821], [7.7503445, 45.0577523], [7.7501911, 45.0579081], [7.7499556, 45.058159], [7.7498956, 45.058351], [7.7498654, 45.0584227], [7.7498205, 45.0584728], [7.7497232, 45.0585559], [7.7497131, 45.0585704], [7.7497064, 45.0586023], [7.7497089, 45.0586313], [7.7497226, 45.0586556], [7.7497805, 45.0587148], [7.7498173, 45.0587352], [7.7498672, 45.058748], [7.7499319, 45.0587584], [7.7499733, 45.05876], [7.750023, 45.0587523], [7.7500473, 45.0587425], [7.7501244, 45.0587046], [7.7502046, 45.0586517], [7.7502701, 45.0585915], [7.7503757, 45.0584626], [7.7504261, 45.0584239], [7.7505701, 45.0583589], [7.7507948, 45.058274], [7.7508569, 45.0582491], [7.750904, 45.0582387], [7.7509616, 45.0582374], [7.7513949, 45.0582806], [7.7517911, 45.0583458], [7.7526009, 45.0585497], [7.7527264, 45.0585746], [7.75286, 45.0585983], [7.7530259, 45.0586208], [7.7530199, 45.0585278], [7.752996, 45.0584674], [7.7526631, 45.0580995], [7.7525798, 45.0579959], [7.7525537, 45.0579442], [7.7525513, 45.0578886], [7.7525637, 45.057866], [7.7525976, 45.0578336], [7.7526315, 45.0578156], [7.7528833, 45.0577188], [7.7529821, 45.0576851], [7.7532769, 45.0576015], [7.7533276, 45.0575836], [7.7533778, 45.057566], [7.753511, 45.057532], [7.7535708, 45.0575191], [7.7536649, 45.0575049], [7.7537967, 45.0574817], [7.7539368, 45.0574422], [7.7540055, 45.057417], [7.7541021, 45.0573695], [7.7541922, 45.0573213], [7.7542768, 45.0572713], [7.7543185, 45.0572406], [7.754432, 45.0571441], [7.7545455, 45.0570446], [7.7547553, 45.0568102], [7.7558193, 45.0577278], [7.755839, 45.0577448], [7.7561816, 45.0581383], [7.7579694, 45.0601919], [7.7588666, 45.061222], [7.7593971, 45.0618291], [7.7594651, 45.0619092], [7.7596612, 45.0621472], [7.7597089, 45.0621814], [7.7597429, 45.0622257], [7.7619363, 45.0647205], [7.7651791, 45.0684338], [7.76724, 45.0708035], [7.7671615, 45.0707989], [7.767087, 45.0708132], [7.7669619, 45.0708519], [7.7668147, 45.0709707], [7.7667277, 45.0709754], [7.7666429, 45.0709415], [7.7666144, 45.0709416], [7.766499, 45.0709703], [7.7664089, 45.0709527], [7.7663076, 45.0709577], [7.766264, 45.070955], [7.7661241, 45.0708983], [7.7660685, 45.0708746], [7.765955, 45.0708464], [7.7658941, 45.0708201], [7.7658344, 45.0708182], [7.7657936, 45.0708481], [7.7658187, 45.0709515], [7.7658116, 45.0709778], [7.7657971, 45.0709892], [7.7657642, 45.0709959], [7.7656246, 45.0709758], [7.7655546, 45.0709742], [7.7654349, 45.0709442], [7.7653766, 45.0709095], [7.765205, 45.0708541], [7.7651143, 45.0707973], [7.7650154, 45.0707329], [7.7649163, 45.0707022], [7.7648493, 45.0706907], [7.7648043, 45.0706996], [7.7646753, 45.0707588], [7.7644261, 45.0707741], [7.7642508, 45.0707367], [7.7641707, 45.0706932], [7.7640064, 45.0706762], [7.7639019, 45.0707042], [7.7638302, 45.0707129], [7.763673, 45.0706996], [7.7635349, 45.0707321], [7.7634299, 45.0706961], [7.7633647, 45.0706784], [7.7632718, 45.0706631], [7.7630203, 45.0706347], [7.7628256, 45.0706633], [7.7627609, 45.0706908], [7.7626642, 45.0706949], [7.7625633, 45.0706406], [7.7622149, 45.0703303], [7.7620565, 45.0703152], [7.7618778, 45.0703681], [7.7617083, 45.0704817], [7.7615635, 45.0705127], [7.7614187, 45.0704744], [7.7611607, 45.0704062], [7.7609663, 45.0703138], [7.7606398, 45.0702525], [7.7602129, 45.0701345], [7.7597316, 45.0699483], [7.7593911, 45.0697063], [7.7589296, 45.0697845], [7.758782, 45.0697132], [7.7583432, 45.0696207], [7.7578829, 45.0693481], [7.75759, 45.0694012], [7.757049, 45.0690591], [7.7568514, 45.0688185], [7.7567904, 45.0687906], [7.7566826, 45.0687876], [7.7565661, 45.0688336], [7.7565079, 45.0689113], [7.7563901, 45.0690174], [7.7562186, 45.0689918], [7.7560174, 45.0688111], [7.7559069, 45.0688834], [7.7558644, 45.0688485], [7.7558123, 45.0688056], [7.7557571, 45.0687678], [7.7556624, 45.0687219], [7.7553614, 45.0686333], [7.7552804, 45.06862], [7.7552209, 45.0686164], [7.7551733, 45.0686189], [7.7545049, 45.0687155], [7.7544408, 45.0687207], [7.7544123, 45.0687124], [7.7543972, 45.0686965], [7.7543937, 45.0686899], [7.7543686, 45.0686434], [7.7543044, 45.0685421], [7.7539899, 45.068596], [7.7538768, 45.0685941], [7.753751, 45.068615], [7.75323, 45.0686952], [7.753187, 45.0687011], [7.7531086, 45.0687267], [7.7531813, 45.068791], [7.7528751, 45.068954], [7.75267, 45.0690632], [7.7523994, 45.0692836], [7.7528773, 45.0695045], [7.7528115, 45.069611], [7.7527785, 45.0696021], [7.7526495, 45.0695673], [7.7525086, 45.0695499], [7.7524495, 45.0696268], [7.7524721, 45.069653], [7.7524541, 45.0696974], [7.7524137, 45.0697488], [7.7524048, 45.0697561], [7.7523381, 45.06984], [7.7524041, 45.0699038], [7.7523987, 45.0699315], [7.7524745, 45.0699402], [7.7525077, 45.0699524], [7.7528875, 45.0700908], [7.7529121, 45.0701096], [7.7528828, 45.0701282], [7.7528163, 45.0701612], [7.7527028, 45.0702047], [7.7526157, 45.0702586], [7.7525665, 45.0702956], [7.7523671, 45.070461], [7.7522837, 45.070629], [7.7522764, 45.0711053], [7.7522499, 45.0712359], [7.7521416, 45.0715671], [7.7521213, 45.0716389], [7.7520971, 45.0717009], [7.7520729, 45.0717629], [7.7520361, 45.0718226], [7.7520174, 45.0718496], [7.7519813, 45.0718769], [7.7519329, 45.0719031], [7.7518678, 45.0719312], [7.7517992, 45.071951], [7.7516929, 45.0719043], [7.7516832, 45.071813], [7.7518841, 45.0716647], [7.7517757, 45.0715708], [7.7515797, 45.0714061], [7.7511719, 45.0715595], [7.751126, 45.0715095], [7.7509932, 45.0715705], [7.7510206, 45.0716119], [7.7509529, 45.0716412], [7.7508765, 45.0716599], [7.7507328, 45.0717007], [7.7507351, 45.0717417], [7.750612, 45.071812], [7.7506226, 45.0718356], [7.7507887, 45.07199], [7.7509125, 45.0720989], [7.7510426, 45.0721942], [7.7507325, 45.0722916], [7.7504225, 45.072389], [7.7501967, 45.0724898], [7.749971, 45.0725906], [7.7499439, 45.0725643], [7.749739, 45.0724462], [7.7496451, 45.0722165], [7.749209, 45.0723766], [7.7490716, 45.0722097], [7.7486683, 45.0723761], [7.7477141, 45.0714811], [7.7472449, 45.0717035], [7.7468842, 45.0717757], [7.7477231, 45.0729642], [7.7476443, 45.0729511], [7.7475685, 45.0729828], [7.7475378, 45.0729397], [7.7474994, 45.0729417], [7.7474134, 45.072826], [7.7471168, 45.0729806], [7.7468052, 45.073126], [7.746438, 45.0732582], [7.746519, 45.0733347], [7.7461987, 45.0734], [7.7461768, 45.0733394], [7.7460446, 45.0733666], [7.7460144, 45.0734502], [7.7459822, 45.0734628], [7.745964, 45.0735594], [7.7459658, 45.073642], [7.745879, 45.0736901], [7.7458663, 45.0736757], [7.7456896, 45.0734366], [7.7455804, 45.0734938], [7.7454227, 45.0734616], [7.7452398, 45.0735121], [7.7451604, 45.0735198], [7.745198, 45.0735045], [7.745146, 45.0735098], [7.7450916, 45.0735505], [7.7452331, 45.0736546], [7.7451764, 45.0736909], [7.7450737, 45.0736206], [7.744941, 45.0735841], [7.7448445, 45.0735795], [7.7447533, 45.0736325], [7.744633, 45.0737339], [7.7445558, 45.0738109], [7.7444716, 45.0738468], [7.7443448, 45.0739043], [7.7442452, 45.0739616], [7.744188, 45.0739972], [7.7441223, 45.0740632], [7.7440986, 45.0740898], [7.74393, 45.0741036], [7.7438231, 45.0740399], [7.7437231, 45.0739501], [7.7434201, 45.0741124], [7.7433416, 45.0741858], [7.7432616, 45.0742993], [7.7431898, 45.0744414], [7.7431587, 45.0744487], [7.743045, 45.0744856], [7.74274, 45.0745619], [7.742435, 45.0746382], [7.7422011, 45.0746412], [7.742024, 45.0746097], [7.741863, 45.0745714], [7.741702, 45.0745331], [7.7416502, 45.0745231], [7.7416379, 45.0745102], [7.7416564, 45.0744574], [7.7416748, 45.0743981], [7.7416933, 45.0743389], [7.741923, 45.0737977], [7.7415968, 45.0737997], [7.7412705, 45.0738017], [7.7412058, 45.0735366], [7.7412349, 45.0733839], [7.7412927, 45.0733138], [7.7412744, 45.0733055], [7.741386, 45.0733084], [7.7414127, 45.0732046], [7.7414501, 45.0730731], [7.7414732, 45.0730063], [7.7414859, 45.0729813], [7.7414756, 45.0729783], [7.7416056, 45.0726763], [7.7416476, 45.0726196], [7.7416747, 45.0725598], [7.7417052, 45.0724927], [7.741705, 45.0723513], [7.7417854, 45.0723232], [7.7418156, 45.0722838], [7.7421028, 45.0721752], [7.7421788, 45.0720578], [7.7422193, 45.0719309], [7.7423171, 45.0717818], [7.7423779, 45.0717214], [7.7424535, 45.0716238], [7.7424971, 45.0715962], [7.7424754, 45.0715704], [7.7423761, 45.0715347], [7.7423402, 45.0714897], [7.7423672, 45.0714673], [7.7424316, 45.0714031], [7.7424398, 45.0713939], [7.742611, 45.0712219], [7.7427622, 45.071067], [7.7427451, 45.0710559], [7.7429274, 45.0708497], [7.7428949, 45.0707143], [7.7428953, 45.0706303], [7.742894, 45.0705984], [7.7428631, 45.0703299], [7.7428461, 45.0703288], [7.7428679, 45.0702621], [7.7429046, 45.0702054], [7.7430327, 45.0700647], [7.7430075, 45.0700582], [7.7429518, 45.070044], [7.7427976, 45.0700892], [7.7430154, 45.0699826], [7.7432332, 45.0698761], [7.7432824, 45.0698606], [7.7435039, 45.0698373], [7.7437254, 45.0698141], [7.7438015, 45.0698038], [7.7438547, 45.0697935], [7.7439272, 45.0697653], [7.7440575, 45.0697113], [7.744189, 45.0696484], [7.7443763, 45.0695224], [7.7444677, 45.0694758], [7.7445591, 45.0694293], [7.7446046, 45.0694151], [7.7446501, 45.0694009], [7.7447052, 45.0693939], [7.7447604, 45.0693868], [7.7448362, 45.069384], [7.7449499, 45.0693943], [7.7448267, 45.0692217], [7.744433, 45.0688824], [7.7438702, 45.0689057], [7.7433602, 45.0689001], [7.7430707, 45.0688083], [7.7429762, 45.0688442], [7.7427575, 45.0688492], [7.742621, 45.0688993], [7.7425155, 45.0689646], [7.7424503, 45.0690894], [7.7424485, 45.0691705], [7.7423207, 45.069302], [7.7422034, 45.0694262], [7.7420032, 45.0695347], [7.7419391, 45.0696865], [7.741873, 45.0697667], [7.7418287, 45.0698278], [7.7417389, 45.06997], [7.7416744, 45.0700369], [7.7415565, 45.0699544], [7.7413369, 45.0697126], [7.7411678, 45.0695342], [7.7410906, 45.0694473], [7.7409003, 45.0692526], [7.7408784, 45.069235], [7.7408238, 45.0691951], [7.7407786, 45.0691602], [7.7407615, 45.0691438], [7.7407556, 45.0691198], [7.7407573, 45.069108], [7.7407728, 45.0690908], [7.7407982, 45.0690814], [7.7408325, 45.0690747], [7.7410353, 45.0690799], [7.7410894, 45.0690754], [7.7411501, 45.0690643], [7.741196, 45.0690434], [7.7412324, 45.0690249], [7.7412706, 45.0689911], [7.7413126, 45.0689446], [7.7413958, 45.0688564], [7.7415204, 45.068732], [7.741554, 45.0686888], [7.7415588, 45.0686745], [7.7415486, 45.0686642], [7.7415403, 45.0686588], [7.7415192, 45.0686544], [7.7415141, 45.0686547], [7.7414777, 45.068669], [7.741433, 45.0686824], [7.7411506, 45.0687585], [7.7411176, 45.0687634], [7.7410604, 45.0687687], [7.741034, 45.0687667], [7.7409981, 45.0687561], [7.7409784, 45.0687434], [7.7409674, 45.0687299], [7.7409675, 45.0687127], [7.7409776, 45.0686964], [7.7410039, 45.0686826], [7.7410698, 45.068678], [7.7411151, 45.0686677], [7.7411506, 45.0686539], [7.741361, 45.0685535], [7.7414219, 45.0685314], [7.7414474, 45.0685152], [7.7414559, 45.0684879], [7.7414442, 45.0684721], [7.7414239, 45.0684627], [7.7413906, 45.0684672], [7.7413184, 45.0684913], [7.7411684, 45.0685099], [7.7410716, 45.0685118], [7.7409344, 45.068503], [7.7408071, 45.0684909], [7.7406229, 45.0684671], [7.7403814, 45.0684615], [7.7402184, 45.0684519], [7.7398856, 45.0684423], [7.7397479, 45.0684267], [7.7397185, 45.0684262], [7.7396745, 45.0684291], [7.7395999, 45.0684387], [7.7395375, 45.0684488], [7.7394726, 45.0684623], [7.7394717, 45.0684226], [7.7394629, 45.0683792], [7.7394428, 45.0683211], [7.7394128, 45.0682987], [7.739359, 45.0682782], [7.7392984, 45.0682599], [7.7390653, 45.0682473], [7.7387939, 45.0682302], [7.7386811, 45.068228], [7.738626, 45.0682382], [7.7385413, 45.0682254], [7.7385474, 45.0681905], [7.7385375, 45.0681604], [7.7385152, 45.0681164], [7.738493, 45.0680723], [7.7384411, 45.0679758], [7.7383146, 45.067755], [7.738149, 45.0674922], [7.7380443, 45.0673748], [7.7379396, 45.0672575], [7.7378939, 45.0671999], [7.7378714, 45.0671437], [7.7378668, 45.0671067]]]}}, {"type": "Feature", "properties": {"ZONASTAT": "82", "DENOM": "Reaglie - Forni e Goffi", "name": "Reaglie - Forni e Goffi", "pop2023": null, "cafes": null, "cafe_density": null, "stops500m": null, "cafe_norm": null, "traffic_norm": null, "transit_norm": null, "pop_norm": null, "flow_norm": null, "traffic_raw": null, "flow_raw": null, "total": null}, "geometry": {"type": "Polygon", "coordinates": [[[7.7264542, 45.0592728], [7.7264504, 45.059218], [7.7264592, 45.0591421], [7.7264787, 45.0590725], [7.7265325, 45.0589947], [7.726663, 45.0588468], [7.7267586, 45.0587266], [7.7268014, 45.0585884], [7.7268684, 45.0583545], [7.7268638, 45.0582985], [7.7268152, 45.0580676], [7.7268076, 45.057996], [7.7268175, 45.0579436], [7.7268646, 45.0578655], [7.7269371, 45.0577801], [7.7270604, 45.0576105], [7.7270735, 45.0575522], [7.7270738, 45.0574473], [7.7270773, 45.0573385], [7.7271123, 45.0572569], [7.7271706, 45.0571957], [7.7272329, 45.057145], [7.7272998, 45.0571101], [7.727375, 45.0570851], [7.7274434, 45.0570746], [7.7275181, 45.0570738], [7.7277958, 45.0570944], [7.7279239, 45.0570946], [7.7280248, 45.057089], [7.7281293, 45.0570738], [7.728434, 45.0569481], [7.7286513, 45.0568558], [7.7287547, 45.0567942], [7.7292294, 45.05644], [7.7293827, 45.0563177], [7.7294459, 45.0562329], [7.7295136, 45.0561104], [7.7295946, 45.0560081], [7.7296647, 45.055963], [7.729764, 45.0559157], [7.7299087, 45.0558521], [7.7302576, 45.055577], [7.7303829, 45.0555078], [7.7306529, 45.0553803], [7.7308944, 45.0552441], [7.7309884, 45.0552072], [7.7312454, 45.055127], [7.7312927, 45.0550973], [7.7313183, 45.0550706], [7.7313329, 45.0550385], [7.7313364, 45.0549649], [7.7315084, 45.0547812], [7.7317437, 45.05442], [7.7319258, 45.0541708], [7.7320418, 45.0540159], [7.7320851, 45.0539403], [7.7321392, 45.0538353], [7.7321928, 45.05375], [7.7322352, 45.0537174], [7.7323325, 45.0536522], [7.7326367, 45.0534747], [7.7326801, 45.0534578], [7.7327847, 45.0534354], [7.7329072, 45.0534062], [7.7329695, 45.0533838], [7.7330155, 45.0533595], [7.7330523, 45.0533286], [7.7330887, 45.0532848], [7.7331099, 45.0532429], [7.7331251, 45.0531366], [7.7331533, 45.0529985], [7.7331894, 45.0529026], [7.7332386, 45.0527903], [7.7332835, 45.0526764], [7.7332993, 45.0525366], [7.7333331, 45.0524512], [7.7333541, 45.0524213], [7.7333969, 45.052388], [7.7335726, 45.0522993], [7.7338506, 45.0521877], [7.7341082, 45.0520964], [7.7341717, 45.052068], [7.7343122, 45.0519947], [7.7345214, 45.0518475], [7.7346435, 45.0517758], [7.734698, 45.0517472], [7.7347555, 45.0517264], [7.7349375, 45.0516678], [7.7350058, 45.0516607], [7.7350513, 45.0516652], [7.7351756, 45.051721], [7.7356402, 45.0518748], [7.7357347, 45.0518973], [7.7358236, 45.0518954], [7.7359497, 45.0518802], [7.7359568, 45.0518181], [7.7359715, 45.0517707], [7.7359699, 45.0517408], [7.7359546, 45.0516702], [7.7359515, 45.0516191], [7.7359512, 45.0515847], [7.735961, 45.0515518], [7.7359728, 45.0515209], [7.7360709, 45.0513322], [7.7361778, 45.0510018], [7.7361992, 45.0508893], [7.7362062, 45.0508271], [7.7362084, 45.0507533], [7.7361986, 45.0506898], [7.7361889, 45.0506431], [7.7361846, 45.0505976], [7.7361847, 45.0505554], [7.7361895, 45.0505199], [7.7362842, 45.0503199], [7.7364348, 45.0499879], [7.7364775, 45.0498799], [7.7365217, 45.0497462], [7.736553, 45.0496313], [7.7365978, 45.0494068], [7.7366029, 45.0492888], [7.7366014, 45.0492452], [7.7366044, 45.0491412], [7.7366073, 45.0490372], [7.7366116, 45.0489275], [7.7366158, 45.0488178], [7.7366117, 45.0487712], [7.7366077, 45.0487246], [7.7365698, 45.0485626], [7.7365433, 45.0484649], [7.7365335, 45.0483673], [7.7365482, 45.0482996], [7.7371414, 45.0484127], [7.7373887, 45.0484322], [7.7374829, 45.0484215], [7.7376511, 45.0490642], [7.7377254, 45.0490555], [7.737852, 45.0490239], [7.7381369, 45.0489452], [7.7384656, 45.0488004], [7.7385645, 45.0487669], [7.7386658, 45.0487385], [7.7387805, 45.0487145], [7.738878, 45.0487018], [7.7389302, 45.0486995], [7.7389723, 45.0487031], [7.7390246, 45.0487163], [7.7390686, 45.0487355], [7.7394455, 45.0489683], [7.7397646, 45.0487446], [7.7397912, 45.0487529], [7.7399376, 45.048847], [7.7400406, 45.0489127], [7.7402083, 45.0490178], [7.7402635, 45.0490508], [7.740331, 45.0490239], [7.7403905, 45.0489772], [7.7404394, 45.0489066], [7.740449, 45.0488327], [7.7403538, 45.0486906], [7.7403622, 45.0486162], [7.7404841, 45.0484543], [7.7404545, 45.048311], [7.7409466, 45.0483115], [7.7409431, 45.0482126], [7.7419885, 45.0481517], [7.7419906, 45.048166], [7.7421028, 45.048157], [7.7420888, 45.048109], [7.7420879, 45.0480511], [7.7420923, 45.0480128], [7.7421078, 45.0479636], [7.7421603, 45.0478728], [7.7422239, 45.0477584], [7.7422415, 45.0476854], [7.7422927, 45.0476701], [7.7423968, 45.047731], [7.7424799, 45.0477868], [7.7425035, 45.0477883], [7.7428316, 45.0477132], [7.7430823, 45.048001], [7.743183, 45.0482121], [7.7433874, 45.0481958], [7.7434647, 45.0482706], [7.7435409, 45.0483257], [7.7435603, 45.0483614], [7.7435388, 45.0484137], [7.74358, 45.0484852], [7.7436538, 45.0485102], [7.7437495, 45.0485212], [7.7437743, 45.0485566], [7.7437671, 45.0486041], [7.7437859, 45.0486792], [7.7438179, 45.0487201], [7.7439099, 45.0487485], [7.7439722, 45.0487921], [7.7440049, 45.0488521], [7.7439561, 45.0488646], [7.7440109, 45.0489753], [7.7440431, 45.0491053], [7.7440903, 45.0491553], [7.7441188, 45.0491372], [7.7441518, 45.0491252], [7.7441971, 45.0491188], [7.7442451, 45.049129], [7.7442827, 45.0491405], [7.7443256, 45.0491633], [7.7444177, 45.0492624], [7.7444552, 45.049306], [7.7445081, 45.0493478], [7.744561, 45.0493897], [7.7446456, 45.0494416], [7.7447512, 45.049526], [7.7448212, 45.0495966], [7.7448398, 45.0496916], [7.7448697, 45.0497544], [7.7449142, 45.0497495], [7.7449706, 45.0497291], [7.7451601, 45.0496606], [7.7451869, 45.0497059], [7.7452989, 45.0496647], [7.7451723, 45.0495556], [7.7450953, 45.0493698], [7.7451792, 45.0493182], [7.745231, 45.0492205], [7.7452437, 45.0491535], [7.7453141, 45.04909], [7.7452608, 45.049017], [7.745371, 45.0489894], [7.7454454, 45.0488921], [7.7459916, 45.0493362], [7.7481954, 45.051124], [7.751301, 45.0538162], [7.7547553, 45.0568102], [7.7545455, 45.0570446], [7.754432, 45.0571441], [7.7543185, 45.0572406], [7.7542768, 45.0572713], [7.7541922, 45.0573213], [7.7541021, 45.0573695], [7.7540055, 45.057417], [7.7539368, 45.0574422], [7.7537967, 45.0574817], [7.7536649, 45.0575049], [7.7535708, 45.0575191], [7.753511, 45.057532], [7.7533778, 45.057566], [7.7533276, 45.0575836], [7.7532769, 45.0576015], [7.7529821, 45.0576851], [7.7528833, 45.0577188], [7.7526315, 45.0578156], [7.7525976, 45.0578336], [7.7525637, 45.057866], [7.7525513, 45.0578886], [7.7525537, 45.0579442], [7.7525798, 45.0579959], [7.7526631, 45.0580995], [7.752996, 45.0584674], [7.7530199, 45.0585278], [7.7530259, 45.0586208], [7.75286, 45.0585983], [7.7527264, 45.0585746], [7.7526009, 45.0585497], [7.7517911, 45.0583458], [7.7513949, 45.0582806], [7.7509616, 45.0582374], [7.750904, 45.0582387], [7.7508569, 45.0582491], [7.7507948, 45.058274], [7.7505701, 45.0583589], [7.7504261, 45.0584239], [7.7503757, 45.0584626], [7.7502701, 45.0585915], [7.7502046, 45.0586517], [7.7501244, 45.0587046], [7.7500473, 45.0587425], [7.750023, 45.0587523], [7.7499733, 45.05876], [7.7499319, 45.0587584], [7.7498672, 45.058748], [7.7498173, 45.0587352], [7.7497805, 45.0587148], [7.7497226, 45.0586556], [7.7497089, 45.0586313], [7.7497064, 45.0586023], [7.7497131, 45.0585704], [7.7497232, 45.0585559], [7.7498205, 45.0584728], [7.7498654, 45.0584227], [7.7498956, 45.058351], [7.7499556, 45.058159], [7.7501911, 45.0579081], [7.7503445, 45.0577523], [7.7504158, 45.0576821], [7.7504829, 45.0575905], [7.7504917, 45.0575601], [7.7504923, 45.0575312], [7.7504743, 45.0575046], [7.7504536, 45.0574921], [7.7504038, 45.0574857], [7.7503855, 45.0574884], [7.7503628, 45.0574968], [7.7502924, 45.0575274], [7.7502289, 45.0575597], [7.7501143, 45.0576434], [7.7500106, 45.0577349], [7.7499574, 45.0577766], [7.7499, 45.0578135], [7.7498354, 45.0578462], [7.7497347, 45.0578889], [7.7492014, 45.0581862], [7.7491297, 45.0582341], [7.749026, 45.0583139], [7.7488841, 45.0584397], [7.7487286, 45.0585921], [7.7486575, 45.0586517], [7.7485314, 45.0587358], [7.7484175, 45.0587852], [7.7483239, 45.0588225], [7.7482733, 45.0588465], [7.7482266, 45.058873], [7.7481929, 45.0589054], [7.7481592, 45.0589349], [7.7481135, 45.0589428], [7.7480821, 45.0589329], [7.7480732, 45.0589094], [7.7480885, 45.0588877], [7.7481508, 45.0588372], [7.7482354, 45.0587823], [7.7482982, 45.0587391], [7.7483634, 45.0586878], [7.7484647, 45.058592], [7.7485615, 45.0584768], [7.7485766, 45.0584447], [7.7485906, 45.0584048], [7.7485803, 45.0583761], [7.7484819, 45.0582993], [7.7484441, 45.058332], [7.7482389, 45.058585], [7.74815, 45.0586618], [7.7480881, 45.0587033], [7.7479662, 45.0587679], [7.7478665, 45.0588364], [7.7476132, 45.0590406], [7.7475447, 45.05909], [7.7474542, 45.0591431], [7.7472821, 45.0592382], [7.7471886, 45.0592915], [7.7470797, 45.0593601], [7.7469186, 45.0594428], [7.7468615, 45.0594758], [7.7468225, 45.0595092], [7.7467698, 45.0595757], [7.7466948, 45.0597009], [7.7466144, 45.0598425], [7.7465388, 45.0599957], [7.7464767, 45.0601212], [7.7464147, 45.0602467], [7.7463716, 45.0603752], [7.7463284, 45.0605037], [7.7462852, 45.0606234], [7.7462455, 45.0607151], [7.746258, 45.0607405], [7.7464936, 45.0607946], [7.7467292, 45.0608487], [7.7467322, 45.0608986], [7.7466819, 45.0609938], [7.7466023, 45.0610058], [7.7465821, 45.0610353], [7.7465618, 45.0610648], [7.7465463, 45.0610603], [7.7465109, 45.0611209], [7.7464684, 45.0612653], [7.7464755, 45.0613973], [7.7465481, 45.0615073], [7.7465538, 45.0615815], [7.7465361, 45.0616442], [7.7463333, 45.0617376], [7.7462836, 45.061774], [7.7462276, 45.0617852], [7.7462071, 45.0616593], [7.746312, 45.0616191], [7.7463726, 45.0615465], [7.7463925, 45.0614631], [7.7464086, 45.0614625], [7.7464107, 45.0613477], [7.746376, 45.0613188], [7.7461586, 45.0612017], [7.7461673, 45.0611939], [7.7459785, 45.0610844], [7.7459533, 45.0610742], [7.7458866, 45.061099], [7.745861, 45.0611458], [7.7458198, 45.0612212], [7.7456817, 45.0611892], [7.7456372, 45.0612408], [7.745525, 45.061354], [7.7454916, 45.0613608], [7.7454224, 45.0614323], [7.7453878, 45.0614947], [7.7452832, 45.0615977], [7.7452264, 45.0616129], [7.7450094, 45.0617956], [7.7448409, 45.0619301], [7.7447859, 45.0619072], [7.7447546, 45.0618934], [7.744728, 45.0618803], [7.7446698, 45.0618516], [7.744562, 45.0619558], [7.7445385, 45.0619423], [7.7444879, 45.0619797], [7.744154, 45.0621836], [7.7440536, 45.0622527], [7.7440464, 45.0622932], [7.7440612, 45.0622954], [7.7440343, 45.0624017], [7.7439688, 45.0623973], [7.7439676, 45.0624156], [7.7438188, 45.0624115], [7.743778, 45.0624918], [7.7446615, 45.0629568], [7.7442078, 45.0633527], [7.7440618, 45.0634514], [7.7435644, 45.0635859], [7.7433281, 45.0634176], [7.7426919, 45.0629687], [7.7426567, 45.0629689], [7.7426404, 45.0629918], [7.7426023, 45.063053], [7.7425483, 45.0631208], [7.7425127, 45.0631556], [7.7424771, 45.0631904], [7.7424156, 45.0632892], [7.7423805, 45.0634147], [7.7423492, 45.0635155], [7.7423266, 45.0635611], [7.7423677, 45.063531], [7.7429673, 45.0637417], [7.7429806, 45.0637465], [7.7430042, 45.0637651], [7.743024, 45.0637795], [7.7430366, 45.063791], [7.7432925, 45.0640137], [7.7432626, 45.0640229], [7.7431997, 45.0641006], [7.7431103, 45.0641951], [7.7431154, 45.0641965], [7.7430188, 45.0642966], [7.7430514, 45.0643165], [7.7430369, 45.0643427], [7.7429007, 45.0644289], [7.7429079, 45.0644381], [7.7429124, 45.0644525], [7.7429119, 45.0644594], [7.7429052, 45.0644687], [7.7428918, 45.0644781], [7.7428783, 45.0644836], [7.74287, 45.0645067], [7.7428709, 45.0645334], [7.7428804, 45.0645857], [7.7428887, 45.0645994], [7.7428084, 45.064641], [7.7426403, 45.0647118], [7.7426203, 45.0646944], [7.7425118, 45.0647499], [7.7425122, 45.0647627], [7.742498, 45.0647801], [7.7423822, 45.064904], [7.7422766, 45.0648945], [7.7421451, 45.0649889], [7.741944, 45.0650409], [7.7416544, 45.0651044], [7.7416924, 45.0649798], [7.7417335, 45.0648567], [7.741806, 45.0646266], [7.7419194, 45.0645527], [7.7418747, 45.0645347], [7.7416961, 45.0644093], [7.7416809, 45.0643979], [7.7416409, 45.0644403], [7.7414933, 45.0646109], [7.7414589, 45.0646009], [7.7414661, 45.0645889], [7.7414398, 45.0645803], [7.7412678, 45.0645254], [7.7412706, 45.0645206], [7.7412609, 45.064517], [7.7412775, 45.0644919], [7.7410373, 45.0644251], [7.7410208, 45.0644179], [7.7410289, 45.0645161], [7.7410307, 45.0645832], [7.7410428, 45.0646506], [7.7410901, 45.0647975], [7.7410886, 45.0648121], [7.7410783, 45.0648315], [7.7410078, 45.0648798], [7.7409218, 45.0649186], [7.7408723, 45.0649423], [7.7408051, 45.064982], [7.7407062, 45.0650708], [7.7406591, 45.0651324], [7.7406135, 45.0651962], [7.7405817, 45.0652311], [7.7405483, 45.0652527], [7.7404137, 45.0653248], [7.7399527, 45.0655047], [7.7398652, 45.0655332], [7.7397868, 45.0655561], [7.7394317, 45.0656346], [7.7393345, 45.0656528], [7.7390655, 45.0656796], [7.7390397, 45.0657084], [7.7391654, 45.0658555], [7.7393948, 45.0661238], [7.7395941, 45.0662989], [7.7396139, 45.0662788], [7.7396694, 45.0662856], [7.7396762, 45.0664102], [7.7396424, 45.0664099], [7.739307, 45.0668966], [7.7388285, 45.0667481], [7.7387402, 45.0668064], [7.7388045, 45.0669385], [7.7384619, 45.0670402], [7.7384179, 45.0671627], [7.7382478, 45.0671255], [7.7380622, 45.0669875], [7.7379842, 45.0669421], [7.7379212, 45.0669271], [7.7378919, 45.0669845], [7.7378808, 45.067025], [7.7378697, 45.0670655], [7.7378668, 45.0671067], [7.7378714, 45.0671437], [7.7378939, 45.0671999], [7.7379396, 45.0672575], [7.7380443, 45.0673748], [7.738149, 45.0674922], [7.7383146, 45.067755], [7.7384411, 45.0679758], [7.738493, 45.0680723], [7.7385152, 45.0681164], [7.7385375, 45.0681604], [7.7385474, 45.0681905], [7.7385413, 45.0682254], [7.7383215, 45.0684271], [7.7379446, 45.0687583], [7.7378038, 45.0688413], [7.7376656, 45.068908], [7.7374113, 45.0690123], [7.7371735, 45.0691269], [7.7371074, 45.0691638], [7.7370543, 45.0692013], [7.7369991, 45.0692562], [7.736965, 45.0692988], [7.736939, 45.0693448], [7.7368798, 45.0694726], [7.7368119, 45.0696003], [7.7367675, 45.0697018], [7.7367273, 45.0697269], [7.7366539, 45.0697348], [7.7365648, 45.0697277], [7.7364749, 45.0697047], [7.7363556, 45.0696612], [7.7361762, 45.0695863], [7.7359915, 45.0694809], [7.7357036, 45.0692688], [7.7356679, 45.0692113], [7.7357752, 45.0692017], [7.7357887, 45.069208], [7.7361412, 45.0693734], [7.7361856, 45.0693866], [7.7362308, 45.0693915], [7.7362663, 45.0693879], [7.736294, 45.069378], [7.7363163, 45.0693572], [7.736338, 45.0693318], [7.7363482, 45.0692977], [7.7362803, 45.0688811], [7.7362883, 45.0688261], [7.7362936, 45.0688112], [7.7363276, 45.0687872], [7.7364208, 45.0687385], [7.7366945, 45.0686156], [7.7367194, 45.0685961], [7.7367167, 45.0685646], [7.7366305, 45.0684591], [7.7364458, 45.0682943], [7.7363066, 45.06817], [7.7362439, 45.0681172], [7.7359486, 45.067934], [7.735883, 45.0678802], [7.7357596, 45.0677552], [7.735032, 45.0669044], [7.7344777, 45.0662844], [7.7343758, 45.0661655], [7.7343526, 45.0661526], [7.7343229, 45.0661519], [7.7342844, 45.0661593], [7.734254, 45.0661768], [7.7342554, 45.0661895], [7.7344629, 45.0668504], [7.7345452, 45.067055], [7.7345664, 45.0671329], [7.7345626, 45.0671599], [7.7345407, 45.0671975], [7.7345149, 45.0672211], [7.7344822, 45.0672366], [7.7344427, 45.0672481], [7.7344054, 45.0672517], [7.7343765, 45.0672404], [7.7343471, 45.0672192], [7.7334067, 45.0663709], [7.7325848, 45.0656218], [7.7335989, 45.0644661], [7.7336834, 45.0643926], [7.7337551, 45.0643481], [7.7338634, 45.0643072], [7.7341417, 45.0642131], [7.7343433, 45.0641169], [7.7344578, 45.0640535], [7.7349812, 45.0636389], [7.7350494, 45.0635939], [7.7351662, 45.0635257], [7.7352891, 45.0634678], [7.7353752, 45.0634327], [7.7360318, 45.0632231], [7.7361919, 45.0631617], [7.7363453, 45.0630972], [7.7367375, 45.06292], [7.7370054, 45.0627778], [7.7371262, 45.0627054], [7.7371833, 45.0626779], [7.7377818, 45.0624584], [7.7381155, 45.062311], [7.7382674, 45.0622269], [7.73836, 45.0621674], [7.7386426, 45.0619547], [7.7387144, 45.0618679], [7.7387468, 45.0618013], [7.7379733, 45.0615204], [7.7378243, 45.0614584], [7.7377777, 45.061439], [7.7377178, 45.0614318], [7.7377154, 45.0613697], [7.737758, 45.0611382], [7.7377762, 45.0610137], [7.7377842, 45.060946], [7.7377802, 45.0608936], [7.7377658, 45.0608527], [7.7377415, 45.0608193], [7.7376945, 45.0607687], [7.7376029, 45.0606823], [7.7373206, 45.060432], [7.7371307, 45.0603009], [7.7370449, 45.0602282], [7.7369695, 45.0601844], [7.7369011, 45.0600681], [7.7368878, 45.0600057], [7.7368728, 45.0599008], [7.7368379, 45.0597683], [7.7367771, 45.0595638], [7.7367387, 45.0594752], [7.7367052, 45.0594048], [7.736685, 45.0593723], [7.7366582, 45.0593424], [7.7366162, 45.0593097], [7.7365189, 45.0592467], [7.73649, 45.0592255], [7.736466, 45.0591936], [7.7364264, 45.0591219], [7.7364123, 45.059062], [7.736346, 45.0589786], [7.7362159, 45.058817], [7.7359725, 45.0584549], [7.7359151, 45.0584177], [7.7358427, 45.0583842], [7.7357814, 45.0583334], [7.7357274, 45.0583445], [7.7356484, 45.0583173], [7.7356059, 45.0582813], [7.7355373, 45.0582575], [7.7354996, 45.0582313], [7.7354239, 45.0581493], [7.7353884, 45.0580835], [7.7353685, 45.0580522], [7.7353132, 45.0579807], [7.7352904, 45.0579455], [7.735255, 45.0578993], [7.7352506, 45.0578874], [7.7352421, 45.0578213], [7.7352397, 45.0578104], [7.7352348, 45.0577998], [7.7352283, 45.0577914], [7.7352199, 45.057784], [7.7351324, 45.0575176], [7.7350954, 45.0574587], [7.7349539, 45.0572899], [7.7348475, 45.0571421], [7.7346737, 45.0569246], [7.7345859, 45.0568119], [7.7343796, 45.0565946], [7.7343503, 45.05658], [7.7342884, 45.0565596], [7.7341722, 45.0565287], [7.7340686, 45.0564962], [7.7339874, 45.0564726], [7.7339625, 45.0564636], [7.7339374, 45.0564508], [7.7339046, 45.0564361], [7.7338732, 45.0564172], [7.7338638, 45.0564128], [7.7338568, 45.0564113], [7.7337924, 45.056409], [7.7337794, 45.056406], [7.7337442, 45.0563876], [7.7336939, 45.0563637], [7.7336813, 45.0563532], [7.7336427, 45.0563155], [7.7336342, 45.0563094], [7.7336239, 45.0563045], [7.7336121, 45.0563007], [7.7335998, 45.0562989], [7.7335389, 45.0562974], [7.7335148, 45.0562936], [7.7335471, 45.0563326], [7.7335604, 45.0563644], [7.7334755, 45.0563683], [7.7333232, 45.0563841], [7.7332617, 45.0563923], [7.7332065, 45.0564026], [7.7331747, 45.0564136], [7.7331557, 45.0564234], [7.7331461, 45.0564347], [7.7331419, 45.0564432], [7.7331402, 45.0564556], [7.7331499, 45.0565042], [7.7331647, 45.0565653], [7.7331755, 45.0565887], [7.733202, 45.0566352], [7.7332427, 45.0567007], [7.7332649, 45.0567403], [7.7332754, 45.0567652], [7.7332901, 45.0568156], [7.733301, 45.05684], [7.7333187, 45.0568636], [7.7333379, 45.056878], [7.7333383, 45.0568839], [7.7333366, 45.0568884], [7.7333232, 45.0569058], [7.7333124, 45.0569245], [7.7332886, 45.0569824], [7.7332734, 45.0570106], [7.7332581, 45.0570236], [7.7332405, 45.0570314], [7.7332252, 45.0570312], [7.7332102, 45.057027], [7.7331705, 45.0570015], [7.7330735, 45.0569645], [7.7328981, 45.0569026], [7.7326904, 45.0568418], [7.7326535, 45.0568435], [7.7326202, 45.056865], [7.7325941, 45.0568865], [7.7325783, 45.0569088], [7.7325578, 45.0569529], [7.7325225, 45.0570659], [7.7324788, 45.0572952], [7.7324673, 45.0575538], [7.7324786, 45.0576553], [7.7325048, 45.0577801], [7.732513, 45.0578446], [7.7325093, 45.0578877], [7.732498, 45.0579202], [7.7324829, 45.0579499], [7.7324442, 45.0579737], [7.7323646, 45.0580073], [7.7321338, 45.058098], [7.7318734, 45.0582163], [7.7316383, 45.0583313], [7.7315436, 45.0583903], [7.731447, 45.0584706], [7.7314118, 45.0585134], [7.7313892, 45.0585567], [7.7313633, 45.0586208], [7.7313547, 45.0586859], [7.7313555, 45.0587483], [7.7313309, 45.0587918], [7.7313026, 45.0588038], [7.7312247, 45.0588138], [7.7311558, 45.058865], [7.7309684, 45.0589831], [7.7308609, 45.0590419], [7.7308052, 45.0589978], [7.7304792, 45.0588023], [7.7304263, 45.0587727], [7.7303373, 45.0587438], [7.7302388, 45.0587193], [7.7301494, 45.0587038], [7.7300352, 45.0586923], [7.7299279, 45.0586913], [7.7298665, 45.0587019], [7.7297328, 45.0587289], [7.7296417, 45.0587582], [7.7292526, 45.0589169], [7.728999, 45.0590245], [7.7289135, 45.059085], [7.728813, 45.0591409], [7.728708, 45.0591762], [7.7284401, 45.0592305], [7.7281855, 45.0593253], [7.7280564, 45.0593939], [7.7276627, 45.0595824], [7.7275616, 45.059625], [7.7273932, 45.0596983], [7.7273094, 45.0597189], [7.727204, 45.0597428], [7.7271145, 45.0597406], [7.7270174, 45.0597317], [7.7269661, 45.0597079], [7.7270771, 45.059658], [7.7271113, 45.0596257], [7.727127, 45.0595995], [7.727132, 45.0595745], [7.7271262, 45.059552], [7.7271048, 45.0595204], [7.7270725, 45.0594954], [7.7270243, 45.0594743], [7.7269709, 45.0594652], [7.7267005, 45.059444], [7.7266331, 45.0594278], [7.7265639, 45.0594019], [7.7265145, 45.0593732], [7.7264617, 45.0593106], [7.7264542, 45.0592728]]]}}, {"type": "Feature", "properties": {"ZONASTAT": "83", "DENOM": "Santa Margherita", "name": "Santa Margherita", "pop2023": null, "cafes": null, "cafe_density": null, "stops500m": null, "cafe_norm": null, "traffic_norm": null, "transit_norm": null, "pop_norm": null, "flow_norm": null, "traffic_raw": null, "flow_raw": null, "total": null}, "geometry": {"type": "Polygon", "coordinates": [[[7.7063787, 45.051129], [7.7063644, 45.0510707], [7.706366, 45.0510015], [7.7063769, 45.0509605], [7.706426, 45.0508729], [7.7066428, 45.0501638], [7.7066714, 45.0500828], [7.7066948, 45.0500027], [7.7067299, 45.0499258], [7.7067648, 45.0498752], [7.7071033, 45.0491546], [7.7072878, 45.0487769], [7.7077615, 45.04815], [7.7080557, 45.0477913], [7.7085099, 45.0474362], [7.7086089, 45.0474261], [7.7086821, 45.0474397], [7.7087402, 45.0474785], [7.7087871, 45.0475777], [7.7090593, 45.0482084], [7.7091113, 45.0482456], [7.7091859, 45.0482673], [7.7093089, 45.0482657], [7.709444, 45.0482211], [7.7097048, 45.0481108], [7.7106702, 45.0476691], [7.7107583, 45.0476107], [7.7108392, 45.0475396], [7.710954, 45.0473906], [7.7110631, 45.047321], [7.7112251, 45.0471828], [7.7114527, 45.0469199], [7.711552, 45.046782], [7.7115603, 45.0467705], [7.7116665, 45.046655], [7.7120162, 45.0463655], [7.712111, 45.0462889], [7.7123274, 45.0461142], [7.7123905, 45.0460536], [7.7124956, 45.0458603], [7.7126802, 45.0455848], [7.7128547, 45.0453139], [7.7128511, 45.0450988], [7.7128925, 45.0448498], [7.7129558, 45.0446879], [7.7129994, 45.0446222], [7.7130546, 45.044561], [7.7131818, 45.0444688], [7.7133467, 45.0443774], [7.7134364, 45.0443431], [7.7135815, 45.0442985], [7.7136986, 45.0442681], [7.7137927, 45.0442585], [7.713925, 45.0442638], [7.7144, 45.044309], [7.7145042, 45.0443121], [7.7145951, 45.0443041], [7.7147225, 45.0442824], [7.7148502, 45.0442459], [7.7149453, 45.0442122], [7.7149957, 45.0441877], [7.7150436, 45.0441548], [7.7152498, 45.0439909], [7.7153247, 45.0439604], [7.7154092, 45.0439405], [7.715527, 45.0439303], [7.7157671, 45.043933], [7.7158077, 45.0439313], [7.7158504, 45.043921], [7.7159249, 45.0438996], [7.7160724, 45.0438287], [7.7161417, 45.0437896], [7.7162093, 45.0437446], [7.71626, 45.0436947], [7.7162902, 45.0436425], [7.7163076, 45.0435855], [7.7162897, 45.043523], [7.7162496, 45.0434733], [7.7161701, 45.0434212], [7.7160759, 45.0433999], [7.7159191, 45.0433796], [7.7157104, 45.0433372], [7.7156045, 45.0432945], [7.7155672, 45.043256], [7.7155544, 45.0431987], [7.7155786, 45.0431509], [7.7156165, 45.0431222], [7.7156793, 45.04311], [7.7157505, 45.0431179], [7.7159326, 45.0431859], [7.716012, 45.0431953], [7.7161079, 45.043182], [7.7161801, 45.0431571], [7.7162476, 45.0431164], [7.7162782, 45.0430659], [7.7162926, 45.0429982], [7.7162628, 45.0429332], [7.7159422, 45.042632], [7.7155544, 45.0422675], [7.7151503, 45.0418755], [7.7150876, 45.0417989], [7.7145331, 45.0409062], [7.7143153, 45.0410919], [7.7142895, 45.0411109], [7.7142248, 45.0410875], [7.7141087, 45.04103], [7.7140841, 45.0410144], [7.713973, 45.0409651], [7.713941, 45.0409892], [7.7139208, 45.0409641], [7.7138975, 45.0409402], [7.7138686, 45.0409156], [7.7138354, 45.0408942], [7.7136817, 45.0408132], [7.7136159, 45.0407571], [7.7135681, 45.0407204], [7.7135364, 45.0406998], [7.7134107, 45.0408132], [7.7132847, 45.0407715], [7.7131239, 45.0406896], [7.7129926, 45.0407902], [7.7128871, 45.0408858], [7.712841, 45.0409664], [7.7128387, 45.0410684], [7.7128371, 45.0411417], [7.7127441, 45.0411773], [7.7126605, 45.0412836], [7.7120805, 45.0413798], [7.7119823, 45.0412803], [7.7118908, 45.0406913], [7.7118699, 45.040612], [7.7120909, 45.0405861], [7.7121317, 45.0405683], [7.7121589, 45.0405875], [7.7122412, 45.0405534], [7.7122787, 45.0405726], [7.7126304, 45.0404541], [7.7129215, 45.0403623], [7.7132283, 45.0402032], [7.7135197, 45.040099], [7.7137075, 45.0400561], [7.7138863, 45.0401006], [7.713998, 45.0401519], [7.7140823, 45.0401723], [7.7142004, 45.0401247], [7.7142882, 45.0396459], [7.7144493, 45.0394348], [7.7146082, 45.0391597], [7.7146808, 45.0388997], [7.7149964, 45.0385315], [7.715125, 45.0384508], [7.7152299, 45.0385339], [7.7156375, 45.0382806], [7.7158338, 45.0383447], [7.7158916, 45.0383839], [7.7159207, 45.038372], [7.7159499, 45.0383601], [7.715971, 45.0383846], [7.7162389, 45.0382445], [7.7164786, 45.0381035], [7.7169158, 45.0383957], [7.7174582, 45.0386563], [7.7174404, 45.038986], [7.7174304, 45.0391707], [7.7174799, 45.0396039], [7.7174101, 45.0398315], [7.7172864, 45.0399374], [7.7174637, 45.040327], [7.7175032, 45.0404144], [7.7179748, 45.0400537], [7.7185325, 45.0402653], [7.718739, 45.0398824], [7.7188367, 45.0396964], [7.7190419, 45.0394092], [7.7190947, 45.0393314], [7.7191253, 45.0392911], [7.7191575, 45.0392579], [7.7192139, 45.0392268], [7.7193121, 45.039178], [7.7194202, 45.039129], [7.719789, 45.0389768], [7.7198631, 45.0389426], [7.7200983, 45.0388123], [7.7202052, 45.0389099], [7.7203627, 45.0390287], [7.7205991, 45.0392401], [7.7207136, 45.0393237], [7.7207513, 45.0393549], [7.7207925, 45.039403], [7.7209214, 45.039658], [7.7209616, 45.0396992], [7.7211391, 45.0398314], [7.7213828, 45.0400378], [7.7215578, 45.040136], [7.7218325, 45.0402467], [7.7220981, 45.0403748], [7.7222643, 45.0404303], [7.7223941, 45.0405103], [7.7225672, 45.0409505], [7.7224748, 45.0410667], [7.7223141, 45.0411727], [7.7221338, 45.0413877], [7.7219812, 45.0414821], [7.7218393, 45.0415481], [7.7217964, 45.0415978], [7.7218109, 45.0416321], [7.7217931, 45.0417472], [7.7217753, 45.0418153], [7.7217429, 45.0418889], [7.721697, 45.0419574], [7.7216567, 45.0420423], [7.7213287, 45.0421922], [7.7212912, 45.0422223], [7.7212723, 45.042274], [7.7212088, 45.0431588], [7.7212126, 45.0431993], [7.7212408, 45.0434283], [7.7212999, 45.0437129], [7.7213273, 45.0437504], [7.7213634, 45.0437855], [7.7214105, 45.0438005], [7.7214559, 45.0438017], [7.7216241, 45.0437792], [7.7216637, 45.0437846], [7.7217183, 45.043799], [7.7219731, 45.0438929], [7.7220429, 45.0439103], [7.7221334, 45.0439103], [7.7222017, 45.0439047], [7.7223102, 45.0438982], [7.7223772, 45.0439107], [7.7224237, 45.0439301], [7.7224533, 45.0439551], [7.7224825, 45.0440857], [7.7225125, 45.0441617], [7.7226147, 45.0442685], [7.7226426, 45.0443313], [7.7226286, 45.0443725], [7.7226003, 45.0444167], [7.7225774, 45.0444556], [7.722546, 45.0444949], [7.7225485, 45.0445665], [7.7226372, 45.0447306], [7.7227325, 45.0449119], [7.7227391, 45.044929], [7.7227342, 45.0449505], [7.7226624, 45.0451567], [7.7225955, 45.0453414], [7.7225315, 45.0455335], [7.7224863, 45.0456823], [7.7224688, 45.0457637], [7.7224513, 45.0458451], [7.7224503, 45.0459039], [7.7224899, 45.0459835], [7.7226249, 45.0461169], [7.7227485, 45.0462318], [7.7227631, 45.0462556], [7.7227607, 45.0462705], [7.7226687, 45.046434], [7.7226585, 45.0464724], [7.7226728, 45.0465025], [7.7227126, 45.0466079], [7.7227202, 45.0466452], [7.7227159, 45.0466717], [7.7226887, 45.0467133], [7.7224286, 45.0469948], [7.722212, 45.0472919], [7.7220836, 45.0475378], [7.7218387, 45.0480206], [7.7217853, 45.0480884], [7.7216067, 45.0483227], [7.7215088, 45.0485764], [7.7214746, 45.0486773], [7.7214404, 45.0487784], [7.7214321, 45.0488111], [7.7214239, 45.0488437], [7.721426, 45.0488766], [7.7214281, 45.0489096], [7.7214657, 45.0489963], [7.7215034, 45.049083], [7.7215127, 45.0491303], [7.7215222, 45.0492162], [7.7215112, 45.0492777], [7.7213367, 45.0497303], [7.7213126, 45.0497843], [7.7212711, 45.0499861], [7.7212098, 45.0500707], [7.7212061, 45.0501775], [7.7211984, 45.0502246], [7.7211625, 45.050279], [7.7210559, 45.0503866], [7.7209643, 45.0504765], [7.7208606, 45.0506034], [7.720757, 45.0507304], [7.7207827, 45.0507496], [7.7211081, 45.0508376], [7.7214282, 45.0509236], [7.7214665, 45.0509095], [7.7215827, 45.0509545], [7.7216596, 45.0509929], [7.721878, 45.0512014], [7.7215948, 45.0513469], [7.7216311, 45.0513922], [7.7218524, 45.0516911], [7.7220485, 45.0519834], [7.7218343, 45.0519696], [7.7218746, 45.0523399], [7.7218112, 45.0523521], [7.7217247, 45.0523761], [7.7217349, 45.0524479], [7.7217081, 45.0524823], [7.7216627, 45.052514], [7.7215741, 45.052559], [7.7213926, 45.0526629], [7.72109, 45.0528629], [7.720688, 45.0531076], [7.7205175, 45.0532223], [7.7204918, 45.0532467], [7.7204711, 45.0532742], [7.7204673, 45.0532914], [7.7204712, 45.0533124], [7.7204848, 45.0533328], [7.7205629, 45.0533739], [7.7206016, 45.0533904], [7.7206474, 45.0534045], [7.7206777, 45.053411], [7.720716, 45.0534105], [7.7207726, 45.0534077], [7.7208459, 45.0533987], [7.7210716, 45.0533426], [7.7213034, 45.0532866], [7.7214712, 45.053249], [7.721548, 45.0532375], [7.7216285, 45.0532368], [7.7216901, 45.053244], [7.7217531, 45.0532616], [7.7224491, 45.0534341], [7.7225215, 45.0534717], [7.7225928, 45.0535215], [7.7226351, 45.0535606], [7.7226872, 45.0536448], [7.7227669, 45.0537883], [7.7228859, 45.0540291], [7.7228989, 45.0540619], [7.7229042, 45.0541011], [7.7228953, 45.0541587], [7.7228681, 45.0542456], [7.7225916, 45.0545234], [7.7225303, 45.0545792], [7.7223543, 45.0547087], [7.7222295, 45.0547781], [7.7219919, 45.0549313], [7.7218722, 45.0550213], [7.7216478, 45.0552021], [7.7216062, 45.0552426], [7.7215556, 45.0553117], [7.7215445, 45.0553838], [7.7216097, 45.0557635], [7.7216042, 45.0558256], [7.7215268, 45.0560083], [7.721419, 45.0564824], [7.7214143, 45.0565007], [7.7213945, 45.0565617], [7.7213643, 45.0566237], [7.72133, 45.0566755], [7.7212101, 45.0568299], [7.7211772, 45.0568747], [7.7211006, 45.0569401], [7.7210316, 45.056987], [7.7209373, 45.0570381], [7.7208215, 45.0570851], [7.7206522, 45.0572056], [7.7206176, 45.0572302], [7.7204986, 45.0573259], [7.7202901, 45.0575074], [7.720217, 45.0575821], [7.7201778, 45.0576264], [7.7201388, 45.0576602], [7.719972, 45.0577573], [7.719854, 45.0578338], [7.7197638, 45.0578966], [7.7197206, 45.057932], [7.719676, 45.0579834], [7.7196492, 45.0580273], [7.7196283, 45.0580783], [7.7196111, 45.0581347], [7.7196132, 45.0583799], [7.7196099, 45.0584411], [7.7195891, 45.0585061], [7.7195625, 45.0585616], [7.7195126, 45.0586271], [7.7194741, 45.0586705], [7.7194348, 45.0586958], [7.7193774, 45.0587158], [7.7193118, 45.0587279], [7.7192288, 45.0587339], [7.7191478, 45.058729], [7.718777, 45.0587115], [7.7185858, 45.0587723], [7.7183979, 45.0588255], [7.7181603, 45.0589026], [7.7180984, 45.0589352], [7.7180362, 45.058981], [7.7179804, 45.0590361], [7.7178955, 45.0591691], [7.7177662, 45.0592885], [7.7174028, 45.0596634], [7.7173468, 45.0598009], [7.7172679, 45.0597766], [7.7165982, 45.0594341], [7.7164844, 45.0593698], [7.7163964, 45.0593306], [7.7162171, 45.0592596], [7.7162117, 45.0592694], [7.7161404, 45.0592812], [7.7160774, 45.0592622], [7.7160632, 45.0592577], [7.7160994, 45.0591848], [7.7161275, 45.0589281], [7.7160809, 45.058795], [7.7161341, 45.0586337], [7.7162799, 45.0585391], [7.7162776, 45.0585081], [7.7151007, 45.0577326], [7.7148844, 45.0575243], [7.7146807, 45.0573275], [7.7145499, 45.0573527], [7.7145043, 45.057475], [7.7140537, 45.057509], [7.7139344, 45.0573906], [7.7136541, 45.0574234], [7.7134235, 45.057546], [7.7133034, 45.0576235], [7.7131111, 45.0576988], [7.7129067, 45.0577485], [7.7129726, 45.0575971], [7.7130026, 45.0575889], [7.713033, 45.0575774], [7.7132066, 45.0574996], [7.7130043, 45.057286], [7.7130124, 45.0572799], [7.7128057, 45.0570434], [7.7126259, 45.0568376], [7.7125166, 45.0566795], [7.712374, 45.0566445], [7.7122462, 45.0565956], [7.7120844, 45.0565247], [7.7118839, 45.0564262], [7.7115273, 45.0563172], [7.7114031, 45.0562711], [7.7106978, 45.0561246], [7.7106142, 45.0560975], [7.7105272, 45.0560566], [7.7104592, 45.0560229], [7.7103791, 45.0559662], [7.7103093, 45.0559112], [7.7101077, 45.05571], [7.709987, 45.0556462], [7.7098082, 45.0556033], [7.7096611, 45.0555962], [7.7095781, 45.0555942], [7.7094952, 45.0555922], [7.7096929, 45.0555539], [7.7098129, 45.0555521], [7.7099044, 45.0555695], [7.7099585, 45.0555671], [7.7099587, 45.0555198], [7.7099755, 45.055431], [7.7099829, 45.0553207], [7.7099441, 45.0552226], [7.7099175, 45.0551653], [7.7098646, 45.0550969], [7.7097892, 45.0550253], [7.7096915, 45.0549381], [7.7097413, 45.0548823], [7.7097693, 45.0548689], [7.7097945, 45.0548627], [7.7098212, 45.054865], [7.709886, 45.0548916], [7.7100491, 45.0549741], [7.7100781, 45.0549888], [7.7101454, 45.0550145], [7.7102364, 45.0550292], [7.7103368, 45.0550315], [7.7103971, 45.0550298], [7.7105364, 45.0550195], [7.7107749, 45.0549954], [7.7108373, 45.0549851], [7.7108939, 45.0549685], [7.7109408, 45.0549431], [7.7109704, 45.054919], [7.7109776, 45.0548939], [7.7109739, 45.054865], [7.7109589, 45.0548391], [7.7109379, 45.0548189], [7.7106156, 45.0546692], [7.7104544, 45.0545806], [7.7103334, 45.0544995], [7.7101104, 45.0543112], [7.7097169, 45.0539634], [7.7097315, 45.053931], [7.7097737, 45.0538986], [7.7101543, 45.0538366], [7.7104636, 45.0537838], [7.7105476, 45.0537466], [7.7105683, 45.0537233], [7.710624, 45.0535992], [7.7102812, 45.0533282], [7.7102054, 45.053284], [7.7101242, 45.0533037], [7.7099287, 45.0533276], [7.7098186, 45.053332], [7.7097213, 45.0533268], [7.7095554, 45.0533088], [7.7094357, 45.05329], [7.7090054, 45.0531734], [7.7088701, 45.0531339], [7.7087397, 45.0530915], [7.7085301, 45.0530196], [7.7083727, 45.0529735], [7.7082332, 45.0529355], [7.7081033, 45.0529034], [7.7080096, 45.0528821], [7.7079245, 45.0528722], [7.707654, 45.0528576], [7.7072734, 45.0528311], [7.7071033, 45.0526786], [7.7065591, 45.0523735], [7.7066922, 45.0522121], [7.7067851, 45.0520552], [7.7068362, 45.05196], [7.7068534, 45.0519057], [7.706844, 45.0518387], [7.7067564, 45.0516812], [7.7063787, 45.051129]]]}}, {"type": "Feature", "properties": {"ZONASTAT": "87", "DENOM": "Cavoretto - Val Pattonera", "name": "Cavoretto - Val Pattonera", "pop2023": null, "cafes": null, "cafe_density": null, "stops500m": null, "cafe_norm": null, "traffic_norm": null, "transit_norm": null, "pop_norm": null, "flow_norm": null, "traffic_raw": null, "flow_raw": null, "total": null}, "geometry": {"type": "Polygon", "coordinates": [[[7.6798583, 45.0252952], [7.6798638, 45.0250868], [7.6798991, 45.025044], [7.6799393, 45.024958], [7.6800264, 45.0247039], [7.6800584, 45.0246148], [7.6801002, 45.024507], [7.6802202, 45.0242709], [7.6802527, 45.0242158], [7.6802679, 45.0241847], [7.6802788, 45.0241345], [7.6802888, 45.0240531], [7.6803212, 45.0239517], [7.6804728, 45.0237553], [7.6806535, 45.0234247], [7.6807933, 45.0233758], [7.6809616, 45.0233983], [7.6810432, 45.0234109], [7.6810793, 45.0234301], [7.6811911, 45.0235592], [7.6812534, 45.0235886], [7.6812123, 45.0235139], [7.6811094, 45.0233642], [7.681076, 45.0233073], [7.6810259, 45.0231341], [7.6809965, 45.0228039], [7.6809201, 45.0225492], [7.6808549, 45.0222851], [7.6808361, 45.0221756], [7.6808294, 45.022042], [7.6808698, 45.0216081], [7.6808978, 45.0212371], [7.6808934, 45.0210075], [7.6809057, 45.0209476], [7.6808949, 45.0208982], [7.6808769, 45.0208405], [7.6808353, 45.0207811], [7.6807691, 45.0206974], [7.6807474, 45.0206778], [7.6811329, 45.0205651], [7.6811889, 45.0206474], [7.6812151, 45.0206752], [7.6812536, 45.0207105], [7.6812856, 45.0207551], [7.6813065, 45.02079], [7.6813273, 45.020825], [7.6813381, 45.0208577], [7.6813488, 45.0208904], [7.6813777, 45.0209494], [7.6813944, 45.0209956], [7.681398, 45.0210086], [7.6814016, 45.0210217], [7.6813991, 45.0210439], [7.6813967, 45.0210661], [7.6813802, 45.0210934], [7.6813637, 45.0211207], [7.6813645, 45.0211744], [7.6813653, 45.0212281], [7.6813533, 45.0212705], [7.6813359, 45.0212986], [7.6813245, 45.0213117], [7.6812946, 45.021335], [7.6812646, 45.0213583], [7.6812336, 45.0213935], [7.6812315, 45.0214155], [7.6812498, 45.0214466], [7.6812755, 45.021474], [7.6813129, 45.0215049], [7.6813736, 45.0215386], [7.6814343, 45.0215722], [7.6814567, 45.0215964], [7.6814982, 45.0215804], [7.6815918, 45.0214578], [7.6816854, 45.0213352], [7.6817594, 45.0213007], [7.6818727, 45.0212651], [7.6822038, 45.0214179], [7.6823129, 45.0214217], [7.6823677, 45.0214069], [7.6824224, 45.0213921], [7.6825107, 45.0213786], [7.6823751, 45.0215167], [7.6824732, 45.0219229], [7.6826143, 45.0220144], [7.6828559, 45.0220406], [7.6839645, 45.0233072], [7.6851584, 45.0239784], [7.6870742, 45.0245384], [7.6881407, 45.0244941], [7.6884068, 45.0245062], [7.688918, 45.024558], [7.6898817, 45.0246231], [7.6899705, 45.0246223], [7.6901257, 45.0246025], [7.6903272, 45.0245572], [7.6906643, 45.024463], [7.6908854, 45.0243927], [7.6910132, 45.0243388], [7.6911945, 45.0242868], [7.6917302, 45.0240937], [7.6917828, 45.0240803], [7.6919922, 45.0240168], [7.6925442, 45.0239563], [7.6930212, 45.0238989], [7.6933912, 45.0238484], [7.6935026, 45.0238244], [7.6939443, 45.0236961], [7.6945546, 45.0234144], [7.6949133, 45.0232989], [7.6955969, 45.0229926], [7.6956914, 45.0229161], [7.6957909, 45.0230305], [7.6960589, 45.0231211], [7.6963509, 45.0231499], [7.6967324, 45.0231209], [7.6973958, 45.0231456], [7.6975628, 45.0230904], [7.6977973, 45.0230328], [7.6979319, 45.0230012], [7.6980767, 45.023085], [7.6986383, 45.0232036], [7.6996562, 45.0232994], [7.7001444, 45.0234698], [7.7003615, 45.0240093], [7.7003619, 45.0240271], [7.7003265, 45.0240551], [7.7002845, 45.0240845], [7.7002621, 45.0240959], [7.7002127, 45.0241042], [7.7001486, 45.0241091], [7.7001029, 45.0240997], [7.7000599, 45.024077], [7.6999443, 45.0240631], [7.6998465, 45.0240635], [7.6997933, 45.0240522], [7.6997343, 45.0240295], [7.6996869, 45.0240057], [7.6994575, 45.0239231], [7.699422, 45.0239135], [7.6993851, 45.0239077], [7.6993562, 45.0239076], [7.6993368, 45.0239143], [7.6993201, 45.0239218], [7.6992908, 45.023938], [7.6991994, 45.0239996], [7.6991343, 45.0240336], [7.6990821, 45.0240511], [7.6990434, 45.0240578], [7.6989749, 45.0240572], [7.6989375, 45.0240534], [7.6988888, 45.0240513], [7.6988377, 45.0240602], [7.6987613, 45.0240768], [7.6985718, 45.0241151], [7.6984591, 45.0241512], [7.6983757, 45.0241804], [7.6982773, 45.0242261], [7.6981497, 45.024295], [7.6979919, 45.0243456], [7.6977124, 45.0244246], [7.697585, 45.024468], [7.697538, 45.0244757], [7.6974983, 45.0244739], [7.6974281, 45.0244551], [7.6973344, 45.0244375], [7.6972314, 45.0244221], [7.6971502, 45.0244125], [7.6970459, 45.0244141], [7.6970043, 45.024429], [7.6969225, 45.0244769], [7.6968649, 45.0245041], [7.6968234, 45.0245106], [7.6967719, 45.0245282], [7.6967142, 45.0245554], [7.6966191, 45.0245892], [7.6965559, 45.0245983], [7.696483, 45.024603], [7.6962536, 45.0246085], [7.6961634, 45.0246061], [7.6960692, 45.0246091], [7.6960092, 45.0246275], [7.6959702, 45.0246557], [7.6959065, 45.0247544], [7.6958572, 45.0248097], [7.6958199, 45.0248461], [7.695767, 45.0248891], [7.695751, 45.0249203], [7.6957404, 45.0249638], [7.6957261, 45.024999], [7.6957004, 45.0250342], [7.6956575, 45.0250572], [7.6955862, 45.025071], [7.6955045, 45.0250749], [7.6953357, 45.0250641], [7.6952704, 45.0250647], [7.6952357, 45.0250684], [7.6951991, 45.0250761], [7.695165, 45.0250969], [7.6951454, 45.025117], [7.6951049, 45.0251756], [7.6950581, 45.0252127], [7.6950205, 45.0252265], [7.6949323, 45.0252514], [7.6948195, 45.0252728], [7.694738, 45.0252918], [7.6946995, 45.0253074], [7.6946593, 45.0253273], [7.6945295, 45.0254315], [7.6944822, 45.0254758], [7.6944777, 45.0254835], [7.6944728, 45.0254945], [7.6944694, 45.0255121], [7.6944631, 45.0255663], [7.6944468, 45.0256095], [7.6944274, 45.0256406], [7.6943825, 45.025675], [7.6943377, 45.0256998], [7.6942644, 45.0257294], [7.6941181, 45.0258016], [7.6940357, 45.0258511], [7.6939571, 45.0259006], [7.693921, 45.0259272], [7.6938782, 45.0259691], [7.6938401, 45.0260236], [7.693828, 45.0260549], [7.6938307, 45.0261], [7.6938337, 45.0261207], [7.6938269, 45.0261426], [7.6938023, 45.026179], [7.693743, 45.0262436], [7.6937187, 45.0262646], [7.6936798, 45.026292], [7.6936169, 45.0263317], [7.6935499, 45.026369], [7.6934736, 45.0264049], [7.6934328, 45.0264257], [7.6934241, 45.0264439], [7.6934214, 45.026471], [7.6934273, 45.0265312], [7.6934247, 45.0265525], [7.6934172, 45.0265842], [7.6934047, 45.0266105], [7.6933833, 45.0266424], [7.6933671, 45.026658], [7.6933397, 45.0266752], [7.6932739, 45.026706], [7.693204, 45.0267407], [7.6931599, 45.0267565], [7.6930664, 45.0267831], [7.6930567, 45.0267897], [7.6930461, 45.0268031], [7.693037, 45.0268209], [7.6930344, 45.026841], [7.6930355, 45.0268565], [7.6930426, 45.0268927], [7.6930631, 45.0269507], [7.6930613, 45.0269661], [7.6930459, 45.0269798], [7.6930262, 45.0269847], [7.6929956, 45.0269874], [7.6929564, 45.0269839], [7.6929188, 45.0269762], [7.6928872, 45.0269609], [7.6928636, 45.0269416], [7.6928203, 45.0268988], [7.6927877, 45.0268608], [7.6927542, 45.0268325], [7.6927377, 45.0268241], [7.6927022, 45.0268154], [7.6926624, 45.0268078], [7.6926298, 45.0268032], [7.6925884, 45.0268038], [7.6925308, 45.0268114], [7.6924717, 45.0268205], [7.6923774, 45.0268528], [7.6922769, 45.0268818], [7.6921796, 45.0268995], [7.6920854, 45.026914], [7.6919604, 45.026922], [7.6918473, 45.0269248], [7.6917695, 45.0269219], [7.6917126, 45.0269066], [7.691672, 45.0268853], [7.6916229, 45.0268483], [7.6915838, 45.0268239], [7.6915547, 45.0268152], [7.6915121, 45.0268158], [7.6913444, 45.0268284], [7.6911635, 45.0268451], [7.6909882, 45.0268691], [7.6909248, 45.0268801], [7.6908537, 45.0268964], [7.6908101, 45.0269084], [7.6907452, 45.0269351], [7.6906299, 45.0269862], [7.6905602, 45.027015], [7.6904954, 45.0270348], [7.6903984, 45.0270599], [7.6902697, 45.0270908], [7.690299, 45.0271237], [7.6903348, 45.0271547], [7.6904148, 45.0272065], [7.6904838, 45.0272443], [7.6905205, 45.0272609], [7.6905553, 45.0272689], [7.6907368, 45.0272877], [7.6907948, 45.0272948], [7.6908368, 45.027305], [7.6908764, 45.0273205], [7.6909806, 45.0273795], [7.6910755, 45.0274466], [7.691135, 45.0274936], [7.6911628, 45.027523], [7.6911958, 45.0275607], [7.6912429, 45.0276222], [7.6912829, 45.0276531], [7.6913227, 45.0276887], [7.6913451, 45.027714], [7.6914002, 45.0278117], [7.6914238, 45.0278594], [7.6914564, 45.0279672], [7.6914737, 45.0279959], [7.6915339, 45.0280831], [7.6916265, 45.0282091], [7.691602, 45.0282235], [7.6915621, 45.028238], [7.6914302, 45.0283], [7.6913347, 45.0283373], [7.6912117, 45.028392], [7.6911123, 45.0284386], [7.6910365, 45.028487], [7.6909464, 45.0285466], [7.6907305, 45.0286983], [7.6904402, 45.0289341], [7.690342, 45.0289758], [7.6900822, 45.0291674], [7.6901886, 45.0291861], [7.6907818, 45.0292414], [7.6911493, 45.0292839], [7.6913921, 45.0293439], [7.6916842, 45.0294563], [7.6917665, 45.0294963], [7.6917901, 45.0295678], [7.6918071, 45.0298307], [7.6918028, 45.0301419], [7.6918079, 45.0301756], [7.6918633, 45.0302349], [7.6919044, 45.0302665], [7.6919488, 45.0302857], [7.6920293, 45.0303048], [7.6923514, 45.0303004], [7.6926034, 45.0303054], [7.6937895, 45.0304276], [7.6943851, 45.0304258], [7.6950334, 45.0304428], [7.6956817, 45.0304598], [7.6958944, 45.0304752], [7.6961014, 45.030555], [7.6963083, 45.0306349], [7.696344, 45.0306415], [7.6962805, 45.0306551], [7.6965746, 45.0307664], [7.6961984, 45.0311203], [7.6962358, 45.0311325], [7.6965097, 45.0312009], [7.6967059, 45.0312372], [7.6975216, 45.0314896], [7.6978367, 45.0315905], [7.6978814, 45.03161], [7.6979176, 45.0316332], [7.6980985, 45.0317952], [7.698221, 45.0318699], [7.6983437, 45.0319357], [7.6984613, 45.0319809], [7.6984751, 45.0319973], [7.6984886, 45.0320182], [7.6984381, 45.0320829], [7.698386, 45.0321626], [7.6983733, 45.032189], [7.6983688, 45.0322233], [7.698378, 45.0322724], [7.6984076, 45.0323233], [7.6984392, 45.0323821], [7.6985069, 45.0324767], [7.6985266, 45.0325006], [7.6985524, 45.0325229], [7.6986169, 45.0325587], [7.6986745, 45.0325852], [7.6987112, 45.0326081], [7.6988386, 45.0327004], [7.6988693, 45.0327323], [7.699131, 45.0330817], [7.6992326, 45.0331083], [7.699375, 45.0331379], [7.6994146, 45.0331583], [7.6996304, 45.0332856], [7.6996589, 45.0332963], [7.6996929, 45.0333054], [7.6997129, 45.0333091], [7.6999207, 45.0333318], [7.6999681, 45.0333402], [7.7000136, 45.0333525], [7.7000575, 45.0333668], [7.70013, 45.0333976], [7.7001564, 45.0334116], [7.7001827, 45.0334277], [7.7002026, 45.0334465], [7.7002162, 45.0334664], [7.7002263, 45.0334887], [7.7002411, 45.0335461], [7.7002607, 45.0336095], [7.700349, 45.0336981], [7.7004288, 45.0337968], [7.7004741, 45.0338816], [7.7005186, 45.0339703], [7.7005702, 45.0340887], [7.7005849, 45.0341146], [7.7006122, 45.0341417], [7.700643, 45.0341565], [7.7007096, 45.0341846], [7.7007407, 45.0342018], [7.7007679, 45.0342241], [7.7007784, 45.0342408], [7.7007843, 45.0342558], [7.7007862, 45.0342876], [7.7007832, 45.0343477], [7.700788, 45.034387], [7.7007982, 45.0344129], [7.7008114, 45.0344364], [7.7008372, 45.0344627], [7.7008653, 45.0344842], [7.7009058, 45.0345097], [7.7009481, 45.0345322], [7.7010231, 45.034564], [7.7011307, 45.0346048], [7.7012017, 45.0346377], [7.7012773, 45.0346898], [7.7013113, 45.034722], [7.7013762, 45.0348445], [7.7015753, 45.0350166], [7.7016198, 45.0350785], [7.7016306, 45.0351061], [7.701631, 45.0351426], [7.7016404, 45.0351839], [7.701725, 45.0352159], [7.7018019, 45.0353953], [7.7020634, 45.0354378], [7.7021771, 45.0355003], [7.7023684, 45.0354694], [7.702529, 45.0352862], [7.7026601, 45.0354028], [7.7027894, 45.0354438], [7.7029196, 45.0354409], [7.7029947, 45.035411], [7.7031373, 45.0354082], [7.7032409, 45.0354841], [7.7033, 45.0356123], [7.7034355, 45.0356534], [7.7036703, 45.0356825], [7.7038032, 45.0355609], [7.7038844, 45.0355354], [7.7039772, 45.0355453], [7.7041068, 45.0355687], [7.7041687, 45.0355738], [7.704356, 45.03551], [7.7043929, 45.0355419], [7.7044063, 45.0357764], [7.7043694, 45.0357798], [7.7042413, 45.0358139], [7.7041727, 45.0358553], [7.7042123, 45.0359029], [7.704198, 45.0359461], [7.7041096, 45.0360097], [7.7038231, 45.0361992], [7.7037555, 45.0362575], [7.7037187, 45.0363148], [7.7037669, 45.0365374], [7.7037931, 45.0365531], [7.703776, 45.0365745], [7.703539, 45.0367693], [7.7029244, 45.0372974], [7.702481, 45.0376235], [7.7023941, 45.0376459], [7.702448, 45.0377975], [7.702502, 45.0379492], [7.7025393, 45.0380728], [7.7022829, 45.0380492], [7.7017733, 45.0379722], [7.7016033, 45.0379173], [7.7014454, 45.0378578], [7.7011339, 45.0377461], [7.7009393, 45.0376325], [7.7008984, 45.0376139], [7.7008657, 45.037602], [7.7008132, 45.037591], [7.7007406, 45.0375818], [7.7003672, 45.0375482], [7.7002856, 45.0375465], [7.7001102, 45.0375466], [7.7000436, 45.0375344], [7.6999856, 45.0375083], [7.6998837, 45.03745], [7.6996737, 45.0373369], [7.6992133, 45.0371153], [7.6990752, 45.0370414], [7.6985867, 45.0372398], [7.6983511, 45.0373005], [7.6979619, 45.0374111], [7.697652, 45.0374662], [7.6974203, 45.0374793], [7.6973304, 45.0374931], [7.6972753, 45.0375107], [7.6972137, 45.0375355], [7.6970767, 45.037585], [7.6969903, 45.0376005], [7.6965942, 45.0377053], [7.6964827, 45.0377211], [7.6964037, 45.0377254], [7.6963327, 45.0377194], [7.6962651, 45.0377032], [7.6959204, 45.0375762], [7.6957014, 45.037479], [7.6955157, 45.037379], [7.6954234, 45.037302], [7.6953464, 45.0372539], [7.6952243, 45.0372061], [7.6951057, 45.0371779], [7.6947453, 45.0371131], [7.6941987, 45.037201], [7.6939943, 45.0371733], [7.6933942, 45.0370455], [7.6929168, 45.0370499], [7.6927647, 45.037066], [7.6926029, 45.0370865], [7.6925323, 45.0370977], [7.6924945, 45.0371085], [7.6922677, 45.0372117], [7.6920314, 45.0372896], [7.6917797, 45.0373272], [7.6915228, 45.037357], [7.6910501, 45.0374474], [7.6908888, 45.0374887], [7.6905934, 45.0373974], [7.6902979, 45.0373061], [7.6901929, 45.037302], [7.6899108, 45.0374242], [7.6896608, 45.0375052], [7.689624, 45.037521], [7.6895607, 45.037557], [7.6895371, 45.0375807], [7.6895061, 45.0376533], [7.6894799, 45.0376935], [7.6894489, 45.0377304], [7.6893865, 45.0377449], [7.6893359, 45.0377323], [7.6892233, 45.0376685], [7.6890437, 45.037624], [7.6888417, 45.0375527], [7.6885635, 45.0374402], [7.6883734, 45.037352], [7.6882896, 45.037298], [7.6882312, 45.0372424], [7.68807, 45.0370681], [7.6880766, 45.0369925], [7.688072, 45.0368478], [7.688077, 45.0368309], [7.6880879, 45.0368187], [7.6881244, 45.0368038], [7.6881851, 45.0367851], [7.6883711, 45.036747], [7.6885612, 45.0366795], [7.6887266, 45.0366134], [7.6889797, 45.0364887], [7.6893136, 45.0363463], [7.6895787, 45.0362386], [7.6896045, 45.0362075], [7.689615, 45.0361743], [7.6896175, 45.0361082], [7.6895834, 45.0360163], [7.6895282, 45.0359298], [7.6894867, 45.0358542], [7.6894586, 45.0358297], [7.6893804, 45.0357707], [7.6892852, 45.03571], [7.6892631, 45.0356959], [7.6891839, 45.0356527], [7.6891232, 45.0355951], [7.6890129, 45.0354847], [7.6889226, 45.0353784], [7.688849, 45.0352616], [7.6887856, 45.0348438], [7.6888013, 45.0347839], [7.6888292, 45.0347076], [7.6888783, 45.0346091], [7.6889202, 45.0345508], [7.6889662, 45.0345066], [7.6894165, 45.0341889], [7.6896618, 45.0339649], [7.6896932, 45.0338505], [7.690413, 45.0334479], [7.6904827, 45.0333923], [7.6907484, 45.0331735], [7.6906598, 45.0330926], [7.6904644, 45.0328582], [7.6904263, 45.0328402], [7.6903681, 45.0328629], [7.6903092, 45.032913], [7.690311, 45.0329559], [7.6902857, 45.0329771], [7.6902526, 45.0329845], [7.6902034, 45.0329683], [7.6901629, 45.0329386], [7.6901312, 45.0328817], [7.6898773, 45.0325608], [7.689886, 45.0325414], [7.6899332, 45.0325224], [7.690039, 45.0324632], [7.6901691, 45.0324257], [7.6901807, 45.0323985], [7.6901706, 45.0323613], [7.6901218, 45.0323295], [7.6900945, 45.0323214], [7.689987, 45.0323319], [7.6897718, 45.0323645], [7.6896506, 45.0323748], [7.6895768, 45.0323545], [7.6892676, 45.0320644], [7.6896918, 45.0318999], [7.6897054, 45.0318826], [7.6897267, 45.0318474], [7.6897323, 45.0317983], [7.6897023, 45.0317463], [7.6896575, 45.0317143], [7.6896206, 45.0316968], [7.689434, 45.0316167], [7.6893805, 45.0315879], [7.6893556, 45.0315592], [7.6893416, 45.0315303], [7.6893361, 45.0314784], [7.6893316, 45.0313159], [7.6893256, 45.0310986], [7.6892975, 45.0308584], [7.689262, 45.0307997], [7.6892274, 45.0307544], [7.6891762, 45.0307156], [7.6891374, 45.0307059], [7.689068, 45.0307039], [7.6890063, 45.0307075], [7.6889755, 45.0307183], [7.6888327, 45.0308558], [7.6887436, 45.030957], [7.6887079, 45.0309997], [7.6886633, 45.0310252], [7.6885022, 45.0311082], [7.6882943, 45.0311997], [7.6873594, 45.0315178], [7.687137, 45.0316254], [7.6870627, 45.0316559], [7.6870078, 45.0316567], [7.6869707, 45.0316301], [7.6869356, 45.0315875], [7.6869095, 45.0315502], [7.6868491, 45.0315891], [7.686743, 45.0316352], [7.6857547, 45.0319699], [7.6857196, 45.0319884], [7.6846639, 45.0323499], [7.6844633, 45.0323898], [7.6843637, 45.0323551], [7.6842403, 45.0321478], [7.684143, 45.0320155], [7.6840433, 45.0319775], [7.6838451, 45.0319799], [7.68368, 45.0319349], [7.68339, 45.0319257], [7.6830797, 45.0317661], [7.6829313, 45.0317081], [7.6827814, 45.0316591], [7.6827079, 45.0316401], [7.6826009, 45.0316389], [7.6825399, 45.0316397], [7.682509, 45.0316359], [7.682484, 45.0316256], [7.6824706, 45.0316082], [7.6824609, 45.0315843], [7.682464, 45.0315236], [7.6824874, 45.0314388], [7.6825676, 45.0312414], [7.6826009, 45.0310801], [7.6826596, 45.0306166], [7.6826399, 45.0305216], [7.682581, 45.0304181], [7.6823687, 45.0300445], [7.6823589, 45.0300051], [7.6823603, 45.029968], [7.6823953, 45.0299311], [7.6824217, 45.0299034], [7.6824525, 45.0298386], [7.6825416, 45.0298228], [7.6831822, 45.0299662], [7.6834064, 45.0300064], [7.6834658, 45.030019], [7.6836361, 45.0300384], [7.6837897, 45.030045], [7.6839142, 45.0300378], [7.6840488, 45.0300203], [7.6841455, 45.0299926], [7.6842407, 45.0299481], [7.6843052, 45.0298986], [7.6843864, 45.0298148], [7.6844045, 45.0297709], [7.6844071, 45.0297199], [7.6843835, 45.029678], [7.6843317, 45.0296498], [7.6842247, 45.0296373], [7.6839289, 45.0297476], [7.6838559, 45.0297628], [7.6837694, 45.0297592], [7.6837106, 45.029736], [7.6836831, 45.0296959], [7.6837589, 45.0295022], [7.6834408, 45.0289325], [7.6833884, 45.0287922], [7.6833081, 45.0284369], [7.6833041, 45.0283653], [7.6833228, 45.028295], [7.6833717, 45.0281886], [7.6834981, 45.0280066], [7.6831953, 45.027877], [7.6830028, 45.0277613], [7.682887, 45.0276266], [7.6827104, 45.0274523], [7.6826773, 45.027424], [7.6826444, 45.0274014], [7.6826177, 45.0273869], [7.6825889, 45.0273755], [7.682161, 45.0272395], [7.6820912, 45.0272129], [7.6820578, 45.0271975], [7.6819737, 45.0271548], [7.6819013, 45.0271134], [7.6815867, 45.0269414], [7.6814835, 45.0268833], [7.6814402, 45.0268456], [7.6814061, 45.0268068], [7.6813855, 45.0267634], [7.6813706, 45.0267237], [7.6813481, 45.0266537], [7.6813198, 45.0265802], [7.681291, 45.0265258], [7.6812512, 45.0264788], [7.681154, 45.0263705], [7.6809517, 45.026162], [7.6808976, 45.0261147], [7.6808161, 45.0260488], [7.6807148, 45.0259801], [7.6805967, 45.0259063], [7.6805244, 45.025868], [7.6803872, 45.0258193], [7.680275, 45.0257701], [7.6800995, 45.0256604], [7.6799513, 45.0255258], [7.679892, 45.0254112], [7.6798583, 45.0252952]]]}}, {"type": "Feature", "properties": {"ZONASTAT": "01", "DENOM": "Municipio", "name": "Municipio", "pop2023": null, "cafes": null, "cafe_density": null, "stops500m": null, "cafe_norm": null, "traffic_norm": null, "transit_norm": null, "pop_norm": null, "flow_norm": null, "traffic_raw": null, "flow_raw": null, "total": null}, "geometry": {"type": "Polygon", "coordinates": [[[7.6753868, 45.0720753], [7.6748454, 45.0712875], [7.6760471, 45.0708598], [7.6770038, 45.0705206], [7.6779206, 45.0701957], [7.6788296, 45.0698723], [7.6796546, 45.0695778], [7.6805764, 45.0692488], [7.6817886, 45.0688161], [7.6823016, 45.0697308], [7.6826948, 45.0703576], [7.6829129, 45.0706742], [7.6831533, 45.0710419], [7.6840021, 45.0707633], [7.6842047, 45.070747], [7.6846533, 45.0705911], [7.6850624, 45.071215], [7.6854213, 45.0717639], [7.6849997, 45.071893], [7.6839264, 45.0722218], [7.6841953, 45.0725657], [7.6846064, 45.0731861], [7.6846599, 45.0732802], [7.6849834, 45.0738483], [7.685018, 45.0739016], [7.6852763, 45.0743], [7.6855241, 45.0746753], [7.6861552, 45.0756313], [7.6863721, 45.0758081], [7.6855773, 45.076072], [7.6848565, 45.0763101], [7.6848673, 45.076333], [7.6836229, 45.0767461], [7.6836314, 45.0767628], [7.6823957, 45.0771745], [7.6808224, 45.0776468], [7.6795324, 45.0780738], [7.6788429, 45.0770777], [7.6785139, 45.0766071], [7.6782294, 45.0761936], [7.6778091, 45.0755949], [7.677588, 45.0752739], [7.6773846, 45.0749785], [7.6771779, 45.0746784], [7.6768052, 45.0741373], [7.6765997, 45.0738396], [7.6765668, 45.0737919], [7.6763458, 45.0734703], [7.676321, 45.0734342], [7.6758364, 45.0727293], [7.6753868, 45.0720753]]]}}, {"type": "Feature", "properties": {"ZONASTAT": "02", "DENOM": "Palazzo Reale", "name": "Palazzo Reale", "pop2023": null, "cafes": null, "cafe_density": null, "stops500m": null, "cafe_norm": null, "traffic_norm": null, "transit_norm": null, "pop_norm": null, "flow_norm": null, "traffic_raw": null, "flow_raw": null, "total": null}, "geometry": {"type": "Polygon", "coordinates": [[[7.6841953, 45.0725657], [7.6839264, 45.0722218], [7.6849997, 45.071893], [7.6854213, 45.0717639], [7.6850624, 45.071215], [7.6846533, 45.0705911], [7.6858447, 45.0701786], [7.6864106, 45.0699827], [7.686718, 45.0704256], [7.6868108, 45.0705593], [7.6871133, 45.0704473], [7.6871393, 45.0704389], [7.6872318, 45.0704038], [7.6872606, 45.0703837], [7.6885535, 45.0698925], [7.6889029, 45.0697581], [7.6896025, 45.0694891], [7.689681, 45.0694589], [7.6908367, 45.0690089], [7.6911782, 45.0694937], [7.6915191, 45.0699775], [7.6918796, 45.0704891], [7.6921063, 45.0708108], [7.6926977, 45.07165], [7.6916991, 45.0726489], [7.6913599, 45.0729818], [7.6909449, 45.0733865], [7.6903453, 45.0739709], [7.6898525, 45.0745191], [7.6897776, 45.0746024], [7.6897394, 45.074645], [7.6896774, 45.0747139], [7.6879471, 45.0752866], [7.6870129, 45.0755959], [7.6863721, 45.0758081], [7.6861552, 45.0756313], [7.6855241, 45.0746753], [7.6852763, 45.0743], [7.685018, 45.0739016], [7.6849834, 45.0738483], [7.6846599, 45.0732802], [7.6846064, 45.0731861], [7.6841953, 45.0725657]]]}}, {"type": "Feature", "properties": {"ZONASTAT": "03", "DENOM": "Palazzo Carignano - Vecchio Ospedate (Borgo Nuovo)", "name": "Palazzo Carignano - Vecchio Ospedate (Borgo Nuovo)", "pop2023": null, "cafes": null, "cafe_density": null, "stops500m": null, "cafe_norm": null, "traffic_norm": null, "transit_norm": null, "pop_norm": null, "flow_norm": null, "traffic_raw": null, "flow_raw": null, "total": null}, "geometry": {"type": "Polygon", "coordinates": [[[7.6823016, 45.0697308], [7.6817886, 45.0688161], [7.6830569, 45.0683593], [7.6842361, 45.0679516], [7.6855327, 45.0674936], [7.6846193, 45.0661844], [7.6837833, 45.06499], [7.6836405, 45.0647826], [7.6831517, 45.0640726], [7.6831983, 45.0640553], [7.683443, 45.0639742], [7.68427, 45.0636888], [7.6854019, 45.0632812], [7.6865362, 45.0628782], [7.6879815, 45.0623645], [7.6886115, 45.0632364], [7.6890313, 45.0630834], [7.6889234, 45.0628775], [7.6889516, 45.0628556], [7.6889563, 45.0628509], [7.6892297, 45.0626166], [7.689508, 45.0625184], [7.689985, 45.0624802], [7.6901304, 45.0626838], [7.6902919, 45.0628994], [7.6907319, 45.0634898], [7.6909765, 45.0638686], [7.6906578, 45.064], [7.6894698, 45.0644241], [7.690114, 45.065306], [7.6904335, 45.065745], [7.690751, 45.0661788], [7.6909554, 45.066458], [7.691562, 45.0672847], [7.6923711, 45.0683898], [7.6918354, 45.0685995], [7.6908367, 45.0690089], [7.689681, 45.0694589], [7.6896025, 45.0694891], [7.6889029, 45.0697581], [7.6885535, 45.0698925], [7.6872606, 45.0703837], [7.6872318, 45.0704038], [7.6871393, 45.0704389], [7.6871133, 45.0704473], [7.6868108, 45.0705593], [7.686718, 45.0704256], [7.6864106, 45.0699827], [7.6858447, 45.0701786], [7.6846533, 45.0705911], [7.6842047, 45.070747], [7.6840021, 45.0707633], [7.6831533, 45.0710419], [7.6829129, 45.0706742], [7.6826948, 45.0703576], [7.6823016, 45.0697308]]]}}, {"type": "Feature", "properties": {"ZONASTAT": "04", "DENOM": "Piazza San Carlo - Piazza Carlo Felice", "name": "Piazza San Carlo - Piazza Carlo Felice", "pop2023": null, "cafes": null, "cafe_density": null, "stops500m": null, "cafe_norm": null, "traffic_norm": null, "transit_norm": null, "pop_norm": null, "flow_norm": null, "traffic_raw": null, "flow_raw": null, "total": null}, "geometry": {"type": "Polygon", "coordinates": [[[7.6747186, 45.0654995], [7.6740046, 45.064494], [7.6750983, 45.0641014], [7.6757787, 45.0638567], [7.6764635, 45.0636105], [7.6772055, 45.0633436], [7.6777367, 45.0631524], [7.6785304, 45.0628671], [7.6794141, 45.0625494], [7.6801324, 45.0622911], [7.6807552, 45.0620671], [7.6815527, 45.0617803], [7.6826782, 45.0634051], [7.6829815, 45.0638318], [7.6830873, 45.0639808], [7.6831517, 45.0640726], [7.6836405, 45.0647826], [7.6837833, 45.06499], [7.6846193, 45.0661844], [7.6855327, 45.0674936], [7.6842361, 45.0679516], [7.6830569, 45.0683593], [7.6817886, 45.0688161], [7.6805764, 45.0692488], [7.6796546, 45.0695778], [7.6788296, 45.0698723], [7.6779206, 45.0701957], [7.6774208, 45.0694335], [7.6770973, 45.0689401], [7.6766994, 45.0683335], [7.6762833, 45.0677028], [7.6760141, 45.0673238], [7.6759352, 45.0672127], [7.6755478, 45.0666671], [7.6752248, 45.0662124], [7.6751648, 45.0661278], [7.6747186, 45.0654995]]]}}, {"type": "Feature", "properties": {"ZONASTAT": "05", "DENOM": "Piazza Statuto", "name": "Piazza Statuto", "pop2023": null, "cafes": null, "cafe_density": null, "stops500m": null, "cafe_norm": null, "traffic_norm": null, "transit_norm": null, "pop_norm": null, "flow_norm": null, "traffic_raw": null, "flow_raw": null, "total": null}, "geometry": {"type": "Polygon", "coordinates": [[[7.6683178, 45.0753731], [7.6681217, 45.0746537], [7.6685345, 45.0745093], [7.6690893, 45.074318], [7.6685479, 45.0735329], [7.6692315, 45.0732896], [7.6702707, 45.0729201], [7.6704308, 45.0728632], [7.671195, 45.0725917], [7.6715321, 45.0724713], [7.6722486, 45.0722153], [7.6730628, 45.0719244], [7.6732726, 45.0718495], [7.6739364, 45.0716123], [7.6748454, 45.0712875], [7.6753868, 45.0720753], [7.6758364, 45.0727293], [7.676321, 45.0734342], [7.6763458, 45.0734703], [7.6765668, 45.0737919], [7.6765997, 45.0738396], [7.6768052, 45.0741373], [7.6771779, 45.0746784], [7.6773846, 45.0749785], [7.677588, 45.0752739], [7.6778091, 45.0755949], [7.6782294, 45.0761936], [7.6785139, 45.0766071], [7.6788429, 45.0770777], [7.6795324, 45.0780738], [7.6773972, 45.078781], [7.6767373, 45.0789995], [7.6762969, 45.0791453], [7.675752, 45.0793258], [7.6756117, 45.0793723], [7.6749669, 45.0795858], [7.6746032, 45.0797062], [7.6738391, 45.0799592], [7.6736384, 45.0800252], [7.6716529, 45.080676], [7.6715473, 45.0807106], [7.671364, 45.0807706], [7.6709233, 45.0801437], [7.670647, 45.0797508], [7.6701212, 45.079003], [7.6697138, 45.0784234], [7.6694317, 45.0780223], [7.6693103, 45.0778644], [7.6690018, 45.0774633], [7.6686466, 45.0770014], [7.6683512, 45.0766174], [7.6685655, 45.0763029], [7.6685144, 45.0759107], [7.6684351, 45.075792], [7.6683178, 45.0753731]]]}}, {"type": "Feature", "properties": {"ZONASTAT": "07", "DENOM": "Corso Cairoli - Piazza Bodoni (Borgo Nuovo)", "name": "Corso Cairoli - Piazza Bodoni (Borgo Nuovo)", "pop2023": null, "cafes": null, "cafe_density": null, "stops500m": null, "cafe_norm": null, "traffic_norm": null, "transit_norm": null, "pop_norm": null, "flow_norm": null, "traffic_raw": null, "flow_raw": null, "total": null}, "geometry": {"type": "Polygon", "coordinates": [[[7.6815527, 45.0617803], [7.6822423, 45.0615334], [7.6826484, 45.0613874], [7.6838016, 45.0609728], [7.6849184, 45.0605703], [7.6862905, 45.060076], [7.6878404, 45.059522], [7.6882771, 45.059383], [7.6892898, 45.0590209], [7.6907644, 45.0584851], [7.6913751, 45.0582503], [7.6919696, 45.0580348], [7.6920315, 45.0581244], [7.692027, 45.0581261], [7.6935742, 45.0600047], [7.6945801, 45.0610895], [7.6957022, 45.0621386], [7.6950789, 45.0623692], [7.6949366, 45.0624218], [7.6947501, 45.0624908], [7.6941265, 45.0627214], [7.6926173, 45.0632788], [7.6917401, 45.0635941], [7.6909765, 45.0638686], [7.6907319, 45.0634898], [7.6902919, 45.0628994], [7.6901304, 45.0626838], [7.689985, 45.0624802], [7.689508, 45.0625184], [7.6892297, 45.0626166], [7.6889563, 45.0628509], [7.6889516, 45.0628556], [7.6889234, 45.0628775], [7.6890313, 45.0630834], [7.6886115, 45.0632364], [7.6879815, 45.0623645], [7.6865362, 45.0628782], [7.6854019, 45.0632812], [7.68427, 45.0636888], [7.683443, 45.0639742], [7.6831983, 45.0640553], [7.6831517, 45.0640726], [7.6830873, 45.0639808], [7.6829815, 45.0638318], [7.6826782, 45.0634051], [7.6815527, 45.0617803]]]}}, {"type": "Feature", "properties": {"ZONASTAT": "53", "DENOM": "Santa Rita Da Cascia", "name": "Santa Rita Da Cascia", "pop2023": null, "cafes": null, "cafe_density": null, "stops500m": null, "cafe_norm": null, "traffic_norm": null, "transit_norm": null, "pop_norm": null, "flow_norm": null, "traffic_raw": null, "flow_raw": null, "total": null}, "geometry": {"type": "Polygon", "coordinates": [[[7.6403047, 45.0437095], [7.6401933, 45.0430992], [7.6409679, 45.0434774], [7.6422761, 45.0430193], [7.6429384, 45.0427875], [7.64338, 45.0426329], [7.6442362, 45.0423331], [7.645776, 45.0417939], [7.6476185, 45.0411488], [7.6485593, 45.0424669], [7.6494444, 45.0437069], [7.6496566, 45.0438978], [7.6500988, 45.0445306], [7.6506184, 45.0452747], [7.6503088, 45.0453813], [7.6493671, 45.0457057], [7.6485452, 45.0459888], [7.6473379, 45.0464047], [7.646513, 45.0466888], [7.647327, 45.0471643], [7.6474167, 45.0472167], [7.6488213, 45.0481486], [7.6494278, 45.0485511], [7.6503411, 45.049157], [7.6507106, 45.0494021], [7.6513392, 45.0498192], [7.65197, 45.0502376], [7.6526845, 45.0507116], [7.6539203, 45.0515314], [7.6540969, 45.0516492], [7.6536343, 45.0517397], [7.6528278, 45.0518975], [7.6520807, 45.0520436], [7.6511345, 45.0522287], [7.6508678, 45.0522809], [7.6504238, 45.0523684], [7.6503146, 45.0523892], [7.648864, 45.0526759], [7.6477435, 45.0528983], [7.646584, 45.0531275], [7.6454757, 45.0533474], [7.6419797, 45.0540408], [7.641909, 45.0538571], [7.6416061, 45.051969], [7.6414966, 45.0512745], [7.6413736, 45.0504939], [7.6412737, 45.0498595], [7.6411745, 45.0492302], [7.6410716, 45.0485772], [7.6409643, 45.0478964], [7.6408795, 45.0473581], [7.6407751, 45.0466954], [7.6406573, 45.0459477], [7.6405522, 45.0452806], [7.6403047, 45.0437095]]]}}, {"type": "Feature", "properties": {"ZONASTAT": "21", "DENOM": "Gasometro", "name": "Gasometro", "pop2023": null, "cafes": null, "cafe_density": null, "stops500m": null, "cafe_norm": null, "traffic_norm": null, "transit_norm": null, "pop_norm": null, "flow_norm": null, "traffic_raw": null, "flow_raw": null, "total": null}, "geometry": {"type": "Polygon", "coordinates": [[[7.6940966, 45.073643], [7.6938637, 45.0733301], [7.6955711, 45.0727676], [7.6963313, 45.0725159], [7.6970766, 45.0722689], [7.6991682, 45.071576], [7.7001625, 45.0712465], [7.7010649, 45.0709475], [7.7014365, 45.0708244], [7.7018813, 45.070677], [7.7032828, 45.0702126], [7.7042746, 45.0698839], [7.7054756, 45.0694907], [7.7067009, 45.0690794], [7.7072523, 45.0689118], [7.7072606, 45.0689117], [7.7076176, 45.0689063], [7.7078618, 45.0689513], [7.7082171, 45.069432], [7.7080198, 45.0700187], [7.7078347, 45.070569], [7.7077192, 45.0709122], [7.707387, 45.0719879], [7.7072469, 45.072186], [7.7071365, 45.072342], [7.7068351, 45.0726794], [7.7065781, 45.0729741], [7.7055687, 45.0741316], [7.7047857, 45.0750267], [7.7044365, 45.0754258], [7.7043441, 45.0754234], [7.7041514, 45.0754046], [7.7041812, 45.0753722], [7.7041662, 45.0753694], [7.704156, 45.0753582], [7.7041673, 45.0753492], [7.7041962, 45.0753559], [7.7043316, 45.0752101], [7.7043275, 45.0752066], [7.7043266, 45.0752025], [7.7042897, 45.0752], [7.7032813, 45.0751275], [7.7025458, 45.0750553], [7.7020241, 45.0749938], [7.7014622, 45.0749145], [7.7010299, 45.0748425], [7.7006681, 45.0747642], [7.7003259, 45.0746792], [7.6999542, 45.0745719], [7.6995947, 45.0744547], [7.699415, 45.0743917], [7.6991063, 45.0742698], [7.6988162, 45.0741466], [7.69809, 45.0737959], [7.6976533, 45.0736006], [7.6975373, 45.0735522], [7.6974349, 45.0735183], [7.6974322, 45.0735273], [7.6972868, 45.0734838], [7.6970134, 45.0734206], [7.6967052, 45.073375], [7.6964856, 45.0733567], [7.6962569, 45.0733464], [7.6960432, 45.0733444], [7.6957811, 45.0733526], [7.6954001, 45.0733881], [7.6951565, 45.0734209], [7.6949555, 45.0734648], [7.6946992, 45.0735203], [7.6944331, 45.0735979], [7.694223, 45.0736709], [7.6943505, 45.0738499], [7.6942611, 45.0738797], [7.6940966, 45.073643]]]}}, {"type": "Feature", "properties": {"ZONASTAT": "09bis", "DENOM": "Parco del Valentino", "name": "Parco del Valentino", "pop2023": null, "cafes": null, "cafe_density": null, "stops500m": null, "cafe_norm": null, "traffic_norm": null, "transit_norm": null, "pop_norm": null, "flow_norm": null, "traffic_raw": null, "flow_raw": null, "total": null}, "geometry": {"type": "Polygon", "coordinates": [[[7.6804211, 45.0489872], [7.6799171, 45.0482931], [7.681441, 45.0477884], [7.681911, 45.0476327], [7.6822405, 45.0474771], [7.6823652, 45.047326], [7.6830394, 45.046376], [7.6831286, 45.0462704], [7.6833565, 45.0459903], [7.6836804, 45.0456335], [7.6836269, 45.0454037], [7.6838096, 45.0453684], [7.6849601, 45.0449844], [7.6849893, 45.0450368], [7.6856256, 45.0448167], [7.6863062, 45.0461837], [7.6865602, 45.0469548], [7.686869, 45.0485061], [7.6869596, 45.0488234], [7.6869681, 45.0488534], [7.6870975, 45.0492834], [7.6872989, 45.0500123], [7.6876103, 45.0510461], [7.68766, 45.0512114], [7.6877763, 45.051538], [7.6878967, 45.0518426], [7.6878739, 45.0518782], [7.6878906, 45.0519082], [7.6879327, 45.0519177], [7.6881471, 45.0523809], [7.6882441, 45.0525572], [7.6883191, 45.0526923], [7.6884756, 45.0529757], [7.6887197, 45.053369], [7.688715, 45.0533735], [7.6887308, 45.0533972], [7.6887421, 45.053401], [7.6888664, 45.0536148], [7.6889273, 45.0537138], [7.689297, 45.054323], [7.6893836, 45.0544424], [7.6894889, 45.0545703], [7.6897068, 45.0547977], [7.6899545, 45.0550581], [7.6901235, 45.0552276], [7.690214, 45.0552955], [7.6903255, 45.0553809], [7.6905722, 45.0555783], [7.6911249, 45.0560366], [7.6914036, 45.0562771], [7.6917612, 45.0566001], [7.6920501, 45.0569616], [7.6925171, 45.0575954], [7.6925272, 45.0576092], [7.6925163, 45.0576125], [7.6925052, 45.0576206], [7.6925008, 45.0576282], [7.6925008, 45.0576395], [7.6925339, 45.0576915], [7.6925013, 45.0577032], [7.6925207, 45.0577282], [7.6921626, 45.0578563], [7.6921473, 45.0578336], [7.6921391, 45.0578251], [7.692126, 45.0578197], [7.6921108, 45.0578191], [7.6921079, 45.0578195], [7.6920945, 45.0578247], [7.6920859, 45.0578336], [7.6920837, 45.0578442], [7.6920886, 45.0578544], [7.6921038, 45.0578776], [7.6919235, 45.0579425], [7.6919186, 45.0579352], [7.6919061, 45.0579397], [7.6919111, 45.0579469], [7.6919057, 45.0579489], [7.6919696, 45.0580348], [7.6913751, 45.0582503], [7.6907644, 45.0584851], [7.6892898, 45.0590209], [7.6882771, 45.059383], [7.6878404, 45.059522], [7.6878613, 45.0593639], [7.6873798, 45.0587086], [7.6869034, 45.0580685], [7.6862987, 45.0572359], [7.6858764, 45.0566537], [7.6854333, 45.0560719], [7.6849586, 45.055426], [7.6844811, 45.054759], [7.6840119, 45.0541339], [7.6835886, 45.0535402], [7.6832, 45.0530054], [7.6825954, 45.052175], [7.6821038, 45.0515062], [7.6817672, 45.0510436], [7.681646, 45.0508694], [7.6815503, 45.0507386], [7.6814988, 45.0506482], [7.6814375, 45.0504622], [7.681358, 45.0502865], [7.6809993, 45.0497835], [7.6804211, 45.0489872]]]}}, {"type": "Feature", "properties": {"ZONASTAT": "10", "DENOM": "Borgo San Secondo - Stazione Porta Nuova", "name": "Borgo San Secondo - Stazione Porta Nuova", "pop2023": null, "cafes": null, "cafe_density": null, "stops500m": null, "cafe_norm": null, "traffic_norm": null, "transit_norm": null, "pop_norm": null, "flow_norm": null, "traffic_raw": null, "flow_raw": null, "total": null}, "geometry": {"type": "Polygon", "coordinates": [[[7.6691727, 45.0577101], [7.6688051, 45.0571917], [7.6696876, 45.056509], [7.67022, 45.056097], [7.6707341, 45.0556994], [7.6713976, 45.055186], [7.6715604, 45.0550874], [7.6717232, 45.0549888], [7.6726619, 45.0546702], [7.6733469, 45.0544377], [7.6736262, 45.0543429], [7.6738259, 45.0545666], [7.6737938, 45.0545778], [7.673917, 45.054746], [7.674373, 45.0552445], [7.6751708, 45.0558519], [7.6752331, 45.0559371], [7.6767999, 45.0580828], [7.6772642, 45.0579509], [7.6774949, 45.0585479], [7.6777991, 45.0591204], [7.6784828, 45.0600462], [7.6790865, 45.0608742], [7.6795344, 45.0615223], [7.6801324, 45.0622911], [7.6794141, 45.0625494], [7.6785304, 45.0628671], [7.6777367, 45.0631524], [7.6772055, 45.0633436], [7.6764635, 45.0636105], [7.6757787, 45.0638567], [7.6750983, 45.0641014], [7.6740046, 45.064494], [7.6734428, 45.0637082], [7.672987, 45.0630686], [7.6723636, 45.0621938], [7.6717073, 45.0612728], [7.6711332, 45.0604684], [7.6711003, 45.0604208], [7.6705853, 45.0596966], [7.670552, 45.0596489], [7.670517, 45.0596005], [7.6698632, 45.0586805], [7.6691727, 45.0577101]]]}}, {"type": "Feature", "properties": {"ZONASTAT": "11", "DENOM": "Borgo Vanchiglia", "name": "Borgo Vanchiglia", "pop2023": null, "cafes": null, "cafe_density": null, "stops500m": null, "cafe_norm": null, "traffic_norm": null, "transit_norm": null, "pop_norm": null, "flow_norm": null, "traffic_raw": null, "flow_raw": null, "total": null}, "geometry": {"type": "Polygon", "coordinates": [[[7.6896774, 45.0747139], [7.6897394, 45.074645], [7.6897776, 45.0746024], [7.6898525, 45.0745191], [7.6903453, 45.0739709], [7.6909449, 45.0733865], [7.6913599, 45.0729818], [7.6916991, 45.0726489], [7.6926977, 45.07165], [7.6938938, 45.0704418], [7.6942695, 45.0700612], [7.6944323, 45.0698962], [7.6950395, 45.0692822], [7.6955597, 45.0687538], [7.6958169, 45.0684931], [7.6962072, 45.0680976], [7.6967704, 45.0675268], [7.697347, 45.0669425], [7.698023, 45.0662574], [7.6981171, 45.0661621], [7.6987195, 45.065553], [7.6988599, 45.0654096], [7.6990901, 45.0654228], [7.699099, 45.0654233], [7.6995573, 45.0649877], [7.700144, 45.0653895], [7.7009953, 45.0658454], [7.7022698, 45.0664229], [7.703918, 45.0670671], [7.7059625, 45.0676526], [7.7080614, 45.0681971], [7.7082776, 45.0682532], [7.7079766, 45.0687586], [7.7078618, 45.0689513], [7.7076176, 45.0689063], [7.7072606, 45.0689117], [7.7072523, 45.0689118], [7.7067009, 45.0690794], [7.7054756, 45.0694907], [7.7042746, 45.0698839], [7.7032828, 45.0702126], [7.7018813, 45.070677], [7.7014365, 45.0708244], [7.7010649, 45.0709475], [7.7001625, 45.0712465], [7.6991682, 45.071576], [7.6970766, 45.0722689], [7.6963313, 45.0725159], [7.6955711, 45.0727676], [7.6938637, 45.0733301], [7.692679, 45.0737204], [7.6911096, 45.0742398], [7.6899686, 45.0746175], [7.6896774, 45.0747139]]]}}, {"type": "Feature", "properties": {"ZONASTAT": "27", "DENOM": "Ospedale Mauriziano", "name": "Ospedale Mauriziano", "pop2023": null, "cafes": null, "cafe_density": null, "stops500m": null, "cafe_norm": null, "traffic_norm": null, "transit_norm": null, "pop_norm": null, "flow_norm": null, "traffic_raw": null, "flow_raw": null, "total": null}, "geometry": {"type": "Polygon", "coordinates": [[[7.6604602, 45.0503657], [7.6606478, 45.0503219], [7.6614793, 45.0501286], [7.6617213, 45.0500724], [7.6620257, 45.0500454], [7.6621336, 45.0500358], [7.6622526, 45.0500093], [7.6623722, 45.0499843], [7.662613, 45.0499374], [7.6628151, 45.0499022], [7.6631509, 45.049858], [7.6632694, 45.0498439], [7.663388, 45.049831], [7.6636261, 45.0498088], [7.6638242, 45.0497933], [7.6640225, 45.0497807], [7.6641551, 45.0497743], [7.6643505, 45.0497679], [7.6645459, 45.0497647], [7.6646762, 45.0497647], [7.6649054, 45.0497669], [7.6651345, 45.049772], [7.6656074, 45.049816], [7.6662615, 45.0503835], [7.6671936, 45.0512284], [7.6679603, 45.0519339], [7.6686337, 45.0525566], [7.6692441, 45.0530925], [7.6700173, 45.0537992], [7.6706476, 45.054349], [7.6712834, 45.0549319], [7.6713682, 45.0550104], [7.6715604, 45.0550874], [7.6713976, 45.055186], [7.6707341, 45.0556994], [7.67022, 45.056097], [7.6696876, 45.056509], [7.6688051, 45.0571917], [7.6683791, 45.0573755], [7.6673515, 45.0577689], [7.665905, 45.0583225], [7.6654174, 45.0576147], [7.6650977, 45.0571505], [7.6645901, 45.0564137], [7.6639925, 45.0555461], [7.6633169, 45.0545652], [7.6625686, 45.0534787], [7.6620278, 45.0526922], [7.6614429, 45.0518241], [7.660691, 45.0507083], [7.6604602, 45.0503657]]]}}, {"type": "Feature", "properties": {"ZONASTAT": "14", "DENOM": "Motovelodromo", "name": "Motovelodromo", "pop2023": null, "cafes": null, "cafe_density": null, "stops500m": null, "cafe_norm": null, "traffic_norm": null, "transit_norm": null, "pop_norm": null, "flow_norm": null, "traffic_raw": null, "flow_raw": null, "total": null}, "geometry": {"type": "Polygon", "coordinates": [[[7.7084881, 45.0683206], [7.7082776, 45.0682532], [7.7085137, 45.0678488], [7.7087468, 45.0674388], [7.708788, 45.0673887], [7.7089966, 45.0671826], [7.7099478, 45.0661234], [7.710576, 45.0654255], [7.7116065, 45.0642855], [7.7114845, 45.06424], [7.711502, 45.0642205], [7.7118729, 45.0638083], [7.7119032, 45.0637747], [7.7124587, 45.0639478], [7.7124948, 45.0639588], [7.7127314, 45.0640198], [7.7129509, 45.0640222], [7.7130733, 45.0641314], [7.7140044, 45.0648207], [7.7143179, 45.0650727], [7.7145571, 45.065234], [7.7146218, 45.0652776], [7.7146339, 45.0652815], [7.7155233, 45.0655616], [7.7159214, 45.0656861], [7.7163319, 45.0658132], [7.7170973, 45.0660632], [7.7176163, 45.0662191], [7.7177828, 45.066271], [7.717841, 45.0662868], [7.7179244, 45.0663029], [7.7180472, 45.0663229], [7.7193455, 45.0665188], [7.7203078, 45.0666517], [7.7204896, 45.0666793], [7.7207329, 45.0666873], [7.7207799, 45.0666889], [7.721181, 45.0666459], [7.7215421, 45.0665752], [7.7217197, 45.0665512], [7.7218408, 45.0665381], [7.7218863, 45.0665332], [7.7222744, 45.0665315], [7.7219931, 45.0667117], [7.7213944, 45.0670951], [7.7213562, 45.0671196], [7.7210702, 45.0672926], [7.7209631, 45.0675953], [7.7206101, 45.0685412], [7.7203551, 45.0692297], [7.7202501, 45.0695112], [7.7202046, 45.0696333], [7.7200409, 45.0696201], [7.7198804, 45.0696097], [7.7197725, 45.0695988], [7.7196937, 45.0695946], [7.719553, 45.069576], [7.7194899, 45.06957], [7.7193569, 45.0695669], [7.7192335, 45.06956], [7.7191973, 45.0695565], [7.7191055, 45.0695395], [7.7190262, 45.0695266], [7.7189467, 45.0695142], [7.7187502, 45.069487], [7.7183237, 45.0694184], [7.7179837, 45.0693697], [7.7179183, 45.0693638], [7.7178525, 45.0693592], [7.7177689, 45.0693506], [7.7176858, 45.0693393], [7.7175851, 45.0693182], [7.7175271, 45.0693081], [7.7174686, 45.0692995], [7.7174204, 45.0692944], [7.7173721, 45.0692932], [7.7172973, 45.0692987], [7.7172525, 45.0693002], [7.7172077, 45.0693004], [7.7171501, 45.0692978], [7.717093, 45.0692915], [7.716865, 45.0692543], [7.7168159, 45.0692488], [7.7166755, 45.0692386], [7.7166152, 45.0692351], [7.7165859, 45.0692306], [7.7165577, 45.0692232], [7.7165081, 45.0692062], [7.7164438, 45.0691887], [7.7162265, 45.069162], [7.7160889, 45.0691437], [7.7160458, 45.0691422], [7.7159738, 45.069137], [7.715945, 45.0691332], [7.7158544, 45.0691157], [7.7157512, 45.0690993], [7.7157054, 45.0690929], [7.7156593, 45.0690878], [7.7155761, 45.0690847], [7.7155096, 45.0690791], [7.7150743, 45.0690376], [7.7148906, 45.0690194], [7.7147999, 45.0690069], [7.7147426, 45.0689938], [7.7146567, 45.0689828], [7.714587, 45.068975], [7.7144839, 45.0689565], [7.7142921, 45.0689293], [7.7142006, 45.0689031], [7.7141238, 45.0688881], [7.7139365, 45.0688694], [7.7137922, 45.0688539], [7.7137406, 45.068859], [7.7136828, 45.0688614], [7.7135876, 45.0688539], [7.7135044, 45.068843], [7.7134541, 45.0688308], [7.7133048, 45.068816], [7.713059, 45.0687962], [7.7129703, 45.0687879], [7.7129252, 45.0687865], [7.7128765, 45.0687819], [7.7128449, 45.0687823], [7.7127306, 45.0687715], [7.7124336, 45.0687268], [7.7124101, 45.0687256], [7.7123795, 45.0687292], [7.7123644, 45.06873], [7.7123256, 45.0687282], [7.7122322, 45.0687184], [7.7121923, 45.0687115], [7.7119788, 45.0686866], [7.7118737, 45.0686753], [7.7117025, 45.06864], [7.71163, 45.0686328], [7.7115542, 45.0686207], [7.711504, 45.0686165], [7.7114775, 45.0686128], [7.7114516, 45.0686075], [7.711433, 45.0686004], [7.7114203, 45.0685979], [7.711395, 45.0685955], [7.7112337, 45.0685724], [7.7111431, 45.0685629], [7.7111259, 45.0685642], [7.711118, 45.068562], [7.7111112, 45.0685579], [7.7111035, 45.0685487], [7.7110952, 45.0685436], [7.7110793, 45.0685378], [7.7110558, 45.0685326], [7.7110386, 45.0685316], [7.7110246, 45.0685334], [7.7109925, 45.0685412], [7.7109709, 45.0685406], [7.7109616, 45.0685419], [7.7109229, 45.0685304], [7.710872, 45.0685212], [7.7108347, 45.0685135], [7.7107842, 45.0684972], [7.7107167, 45.0684813], [7.7106479, 45.0684689], [7.7105637, 45.0684552], [7.7105176, 45.0684406], [7.710479, 45.0684331], [7.7104278, 45.0684172], [7.7103762, 45.0683952], [7.7103599, 45.0683925], [7.7103467, 45.0683875], [7.7103274, 45.068384], [7.7102955, 45.0683748], [7.7102828, 45.0683671], [7.7102327, 45.0683395], [7.7101792, 45.0683204], [7.7101719, 45.0683188], [7.7101642, 45.0683182], [7.7101388, 45.0683176], [7.7101278, 45.0683163], [7.7101056, 45.0683116], [7.7100408, 45.0682943], [7.7100263, 45.0682923], [7.7099956, 45.0682817], [7.7099625, 45.0682739], [7.7098429, 45.0682415], [7.7097221, 45.0682144], [7.7096921, 45.0682052], [7.7096269, 45.0681902], [7.7095921, 45.0681849], [7.7094534, 45.0681669], [7.7093712, 45.0681505], [7.7092924, 45.0681258], [7.7092181, 45.0681043], [7.7091987, 45.0680964], [7.7091865, 45.0680872], [7.7091593, 45.0680728], [7.7091379, 45.0680519], [7.7091204, 45.0680383], [7.7091084, 45.0680259], [7.7091021, 45.0680239], [7.7090957, 45.0680248], [7.7090808, 45.068025], [7.7090517, 45.0680243], [7.7090374, 45.068023], [7.709014, 45.0680181], [7.7089916, 45.0680104], [7.7089733, 45.0680023], [7.7089447, 45.0679854], [7.708935, 45.0679773], [7.7089304, 45.0679709], [7.708924, 45.0679536], [7.7089161, 45.0679016], [7.708899, 45.0679005], [7.708898, 45.0679326], [7.70886, 45.0679538], [7.708722, 45.0679142], [7.7084881, 45.0683206]]]}}, {"type": "Feature", "properties": {"ZONASTAT": "12", "DENOM": "Borgo Dora - Valdocco", "name": "Borgo Dora - Valdocco", "pop2023": null, "cafes": null, "cafe_density": null, "stops500m": null, "cafe_norm": null, "traffic_norm": null, "transit_norm": null, "pop_norm": null, "flow_norm": null, "traffic_raw": null, "flow_raw": null, "total": null}, "geometry": {"type": "Polygon", "coordinates": [[[7.671364, 45.0807706], [7.6715473, 45.0807106], [7.6716529, 45.080676], [7.6736384, 45.0800252], [7.6738391, 45.0799592], [7.6746032, 45.0797062], [7.6749669, 45.0795858], [7.6756117, 45.0793723], [7.675752, 45.0793258], [7.6762969, 45.0791453], [7.6767373, 45.0789995], [7.6773972, 45.078781], [7.6795324, 45.0780738], [7.6808224, 45.0776468], [7.6823957, 45.0771745], [7.6836314, 45.0767628], [7.6836229, 45.0767461], [7.6848673, 45.076333], [7.6848565, 45.0763101], [7.6855773, 45.076072], [7.6863721, 45.0758081], [7.6870129, 45.0755959], [7.6879471, 45.0752866], [7.6896774, 45.0747139], [7.6899686, 45.0746175], [7.6911096, 45.0742398], [7.692679, 45.0737204], [7.6938637, 45.0733301], [7.6940966, 45.073643], [7.6942611, 45.0738797], [7.6941804, 45.0739154], [7.6940512, 45.073734], [7.6938296, 45.0738207], [7.6936599, 45.0738935], [7.6936062, 45.0739181], [7.6935287, 45.073958], [7.6934527, 45.0739997], [7.6933269, 45.0740713], [7.6932658, 45.0741085], [7.6932063, 45.0741472], [7.6931119, 45.0742136], [7.6929295, 45.0743506], [7.6928447, 45.0744226], [7.69191, 45.0753337], [7.6917603, 45.0754878], [7.6920447, 45.0756088], [7.6919166, 45.0757413], [7.6918007, 45.0758635], [7.691511, 45.0757347], [7.6910063, 45.0762195], [7.6885762, 45.0793618], [7.6885738, 45.0793715], [7.6885769, 45.0793809], [7.6885857, 45.0793896], [7.688598, 45.0793954], [7.6888628, 45.0794751], [7.6888241, 45.0795374], [7.688786, 45.0795987], [7.6885212, 45.079519], [7.6884793, 45.0796086], [7.6884071, 45.0796724], [7.6883873, 45.0796778], [7.6884359, 45.0798606], [7.6884398, 45.0798591], [7.6884441, 45.07986], [7.6884478, 45.0798649], [7.6884487, 45.0798703], [7.6884472, 45.0798735], [7.6884409, 45.0798806], [7.6884596, 45.0799478], [7.6884102, 45.0800005], [7.6883914, 45.0799347], [7.6883863, 45.0799374], [7.6883797, 45.079938], [7.6883765, 45.0799367], [7.6883745, 45.0799328], [7.6883756, 45.0799287], [7.688387, 45.0799159], [7.6883352, 45.0797353], [7.6882388, 45.0798221], [7.6882886, 45.0798484], [7.6881525, 45.07997], [7.6879265, 45.0801479], [7.6875401, 45.0804267], [7.6867116, 45.0809287], [7.6866989, 45.0809351], [7.6866778, 45.0809425], [7.6866551, 45.0809483], [7.6866363, 45.0809521], [7.6866079, 45.0809552], [7.6865798, 45.0809545], [7.6865439, 45.0809491], [7.6865263, 45.0809449], [7.6865097, 45.0809395], [7.6865021, 45.0809482], [7.6864884, 45.0809596], [7.6864719, 45.0809687], [7.6865959, 45.081158], [7.6865175, 45.0811802], [7.6864534, 45.0812001], [7.6863615, 45.0810621], [7.6863538, 45.0810825], [7.6863428, 45.0811023], [7.6863299, 45.0811194], [7.6863145, 45.0811353], [7.6854107, 45.0817209], [7.6854075, 45.0817884], [7.6854136, 45.0817879], [7.6854198, 45.0817906], [7.6854226, 45.0817949], [7.6854223, 45.0817994], [7.6854074, 45.0818097], [7.6853983, 45.0819345], [7.6853247, 45.0819844], [7.6853335, 45.0818563], [7.6853248, 45.0818581], [7.6853202, 45.0818575], [7.6853167, 45.0818558], [7.6853151, 45.0818529], [7.6853161, 45.0818476], [7.6853202, 45.0818431], [7.6853357, 45.0818333], [7.6853404, 45.081768], [7.684976, 45.0820019], [7.6849392, 45.0820077], [7.6850287, 45.0821907], [7.6849835, 45.0822222], [7.6849354, 45.0822526], [7.6848521, 45.0820787], [7.6848461, 45.0821041], [7.6848368, 45.0821292], [7.6848255, 45.0821513], [7.6848096, 45.0821721], [7.6847847, 45.0821969], [7.6847568, 45.0822198], [7.6847142, 45.082251], [7.6846708, 45.0822815], [7.6842824, 45.0825443], [7.6838413, 45.082806], [7.683095, 45.0832286], [7.6829525, 45.0832904], [7.6831022, 45.0834101], [7.6830768, 45.0834261], [7.6829266, 45.0833031], [7.6828858, 45.08332], [7.6828465, 45.083338], [7.6828241, 45.0833285], [7.6827948, 45.0833471], [7.6827986, 45.0833588], [7.6827771, 45.0833682], [7.6827669, 45.0833655], [7.6827593, 45.0833704], [7.6827711, 45.0833779], [7.6827248, 45.0833958], [7.6826805, 45.0834163], [7.6826316, 45.0834432], [7.6825285, 45.0835074], [7.6824729, 45.0835435], [7.682263, 45.0836848], [7.6820071, 45.0838567], [7.6816657, 45.0840871], [7.6805445, 45.084835], [7.6805083, 45.0848289], [7.6804976, 45.084836], [7.6805007, 45.0848393], [7.6804947, 45.0848426], [7.6804979, 45.0848481], [7.6804975, 45.0848539], [7.6804939, 45.0848585], [7.6804883, 45.084862], [7.6805971, 45.0850223], [7.6806032, 45.0850216], [7.680609, 45.0850231], [7.6806131, 45.0850263], [7.6806147, 45.0850305], [7.6806143, 45.0850356], [7.6806089, 45.0850397], [7.6806099, 45.0850412], [7.6805334, 45.0850913], [7.6804621, 45.0851356], [7.6804568, 45.0851334], [7.6804537, 45.0851297], [7.6804535, 45.0851254], [7.6804563, 45.0851215], [7.6804614, 45.085119], [7.6803346, 45.0849461], [7.6803093, 45.0849594], [7.680227, 45.0850388], [7.6797943, 45.0853418], [7.679487, 45.0855379], [7.6794885, 45.0855423], [7.6795005, 45.0855531], [7.6795064, 45.0855607], [7.6795065, 45.0855644], [7.6794997, 45.0855782], [7.6794903, 45.0855917], [7.6794812, 45.085599], [7.6777914, 45.0866096], [7.6771739, 45.0869774], [7.6771558, 45.0869622], [7.6771362, 45.0869741], [7.6771543, 45.0869891], [7.6768779, 45.087153], [7.6767399, 45.0872359], [7.6766629, 45.0872775], [7.6764333, 45.0873796], [7.6764019, 45.0873901], [7.6763893, 45.0873913], [7.6763766, 45.0873904], [7.6763432, 45.087399], [7.6763505, 45.0874044], [7.676353, 45.0874112], [7.6763505, 45.0874161], [7.6763455, 45.0874199], [7.6764134, 45.0875135], [7.6764183, 45.0875123], [7.6764243, 45.0875127], [7.6764347, 45.0875166], [7.6764364, 45.0875191], [7.6764362, 45.0875225], [7.6764316, 45.0875292], [7.6764266, 45.0875318], [7.6764713, 45.0875934], [7.676412, 45.0876299], [7.676239, 45.0877326], [7.6751752, 45.0862192], [7.6748689, 45.0857835], [7.6743784, 45.0850856], [7.6739122, 45.0844208], [7.6733386, 45.083603], [7.6729119, 45.0829945], [7.6724958, 45.0823975], [7.6720557, 45.0817543], [7.671364, 45.0807706]]]}}, {"type": "Feature", "properties": {"ZONASTAT": "13", "DENOM": "Borgo Po - Parco Michelotti", "name": "Borgo Po - Parco Michelotti", "pop2023": null, "cafes": null, "cafe_density": null, "stops500m": null, "cafe_norm": null, "traffic_norm": null, "transit_norm": null, "pop_norm": null, "flow_norm": null, "traffic_raw": null, "flow_raw": null, "total": null}, "geometry": {"type": "Polygon", "coordinates": [[[7.6974174, 45.0617401], [7.6978567, 45.0615231], [7.697906, 45.0614911], [7.6985006, 45.0608649], [7.6985523, 45.0607959], [7.698685, 45.0604211], [7.6987981, 45.060068], [7.6990051, 45.0594551], [7.6990279, 45.0593625], [7.6990319, 45.0593032], [7.6990166, 45.0591352], [7.6990039, 45.0590453], [7.6992119, 45.0591037], [7.699789, 45.0592348], [7.700118, 45.0593123], [7.7004117, 45.059374], [7.7007501, 45.0594012], [7.7011038, 45.0593937], [7.7012681, 45.0593755], [7.7014781, 45.0593515], [7.7024128, 45.0592445], [7.7026468, 45.0592356], [7.7028144, 45.0592543], [7.7029297, 45.0592738], [7.7035956, 45.0593964], [7.7039055, 45.0594249], [7.7043099, 45.0594239], [7.7045346, 45.0594152], [7.7047392, 45.0593963], [7.7052303, 45.0592909], [7.7053238, 45.0592919], [7.7054427, 45.0593221], [7.7054535, 45.0593248], [7.7055701, 45.0593942], [7.7053728, 45.059571], [7.7055965, 45.0596749], [7.7056655, 45.059681], [7.7063044, 45.0597202], [7.7064745, 45.0597343], [7.7065954, 45.0597497], [7.706715, 45.0597862], [7.7067916, 45.0598279], [7.7068592, 45.0598717], [7.7069201, 45.0599175], [7.7074287, 45.0604765], [7.7074737, 45.060521], [7.7075538, 45.0605729], [7.7076585, 45.0606216], [7.7079511, 45.0607405], [7.708037, 45.060764], [7.7081272, 45.0607813], [7.7082284, 45.0607821], [7.7082871, 45.060775], [7.7083573, 45.0607633], [7.7085012, 45.0607267], [7.7088032, 45.0606335], [7.7088837, 45.0606219], [7.7089645, 45.0606121], [7.7090641, 45.0606075], [7.7091311, 45.0606161], [7.7092135, 45.0606365], [7.7092861, 45.0606677], [7.7093656, 45.0607126], [7.7094167, 45.060758], [7.7094645, 45.0608258], [7.7094853, 45.0609629], [7.7094934, 45.061049], [7.7095142, 45.0611047], [7.7095522, 45.0611617], [7.709602, 45.0612151], [7.7096751, 45.0612563], [7.7098225, 45.0613101], [7.7102104, 45.0614304], [7.7102601, 45.0614598], [7.7103015, 45.0614881], [7.7103428, 45.0615164], [7.710677, 45.0617881], [7.7107413, 45.0618361], [7.711, 45.0619473], [7.7110361, 45.0619644], [7.7112477, 45.0620645], [7.7115551, 45.0623534], [7.7116117, 45.062383], [7.7118139, 45.0624318], [7.7121579, 45.0625151], [7.7125155, 45.0626713], [7.7131992, 45.0629674], [7.7132616, 45.0629864], [7.713329, 45.0629956], [7.7134131, 45.0629958], [7.7135006, 45.0629797], [7.713745, 45.0628778], [7.7138129, 45.0628578], [7.7138814, 45.0628509], [7.7139313, 45.0628544], [7.7140019, 45.0628653], [7.7140734, 45.0628974], [7.7141212, 45.062934], [7.7141633, 45.0629718], [7.7142186, 45.0630409], [7.714227, 45.0630663], [7.7143784, 45.0635199], [7.7141931, 45.0635893], [7.714038, 45.0636475], [7.7139733, 45.0636733], [7.7133014, 45.0639303], [7.7129509, 45.0640222], [7.7127314, 45.0640198], [7.7124948, 45.0639588], [7.7124587, 45.0639478], [7.7119032, 45.0637747], [7.7118729, 45.0638083], [7.711502, 45.0642205], [7.7114845, 45.06424], [7.7116065, 45.0642855], [7.710576, 45.0654255], [7.7099478, 45.0661234], [7.7089966, 45.0671826], [7.708788, 45.0673887], [7.7087468, 45.0674388], [7.7085137, 45.0678488], [7.7082776, 45.0682532], [7.7080614, 45.0681971], [7.7059625, 45.0676526], [7.703918, 45.0670671], [7.7022698, 45.0664229], [7.7009953, 45.0658454], [7.700144, 45.0653895], [7.6995573, 45.0649877], [7.698164, 45.0639802], [7.6975227, 45.0635116], [7.6974631, 45.0634681], [7.6985453, 45.0627751], [7.6974174, 45.0617401]]]}}, {"type": "Feature", "properties": {"ZONASTAT": "17bis", "DENOM": "Carceri - Officine Ferroviarie", "name": "Carceri - Officine Ferroviarie", "pop2023": null, "cafes": null, "cafe_density": null, "stops500m": null, "cafe_norm": null, "traffic_norm": null, "transit_norm": null, "pop_norm": null, "flow_norm": null, "traffic_raw": null, "flow_raw": null, "total": null}, "geometry": {"type": "Polygon", "coordinates": [[[7.6549369, 45.0674543], [7.6549224, 45.0672368], [7.6550442, 45.0666961], [7.6550713, 45.066576], [7.6552892, 45.065609], [7.6553259, 45.0654993], [7.6553614, 45.0653936], [7.6556544, 45.0637917], [7.6556995, 45.0635451], [7.6560195, 45.0621472], [7.656426, 45.0603721], [7.6566227, 45.0595128], [7.6566992, 45.0594798], [7.656896, 45.0597469], [7.6571482, 45.060116], [7.6575439, 45.0606862], [7.6578951, 45.0612051], [7.6580131, 45.0613859], [7.658071, 45.0614664], [7.6590551, 45.0628633], [7.6592066, 45.0630507], [7.6593531, 45.0631449], [7.659531, 45.0632943], [7.6596423, 45.0634141], [7.6596991, 45.063513], [7.6597798, 45.0637234], [7.6598102, 45.0639043], [7.6606798, 45.0651714], [7.6611498, 45.0658144], [7.6614289, 45.0660769], [7.6614964, 45.06621], [7.6615405, 45.0663515], [7.6615721, 45.0664157], [7.6619287, 45.0669603], [7.6619763, 45.0670241], [7.6620908, 45.0671896], [7.6624365, 45.0676622], [7.6627992, 45.0681859], [7.6630884, 45.0682028], [7.66321, 45.0683699], [7.6630675, 45.0684209], [7.6627406, 45.0685377], [7.6624726, 45.0686315], [7.6597333, 45.0695811], [7.658422, 45.0700536], [7.6555419, 45.0710914], [7.655467, 45.0706388], [7.6553487, 45.0699284], [7.6552105, 45.0691084], [7.6552042, 45.0690713], [7.6551808, 45.0689514], [7.6551812, 45.0689332], [7.6550861, 45.0683595], [7.6549369, 45.0674543]]]}}, {"type": "Feature", "properties": {"ZONASTAT": "18", "DENOM": "Vecchia Piazza D'Armi", "name": "Vecchia Piazza D'Armi", "pop2023": null, "cafes": null, "cafe_density": null, "stops500m": null, "cafe_norm": null, "traffic_norm": null, "transit_norm": null, "pop_norm": null, "flow_norm": null, "traffic_raw": null, "flow_raw": null, "total": null}, "geometry": {"type": "Polygon", "coordinates": [[[7.658071, 45.0614664], [7.6580131, 45.0613859], [7.6583243, 45.0612407], [7.6591581, 45.0609259], [7.6600427, 45.0605919], [7.6611502, 45.0601703], [7.6623664, 45.0596998], [7.6634109, 45.0592965], [7.6645046, 45.058874], [7.6646037, 45.0588277], [7.6646885, 45.058788], [7.665905, 45.0583225], [7.6673515, 45.0577689], [7.6683791, 45.0573755], [7.6688051, 45.0571917], [7.6691727, 45.0577101], [7.6698632, 45.0586805], [7.670517, 45.0596005], [7.670552, 45.0596489], [7.6705853, 45.0596966], [7.6711003, 45.0604208], [7.6711332, 45.0604684], [7.6717073, 45.0612728], [7.6723636, 45.0621938], [7.672987, 45.0630686], [7.6734428, 45.0637082], [7.6740046, 45.064494], [7.6724551, 45.0650503], [7.671579, 45.0653648], [7.6709132, 45.0656038], [7.6701181, 45.0658894], [7.6693153, 45.0661777], [7.6678975, 45.0666871], [7.6662455, 45.0672799], [7.665082, 45.0676983], [7.6641044, 45.0680502], [7.66321, 45.0683699], [7.6630884, 45.0682028], [7.6627992, 45.0681859], [7.6624365, 45.0676622], [7.6620908, 45.0671896], [7.6619763, 45.0670241], [7.6619287, 45.0669603], [7.6615721, 45.0664157], [7.6615405, 45.0663515], [7.6614964, 45.06621], [7.6614289, 45.0660769], [7.6611498, 45.0658144], [7.6606798, 45.0651714], [7.6598102, 45.0639043], [7.6597798, 45.0637234], [7.6596991, 45.063513], [7.6596423, 45.0634141], [7.659531, 45.0632943], [7.6593531, 45.0631449], [7.6592066, 45.0630507], [7.6590551, 45.0628633], [7.658071, 45.0614664]]]}}, {"type": "Feature", "properties": {"ZONASTAT": "15", "DENOM": "Borgo Crimea - Monte dei Cappuccini", "name": "Borgo Crimea - Monte dei Cappuccini", "pop2023": null, "cafes": null, "cafe_density": null, "stops500m": null, "cafe_norm": null, "traffic_norm": null, "transit_norm": null, "pop_norm": null, "flow_norm": null, "traffic_raw": null, "flow_raw": null, "total": null}, "geometry": {"type": "Polygon", "coordinates": [[[7.6883191, 45.0526923], [7.6883409, 45.0526157], [7.6883512, 45.0526078], [7.6884437, 45.0525151], [7.6884788, 45.052532], [7.6885279, 45.0524764], [7.688553, 45.0524815], [7.6885708, 45.0524822], [7.6885835, 45.052481], [7.6885961, 45.0524783], [7.6886166, 45.052472], [7.6886359, 45.0524643], [7.6886606, 45.052452], [7.6886823, 45.052437], [7.6887011, 45.0524178], [7.6887155, 45.0523969], [7.6887371, 45.0523563], [7.6887538, 45.0523147], [7.6888966, 45.0522927], [7.688915, 45.0522935], [7.6889335, 45.0522921], [7.6889562, 45.0522876], [7.6890524, 45.0522747], [7.6890768, 45.052295], [7.6890994, 45.0523103], [7.6891248, 45.0523236], [7.6891493, 45.0523338], [7.6891757, 45.0523413], [7.6891969, 45.0523451], [7.6892182, 45.0523463], [7.6892496, 45.0523446], [7.6893011, 45.0523387], [7.6893191, 45.0523339], [7.6893244, 45.0523306], [7.6893282, 45.0523263], [7.6893303, 45.052322], [7.6893297, 45.0523178], [7.689443, 45.0522376], [7.6898162, 45.0520443], [7.6900327, 45.0519682], [7.6901296, 45.0519781], [7.6901763, 45.0519978], [7.6902717, 45.0520722], [7.6907603, 45.0525342], [7.6911119, 45.0528369], [7.6914599, 45.0531027], [7.6918641, 45.0533786], [7.6924332, 45.0537164], [7.6927072, 45.0538597], [7.6934086, 45.0541822], [7.6936694, 45.0542956], [7.6939297, 45.0544087], [7.6941857, 45.0545023], [7.6943363, 45.0545573], [7.6946257, 45.0546631], [7.6947951, 45.0547126], [7.6951765, 45.0548469], [7.6956857, 45.0550514], [7.6959111, 45.055068], [7.6964927, 45.055379], [7.6966584, 45.0554676], [7.6968039, 45.0555726], [7.6971376, 45.055826], [7.6974082, 45.0560463], [7.6975134, 45.0561428], [7.6978344, 45.056494], [7.6980067, 45.0567096], [7.698176, 45.0569607], [7.6983278, 45.057239], [7.6983722, 45.057329], [7.6984104, 45.0574197], [7.6984429, 45.0575129], [7.6984821, 45.0576349], [7.6985422, 45.0578637], [7.698577, 45.0580672], [7.6985873, 45.0581927], [7.6985901, 45.0584869], [7.6985957, 45.0586784], [7.6986301, 45.0587625], [7.6986942, 45.0588412], [7.6988086, 45.0589509], [7.6990039, 45.0590453], [7.6990166, 45.0591352], [7.6990319, 45.0593032], [7.6990279, 45.0593625], [7.6990051, 45.0594551], [7.6987981, 45.060068], [7.698685, 45.0604211], [7.6985523, 45.0607959], [7.6985006, 45.0608649], [7.697906, 45.0614911], [7.6978567, 45.0615231], [7.6974174, 45.0617401], [7.6985453, 45.0627751], [7.6974631, 45.0634681], [7.6974109, 45.06343], [7.6959268, 45.0623485], [7.6957022, 45.0621386], [7.6945801, 45.0610895], [7.6935742, 45.0600047], [7.692027, 45.0581261], [7.6920315, 45.0581244], [7.6919696, 45.0580348], [7.6919057, 45.0579489], [7.6919111, 45.0579469], [7.6919061, 45.0579397], [7.6919186, 45.0579352], [7.6919235, 45.0579425], [7.6921038, 45.0578776], [7.6920886, 45.0578544], [7.6920837, 45.0578442], [7.6920859, 45.0578336], [7.6920945, 45.0578247], [7.6921079, 45.0578195], [7.6921108, 45.0578191], [7.692126, 45.0578197], [7.6921391, 45.0578251], [7.6921473, 45.0578336], [7.6921626, 45.0578563], [7.6925207, 45.0577282], [7.6925013, 45.0577032], [7.6925339, 45.0576915], [7.6925008, 45.0576395], [7.6925008, 45.0576282], [7.6925052, 45.0576206], [7.6925163, 45.0576125], [7.6925272, 45.0576092], [7.6925171, 45.0575954], [7.6920501, 45.0569616], [7.6917612, 45.0566001], [7.6914036, 45.0562771], [7.6911249, 45.0560366], [7.6905722, 45.0555783], [7.6903255, 45.0553809], [7.690214, 45.0552955], [7.6901235, 45.0552276], [7.6899545, 45.0550581], [7.6897068, 45.0547977], [7.6894889, 45.0545703], [7.6893836, 45.0544424], [7.689297, 45.054323], [7.6889273, 45.0537138], [7.6888664, 45.0536148], [7.6887421, 45.053401], [7.6887308, 45.0533972], [7.688715, 45.0533735], [7.6887197, 45.053369], [7.6884756, 45.0529757], [7.6883191, 45.0526923]]]}}, {"type": "Feature", "properties": {"ZONASTAT": "16", "DENOM": "Borgo San Donato", "name": "Borgo San Donato", "pop2023": null, "cafes": null, "cafe_density": null, "stops500m": null, "cafe_norm": null, "traffic_norm": null, "transit_norm": null, "pop_norm": null, "flow_norm": null, "traffic_raw": null, "flow_raw": null, "total": null}, "geometry": {"type": "Polygon", "coordinates": [[[7.6556893, 45.0836779], [7.6556709, 45.0835826], [7.6557125, 45.0832398], [7.6557462, 45.0829621], [7.6557799, 45.0826843], [7.6559305, 45.0814602], [7.6560305, 45.0807173], [7.6561573, 45.079775], [7.6562361, 45.0791898], [7.6562446, 45.0791267], [7.6562494, 45.0787906], [7.6562579, 45.0782038], [7.6562662, 45.0776338], [7.6562713, 45.0772753], [7.6562753, 45.0770014], [7.656281, 45.0766046], [7.6562891, 45.0760463], [7.6571854, 45.0760816], [7.6577429, 45.0761036], [7.6586495, 45.0761393], [7.6599654, 45.0761912], [7.6612136, 45.0762404], [7.6623403, 45.0762848], [7.6631237, 45.0763157], [7.6636239, 45.0763353], [7.6645534, 45.0763722], [7.6650024, 45.0763866], [7.6656479, 45.0764158], [7.6668064, 45.0764617], [7.668166, 45.0765156], [7.6682763, 45.0765199], [7.6683512, 45.0766174], [7.6686466, 45.0770014], [7.6690018, 45.0774633], [7.6693103, 45.0778644], [7.6694317, 45.0780223], [7.6697138, 45.0784234], [7.6701212, 45.079003], [7.670647, 45.0797508], [7.6709233, 45.0801437], [7.671364, 45.0807706], [7.6711749, 45.080834], [7.6710778, 45.0808665], [7.6700627, 45.0812065], [7.6689975, 45.0815631], [7.6676878, 45.0819965], [7.6665599, 45.0823697], [7.6658319, 45.0826105], [7.6645834, 45.0830236], [7.6632114, 45.0834777], [7.6619669, 45.0838896], [7.6609767, 45.0842173], [7.6600947, 45.0845093], [7.659362, 45.0847517], [7.658452, 45.0850528], [7.6576423, 45.0853206], [7.6574442, 45.0853862], [7.6572684, 45.0854443], [7.6564397, 45.0857185], [7.6561121, 45.0858284], [7.6560599, 45.085603], [7.6559475, 45.0850191], [7.6558755, 45.084645], [7.6557777, 45.0841373], [7.6557239, 45.0838556], [7.6556893, 45.0836779]]]}}, {"type": "Feature", "properties": {"ZONASTAT": "17", "DENOM": "Mercato del Bestiame - Aiuola Martini", "name": "Mercato del Bestiame - Aiuola Martini", "pop2023": null, "cafes": null, "cafe_density": null, "stops500m": null, "cafe_norm": null, "traffic_norm": null, "transit_norm": null, "pop_norm": null, "flow_norm": null, "traffic_raw": null, "flow_raw": null, "total": null}, "geometry": {"type": "Polygon", "coordinates": [[[7.6556951, 45.0720297], [7.6555419, 45.0710914], [7.658422, 45.0700536], [7.6597333, 45.0695811], [7.6624726, 45.0686315], [7.6627406, 45.0685377], [7.6634198, 45.0695105], [7.663515, 45.069612], [7.6638163, 45.0700312], [7.6638801, 45.0700901], [7.6639282, 45.070131], [7.6644978, 45.070938], [7.665146, 45.0718408], [7.6652162, 45.0719245], [7.6657432, 45.072714], [7.6661814, 45.0733308], [7.6662536, 45.0734375], [7.6663462, 45.073567], [7.6667258, 45.0741061], [7.6667347, 45.0741771], [7.6667249, 45.0742658], [7.6669269, 45.0745498], [7.6672385, 45.0749777], [7.6672698, 45.0750139], [7.6673904, 45.075191], [7.667486, 45.075344], [7.6676751, 45.0756047], [7.6674979, 45.0756669], [7.6680173, 45.0764104], [7.668166, 45.0765156], [7.6668064, 45.0764617], [7.6656479, 45.0764158], [7.6650024, 45.0763866], [7.6645534, 45.0763722], [7.6636239, 45.0763353], [7.6631237, 45.0763157], [7.6623403, 45.0762848], [7.6612136, 45.0762404], [7.6599654, 45.0761912], [7.6586495, 45.0761393], [7.6577429, 45.0761036], [7.6571854, 45.0760816], [7.6562891, 45.0760463], [7.6562158, 45.0754288], [7.6561667, 45.0750141], [7.6561002, 45.0744642], [7.6560128, 45.0739401], [7.6558478, 45.0729419], [7.6556951, 45.0720297]]]}}, {"type": "Feature", "properties": {"ZONASTAT": "19", "DENOM": "Piazza Nizza - (Borgo San Salvario)", "name": "Piazza Nizza - (Borgo San Salvario)", "pop2023": null, "cafes": null, "cafe_density": null, "stops500m": null, "cafe_norm": null, "traffic_norm": null, "transit_norm": null, "pop_norm": null, "flow_norm": null, "traffic_raw": null, "flow_raw": null, "total": null}, "geometry": {"type": "Polygon", "coordinates": [[[7.6726455, 45.0510089], [7.6720286, 45.0499507], [7.6739785, 45.0496068], [7.6740864, 45.049893], [7.6754133, 45.0496325], [7.6766012, 45.0493971], [7.6770303, 45.049299], [7.6771634, 45.0492685], [7.6778994, 45.0490079], [7.6781426, 45.0489217], [7.6788008, 45.0486885], [7.6799171, 45.0482931], [7.6804211, 45.0489872], [7.6809993, 45.0497835], [7.681358, 45.0502865], [7.6814375, 45.0504622], [7.6814988, 45.0506482], [7.6815503, 45.0507386], [7.681646, 45.0508694], [7.6817672, 45.0510436], [7.6821038, 45.0515062], [7.6825954, 45.052175], [7.6832, 45.0530054], [7.6835886, 45.0535402], [7.6840119, 45.0541339], [7.6844811, 45.054759], [7.6828096, 45.0552911], [7.6815023, 45.0557029], [7.6804174, 45.0560449], [7.6799117, 45.0562024], [7.679292, 45.0563956], [7.6781514, 45.0567533], [7.6775171, 45.0569535], [7.6769062, 45.0571439], [7.6769455, 45.0572204], [7.6770936, 45.0575093], [7.6772642, 45.0579509], [7.6767999, 45.0580828], [7.6752331, 45.0559371], [7.6751708, 45.0558519], [7.674373, 45.0552445], [7.673917, 45.054746], [7.6737938, 45.0545778], [7.6738259, 45.0545666], [7.6736262, 45.0543429], [7.6748182, 45.0540803], [7.6752193, 45.053992], [7.6756094, 45.0538929], [7.6753649, 45.0532545], [7.6751181, 45.0526159], [7.6749101, 45.0520781], [7.6747665, 45.0516969], [7.6746864, 45.0514843], [7.6736501, 45.0516854], [7.6735412, 45.051616], [7.6733194, 45.0515326], [7.6733553, 45.0514658], [7.6727281, 45.0513188], [7.6725636, 45.0510236], [7.6726455, 45.0510089]]]}}, {"type": "Feature", "properties": {"ZONASTAT": "20", "DENOM": "Corso Dante - Ponte Isabella", "name": "Corso Dante - Ponte Isabella", "pop2023": null, "cafes": null, "cafe_density": null, "stops500m": null, "cafe_norm": null, "traffic_norm": null, "transit_norm": null, "pop_norm": null, "flow_norm": null, "traffic_raw": null, "flow_raw": null, "total": null}, "geometry": {"type": "Polygon", "coordinates": [[[7.6670252, 45.0442947], [7.6668031, 45.0439463], [7.6674029, 45.0437143], [7.6675584, 45.0436625], [7.6676206, 45.0436418], [7.6679651, 45.0435369], [7.6681655, 45.043479], [7.669023, 45.0432444], [7.6700058, 45.0429775], [7.6702889, 45.0429006], [7.6712573, 45.0426823], [7.6722324, 45.042498], [7.6725134, 45.0424449], [7.67268, 45.0424135], [7.673822, 45.0421976], [7.6750485, 45.0419658], [7.6757785, 45.0418291], [7.6767757, 45.0416345], [7.6775797, 45.0414674], [7.6783213, 45.0412406], [7.6783734, 45.0413218], [7.6785297, 45.0412729], [7.6785555, 45.0412825], [7.6785872, 45.0412727], [7.6785947, 45.0412553], [7.6789689, 45.0411399], [7.6790687, 45.0412705], [7.6791865, 45.041407], [7.6793145, 45.0415388], [7.6795249, 45.0417269], [7.6796767, 45.0418453], [7.6798727, 45.0419808], [7.6799212, 45.0420105], [7.6801145, 45.0421287], [7.6803544, 45.0422497], [7.680717, 45.0424096], [7.680803, 45.0424444], [7.6809488, 45.0425034], [7.6811658, 45.042589], [7.6817273, 45.0427874], [7.6817261, 45.0428003], [7.681732, 45.0428125], [7.6817439, 45.0428222], [7.6817557, 45.0428269], [7.6817736, 45.0428292], [7.6817914, 45.0428265], [7.6818064, 45.0428192], [7.6818093, 45.0428169], [7.6820341, 45.0428975], [7.6820963, 45.0429198], [7.6824832, 45.0430619], [7.6827276, 45.0431615], [7.6830943, 45.0433214], [7.6833777, 45.0434516], [7.683952, 45.0437195], [7.6841836, 45.0438255], [7.6846639, 45.0441109], [7.6850161, 45.0443504], [7.6850712, 45.0443879], [7.6851838, 45.0444635], [7.6851843, 45.0444647], [7.6855099, 45.0446863], [7.6855326, 45.0446796], [7.6855587, 45.04472], [7.6849313, 45.0449323], [7.6849601, 45.0449844], [7.6838096, 45.0453684], [7.6836269, 45.0454037], [7.6836804, 45.0456335], [7.6833565, 45.0459903], [7.6831286, 45.0462704], [7.6830394, 45.046376], [7.6823652, 45.047326], [7.6822405, 45.0474771], [7.681911, 45.0476327], [7.681441, 45.0477884], [7.6799171, 45.0482931], [7.6788008, 45.0486885], [7.6781426, 45.0489217], [7.6778994, 45.0490079], [7.6771634, 45.0492685], [7.6770303, 45.049299], [7.6766012, 45.0493971], [7.6754133, 45.0496325], [7.6740864, 45.049893], [7.6739785, 45.0496068], [7.6720286, 45.0499507], [7.6719052, 45.0499355], [7.6714905, 45.0499558], [7.6709713, 45.0499738], [7.6705879, 45.0499931], [7.6694677, 45.048214], [7.6685919, 45.0467997], [7.6674454, 45.0449354], [7.6672815, 45.0446882], [7.6671428, 45.0444792], [7.6670252, 45.0442947]]]}}, {"type": "Feature", "properties": {"ZONASTAT": "23", "DENOM": "Borgo Rossini", "name": "Borgo Rossini", "pop2023": null, "cafes": null, "cafe_density": null, "stops500m": null, "cafe_norm": null, "traffic_norm": null, "transit_norm": null, "pop_norm": null, "flow_norm": null, "traffic_raw": null, "flow_raw": null, "total": null}, "geometry": {"type": "Polygon", "coordinates": [[[7.6885738, 45.0793715], [7.6885762, 45.0793618], [7.6910063, 45.0762195], [7.691511, 45.0757347], [7.6918007, 45.0758635], [7.6919166, 45.0757413], [7.6920447, 45.0756088], [7.6917603, 45.0754878], [7.69191, 45.0753337], [7.6928447, 45.0744226], [7.6929295, 45.0743506], [7.6931119, 45.0742136], [7.6932063, 45.0741472], [7.6932658, 45.0741085], [7.6933269, 45.0740713], [7.6934527, 45.0739997], [7.6935287, 45.073958], [7.6936062, 45.0739181], [7.6936599, 45.0738935], [7.6938296, 45.0738207], [7.6940512, 45.073734], [7.6941804, 45.0739154], [7.6942611, 45.0738797], [7.6943505, 45.0738499], [7.694223, 45.0736709], [7.6944331, 45.0735979], [7.6946992, 45.0735203], [7.6949555, 45.0734648], [7.6951565, 45.0734209], [7.6954001, 45.0733881], [7.6957811, 45.0733526], [7.6960432, 45.0733444], [7.6962569, 45.0733464], [7.6964856, 45.0733567], [7.6967052, 45.073375], [7.6970134, 45.0734206], [7.6972868, 45.0734838], [7.6974322, 45.0735273], [7.6974349, 45.0735183], [7.6975373, 45.0735522], [7.6976533, 45.0736006], [7.69809, 45.0737959], [7.6988162, 45.0741466], [7.6991063, 45.0742698], [7.699415, 45.0743917], [7.6995947, 45.0744547], [7.6999542, 45.0745719], [7.7003259, 45.0746792], [7.7006681, 45.0747642], [7.7010299, 45.0748425], [7.7014622, 45.0749145], [7.7020241, 45.0749938], [7.7025458, 45.0750553], [7.7032813, 45.0751275], [7.7042897, 45.0752], [7.7043266, 45.0752025], [7.7043275, 45.0752066], [7.7043316, 45.0752101], [7.7041962, 45.0753559], [7.7041673, 45.0753492], [7.704156, 45.0753582], [7.7041662, 45.0753694], [7.7041812, 45.0753722], [7.7041514, 45.0754046], [7.7043441, 45.0754234], [7.7044365, 45.0754258], [7.7041959, 45.0756708], [7.7038927, 45.0759796], [7.7018698, 45.0782607], [7.7006739, 45.0796368], [7.6996035, 45.0808422], [7.6995192, 45.0809347], [7.6992446, 45.0812359], [7.698968, 45.0815456], [7.6981915, 45.0824146], [7.69778, 45.082875], [7.6974027, 45.0832972], [7.6953696, 45.0823989], [7.6946111, 45.0820658], [7.6931763, 45.0814142], [7.6928334, 45.0812585], [7.6924888, 45.0811032], [7.6911054, 45.0804798], [7.6901644, 45.0800574], [7.6893055, 45.0796745], [7.6888241, 45.0795374], [7.6888628, 45.0794751], [7.688598, 45.0793954], [7.6885857, 45.0793896], [7.6885769, 45.0793809], [7.6885738, 45.0793715]]]}}, {"type": "Feature", "properties": {"ZONASTAT": "28", "DENOM": "Borgo San Giorgio", "name": "Borgo San Giorgio", "pop2023": null, "cafes": null, "cafe_density": null, "stops500m": null, "cafe_norm": null, "traffic_norm": null, "transit_norm": null, "pop_norm": null, "flow_norm": null, "traffic_raw": null, "flow_raw": null, "total": null}, "geometry": {"type": "Polygon", "coordinates": [[[7.6617213, 45.0500724], [7.6619484, 45.0499733], [7.6620766, 45.0499174], [7.6621798, 45.0498794], [7.6622817, 45.0498396], [7.6624832, 45.0497566], [7.6626173, 45.0496971], [7.6627477, 45.0496337], [7.6628331, 45.0495897], [7.6629702, 45.0495151], [7.6631031, 45.0494371], [7.6631894, 45.0493831], [7.6634096, 45.0492387], [7.6635333, 45.0491463], [7.6636386, 45.0490626], [7.6639076, 45.0488366], [7.6640258, 45.0487268], [7.6640577, 45.048687], [7.6641936, 45.0485441], [7.6642524, 45.0483855], [7.6642614, 45.0483612], [7.6649717, 45.0476822], [7.6657457, 45.0469403], [7.6654348, 45.0468052], [7.6653445, 45.0467164], [7.6654196, 45.0466197], [7.6654915, 45.0464651], [7.6654966, 45.0462912], [7.6647143, 45.0451585], [7.6665619, 45.0440469], [7.6666156, 45.0440247], [7.6668031, 45.0439463], [7.6670252, 45.0442947], [7.6671428, 45.0444792], [7.6672815, 45.0446882], [7.6674454, 45.0449354], [7.6685919, 45.0467997], [7.6694677, 45.048214], [7.6705879, 45.0499931], [7.6709713, 45.0499738], [7.6714905, 45.0499558], [7.6719052, 45.0499355], [7.6720286, 45.0499507], [7.6726455, 45.0510089], [7.6725636, 45.0510236], [7.6727281, 45.0513188], [7.6733553, 45.0514658], [7.6733194, 45.0515326], [7.6735412, 45.051616], [7.6736501, 45.0516854], [7.6746864, 45.0514843], [7.6747665, 45.0516969], [7.6749101, 45.0520781], [7.6751181, 45.0526159], [7.6753649, 45.0532545], [7.6756094, 45.0538929], [7.6752193, 45.053992], [7.6748182, 45.0540803], [7.6736262, 45.0543429], [7.6733469, 45.0544377], [7.6726619, 45.0546702], [7.6717232, 45.0549888], [7.6715604, 45.0550874], [7.6713682, 45.0550104], [7.6712834, 45.0549319], [7.6706476, 45.054349], [7.6700173, 45.0537992], [7.6692441, 45.0530925], [7.6686337, 45.0525566], [7.6679603, 45.0519339], [7.6671936, 45.0512284], [7.6662615, 45.0503835], [7.6656074, 45.049816], [7.6651345, 45.049772], [7.6649054, 45.0497669], [7.6646762, 45.0497647], [7.6645459, 45.0497647], [7.6643505, 45.0497679], [7.6641551, 45.0497743], [7.6640225, 45.0497807], [7.6638242, 45.0497933], [7.6636261, 45.0498088], [7.663388, 45.049831], [7.6632694, 45.0498439], [7.6631509, 45.049858], [7.6628151, 45.0499022], [7.662613, 45.0499374], [7.6623722, 45.0499843], [7.6622526, 45.0500093], [7.6621336, 45.0500358], [7.6620257, 45.0500454], [7.6617213, 45.0500724]]]}}, {"type": "Feature", "properties": {"ZONASTAT": "32", "DENOM": "Borgata Cenisia", "name": "Borgata Cenisia", "pop2023": null, "cafes": null, "cafe_density": null, "stops500m": null, "cafe_norm": null, "traffic_norm": null, "transit_norm": null, "pop_norm": null, "flow_norm": null, "traffic_raw": null, "flow_raw": null, "total": null}, "geometry": {"type": "Polygon", "coordinates": [[[7.6343626, 45.0722767], [7.6337056, 45.0707733], [7.6349354, 45.0702985], [7.635909, 45.0699225], [7.636937, 45.0695256], [7.6385183, 45.0689149], [7.6402599, 45.0682423], [7.6405376, 45.0681351], [7.6411645, 45.067893], [7.6414928, 45.0677662], [7.6422139, 45.0674877], [7.6429698, 45.0671957], [7.6439328, 45.0668238], [7.6449489, 45.0664312], [7.6451296, 45.0668739], [7.6454682, 45.0677039], [7.6459326, 45.0688421], [7.6466583, 45.0706316], [7.6471464, 45.0719084], [7.6474614, 45.0727321], [7.6475711, 45.073019], [7.6478154, 45.0736581], [7.6479137, 45.0738692], [7.6461496, 45.0745115], [7.6443098, 45.0751755], [7.6438634, 45.0753365], [7.6433544, 45.0755202], [7.6429188, 45.0755016], [7.6424715, 45.0754825], [7.6423002, 45.0754754], [7.6401516, 45.075387], [7.6393785, 45.0753553], [7.6378548, 45.0752928], [7.6365189, 45.0752381], [7.635641, 45.075202], [7.6352948, 45.07441], [7.6350535, 45.0738577], [7.6348222, 45.0733286], [7.6345687, 45.0727484], [7.6345123, 45.0726195], [7.6343626, 45.0722767]]]}}, {"type": "Feature", "properties": {"ZONASTAT": "24", "DENOM": "Borgata Aurora", "name": "Borgata Aurora", "pop2023": null, "cafes": null, "cafe_density": null, "stops500m": null, "cafe_norm": null, "traffic_norm": null, "transit_norm": null, "pop_norm": null, "flow_norm": null, "traffic_raw": null, "flow_raw": null, "total": null}, "geometry": {"type": "Polygon", "coordinates": [[[7.6763505, 45.0874044], [7.6763432, 45.087399], [7.6763766, 45.0873904], [7.6763893, 45.0873913], [7.6764019, 45.0873901], [7.6764333, 45.0873796], [7.6766629, 45.0872775], [7.6767399, 45.0872359], [7.6768779, 45.087153], [7.6771543, 45.0869891], [7.6771362, 45.0869741], [7.6771558, 45.0869622], [7.6771739, 45.0869774], [7.6777914, 45.0866096], [7.6794812, 45.085599], [7.6794903, 45.0855917], [7.6794997, 45.0855782], [7.6795065, 45.0855644], [7.6795064, 45.0855607], [7.6795005, 45.0855531], [7.6794885, 45.0855423], [7.679487, 45.0855379], [7.6797943, 45.0853418], [7.680227, 45.0850388], [7.6803093, 45.0849594], [7.6803346, 45.0849461], [7.6804614, 45.085119], [7.6804563, 45.0851215], [7.6804535, 45.0851254], [7.6804537, 45.0851297], [7.6804568, 45.0851334], [7.6804621, 45.0851356], [7.6805334, 45.0850913], [7.6806099, 45.0850412], [7.6806089, 45.0850397], [7.6806143, 45.0850356], [7.6806147, 45.0850305], [7.6806131, 45.0850263], [7.680609, 45.0850231], [7.6806032, 45.0850216], [7.6805971, 45.0850223], [7.6804883, 45.084862], [7.6804939, 45.0848585], [7.6804975, 45.0848539], [7.6804979, 45.0848481], [7.6804947, 45.0848426], [7.6805007, 45.0848393], [7.6804976, 45.084836], [7.6805083, 45.0848289], [7.6805445, 45.084835], [7.6816657, 45.0840871], [7.6820071, 45.0838567], [7.682263, 45.0836848], [7.6824729, 45.0835435], [7.6825285, 45.0835074], [7.6826316, 45.0834432], [7.6826805, 45.0834163], [7.6827248, 45.0833958], [7.6827711, 45.0833779], [7.6827593, 45.0833704], [7.6827669, 45.0833655], [7.6827771, 45.0833682], [7.6827986, 45.0833588], [7.6827948, 45.0833471], [7.6828241, 45.0833285], [7.6828465, 45.083338], [7.6828858, 45.08332], [7.6829266, 45.0833031], [7.6830768, 45.0834261], [7.6831022, 45.0834101], [7.6829525, 45.0832904], [7.683095, 45.0832286], [7.6838413, 45.082806], [7.6842824, 45.0825443], [7.6846708, 45.0822815], [7.6847142, 45.082251], [7.6847568, 45.0822198], [7.6847847, 45.0821969], [7.6848096, 45.0821721], [7.6848255, 45.0821513], [7.6848368, 45.0821292], [7.6848461, 45.0821041], [7.6848521, 45.0820787], [7.6849354, 45.0822526], [7.6849835, 45.0822222], [7.6850287, 45.0821907], [7.6849392, 45.0820077], [7.684976, 45.0820019], [7.6853404, 45.081768], [7.6853357, 45.0818333], [7.6853202, 45.0818431], [7.6853161, 45.0818476], [7.6853151, 45.0818529], [7.6853167, 45.0818558], [7.6853202, 45.0818575], [7.6853248, 45.0818581], [7.6853335, 45.0818563], [7.6853247, 45.0819844], [7.6853983, 45.0819345], [7.6854074, 45.0818097], [7.6854223, 45.0817994], [7.6854226, 45.0817949], [7.6854198, 45.0817906], [7.6854136, 45.0817879], [7.6854075, 45.0817884], [7.6854107, 45.0817209], [7.6863145, 45.0811353], [7.6863299, 45.0811194], [7.6863428, 45.0811023], [7.6863538, 45.0810825], [7.6863615, 45.0810621], [7.6864534, 45.0812001], [7.6865175, 45.0811802], [7.6865959, 45.081158], [7.6864719, 45.0809687], [7.6864884, 45.0809596], [7.6865021, 45.0809482], [7.6865097, 45.0809395], [7.6865263, 45.0809449], [7.6865439, 45.0809491], [7.6865798, 45.0809545], [7.6866079, 45.0809552], [7.6866363, 45.0809521], [7.6866551, 45.0809483], [7.6866778, 45.0809425], [7.6866989, 45.0809351], [7.6867116, 45.0809287], [7.6875401, 45.0804267], [7.6879265, 45.0801479], [7.6881525, 45.07997], [7.6882886, 45.0798484], [7.6882388, 45.0798221], [7.6883352, 45.0797353], [7.688387, 45.0799159], [7.6883756, 45.0799287], [7.6883745, 45.0799328], [7.6883765, 45.0799367], [7.6883797, 45.079938], [7.6883863, 45.0799374], [7.6883914, 45.0799347], [7.6884102, 45.0800005], [7.6884596, 45.0799478], [7.6884409, 45.0798806], [7.6884472, 45.0798735], [7.6884487, 45.0798703], [7.6884478, 45.0798649], [7.6884441, 45.07986], [7.6884398, 45.0798591], [7.6884359, 45.0798606], [7.6883873, 45.0796778], [7.6884071, 45.0796724], [7.6884793, 45.0796086], [7.6885212, 45.079519], [7.688786, 45.0795987], [7.6888241, 45.0795374], [7.6893055, 45.0796745], [7.6901644, 45.0800574], [7.6911054, 45.0804798], [7.6924888, 45.0811032], [7.6928334, 45.0812585], [7.6931763, 45.0814142], [7.6946111, 45.0820658], [7.6953696, 45.0823989], [7.6974027, 45.0832972], [7.6966512, 45.0841325], [7.696059, 45.0847874], [7.695913, 45.0849521], [7.6958211, 45.0850471], [7.6956541, 45.0851705], [7.6954723, 45.0852607], [7.6947258, 45.0856756], [7.6936234, 45.086292], [7.6932111, 45.0865187], [7.6923373, 45.0869987], [7.6920526, 45.0871547], [7.6917895, 45.0872991], [7.6914093, 45.0875083], [7.6911512, 45.08765], [7.6908481, 45.087796], [7.6906398, 45.0879117], [7.6903824, 45.0880432], [7.6893752, 45.0885247], [7.688854, 45.088774], [7.6887435, 45.0888268], [7.6883108, 45.0890087], [7.6876905, 45.0890745], [7.6865766, 45.0891927], [7.6854183, 45.089326], [7.6836983, 45.0895188], [7.6824946, 45.0896592], [7.6811997, 45.0898146], [7.6809301, 45.0898441], [7.6805303, 45.0898915], [7.6795837, 45.0900037], [7.6786748, 45.0901114], [7.6782821, 45.0898283], [7.6779306, 45.0895715], [7.6775841, 45.0893572], [7.6768376, 45.0882524], [7.676604, 45.0879066], [7.67654, 45.0878118], [7.676412, 45.0876299], [7.6764713, 45.0875934], [7.6764266, 45.0875318], [7.6764316, 45.0875292], [7.6764362, 45.0875225], [7.6764364, 45.0875191], [7.6764347, 45.0875166], [7.6764243, 45.0875127], [7.6764183, 45.0875123], [7.6764134, 45.0875135], [7.6763455, 45.0874199], [7.6763505, 45.0874161], [7.676353, 45.0874112], [7.6763505, 45.0874044]]]}}, {"type": "Feature", "properties": {"ZONASTAT": "22", "DENOM": "Vanchiglietta", "name": "Vanchiglietta", "pop2023": null, "cafes": null, "cafe_density": null, "stops500m": null, "cafe_norm": null, "traffic_norm": null, "transit_norm": null, "pop_norm": null, "flow_norm": null, "traffic_raw": null, "flow_raw": null, "total": null}, "geometry": {"type": "Polygon", "coordinates": [[[7.7047027, 45.0754287], [7.7044365, 45.0754258], [7.7047857, 45.0750267], [7.7055687, 45.0741316], [7.7065781, 45.0729741], [7.7068351, 45.0726794], [7.7071365, 45.072342], [7.7072469, 45.072186], [7.707387, 45.0719879], [7.7077192, 45.0709122], [7.7078347, 45.070569], [7.7080198, 45.0700187], [7.7082171, 45.069432], [7.7078618, 45.0689513], [7.7079766, 45.0687586], [7.7082776, 45.0682532], [7.7084881, 45.0683206], [7.708722, 45.0679142], [7.70886, 45.0679538], [7.708898, 45.0679326], [7.708899, 45.0679005], [7.7089161, 45.0679016], [7.708924, 45.0679536], [7.7089304, 45.0679709], [7.708935, 45.0679773], [7.7089447, 45.0679854], [7.7089733, 45.0680023], [7.7089916, 45.0680104], [7.709014, 45.0680181], [7.7090374, 45.068023], [7.7090517, 45.0680243], [7.7090808, 45.068025], [7.7090957, 45.0680248], [7.7091021, 45.0680239], [7.7091084, 45.0680259], [7.7091204, 45.0680383], [7.7091379, 45.0680519], [7.7091593, 45.0680728], [7.7091865, 45.0680872], [7.7091987, 45.0680964], [7.7092181, 45.0681043], [7.7092924, 45.0681258], [7.7093712, 45.0681505], [7.7094534, 45.0681669], [7.7095921, 45.0681849], [7.7096269, 45.0681902], [7.7096921, 45.0682052], [7.7097221, 45.0682144], [7.7098429, 45.0682415], [7.7099625, 45.0682739], [7.7099956, 45.0682817], [7.7100263, 45.0682923], [7.7100408, 45.0682943], [7.7101056, 45.0683116], [7.7101278, 45.0683163], [7.7101388, 45.0683176], [7.7101642, 45.0683182], [7.7101719, 45.0683188], [7.7101792, 45.0683204], [7.7102327, 45.0683395], [7.7102828, 45.0683671], [7.7102955, 45.0683748], [7.7103274, 45.068384], [7.7103467, 45.0683875], [7.7103599, 45.0683925], [7.7103762, 45.0683952], [7.7104278, 45.0684172], [7.710479, 45.0684331], [7.7105176, 45.0684406], [7.7105637, 45.0684552], [7.7106479, 45.0684689], [7.7107167, 45.0684813], [7.7107842, 45.0684972], [7.7108347, 45.0685135], [7.710872, 45.0685212], [7.7109229, 45.0685304], [7.7109616, 45.0685419], [7.7109709, 45.0685406], [7.7109925, 45.0685412], [7.7110246, 45.0685334], [7.7110386, 45.0685316], [7.7110558, 45.0685326], [7.7110793, 45.0685378], [7.7110952, 45.0685436], [7.7111035, 45.0685487], [7.7111112, 45.0685579], [7.711118, 45.068562], [7.7111259, 45.0685642], [7.7111431, 45.0685629], [7.7112337, 45.0685724], [7.711395, 45.0685955], [7.7114203, 45.0685979], [7.711433, 45.0686004], [7.7114516, 45.0686075], [7.7114775, 45.0686128], [7.711504, 45.0686165], [7.7115542, 45.0686207], [7.71163, 45.0686328], [7.7117025, 45.06864], [7.7118737, 45.0686753], [7.7119788, 45.0686866], [7.7121923, 45.0687115], [7.7122322, 45.0687184], [7.7123256, 45.0687282], [7.7123644, 45.06873], [7.7123795, 45.0687292], [7.7124101, 45.0687256], [7.7124336, 45.0687268], [7.7127306, 45.0687715], [7.7128449, 45.0687823], [7.7128765, 45.0687819], [7.7129252, 45.0687865], [7.7129703, 45.0687879], [7.713059, 45.0687962], [7.7133048, 45.068816], [7.7134541, 45.0688308], [7.7135044, 45.068843], [7.7135876, 45.0688539], [7.7136828, 45.0688614], [7.7137406, 45.068859], [7.7137922, 45.0688539], [7.7139365, 45.0688694], [7.7141238, 45.0688881], [7.7142006, 45.0689031], [7.7142921, 45.0689293], [7.7144839, 45.0689565], [7.714587, 45.068975], [7.7146567, 45.0689828], [7.7147426, 45.0689938], [7.7147999, 45.0690069], [7.7148906, 45.0690194], [7.7150743, 45.0690376], [7.7155096, 45.0690791], [7.7155761, 45.0690847], [7.7156593, 45.0690878], [7.7157054, 45.0690929], [7.7157512, 45.0690993], [7.7158544, 45.0691157], [7.715945, 45.0691332], [7.7159738, 45.069137], [7.7160458, 45.0691422], [7.7160889, 45.0691437], [7.7162265, 45.069162], [7.7164438, 45.0691887], [7.7165081, 45.0692062], [7.7165577, 45.0692232], [7.7165859, 45.0692306], [7.7166152, 45.0692351], [7.7166755, 45.0692386], [7.7168159, 45.0692488], [7.716865, 45.0692543], [7.717093, 45.0692915], [7.7171501, 45.0692978], [7.7172077, 45.0693004], [7.7172525, 45.0693002], [7.7172973, 45.0692987], [7.7173721, 45.0692932], [7.7174204, 45.0692944], [7.7174686, 45.0692995], [7.7175271, 45.0693081], [7.7175851, 45.0693182], [7.7176858, 45.0693393], [7.7177689, 45.0693506], [7.7178525, 45.0693592], [7.7179183, 45.0693638], [7.7179837, 45.0693697], [7.7183237, 45.0694184], [7.7187502, 45.069487], [7.7189467, 45.0695142], [7.7190262, 45.0695266], [7.7191055, 45.0695395], [7.7191973, 45.0695565], [7.7192335, 45.06956], [7.7193569, 45.0695669], [7.7194899, 45.06957], [7.719553, 45.069576], [7.7196937, 45.0695946], [7.7197725, 45.0695988], [7.7198804, 45.0696097], [7.7200409, 45.0696201], [7.7202046, 45.0696333], [7.7206131, 45.0696671], [7.7207136, 45.069677], [7.7208137, 45.0696887], [7.7209145, 45.0697047], [7.7210259, 45.0697188], [7.7211952, 45.0697488], [7.7213265, 45.0697695], [7.7215504, 45.0698068], [7.7216104, 45.0698188], [7.721651, 45.0698289], [7.7217275, 45.0698497], [7.7217509, 45.0698532], [7.7218174, 45.0698759], [7.7218775, 45.0698912], [7.7219395, 45.069912], [7.7219983, 45.0699246], [7.7222, 45.0699778], [7.7222983, 45.0699986], [7.7223992, 45.0700251], [7.7226277, 45.0700894], [7.7226905, 45.0701093], [7.7227209, 45.0701206], [7.7227504, 45.070133], [7.7230204, 45.0702563], [7.7230517, 45.0702681], [7.7231153, 45.0702875], [7.7231465, 45.0702962], [7.7232102, 45.0703113], [7.7232746, 45.0703246], [7.7233181, 45.0703312], [7.7233525, 45.0703419], [7.7233765, 45.0703483], [7.7233872, 45.0703493], [7.7233981, 45.0703485], [7.7234217, 45.0703442], [7.7234403, 45.0703426], [7.7234571, 45.0703445], [7.7234568, 45.0703587], [7.72346, 45.070373], [7.723464, 45.0703845], [7.7234701, 45.0703957], [7.7234767, 45.0704034], [7.7234859, 45.0704099], [7.7234977, 45.0704149], [7.7235104, 45.0704176], [7.723534, 45.0704187], [7.7235559, 45.0704176], [7.7235713, 45.0704298], [7.7235888, 45.0704406], [7.7236159, 45.070453], [7.7237183, 45.0704929], [7.7238429, 45.0705383], [7.7239404, 45.0705658], [7.7240408, 45.0705864], [7.7242445, 45.0706706], [7.7242679, 45.0706837], [7.724295, 45.0706924], [7.724322, 45.0706997], [7.7243424, 45.0707073], [7.7243615, 45.0707166], [7.724412, 45.0707483], [7.7244685, 45.0707931], [7.7244968, 45.0708105], [7.7245358, 45.0708307], [7.7245592, 45.070844], [7.7245807, 45.0708587], [7.7246546, 45.0709218], [7.7246645, 45.0709293], [7.724676, 45.0709356], [7.7247, 45.0709426], [7.7247649, 45.0709735], [7.724829, 45.0710089], [7.724852, 45.0710267], [7.7249036, 45.0710563], [7.7250379, 45.071128], [7.7251754, 45.0711761], [7.7253712, 45.0712584], [7.7254877, 45.071279], [7.7255216, 45.0712767], [7.7255579, 45.0712685], [7.725588, 45.0712433], [7.7255943, 45.0712477], [7.7256148, 45.0712621], [7.7255869, 45.0712919], [7.7255825, 45.0713076], [7.7255828, 45.0713175], [7.7255938, 45.0713289], [7.7256563, 45.0714014], [7.7257245, 45.0714467], [7.7258112, 45.071484], [7.7258849, 45.0715414], [7.7259327, 45.0715888], [7.7259804, 45.0716226], [7.7261098, 45.0716994], [7.7261355, 45.071714], [7.7261824, 45.0717382], [7.7262067, 45.0717524], [7.7262899, 45.0718061], [7.7264048, 45.0718785], [7.726502, 45.0719345], [7.726565, 45.0719693], [7.72661, 45.0719973], [7.7266625, 45.0720277], [7.7266684, 45.0720314], [7.7267678, 45.072093], [7.7268178, 45.0721218], [7.726985, 45.0722282], [7.7270088, 45.0722446], [7.727031, 45.0722621], [7.7271034, 45.072324], [7.7271252, 45.0723441], [7.7271837, 45.0724015], [7.7272225, 45.0724372], [7.7272815, 45.072502], [7.7273085, 45.0725343], [7.727369, 45.0725942], [7.7273868, 45.0726191], [7.7274217, 45.0726506], [7.727431, 45.07266], [7.7274361, 45.0726687], [7.7274374, 45.0726778], [7.727433, 45.0726945], [7.7274192, 45.0727223], [7.7274131, 45.0727464], [7.727417, 45.0727767], [7.7274352, 45.0727978], [7.7274598, 45.0728127], [7.7274925, 45.0728238], [7.727532, 45.0728279], [7.7276061, 45.0728894], [7.7277151, 45.0729963], [7.727853, 45.0731446], [7.727874, 45.0731682], [7.7279079, 45.073211], [7.7279433, 45.0732496], [7.7279768, 45.0732904], [7.7280187, 45.0733383], [7.7280722, 45.0734076], [7.7280859, 45.0734269], [7.7281251, 45.0734984], [7.7281758, 45.073579], [7.7282043, 45.0736299], [7.7282702, 45.0737147], [7.7282954, 45.0737456], [7.7283064, 45.0737608], [7.7283158, 45.0737763], [7.728325, 45.0737939], [7.7283507, 45.0738473], [7.728358, 45.0738606], [7.7283662, 45.0738736], [7.7283848, 45.0738976], [7.7284033, 45.0739387], [7.7284126, 45.0739679], [7.7284225, 45.0739935], [7.7284301, 45.0740056], [7.7284399, 45.074017], [7.728461, 45.0740376], [7.7284707, 45.0740483], [7.7284893, 45.0740727], [7.7284957, 45.0740867], [7.7285092, 45.0741382], [7.7285144, 45.0741517], [7.7285219, 45.0741648], [7.7285396, 45.0741805], [7.7285476, 45.074197], [7.7285588, 45.0742153], [7.7285757, 45.0742333], [7.7285894, 45.074253], [7.7285942, 45.0742627], [7.7285978, 45.0742727], [7.7286005, 45.0742843], [7.7286006, 45.074296], [7.7285967, 45.0743112], [7.7285951, 45.0743279], [7.7285627, 45.074398], [7.7285608, 45.0744195], [7.7285707, 45.0744502], [7.7285863, 45.0744657], [7.728607, 45.0744775], [7.7286284, 45.0744875], [7.7286719, 45.0746064], [7.7286768, 45.0746241], [7.7286634, 45.074728], [7.7286694, 45.0747865], [7.7286814, 45.0748285], [7.7286778, 45.0748764], [7.7286876, 45.0748926], [7.7286942, 45.0749377], [7.7286942, 45.074956], [7.7286839, 45.0750563], [7.7286595, 45.0751813], [7.7286629, 45.075235], [7.7286676, 45.0752578], [7.7286669, 45.0752751], [7.728674, 45.0753001], [7.7286471, 45.0752996], [7.7286471, 45.0753051], [7.7283446, 45.0752991], [7.7283445, 45.0752909], [7.7283197, 45.0752903], [7.7283028, 45.0752702], [7.7282725, 45.0752701], [7.7282574, 45.0752891], [7.7282292, 45.0752886], [7.7282292, 45.0752969], [7.728104, 45.0752935], [7.7280989, 45.0753762], [7.7280929, 45.0754749], [7.728225, 45.0754783], [7.7282246, 45.0754836], [7.7282523, 45.0754842], [7.7282525, 45.075492], [7.7282641, 45.0755079], [7.7282969, 45.0755085], [7.7283114, 45.0754925], [7.7283115, 45.0754854], [7.7283426, 45.075486], [7.7283428, 45.0754806], [7.7286433, 45.0754862], [7.7286429, 45.0754922], [7.728652, 45.0754924], [7.7286511, 45.0755766], [7.7286442, 45.0756042], [7.7286374, 45.0756384], [7.72864, 45.075673], [7.7286453, 45.0756944], [7.7286455, 45.0757053], [7.7286373, 45.0757589], [7.7286379, 45.0757859], [7.7286354, 45.0758228], [7.7286291, 45.075847], [7.7286236, 45.0758769], [7.7286233, 45.0759062], [7.7286151, 45.076008], [7.7286099, 45.0761078], [7.7285903, 45.076277], [7.7285923, 45.0763241], [7.7285545, 45.0763489], [7.7285398, 45.0763599], [7.7285256, 45.0763895], [7.7284979, 45.0764298], [7.7284797, 45.0764494], [7.7284473, 45.0764825], [7.7284509, 45.0764982], [7.7284387, 45.0765135], [7.7284303, 45.0765298], [7.7284246, 45.0765395], [7.7284284, 45.0765456], [7.7284505, 45.0765662], [7.7284382, 45.0766023], [7.7284274, 45.0766142], [7.7284201, 45.0766312], [7.7284179, 45.0766465], [7.7284204, 45.0766694], [7.7284252, 45.0766767], [7.7284358, 45.0766847], [7.728449, 45.0766895], [7.7284803, 45.0766941], [7.7284892, 45.076696], [7.7284982, 45.0767026], [7.7284996, 45.0767062], [7.7284983, 45.076719], [7.7284657, 45.076761], [7.7284345, 45.0768101], [7.7284079, 45.076842], [7.728384, 45.0768621], [7.7283642, 45.076876], [7.7283505, 45.0768928], [7.7283372, 45.0769074], [7.7282852, 45.0769609], [7.728259, 45.0769906], [7.7282164, 45.0770485], [7.7281908, 45.0770795], [7.7281337, 45.0771457], [7.7280826, 45.0771922], [7.7280399, 45.0772189], [7.7280154, 45.0772471], [7.7279502, 45.0773034], [7.7278714, 45.0773551], [7.7277515, 45.0774587], [7.7276232, 45.0775922], [7.7275812, 45.0776329], [7.7274998, 45.0777049], [7.7274589, 45.0777493], [7.7274473, 45.0777588], [7.7274211, 45.0777777], [7.7274126, 45.0777866], [7.7274067, 45.0777965], [7.7273956, 45.0778087], [7.7273833, 45.0778203], [7.7273643, 45.0778352], [7.727344, 45.0778491], [7.7273162, 45.0778664], [7.7272957, 45.0778852], [7.7272462, 45.0779351], [7.7271354, 45.0780641], [7.7270982, 45.0781023], [7.7270629, 45.0781269], [7.7270525, 45.0781352], [7.7270425, 45.0781437], [7.7270117, 45.0781742], [7.7269619, 45.0782116], [7.7269432, 45.0782279], [7.7269256, 45.0782448], [7.7268983, 45.0782747], [7.7268665, 45.0783049], [7.7268391, 45.0783342], [7.7268136, 45.0783643], [7.7267409, 45.0784182], [7.7266878, 45.0784547], [7.7266603, 45.0784782], [7.7266356, 45.0785032], [7.7265904, 45.0785539], [7.7265601, 45.0785839], [7.7265133, 45.0786365], [7.7264301, 45.078713], [7.7263546, 45.0787809], [7.7263354, 45.0787996], [7.7262927, 45.0788505], [7.7262624, 45.078892], [7.7262348, 45.0789344], [7.7261867, 45.0790118], [7.7252734, 45.0783088], [7.7251173, 45.078324], [7.7250446, 45.0782902], [7.7249998, 45.0782998], [7.7248171, 45.0782523], [7.7247368, 45.0781926], [7.7246665, 45.07811], [7.7246371, 45.0780782], [7.7246037, 45.0780485], [7.7243938, 45.0778971], [7.724188, 45.0777662], [7.7240536, 45.077691], [7.7239192, 45.0776333], [7.7237215, 45.0775581], [7.7234767, 45.07748], [7.7220426, 45.0771269], [7.7219523, 45.0773049], [7.721904, 45.0772941], [7.7219938, 45.0771151], [7.721096, 45.0768871], [7.7208539, 45.0768292], [7.7206202, 45.0767681], [7.7203899, 45.0767124], [7.7202692, 45.0766798], [7.7201494, 45.0766454], [7.7200292, 45.0766099], [7.7199097, 45.0765733], [7.7198057, 45.0765401], [7.7197028, 45.0765053], [7.7192728, 45.0763527], [7.7191538, 45.0763078], [7.7189444, 45.0762245], [7.7188535, 45.076187], [7.7187066, 45.0761229], [7.7185682, 45.0760613], [7.7182639, 45.0759209], [7.7182038, 45.075891], [7.7181169, 45.0758432], [7.7180329, 45.0757927], [7.7180142, 45.0758081], [7.7179939, 45.0758018], [7.7178889, 45.0759565], [7.7178617, 45.0759504], [7.7177937, 45.0759115], [7.7177258, 45.0758725], [7.7177033, 45.0758653], [7.7178187, 45.0757017], [7.7178135, 45.0756988], [7.7178098, 45.0756903], [7.7178154, 45.075674], [7.7175584, 45.0755093], [7.7174816, 45.0754576], [7.7173342, 45.0753516], [7.7172634, 45.0752976], [7.7171884, 45.0752376], [7.7170546, 45.0751273], [7.7169954, 45.0750772], [7.7156075, 45.0738793], [7.7155486, 45.0738325], [7.7154864, 45.0737878], [7.715426, 45.0737474], [7.7153626, 45.0737095], [7.7153185, 45.0736856], [7.7152727, 45.0736628], [7.7152259, 45.0736414], [7.7151297, 45.0736012], [7.7150597, 45.0735738], [7.7149882, 45.0735485], [7.7149392, 45.0735337], [7.71485, 45.0735112], [7.7147596, 45.0734912], [7.7146757, 45.0734739], [7.7145912, 45.073458], [7.7145138, 45.0734459], [7.7144356, 45.0734364], [7.7143278, 45.073427], [7.7142198, 45.073422], [7.7141508, 45.0734212], [7.7140818, 45.0734241], [7.7139883, 45.0734329], [7.7138955, 45.0734444], [7.7138089, 45.0734568], [7.713723, 45.0734713], [7.7136585, 45.0734842], [7.7135953, 45.0734999], [7.713554, 45.0735122], [7.7134652, 45.0735428], [7.7133792, 45.0735768], [7.7132899, 45.0736148], [7.7117398, 45.0742893], [7.7116894, 45.0743107], [7.7116484, 45.0743258], [7.7115588, 45.0743565], [7.7107493, 45.0746], [7.7107614, 45.074624], [7.7106942, 45.0746408], [7.7106785, 45.0746179], [7.7105898, 45.0746426], [7.710595, 45.0746469], [7.7105689, 45.0746575], [7.7107468, 45.0747934], [7.7107204, 45.0748038], [7.7106583, 45.0748217], [7.710569, 45.0748478], [7.7103981, 45.0747148], [7.7104015, 45.0747136], [7.7103933, 45.0747005], [7.7103628, 45.0747088], [7.710353, 45.0747022], [7.7099182, 45.0748039], [7.7097953, 45.0748306], [7.7093612, 45.0749174], [7.7091961, 45.0749492], [7.7090304, 45.0749794], [7.7088842, 45.0750036], [7.7087372, 45.0750254], [7.7083492, 45.0750797], [7.7082069, 45.0750984], [7.7080634, 45.0751145], [7.7076142, 45.0751626], [7.7074576, 45.0751755], [7.7073008, 45.0751868], [7.7070389, 45.0752088], [7.7068721, 45.0752187], [7.7065398, 45.0752352], [7.7063743, 45.0752416], [7.7062278, 45.0752443], [7.7060079, 45.0752455], [7.7056239, 45.075245], [7.7054598, 45.075244], [7.705327, 45.0752419], [7.7051942, 45.0752383], [7.7049533, 45.075229], [7.7049222, 45.0752296], [7.7049188, 45.0752345], [7.7049125, 45.075237], [7.7049053, 45.0752368], [7.70473, 45.0754324], [7.7047027, 45.0754287]]]}}, {"type": "Feature", "properties": {"ZONASTAT": "25", "DENOM": "Piazzale Umbria - Scalo Valdocco", "name": "Piazzale Umbria - Scalo Valdocco", "pop2023": null, "cafes": null, "cafe_density": null, "stops500m": null, "cafe_norm": null, "traffic_norm": null, "transit_norm": null, "pop_norm": null, "flow_norm": null, "traffic_raw": null, "flow_raw": null, "total": null}, "geometry": {"type": "Polygon", "coordinates": [[[7.6561384, 45.0860567], [7.6561121, 45.0858284], [7.6564397, 45.0857185], [7.6572684, 45.0854443], [7.6574442, 45.0853862], [7.6576423, 45.0853206], [7.658452, 45.0850528], [7.659362, 45.0847517], [7.6600947, 45.0845093], [7.6609767, 45.0842173], [7.6619669, 45.0838896], [7.6632114, 45.0834777], [7.6645834, 45.0830236], [7.6658319, 45.0826105], [7.6665599, 45.0823697], [7.6676878, 45.0819965], [7.6689975, 45.0815631], [7.6700627, 45.0812065], [7.6710778, 45.0808665], [7.6711749, 45.080834], [7.671364, 45.0807706], [7.6720557, 45.0817543], [7.6724958, 45.0823975], [7.6729119, 45.0829945], [7.6733386, 45.083603], [7.6739122, 45.0844208], [7.6743784, 45.0850856], [7.6748689, 45.0857835], [7.6751752, 45.0862192], [7.676239, 45.0877326], [7.6760351, 45.0878124], [7.67034, 45.0900417], [7.6702461, 45.0900856], [7.6702133, 45.08989], [7.670193, 45.0898828], [7.6701789, 45.0898854], [7.6695295, 45.0900472], [7.6693288, 45.0901019], [7.6692189, 45.0901277], [7.669108, 45.0901511], [7.6688538, 45.0902014], [7.6687288, 45.0902253], [7.6686032, 45.0902473], [7.6681955, 45.090312], [7.667389, 45.0904365], [7.666939, 45.0905069], [7.6668335, 45.0905216], [7.6662914, 45.0905853], [7.6661795, 45.0905977], [7.6660672, 45.0906085], [7.6656844, 45.09064], [7.6646898, 45.090834], [7.6637049, 45.0908679], [7.6635587, 45.0908704], [7.663524, 45.0908663], [7.6633443, 45.0908015], [7.6631658, 45.0907245], [7.663126, 45.0908679], [7.6630094, 45.0908629], [7.6628648, 45.0908298], [7.6629146, 45.0906506], [7.6629035, 45.0906488], [7.662841, 45.0906406], [7.6627818, 45.0906226], [7.6626385, 45.0905826], [7.6625682, 45.0905614], [7.6624985, 45.090539], [7.6624232, 45.0905131], [7.662349, 45.0904857], [7.662256, 45.0904492], [7.6622105, 45.0904297], [7.6620867, 45.0903664], [7.6620494, 45.0903641], [7.6620126, 45.0903596], [7.6619886, 45.0903545], [7.6619577, 45.0903445], [7.6619406, 45.0903367], [7.6619201, 45.0903254], [7.6619013, 45.0903134], [7.6618681, 45.090288], [7.6618484, 45.09027], [7.6617384, 45.0901557], [7.6617042, 45.0901162], [7.6616845, 45.0900873], [7.6616728, 45.0900658], [7.6616631, 45.0900442], [7.661649, 45.0900008], [7.661643, 45.0899717], [7.6616385, 45.0899329], [7.6616369, 45.089881], [7.6616393, 45.0898283], [7.661646, 45.0897756], [7.661653, 45.0897405], [7.6616654, 45.0896938], [7.6616837, 45.0896409], [7.6617068, 45.0895894], [7.6617253, 45.0895556], [7.6617545, 45.0895111], [7.6617846, 45.0894731], [7.6618181, 45.0894376], [7.6618426, 45.0894152], [7.6618778, 45.0893866], [7.6619299, 45.0893504], [7.6619859, 45.0893169], [7.6620442, 45.0892872], [7.6620848, 45.0892696], [7.6621419, 45.0892487], [7.6622274, 45.0892211], [7.6623134, 45.0891956], [7.6623715, 45.0891804], [7.6624501, 45.0891633], [7.6624959, 45.0891554], [7.6626308, 45.0891232], [7.6627709, 45.0890866], [7.6629131, 45.0890541], [7.6630091, 45.0890351], [7.6631101, 45.0890182], [7.6634156, 45.0889752], [7.6635576, 45.088952], [7.6636987, 45.0889262], [7.6637924, 45.0889069], [7.6638263, 45.0888988], [7.6638593, 45.0888895], [7.6639231, 45.0888678], [7.6639642, 45.0888511], [7.6640174, 45.0888265], [7.6640858, 45.0887903], [7.6641738, 45.0887375], [7.6643661, 45.0885956], [7.6645011, 45.0884559], [7.6646326, 45.0882768], [7.6648478, 45.0878815], [7.6647481, 45.0878545], [7.6647303, 45.0878552], [7.6646844, 45.0876645], [7.6646366, 45.0876451], [7.6644979, 45.0875248], [7.6643958, 45.0873516], [7.664406, 45.0873499], [7.664435, 45.0873601], [7.6644826, 45.0873299], [7.664487, 45.087279], [7.664472, 45.0872802], [7.6643764, 45.0872455], [7.6640223, 45.0871561], [7.6639361, 45.0871366], [7.663806, 45.0871094], [7.6637415, 45.0870944], [7.6636781, 45.0870774], [7.6635902, 45.0870502], [7.6634603, 45.0870065], [7.6628912, 45.0868096], [7.662545, 45.0866889], [7.6624856, 45.0866693], [7.6623623, 45.0866395], [7.6622561, 45.0866205], [7.6622171, 45.0866135], [7.662201, 45.0866074], [7.6619517, 45.0865112], [7.661827, 45.0864758], [7.6617017, 45.0864412], [7.6615862, 45.0864111], [7.6614681, 45.0863831], [7.6614013, 45.0863688], [7.6613509, 45.0863601], [7.6613129, 45.086355], [7.6612559, 45.0863505], [7.6611988, 45.0863505], [7.6611372, 45.0863546], [7.6610448, 45.0863631], [7.6609523, 45.0863704], [7.6605177, 45.086395], [7.6603563, 45.0864048], [7.6603043, 45.0864093], [7.660227, 45.0864198], [7.6601503, 45.0864327], [7.6601292, 45.0864373], [7.6600934, 45.0864479], [7.6600406, 45.0864654], [7.6600136, 45.0864725], [7.6599856, 45.0864771], [7.6597314, 45.0865007], [7.6592608, 45.0865451], [7.6590313, 45.0865516], [7.6584558, 45.086595], [7.6579721, 45.0866666], [7.657776, 45.086697], [7.6576679, 45.0867067], [7.6576362, 45.0867221], [7.6576025, 45.0867353], [7.657579, 45.0867426], [7.6574951, 45.0867599], [7.6574138, 45.0867819], [7.6573716, 45.0867954], [7.6573285, 45.0868079], [7.6573006, 45.0868127], [7.6572723, 45.0868155], [7.6571088, 45.0868229], [7.6570697, 45.0868268], [7.6568566, 45.0868658], [7.6567536, 45.0869211], [7.656917, 45.0870394], [7.6568289, 45.087091], [7.6566149, 45.0872366], [7.6563395, 45.0870165], [7.6562882, 45.0868258], [7.6561752, 45.0862968], [7.6561384, 45.0860567]]]}}, {"type": "Feature", "properties": {"ZONASTAT": "26", "DENOM": "Crocetta", "name": "Crocetta", "pop2023": null, "cafes": null, "cafe_density": null, "stops500m": null, "cafe_norm": null, "traffic_norm": null, "transit_norm": null, "pop_norm": null, "flow_norm": null, "traffic_raw": null, "flow_raw": null, "total": null}, "geometry": {"type": "Polygon", "coordinates": [[[7.6546226, 45.0551336], [7.6546257, 45.054968], [7.6546402, 45.0548741], [7.6546819, 45.0545441], [7.6546866, 45.0545136], [7.6547415, 45.0542059], [7.6547509, 45.054153], [7.6548977, 45.0537529], [7.6550255, 45.0534817], [7.6551268, 45.0532965], [7.6557254, 45.0525301], [7.6559465, 45.0522442], [7.6562809, 45.0519755], [7.6566172, 45.0517373], [7.6568165, 45.0516119], [7.6573922, 45.0513185], [7.6577715, 45.0511653], [7.6580988, 45.0510462], [7.6584608, 45.0509278], [7.6587481, 45.0507671], [7.6602213, 45.0504217], [7.6604602, 45.0503657], [7.660691, 45.0507083], [7.6614429, 45.0518241], [7.6620278, 45.0526922], [7.6625686, 45.0534787], [7.6633169, 45.0545652], [7.6639925, 45.0555461], [7.6645901, 45.0564137], [7.6650977, 45.0571505], [7.6654174, 45.0576147], [7.665905, 45.0583225], [7.6646885, 45.058788], [7.6646037, 45.0588277], [7.6645046, 45.058874], [7.6634109, 45.0592965], [7.6623664, 45.0596998], [7.6611502, 45.0601703], [7.6600427, 45.0605919], [7.6591581, 45.0609259], [7.6583243, 45.0612407], [7.6580131, 45.0613859], [7.6578951, 45.0612051], [7.6575439, 45.0606862], [7.6571482, 45.060116], [7.656896, 45.0597469], [7.6566992, 45.0594798], [7.6564075, 45.0590678], [7.6560754, 45.0585912], [7.6554325, 45.0576686], [7.6555656, 45.057603], [7.6555242, 45.0575744], [7.6555111, 45.0575653], [7.6554683, 45.0575119], [7.6552348, 45.0571338], [7.6551631, 45.0570339], [7.6551326, 45.0569633], [7.6550568, 45.0568076], [7.6549841, 45.0566632], [7.654897, 45.056506], [7.6548307, 45.0562207], [7.6547539, 45.0558668], [7.6546959, 45.0556089], [7.6546359, 45.0553422], [7.6546226, 45.0551336]]]}}, {"type": "Feature", "properties": {"ZONASTAT": "29", "DENOM": "Borgata Campidoglio - Martinetto", "name": "Borgata Campidoglio - Martinetto", "pop2023": null, "cafes": null, "cafe_density": null, "stops500m": null, "cafe_norm": null, "traffic_norm": null, "transit_norm": null, "pop_norm": null, "flow_norm": null, "traffic_raw": null, "flow_raw": null, "total": null}, "geometry": {"type": "Polygon", "coordinates": [[[7.6436074, 45.075874], [7.6433544, 45.0755202], [7.6444846, 45.0755662], [7.6462389, 45.0756376], [7.64712, 45.0756735], [7.6478438, 45.0757029], [7.6481019, 45.0757134], [7.6486269, 45.0757348], [7.6491366, 45.0757555], [7.6500658, 45.0757933], [7.6507259, 45.0758202], [7.6521153, 45.0758766], [7.6527853, 45.0759039], [7.6540396, 45.0759549], [7.6551018, 45.075998], [7.6562891, 45.0760463], [7.656281, 45.0766046], [7.6562753, 45.0770014], [7.6562713, 45.0772753], [7.6562662, 45.0776338], [7.6562579, 45.0782038], [7.6562494, 45.0787906], [7.6562446, 45.0791267], [7.6562361, 45.0791898], [7.6561573, 45.079775], [7.6560305, 45.0807173], [7.6559305, 45.0814602], [7.6557799, 45.0826843], [7.6557462, 45.0829621], [7.6557125, 45.0832398], [7.6556709, 45.0835826], [7.6556893, 45.0836779], [7.6557239, 45.0838556], [7.6557777, 45.0841373], [7.6558755, 45.084645], [7.6559475, 45.0850191], [7.6560599, 45.085603], [7.6561121, 45.0858284], [7.6561384, 45.0860567], [7.6561752, 45.0862968], [7.6562882, 45.0868258], [7.6563395, 45.0870165], [7.6566149, 45.0872366], [7.6565212, 45.0873002], [7.6564317, 45.087361], [7.6562845, 45.0872517], [7.6562005, 45.087303], [7.6561759, 45.0873301], [7.6561427, 45.0873644], [7.65611, 45.0874054], [7.656061, 45.0874474], [7.656045, 45.0874653], [7.6559987, 45.0875123], [7.6559512, 45.0875645], [7.6559392, 45.0875797], [7.6559286, 45.0875983], [7.6558909, 45.0876738], [7.6558816, 45.0876897], [7.6558586, 45.0877195], [7.6558443, 45.0877403], [7.6558408, 45.0877538], [7.6558098, 45.0878098], [7.6558003, 45.0878339], [7.6557928, 45.0878584], [7.6557878, 45.0878884], [7.6557765, 45.0879213], [7.6557154, 45.088063], [7.6556783, 45.088156], [7.6556413, 45.0882395], [7.6556289, 45.0882765], [7.6556086, 45.0883459], [7.6556003, 45.0883783], [7.6555849, 45.0884602], [7.6555637, 45.088563], [7.6555246, 45.0887342], [7.6555219, 45.0887556], [7.6555199, 45.08882], [7.6555047, 45.0889342], [7.6555026, 45.0889634], [7.6555057, 45.0890427], [7.6555051, 45.089065], [7.6554839, 45.0891752], [7.6554663, 45.0892564], [7.6554541, 45.0893321], [7.6554364, 45.0894319], [7.6554301, 45.0894513], [7.6554206, 45.0894641], [7.6554096, 45.0894764], [7.6553997, 45.0894907], [7.6553914, 45.0895055], [7.6553708, 45.0895701], [7.6553567, 45.0896054], [7.655341, 45.0896403], [7.6552827, 45.0897511], [7.6552666, 45.0897782], [7.6552327, 45.0898295], [7.6552126, 45.0898527], [7.6551545, 45.0898985], [7.6550708, 45.089972], [7.6549932, 45.0900297], [7.6549459, 45.0900734], [7.6549062, 45.0901012], [7.6548154, 45.0901717], [7.6547602, 45.0902177], [7.6547446, 45.0902278], [7.6547252, 45.0902389], [7.6546749, 45.0902639], [7.6546583, 45.0902741], [7.6546355, 45.0902832], [7.6546237, 45.0902893], [7.6546121, 45.0902956], [7.6545714, 45.0903209], [7.6545084, 45.09035], [7.6544896, 45.0903635], [7.6544658, 45.0903734], [7.6543984, 45.0904134], [7.6543721, 45.0904277], [7.654345, 45.090441], [7.6543258, 45.0904486], [7.6542658, 45.0904669], [7.6542141, 45.0904841], [7.6542041, 45.0904856], [7.6541935, 45.090485], [7.6541731, 45.0904798], [7.6540834, 45.0904469], [7.6540386, 45.0904755], [7.6541571, 45.0906488], [7.6541251, 45.0906704], [7.6540822, 45.0906909], [7.6540294, 45.0907161], [7.654018, 45.0907126], [7.6539886, 45.0907265], [7.6539908, 45.0907365], [7.6539139, 45.0908128], [7.653894, 45.0908267], [7.6538471, 45.0907654], [7.6535197, 45.0902813], [7.6531157, 45.0896734], [7.6524195, 45.0886387], [7.6519126, 45.0878778], [7.6518169, 45.087733], [7.6515448, 45.0873355], [7.6514873, 45.0872485], [7.6514551, 45.0872053], [7.651184, 45.0868052], [7.6499824, 45.0850093], [7.6499095, 45.084894], [7.6498238, 45.0847668], [7.6497934, 45.0847192], [7.6495024, 45.0842888], [7.6491976, 45.0838421], [7.6487676, 45.0832073], [7.6487024, 45.0831034], [7.6486451, 45.0830162], [7.6481468, 45.0822752], [7.6477091, 45.0816292], [7.6472748, 45.0809792], [7.6472244, 45.0808881], [7.6471822, 45.0808302], [7.6471422, 45.0807731], [7.6468322, 45.0803121], [7.6464412, 45.0797247], [7.6463926, 45.0796666], [7.6462414, 45.0794632], [7.645077, 45.0778783], [7.6449834, 45.0777395], [7.6439368, 45.0763198], [7.6437461, 45.0760634], [7.6436074, 45.075874]]]}}, {"type": "Feature", "properties": {"ZONASTAT": "30", "DENOM": "La Tesoriera - Martinetto", "name": "La Tesoriera - Martinetto", "pop2023": null, "cafes": null, "cafe_density": null, "stops500m": null, "cafe_norm": null, "traffic_norm": null, "transit_norm": null, "pop_norm": null, "flow_norm": null, "traffic_raw": null, "flow_raw": null, "total": null}, "geometry": {"type": "Polygon", "coordinates": [[[7.6357642, 45.0763962], [7.635641, 45.075202], [7.6365189, 45.0752381], [7.6378548, 45.0752928], [7.6393785, 45.0753553], [7.6401516, 45.075387], [7.6423002, 45.0754754], [7.6424715, 45.0754825], [7.6429188, 45.0755016], [7.6433544, 45.0755202], [7.6436074, 45.075874], [7.6437461, 45.0760634], [7.6439368, 45.0763198], [7.6449834, 45.0777395], [7.645077, 45.0778783], [7.6462414, 45.0794632], [7.6463926, 45.0796666], [7.6464412, 45.0797247], [7.6468322, 45.0803121], [7.6471422, 45.0807731], [7.6471822, 45.0808302], [7.6472244, 45.0808881], [7.6472748, 45.0809792], [7.6477091, 45.0816292], [7.6481468, 45.0822752], [7.6486451, 45.0830162], [7.6487024, 45.0831034], [7.6487676, 45.0832073], [7.6491976, 45.0838421], [7.6495024, 45.0842888], [7.6497934, 45.0847192], [7.6498238, 45.0847668], [7.6499095, 45.084894], [7.6499824, 45.0850093], [7.651184, 45.0868052], [7.6514551, 45.0872053], [7.6514873, 45.0872485], [7.6515448, 45.0873355], [7.6518169, 45.087733], [7.6519126, 45.0878778], [7.6524195, 45.0886387], [7.6531157, 45.0896734], [7.6535197, 45.0902813], [7.6538471, 45.0907654], [7.653894, 45.0908267], [7.653698, 45.0909454], [7.6536162, 45.090998], [7.6535481, 45.0908961], [7.6534207, 45.090985], [7.6533099, 45.0910644], [7.6532838, 45.0910855], [7.6532053, 45.0911566], [7.6531755, 45.0911751], [7.6531224, 45.0912163], [7.6530967, 45.0912349], [7.6530409, 45.0912678], [7.6530023, 45.0912927], [7.6529657, 45.0913191], [7.6529257, 45.0913522], [7.652887, 45.0913861], [7.6528226, 45.0914451], [7.6527764, 45.0914778], [7.6527386, 45.0915095], [7.6527079, 45.091537], [7.6526759, 45.0915636], [7.6526376, 45.091589], [7.6525968, 45.0916142], [7.6525577, 45.0916407], [7.6525406, 45.0916566], [7.6523792, 45.0918208], [7.6523564, 45.0918417], [7.6522559, 45.0919263], [7.6521502, 45.0920104], [7.6520315, 45.0921074], [7.6519501, 45.0921711], [7.6519031, 45.0922145], [7.6518876, 45.0922309], [7.6516182, 45.0924984], [7.6513546, 45.0927491], [7.6509925, 45.0929387], [7.6508132, 45.0930077], [7.6506352, 45.0930637], [7.6505441, 45.0931086], [7.6504968, 45.0931283], [7.6504461, 45.0931466], [7.6503762, 45.0931679], [7.6502792, 45.0932195], [7.65008, 45.0933277], [7.6499875, 45.093363], [7.649988, 45.0933667], [7.6499858, 45.0933723], [7.6499809, 45.0933769], [7.6499816, 45.0933787], [7.6499813, 45.0933835], [7.6499781, 45.0933878], [7.6499727, 45.0933906], [7.6500091, 45.0934483], [7.6499639, 45.0934611], [7.6499283, 45.0934047], [7.6499191, 45.0934055], [7.6499128, 45.0934035], [7.6499082, 45.0933999], [7.6499024, 45.0933998], [7.6498948, 45.0933978], [7.6498912, 45.0933956], [7.6498693, 45.0934029], [7.6498344, 45.0934094], [7.6498148, 45.0934043], [7.6497854, 45.0934034], [7.6495351, 45.0934656], [7.6495031, 45.0934703], [7.6494685, 45.0934632], [7.6493841, 45.0934274], [7.6493446, 45.0934068], [7.6493298, 45.0933975], [7.6493193, 45.0933824], [7.6493089, 45.0933573], [7.6493044, 45.0933318], [7.6493096, 45.0933145], [7.649321, 45.0932977], [7.6493262, 45.0932809], [7.6493225, 45.0932701], [7.6490676, 45.0930175], [7.6490069, 45.0929463], [7.6489736, 45.0929014], [7.6489493, 45.0928661], [7.648912, 45.0927857], [7.6488923, 45.0927397], [7.6488673, 45.0926753], [7.6488353, 45.0925732], [7.6488082, 45.0924832], [7.6487911, 45.0924155], [7.6487784, 45.092361], [7.6487668, 45.0923201], [7.6487379, 45.0922329], [7.6487165, 45.0921568], [7.6486959, 45.0921028], [7.6486562, 45.0919513], [7.6486331, 45.0918789], [7.6486194, 45.0918309], [7.6486098, 45.0917791], [7.6485995, 45.0916611], [7.6486029, 45.091604], [7.6486161, 45.0915402], [7.6486195, 45.0914498], [7.6486339, 45.0913776], [7.6486504, 45.091329], [7.6486932, 45.0911823], [7.6487042, 45.0911157], [7.6487163, 45.091069], [7.6487287, 45.091031], [7.6487536, 45.0909315], [7.6487656, 45.0908721], [7.6487656, 45.0908569], [7.6487657, 45.0908264], [7.6487822, 45.0907212], [7.6487791, 45.0906604], [7.6487692, 45.0906182], [7.648758, 45.0905548], [7.648743, 45.090513], [7.6487257, 45.0904706], [7.6486739, 45.0903524], [7.6486099, 45.0902468], [7.6485451, 45.0901695], [7.6484757, 45.0901091], [7.6484083, 45.0900605], [7.6483454, 45.0900217], [7.6482455, 45.0899546], [7.6481486, 45.0899018], [7.648059, 45.0898646], [7.6478407, 45.0897615], [7.6477174, 45.089709], [7.6476379, 45.0896686], [7.6476022, 45.0896523], [7.6475656, 45.0896371], [7.6474904, 45.0896093], [7.6474233, 45.0895864], [7.6473004, 45.0895471], [7.6472446, 45.089531], [7.6471843, 45.0895156], [7.6470632, 45.0894876], [7.6470025, 45.0894751], [7.6469503, 45.0894667], [7.6468977, 45.0894604], [7.6468123, 45.0894524], [7.6463644, 45.0893907], [7.646354, 45.0893884], [7.6463469, 45.0893858], [7.6463362, 45.0893794], [7.6463332, 45.089376], [7.6463319, 45.0893724], [7.6463321, 45.0893688], [7.6462146, 45.0893587], [7.6460282, 45.0894237], [7.6459473, 45.0893746], [7.6457317, 45.0892439], [7.6455247, 45.0891168], [7.6454426, 45.0890664], [7.64563, 45.0890058], [7.6456142, 45.0889954], [7.6455968, 45.0889863], [7.6455639, 45.088974], [7.6455265, 45.0889628], [7.6454795, 45.0889519], [7.6454232, 45.0889362], [7.6453668, 45.0889221], [7.645309, 45.0889037], [7.6452798, 45.0888884], [7.645245, 45.0888746], [7.6452085, 45.0888573], [7.6451285, 45.0888286], [7.6450965, 45.0888141], [7.6450141, 45.0887801], [7.6449271, 45.088748], [7.6448536, 45.0887132], [7.6448077, 45.0886699], [7.6447659, 45.0886375], [7.6447291, 45.0886175], [7.6446691, 45.0885914], [7.6445909, 45.0885544], [7.6445303, 45.0885228], [7.6444984, 45.0885056], [7.6443816, 45.0884598], [7.6442467, 45.0884239], [7.6441611, 45.0883934], [7.6440234, 45.0883571], [7.6439476, 45.0883373], [7.6438754, 45.0883163], [7.6436983, 45.0882707], [7.6436101, 45.0882494], [7.6433571, 45.0881922], [7.6431124, 45.0881485], [7.6428175, 45.0880993], [7.6425662, 45.0880596], [7.642365, 45.0880207], [7.6422188, 45.0879952], [7.642166, 45.0879823], [7.6421406, 45.0879775], [7.6420605, 45.0879706], [7.6420658, 45.0879437], [7.642059, 45.0878907], [7.6420383, 45.0878912], [7.6420438, 45.0879409], [7.6420419, 45.0879646], [7.6420341, 45.0879694], [7.6420255, 45.0879735], [7.6420116, 45.0879782], [7.6419796, 45.0879818], [7.6418978, 45.0879741], [7.6417562, 45.0879602], [7.6416191, 45.0879464], [7.6413265, 45.0879252], [7.6411537, 45.0879199], [7.6411027, 45.0879161], [7.641161, 45.0880516], [7.6411782, 45.0880518], [7.6411833, 45.0880652], [7.641142, 45.0880654], [7.6410382, 45.0878158], [7.6410494, 45.0877295], [7.6411033, 45.0876394], [7.6398136, 45.0847399], [7.6397559, 45.0846097], [7.6396, 45.0842577], [7.6394488, 45.0839077], [7.639237, 45.0834238], [7.6389605, 45.0827928], [7.6387546, 45.0823227], [7.6383885, 45.0814869], [7.6381939, 45.0810429], [7.637944, 45.0804723], [7.6376812, 45.0798723], [7.6374166, 45.0792684], [7.6370967, 45.0785357], [7.6368106, 45.0778805], [7.636164, 45.0763999], [7.6357781, 45.0764619], [7.6357642, 45.0763962]]]}}, {"type": "Feature", "properties": {"ZONASTAT": "31", "DENOM": "Boringhieri", "name": "Boringhieri", "pop2023": null, "cafes": null, "cafe_density": null, "stops500m": null, "cafe_norm": null, "traffic_norm": null, "transit_norm": null, "pop_norm": null, "flow_norm": null, "traffic_raw": null, "flow_raw": null, "total": null}, "geometry": {"type": "Polygon", "coordinates": [[[7.6433544, 45.0755202], [7.6438634, 45.0753365], [7.6443098, 45.0751755], [7.6461496, 45.0745115], [7.6479137, 45.0738692], [7.6494509, 45.0733095], [7.6503582, 45.0729791], [7.6513694, 45.0726109], [7.6519928, 45.0723839], [7.6528494, 45.072072], [7.6538707, 45.0717], [7.6555419, 45.0710914], [7.6556951, 45.0720297], [7.6558478, 45.0729419], [7.6560128, 45.0739401], [7.6561002, 45.0744642], [7.6561667, 45.0750141], [7.6562158, 45.0754288], [7.6562891, 45.0760463], [7.6551018, 45.075998], [7.6540396, 45.0759549], [7.6527853, 45.0759039], [7.6521153, 45.0758766], [7.6507259, 45.0758202], [7.6500658, 45.0757933], [7.6491366, 45.0757555], [7.6486269, 45.0757348], [7.6481019, 45.0757134], [7.6478438, 45.0757029], [7.64712, 45.0756735], [7.6462389, 45.0756376], [7.6444846, 45.0755662], [7.6433544, 45.0755202]]]}}, {"type": "Feature", "properties": {"ZONASTAT": "33", "DENOM": "Borgo San Paolo", "name": "Borgo San Paolo", "pop2023": null, "cafes": null, "cafe_density": null, "stops500m": null, "cafe_norm": null, "traffic_norm": null, "transit_norm": null, "pop_norm": null, "flow_norm": null, "traffic_raw": null, "flow_raw": null, "total": null}, "geometry": {"type": "Polygon", "coordinates": [[[7.6449489, 45.0664312], [7.6450223, 45.0650193], [7.6450493, 45.0644994], [7.6451079, 45.0633497], [7.6451312, 45.0628006], [7.6451575, 45.0621819], [7.6451891, 45.0614382], [7.6452018, 45.0610997], [7.6452104, 45.0609158], [7.6452204, 45.0607011], [7.6456455, 45.0606528], [7.6457747, 45.0606381], [7.6468637, 45.0605145], [7.6479474, 45.0603915], [7.6508497, 45.060062], [7.6517062, 45.0599648], [7.6528076, 45.0598027], [7.653223, 45.0597627], [7.6559733, 45.0594802], [7.6560452, 45.059472], [7.6566227, 45.0595128], [7.656426, 45.0603721], [7.6560195, 45.0621472], [7.6556995, 45.0635451], [7.6556544, 45.0637917], [7.6553614, 45.0653936], [7.6553259, 45.0654993], [7.6552892, 45.065609], [7.6550713, 45.066576], [7.6550442, 45.0666961], [7.6549224, 45.0672368], [7.6549369, 45.0674543], [7.6550861, 45.0683595], [7.6551812, 45.0689332], [7.6551808, 45.0689514], [7.6552042, 45.0690713], [7.6552105, 45.0691084], [7.6553487, 45.0699284], [7.655467, 45.0706388], [7.6555419, 45.0710914], [7.6538707, 45.0717], [7.6528494, 45.072072], [7.6519928, 45.0723839], [7.6513694, 45.0726109], [7.6503582, 45.0729791], [7.6494509, 45.0733095], [7.6479137, 45.0738692], [7.6478154, 45.0736581], [7.6475711, 45.073019], [7.6474614, 45.0727321], [7.6471464, 45.0719084], [7.6466583, 45.0706316], [7.6459326, 45.0688421], [7.6454682, 45.0677039], [7.6451296, 45.0668739], [7.6449489, 45.0664312]]]}}, {"type": "Feature", "properties": {"ZONASTAT": "34", "DENOM": "Borgata Monginevro", "name": "Borgata Monginevro", "pop2023": null, "cafes": null, "cafe_density": null, "stops500m": null, "cafe_norm": null, "traffic_norm": null, "transit_norm": null, "pop_norm": null, "flow_norm": null, "traffic_raw": null, "flow_raw": null, "total": null}, "geometry": {"type": "Polygon", "coordinates": [[[7.6366066, 45.0645962], [7.6353839, 45.061817], [7.6370714, 45.0616257], [7.6383151, 45.0614847], [7.6396995, 45.0613277], [7.6410505, 45.0611743], [7.6414277, 45.0611314], [7.6420545, 45.0610608], [7.643255, 45.0609244], [7.6444092, 45.0607931], [7.6445748, 45.0607743], [7.6448127, 45.0607473], [7.6449312, 45.0607339], [7.6452204, 45.0607011], [7.6452104, 45.0609158], [7.6452018, 45.0610997], [7.6451891, 45.0614382], [7.6451575, 45.0621819], [7.6451312, 45.0628006], [7.6451079, 45.0633497], [7.6450493, 45.0644994], [7.6450223, 45.0650193], [7.6449489, 45.0664312], [7.6439328, 45.0668238], [7.6429698, 45.0671957], [7.6422139, 45.0674877], [7.6414928, 45.0677662], [7.6411645, 45.067893], [7.6405376, 45.0681351], [7.6402599, 45.0682423], [7.6385183, 45.0689149], [7.6382564, 45.0683233], [7.6379297, 45.0675852], [7.6378023, 45.0672974], [7.6376489, 45.0669508], [7.637264, 45.0660975], [7.6368855, 45.0652332], [7.6366066, 45.0645962]]]}}, {"type": "Feature", "properties": {"ZONASTAT": "54", "DENOM": "Stadio Comunale", "name": "Stadio Comunale", "pop2023": null, "cafes": null, "cafe_density": null, "stops500m": null, "cafe_norm": null, "traffic_norm": null, "transit_norm": null, "pop_norm": null, "flow_norm": null, "traffic_raw": null, "flow_raw": null, "total": null}, "geometry": {"type": "Polygon", "coordinates": [[[7.646513, 45.0466888], [7.6473379, 45.0464047], [7.6485452, 45.0459888], [7.6493671, 45.0457057], [7.6503088, 45.0453813], [7.6506184, 45.0452747], [7.6500988, 45.0445306], [7.6496566, 45.0438978], [7.6494444, 45.0437069], [7.6485593, 45.0424669], [7.6476185, 45.0411488], [7.6500176, 45.0403086], [7.6528453, 45.0393183], [7.6532103, 45.039188], [7.6533579, 45.0391388], [7.6535553, 45.0390696], [7.6539646, 45.0394381], [7.6548594, 45.0402384], [7.6549914, 45.0403568], [7.655452, 45.0407667], [7.6561497, 45.0413966], [7.6561887, 45.0414316], [7.6563163, 45.0415393], [7.6577627, 45.0428292], [7.6602437, 45.0450415], [7.6610363, 45.0457483], [7.662127, 45.0467208], [7.6627568, 45.0472824], [7.6633944, 45.0478508], [7.6639003, 45.0483019], [7.6639972, 45.0483979], [7.6641936, 45.0485441], [7.6640577, 45.048687], [7.6640258, 45.0487268], [7.6639076, 45.0488366], [7.6636386, 45.0490626], [7.6635333, 45.0491463], [7.6634096, 45.0492387], [7.6631894, 45.0493831], [7.6631031, 45.0494371], [7.6629702, 45.0495151], [7.6628331, 45.0495897], [7.6627477, 45.0496337], [7.6626173, 45.0496971], [7.6624832, 45.0497566], [7.6622817, 45.0498396], [7.6621798, 45.0498794], [7.6620766, 45.0499174], [7.6619484, 45.0499733], [7.6617213, 45.0500724], [7.6614793, 45.0501286], [7.6606478, 45.0503219], [7.6604602, 45.0503657], [7.6602213, 45.0504217], [7.6587481, 45.0507671], [7.6583926, 45.0507798], [7.6559021, 45.0513618], [7.6553814, 45.0514536], [7.6549763, 45.0515153], [7.6540969, 45.0516492], [7.6539203, 45.0515314], [7.6526845, 45.0507116], [7.65197, 45.0502376], [7.6513392, 45.0498192], [7.6507106, 45.0494021], [7.6503411, 45.049157], [7.6494278, 45.0485511], [7.6488213, 45.0481486], [7.6474167, 45.0472167], [7.647327, 45.0471643], [7.646513, 45.0466888]]]}}, {"type": "Feature", "properties": {"ZONASTAT": "35", "DENOM": "Polo Nord", "name": "Polo Nord", "pop2023": null, "cafes": null, "cafe_density": null, "stops500m": null, "cafe_norm": null, "traffic_norm": null, "transit_norm": null, "pop_norm": null, "flow_norm": null, "traffic_raw": null, "flow_raw": null, "total": null}, "geometry": {"type": "Polygon", "coordinates": [[[7.6349183, 45.0564781], [7.6348548, 45.0555096], [7.6351046, 45.0554581], [7.6362949, 45.0552136], [7.6374728, 45.0549705], [7.6383623, 45.0547856], [7.6390161, 45.0546517], [7.6413471, 45.0541743], [7.6419797, 45.0540408], [7.6454757, 45.0533474], [7.646584, 45.0531275], [7.6477435, 45.0528983], [7.648864, 45.0526759], [7.6503146, 45.0523892], [7.6504238, 45.0523684], [7.6508678, 45.0522809], [7.6511345, 45.0522287], [7.6520807, 45.0520436], [7.6528278, 45.0518975], [7.6536343, 45.0517397], [7.6540969, 45.0516492], [7.6549763, 45.0515153], [7.6553814, 45.0514536], [7.6559021, 45.0513618], [7.6583926, 45.0507798], [7.6587481, 45.0507671], [7.6584608, 45.0509278], [7.6580988, 45.0510462], [7.6577715, 45.0511653], [7.6573922, 45.0513185], [7.6568165, 45.0516119], [7.6566172, 45.0517373], [7.6562809, 45.0519755], [7.6559465, 45.0522442], [7.6557254, 45.0525301], [7.6551268, 45.0532965], [7.6550255, 45.0534817], [7.6548977, 45.0537529], [7.6547509, 45.054153], [7.6547415, 45.0542059], [7.6546866, 45.0545136], [7.6546819, 45.0545441], [7.6546402, 45.0548741], [7.6546257, 45.054968], [7.6546226, 45.0551336], [7.6546359, 45.0553422], [7.6546959, 45.0556089], [7.6547539, 45.0558668], [7.6548307, 45.0562207], [7.654897, 45.056506], [7.6549841, 45.0566632], [7.6550568, 45.0568076], [7.6551326, 45.0569633], [7.6551631, 45.0570339], [7.6552348, 45.0571338], [7.6554683, 45.0575119], [7.6555111, 45.0575653], [7.6555242, 45.0575744], [7.6555656, 45.057603], [7.6554325, 45.0576686], [7.6560754, 45.0585912], [7.6564075, 45.0590678], [7.6566992, 45.0594798], [7.6566227, 45.0595128], [7.6560452, 45.059472], [7.6559733, 45.0594802], [7.653223, 45.0597627], [7.6528076, 45.0598027], [7.6517062, 45.0599648], [7.6508497, 45.060062], [7.6479474, 45.0603915], [7.6468637, 45.0605145], [7.6457747, 45.0606381], [7.6456455, 45.0606528], [7.6452204, 45.0607011], [7.6449312, 45.0607339], [7.6448127, 45.0607473], [7.6445748, 45.0607743], [7.6444092, 45.0607931], [7.643255, 45.0609244], [7.6420545, 45.0610608], [7.6414277, 45.0611314], [7.6410505, 45.0611743], [7.6396995, 45.0613277], [7.6383151, 45.0614847], [7.6370714, 45.0616257], [7.6353839, 45.061817], [7.6352738, 45.0611677], [7.6351268, 45.0602678], [7.6350115, 45.0584356], [7.6349817, 45.0579619], [7.6349783, 45.0577051], [7.6349206, 45.0567123], [7.6349183, 45.0564781]]]}}, {"type": "Feature", "properties": {"ZONASTAT": "39", "DENOM": "Borgata Montebianco", "name": "Borgata Montebianco", "pop2023": null, "cafes": null, "cafe_density": null, "stops500m": null, "cafe_norm": null, "traffic_norm": null, "transit_norm": null, "pop_norm": null, "flow_norm": null, "traffic_raw": null, "flow_raw": null, "total": null}, "geometry": {"type": "Polygon", "coordinates": [[[7.6786667, 45.0903391], [7.6786748, 45.0901114], [7.6795837, 45.0900037], [7.6805303, 45.0898915], [7.6809301, 45.0898441], [7.6811997, 45.0898146], [7.6824946, 45.0896592], [7.6836983, 45.0895188], [7.6854183, 45.089326], [7.6865766, 45.0891927], [7.6876905, 45.0890745], [7.6883108, 45.0890087], [7.6886397, 45.08965], [7.6887518, 45.089893], [7.6889027, 45.0902203], [7.6890737, 45.0905693], [7.6892073, 45.0908419], [7.689355, 45.0911433], [7.6894367, 45.0913101], [7.6897038, 45.091855], [7.6900401, 45.0925412], [7.6903131, 45.0930984], [7.6906211, 45.0937268], [7.6910729, 45.0946485], [7.6914911, 45.095502], [7.6918392, 45.096211], [7.6921937, 45.0969358], [7.6928629, 45.0982936], [7.693161, 45.0989032], [7.6932353, 45.0990617], [7.6926238, 45.0992952], [7.6922044, 45.0994487], [7.6920583, 45.0994998], [7.6917701, 45.0995802], [7.6913765, 45.0996696], [7.6909449, 45.0997389], [7.6907905, 45.0997604], [7.6905993, 45.0997836], [7.6902269, 45.0998102], [7.6898199, 45.0998179], [7.6894002, 45.0997953], [7.6889647, 45.0997443], [7.688478, 45.0996642], [7.6870433, 45.0992333], [7.6858492, 45.0983527], [7.6858025, 45.0983089], [7.68507, 45.0976277], [7.684288, 45.0969014], [7.6834648, 45.0961366], [7.6827877, 45.0955077], [7.6816359, 45.0944377], [7.6811027, 45.0939424], [7.6807798, 45.0936055], [7.6800548, 45.0928492], [7.679617, 45.0923895], [7.6789079, 45.0914767], [7.6791155, 45.0914034], [7.6792647, 45.0913236], [7.6793636, 45.0912473], [7.6793957, 45.0911461], [7.679401, 45.0910586], [7.6793847, 45.0909982], [7.6793518, 45.0909439], [7.6792582, 45.0908509], [7.678749, 45.0904569], [7.6786667, 45.0903391]]]}}, {"type": "Feature", "properties": {"ZONASTAT": "40", "DENOM": "Regio Parco", "name": "Regio Parco", "pop2023": null, "cafes": null, "cafe_density": null, "stops500m": null, "cafe_norm": null, "traffic_norm": null, "transit_norm": null, "pop_norm": null, "flow_norm": null, "traffic_raw": null, "flow_raw": null, "total": null}, "geometry": {"type": "Polygon", "coordinates": [[[7.7050392, 45.0910436], [7.7051527, 45.0909563], [7.7055696, 45.0905168], [7.7057979, 45.0902577], [7.7064049, 45.0895687], [7.7064732, 45.0894904], [7.7069686, 45.0889174], [7.7077922, 45.0879672], [7.7097087, 45.0858164], [7.7100037, 45.0859425], [7.7102929, 45.086008], [7.7105001, 45.0860513], [7.7108527, 45.0860915], [7.7111445, 45.0861092], [7.7115158, 45.0861127], [7.7123854, 45.0858429], [7.7125654, 45.0857916], [7.7131863, 45.08519], [7.713607, 45.0853823], [7.7144972, 45.0859482], [7.7168849, 45.0876695], [7.7187891, 45.0890549], [7.7190513, 45.0890369], [7.7199602, 45.0889744], [7.720089, 45.0896228], [7.720565, 45.0910199], [7.7206911, 45.0912218], [7.7209738, 45.0916746], [7.7201414, 45.0920059], [7.71973, 45.0921697], [7.7193211, 45.0923785], [7.7187041, 45.0928184], [7.7185437, 45.092995], [7.7182554, 45.0932099], [7.7180241, 45.0932897], [7.7179226, 45.0934721], [7.717641, 45.0936796], [7.7174878, 45.0938832], [7.7174944, 45.0940196], [7.7176515, 45.094157], [7.7176912, 45.0942866], [7.7176925, 45.0943558], [7.717325, 45.0945555], [7.7168192, 45.0948237], [7.7163199, 45.0951154], [7.7142127, 45.0963463], [7.7138536, 45.0965574], [7.7133322, 45.0968573], [7.7112485, 45.0980706], [7.7101244, 45.0968105], [7.7095496, 45.0961609], [7.709084, 45.0956306], [7.708519, 45.0949888], [7.7077514, 45.0941143], [7.7072632, 45.0935503], [7.7071468, 45.0934165], [7.7070285, 45.0932839], [7.7069157, 45.0931568], [7.7068699, 45.0931053], [7.7050392, 45.0910436]]]}}, {"type": "Feature", "properties": {"ZONASTAT": "41", "DENOM": "Nuova Barriera di Milano", "name": "Nuova Barriera di Milano", "pop2023": null, "cafes": null, "cafe_density": null, "stops500m": null, "cafe_norm": null, "traffic_norm": null, "transit_norm": null, "pop_norm": null, "flow_norm": null, "traffic_raw": null, "flow_raw": null, "total": null}, "geometry": {"type": "Polygon", "coordinates": [[[7.6882308, 45.100358], [7.6870433, 45.0992333], [7.688478, 45.0996642], [7.6889647, 45.0997443], [7.6894002, 45.0997953], [7.6898199, 45.0998179], [7.6902269, 45.0998102], [7.6905993, 45.0997836], [7.6907905, 45.0997604], [7.6909449, 45.0997389], [7.6913765, 45.0996696], [7.6917701, 45.0995802], [7.6920583, 45.0994998], [7.6922044, 45.0994487], [7.6926238, 45.0992952], [7.6932353, 45.0990617], [7.6940012, 45.0987496], [7.6950666, 45.0983154], [7.6958546, 45.0979942], [7.6970077, 45.0975243], [7.6971642, 45.0974661], [7.6973154, 45.0974126], [7.6981258, 45.0970765], [7.6992398, 45.0966161], [7.7003354, 45.0961734], [7.7020256, 45.0954856], [7.7031399, 45.0950356], [7.7037324, 45.0947976], [7.7044631, 45.0945013], [7.7071468, 45.0934165], [7.7072632, 45.0935503], [7.7077514, 45.0941143], [7.708519, 45.0949888], [7.709084, 45.0956306], [7.7095496, 45.0961609], [7.7101244, 45.0968105], [7.7112485, 45.0980706], [7.7111803, 45.0981086], [7.707905, 45.1000222], [7.7075947, 45.1001978], [7.7075051, 45.1002474], [7.7074386, 45.1002784], [7.7073442, 45.1003159], [7.707255, 45.100347], [7.7055685, 45.1008969], [7.7044737, 45.1012548], [7.7026019, 45.1017251], [7.7017333, 45.1019388], [7.700919, 45.1021391], [7.7003077, 45.1022895], [7.6997061, 45.1024382], [7.6970865, 45.1030883], [7.6960644, 45.103343], [7.6960279, 45.1033521], [7.6954269, 45.1035504], [7.6948272, 45.1037483], [7.6931483, 45.1042612], [7.6930095, 45.1043042], [7.6924185, 45.104487], [7.692325, 45.1044016], [7.6921135, 45.104156], [7.6918785, 45.1038832], [7.6917284, 45.1037089], [7.6913354, 45.1033324], [7.6905422, 45.1025725], [7.6882308, 45.100358]]]}}, {"type": "Feature", "properties": {"ZONASTAT": "43", "DENOM": "La Fossata", "name": "La Fossata", "pop2023": null, "cafes": null, "cafe_density": null, "stops500m": null, "cafe_norm": null, "traffic_norm": null, "transit_norm": null, "pop_norm": null, "flow_norm": null, "traffic_raw": null, "flow_raw": null, "total": null}, "geometry": {"type": "Polygon", "coordinates": [[[7.6699761, 45.1051316], [7.6699523, 45.1049546], [7.6716639, 45.1048544], [7.6730278, 45.1047723], [7.6731042, 45.1047651], [7.6732118, 45.104759], [7.6750323, 45.1046565], [7.675005, 45.1044806], [7.6747692, 45.1029633], [7.674497, 45.1012183], [7.6743103, 45.1000216], [7.6742139, 45.0994035], [7.6747917, 45.0993533], [7.6762305, 45.0992283], [7.6781785, 45.099059], [7.6793868, 45.0989538], [7.6805681, 45.0988511], [7.6818056, 45.0987435], [7.6830377, 45.0986363], [7.6839886, 45.0985489], [7.684273, 45.0985562], [7.6852112, 45.0984788], [7.6853844, 45.0984511], [7.6855662, 45.0983996], [7.6858025, 45.0983089], [7.6858492, 45.0983527], [7.6870433, 45.0992333], [7.6882308, 45.100358], [7.6905422, 45.1025725], [7.6913354, 45.1033324], [7.6917284, 45.1037089], [7.6918785, 45.1038832], [7.6921135, 45.104156], [7.692325, 45.1044016], [7.6924185, 45.104487], [7.6918029, 45.1047133], [7.6913385, 45.104884], [7.6907662, 45.1048819], [7.6906846, 45.1050141], [7.6894249, 45.1056752], [7.689027, 45.1058886], [7.6888043, 45.1059865], [7.6884663, 45.1061424], [7.6880487, 45.1062653], [7.685489, 45.1067513], [7.6851623, 45.1067476], [7.6849911, 45.1068145], [7.684855, 45.1068673], [7.683429, 45.1071345], [7.6823878, 45.1073296], [7.6813994, 45.10752], [7.6812534, 45.1075419], [7.6796613, 45.1078488], [7.679566, 45.1077584], [7.6785653, 45.1079525], [7.6776153, 45.1081352], [7.676604, 45.1083297], [7.6756274, 45.1085175], [7.675317, 45.1085821], [7.6735997, 45.1089394], [7.6708623, 45.1095164], [7.6705739, 45.1095772], [7.670354, 45.1079411], [7.6701316, 45.1062871], [7.6699761, 45.1051316]]]}}, {"type": "Feature", "properties": {"ZONASTAT": "44", "DENOM": "Officine Savigliano - Acciaierie Fiat", "name": "Officine Savigliano - Acciaierie Fiat", "pop2023": null, "cafes": null, "cafe_density": null, "stops500m": null, "cafe_norm": null, "traffic_norm": null, "transit_norm": null, "pop_norm": null, "flow_norm": null, "traffic_raw": null, "flow_raw": null, "total": null}, "geometry": {"type": "Polygon", "coordinates": [[[7.6628831, 45.0921448], [7.6629029, 45.0919434], [7.6629254, 45.0917151], [7.6629629, 45.0912309], [7.6629782, 45.0910223], [7.6630094, 45.0908629], [7.663126, 45.0908679], [7.6631658, 45.0907245], [7.6633443, 45.0908015], [7.663524, 45.0908663], [7.6635587, 45.0908704], [7.6637049, 45.0908679], [7.6646898, 45.090834], [7.6656844, 45.09064], [7.6660672, 45.0906085], [7.6661795, 45.0905977], [7.6662914, 45.0905853], [7.6668335, 45.0905216], [7.666939, 45.0905069], [7.667389, 45.0904365], [7.6681955, 45.090312], [7.6686032, 45.0902473], [7.6687288, 45.0902253], [7.6688538, 45.0902014], [7.669108, 45.0901511], [7.6692189, 45.0901277], [7.6693288, 45.0901019], [7.6695295, 45.0900472], [7.6701789, 45.0898854], [7.670193, 45.0898828], [7.6702133, 45.08989], [7.6702461, 45.0900856], [7.67034, 45.0900417], [7.6760351, 45.0878124], [7.676239, 45.0877326], [7.676412, 45.0876299], [7.67654, 45.0878118], [7.676604, 45.0879066], [7.6768376, 45.0882524], [7.6775841, 45.0893572], [7.6779306, 45.0895715], [7.6782821, 45.0898283], [7.6786748, 45.0901114], [7.6786667, 45.0903391], [7.678749, 45.0904569], [7.6792582, 45.0908509], [7.6793518, 45.0909439], [7.6793847, 45.0909982], [7.679401, 45.0910586], [7.6793957, 45.0911461], [7.6793636, 45.0912473], [7.6792647, 45.0913236], [7.6791155, 45.0914034], [7.6789079, 45.0914767], [7.6786197, 45.0915836], [7.6782185, 45.0917634], [7.6774521, 45.0920947], [7.6768509, 45.0923531], [7.6765176, 45.0926328], [7.6760476, 45.0930453], [7.6757127, 45.0933389], [7.6753885, 45.0936222], [7.6753552, 45.0936492], [7.6743431, 45.094545], [7.6731435, 45.0955633], [7.6722988, 45.0963171], [7.6720006, 45.0965832], [7.6715659, 45.0963593], [7.6712892, 45.0966741], [7.6687585, 45.0969456], [7.6677645, 45.0970527], [7.6668066, 45.0971558], [7.665566, 45.0972894], [7.6643483, 45.0974205], [7.6630439, 45.097561], [7.6630153, 45.0966513], [7.6630041, 45.0962678], [7.6629873, 45.0957076], [7.6629749, 45.0952957], [7.6629662, 45.0949981], [7.6629319, 45.0938209], [7.6628831, 45.0921448]]]}}, {"type": "Feature", "properties": {"ZONASTAT": "36", "DENOM": "Cimitero Generale - Scalo Vanchiglia", "name": "Cimitero Generale - Scalo Vanchiglia", "pop2023": null, "cafes": null, "cafe_density": null, "stops500m": null, "cafe_norm": null, "traffic_norm": null, "transit_norm": null, "pop_norm": null, "flow_norm": null, "traffic_raw": null, "flow_raw": null, "total": null}, "geometry": {"type": "Polygon", "coordinates": [[[7.6974027, 45.0832972], [7.69778, 45.082875], [7.6981915, 45.0824146], [7.698968, 45.0815456], [7.6992446, 45.0812359], [7.6995192, 45.0809347], [7.6996035, 45.0808422], [7.7006739, 45.0796368], [7.7018698, 45.0782607], [7.7038927, 45.0759796], [7.7041959, 45.0756708], [7.7044365, 45.0754258], [7.7047027, 45.0754287], [7.70473, 45.0754324], [7.7049053, 45.0752368], [7.7049125, 45.075237], [7.7049188, 45.0752345], [7.7049222, 45.0752296], [7.7049533, 45.075229], [7.7051942, 45.0752383], [7.705327, 45.0752419], [7.7054598, 45.075244], [7.7056239, 45.075245], [7.7060079, 45.0752455], [7.7062278, 45.0752443], [7.7063743, 45.0752416], [7.7065398, 45.0752352], [7.7068721, 45.0752187], [7.7070389, 45.0752088], [7.7073008, 45.0751868], [7.7074576, 45.0751755], [7.7076142, 45.0751626], [7.7080634, 45.0751145], [7.7082069, 45.0750984], [7.7083492, 45.0750797], [7.7087372, 45.0750254], [7.7088842, 45.0750036], [7.7090304, 45.0749794], [7.7091961, 45.0749492], [7.7093612, 45.0749174], [7.7097953, 45.0748306], [7.7099182, 45.0748039], [7.710353, 45.0747022], [7.7103628, 45.0747088], [7.7103933, 45.0747005], [7.7104015, 45.0747136], [7.7103981, 45.0747148], [7.710569, 45.0748478], [7.7106583, 45.0748217], [7.7107204, 45.0748038], [7.7107468, 45.0747934], [7.7105689, 45.0746575], [7.710595, 45.0746469], [7.7105898, 45.0746426], [7.7106785, 45.0746179], [7.7106942, 45.0746408], [7.7107614, 45.074624], [7.7107493, 45.0746], [7.7115588, 45.0743565], [7.7116484, 45.0743258], [7.7116894, 45.0743107], [7.7117398, 45.0742893], [7.7132899, 45.0736148], [7.7133792, 45.0735768], [7.7134652, 45.0735428], [7.713554, 45.0735122], [7.7135953, 45.0734999], [7.7136585, 45.0734842], [7.713723, 45.0734713], [7.7138089, 45.0734568], [7.7138955, 45.0734444], [7.7139883, 45.0734329], [7.7140818, 45.0734241], [7.7141508, 45.0734212], [7.7142198, 45.073422], [7.7143278, 45.073427], [7.7144356, 45.0734364], [7.7145138, 45.0734459], [7.7145912, 45.073458], [7.7146757, 45.0734739], [7.7147596, 45.0734912], [7.71485, 45.0735112], [7.7149392, 45.0735337], [7.7149882, 45.0735485], [7.7150597, 45.0735738], [7.7151297, 45.0736012], [7.7152259, 45.0736414], [7.7152727, 45.0736628], [7.7153185, 45.0736856], [7.7153626, 45.0737095], [7.715426, 45.0737474], [7.7154864, 45.0737878], [7.7155486, 45.0738325], [7.7156075, 45.0738793], [7.7169954, 45.0750772], [7.7170546, 45.0751273], [7.7171884, 45.0752376], [7.7172634, 45.0752976], [7.7173342, 45.0753516], [7.7174816, 45.0754576], [7.7175584, 45.0755093], [7.7178154, 45.075674], [7.7178098, 45.0756903], [7.7178135, 45.0756988], [7.7178187, 45.0757017], [7.7177033, 45.0758653], [7.7177258, 45.0758725], [7.7177937, 45.0759115], [7.7178617, 45.0759504], [7.7178889, 45.0759565], [7.7179939, 45.0758018], [7.7180142, 45.0758081], [7.7180329, 45.0757927], [7.7181169, 45.0758432], [7.7182038, 45.075891], [7.7182639, 45.0759209], [7.7185682, 45.0760613], [7.7187066, 45.0761229], [7.7188535, 45.076187], [7.7189444, 45.0762245], [7.7191538, 45.0763078], [7.7192728, 45.0763527], [7.7197028, 45.0765053], [7.7198057, 45.0765401], [7.7199097, 45.0765733], [7.7200292, 45.0766099], [7.7201494, 45.0766454], [7.7202692, 45.0766798], [7.7203899, 45.0767124], [7.7206202, 45.0767681], [7.7208539, 45.0768292], [7.721096, 45.0768871], [7.7219938, 45.0771151], [7.721904, 45.0772941], [7.7219523, 45.0773049], [7.7220426, 45.0771269], [7.7234767, 45.07748], [7.7237215, 45.0775581], [7.7239192, 45.0776333], [7.7240536, 45.077691], [7.724188, 45.0777662], [7.7243938, 45.0778971], [7.7246037, 45.0780485], [7.7246371, 45.0780782], [7.7246665, 45.07811], [7.7247368, 45.0781926], [7.7248171, 45.0782523], [7.7249998, 45.0782998], [7.7250446, 45.0782902], [7.7251173, 45.078324], [7.7252734, 45.0783088], [7.7261867, 45.0790118], [7.7261602, 45.0790483], [7.7261313, 45.079084], [7.7261081, 45.0791091], [7.7260823, 45.0791328], [7.7260692, 45.079141], [7.7260548, 45.0791484], [7.7260467, 45.0791543], [7.7260171, 45.0791892], [7.7259779, 45.0792249], [7.7259262, 45.0792757], [7.7257709, 45.0794415], [7.7257229, 45.0794908], [7.7256853, 45.0795325], [7.7256526, 45.0795561], [7.7256225, 45.0795834], [7.7256025, 45.0796029], [7.7255769, 45.0796223], [7.7255656, 45.079641], [7.7255309, 45.0796862], [7.7255013, 45.079715], [7.7254945, 45.0797256], [7.7254604, 45.0798071], [7.7254548, 45.0798174], [7.7254474, 45.0798271], [7.7254139, 45.0798625], [7.7253971, 45.0798791], [7.7253636, 45.079909], [7.7253567, 45.0799203], [7.7253523, 45.0799321], [7.7253418, 45.0799685], [7.725334, 45.0799777], [7.725324, 45.0799862], [7.725319, 45.0799925], [7.7253097, 45.0800116], [7.7253046, 45.0800312], [7.7252423, 45.0801329], [7.7252033, 45.0801927], [7.7251723, 45.0802343], [7.7251425, 45.0802862], [7.7250823, 45.0803791], [7.7250724, 45.0803898], [7.7250534, 45.080404], [7.7250357, 45.0804188], [7.7250224, 45.0804334], [7.7249625, 45.0805002], [7.724868, 45.0806149], [7.7248595, 45.0806228], [7.7248437, 45.0806329], [7.7248264, 45.0806419], [7.7248286, 45.0806535], [7.7248294, 45.0806652], [7.7248268, 45.0806856], [7.7248174, 45.0807057], [7.7248017, 45.0807197], [7.7247844, 45.0807503], [7.7247612, 45.080775], [7.7247548, 45.0807851], [7.7247497, 45.0807954], [7.7247457, 45.080815], [7.7247409, 45.0808212], [7.724734, 45.0808265], [7.724718, 45.0808354], [7.7247004, 45.0808416], [7.7246932, 45.0808549], [7.7246943, 45.0808652], [7.7247132, 45.0808685], [7.7247113, 45.0808773], [7.7247078, 45.0808859], [7.7246625, 45.0809518], [7.7246491, 45.0809663], [7.7246341, 45.0809801], [7.7246259, 45.0809901], [7.7246076, 45.081022], [7.7245919, 45.0810536], [7.724575, 45.0810849], [7.7245525, 45.0811166], [7.7245, 45.0811814], [7.7244275, 45.0812689], [7.7244034, 45.0813001], [7.7243809, 45.081332], [7.7243639, 45.0813577], [7.7243495, 45.0813843], [7.7243389, 45.0814098], [7.724331, 45.0814357], [7.7243249, 45.0814601], [7.7243158, 45.0814841], [7.724305, 45.0815047], [7.7242789, 45.0815477], [7.7242627, 45.0815698], [7.724253, 45.0815792], [7.7242415, 45.0815875], [7.7242168, 45.0816031], [7.724202, 45.0816146], [7.7241515, 45.0816639], [7.7241034, 45.0817145], [7.7240804, 45.0817402], [7.7240603, 45.081767], [7.7240324, 45.081821], [7.7240176, 45.0818465], [7.7240016, 45.0818718], [7.7239897, 45.081885], [7.7239763, 45.0818977], [7.7239693, 45.0819069], [7.7239281, 45.0819793], [7.7239231, 45.0819844], [7.7239157, 45.0819884], [7.72391, 45.0819907], [7.7238991, 45.0819953], [7.7238905, 45.0820013], [7.7238749, 45.0820214], [7.7238532, 45.0820582], [7.7237787, 45.0821394], [7.7237596, 45.0821667], [7.7237405, 45.0822103], [7.7237226, 45.0822351], [7.7237, 45.0822579], [7.7236668, 45.0822836], [7.7236354, 45.0823033], [7.723526, 45.0824293], [7.7233807, 45.0826472], [7.7232818, 45.0829113], [7.7231432, 45.083147], [7.7230776, 45.0832897], [7.7230607, 45.0833965], [7.7219855, 45.0848288], [7.7215805, 45.085407], [7.721394, 45.0857095], [7.7212668, 45.0858884], [7.7212349, 45.0859286], [7.7211915, 45.0860881], [7.7211592, 45.0861527], [7.7211306, 45.0862181], [7.7210492, 45.0863543], [7.7210528, 45.0863671], [7.7210506, 45.0863947], [7.7210453, 45.0864092], [7.7210355, 45.0864317], [7.7210241, 45.0864536], [7.7209953, 45.08649], [7.7209436, 45.0866114], [7.7208687, 45.0868404], [7.7207341, 45.0872801], [7.7207249, 45.0873754], [7.7207112, 45.0876878], [7.7206703, 45.0880279], [7.7206736, 45.0881954], [7.7206947, 45.0887481], [7.7206996, 45.0888045], [7.7207264, 45.0889218], [7.7199602, 45.0889744], [7.7190513, 45.0890369], [7.7187891, 45.0890549], [7.7168849, 45.0876695], [7.7144972, 45.0859482], [7.713607, 45.0853823], [7.7131863, 45.08519], [7.7125654, 45.0857916], [7.7123854, 45.0858429], [7.7115158, 45.0861127], [7.7111445, 45.0861092], [7.7108527, 45.0860915], [7.7105001, 45.0860513], [7.7102929, 45.086008], [7.7100037, 45.0859425], [7.7097087, 45.0858164], [7.7077922, 45.0879672], [7.7062142, 45.0872555], [7.7055636, 45.0869611], [7.7044078, 45.0864425], [7.7028574, 45.0857437], [7.7019357, 45.0853262], [7.7008602, 45.0848405], [7.698729, 45.0838789], [7.6982234, 45.0836501], [7.6974027, 45.0832972]]]}}, {"type": "Feature", "properties": {"ZONASTAT": "37", "DENOM": "Borgata Maddalene", "name": "Borgata Maddalene", "pop2023": null, "cafes": null, "cafe_density": null, "stops500m": null, "cafe_norm": null, "traffic_norm": null, "transit_norm": null, "pop_norm": null, "flow_norm": null, "traffic_raw": null, "flow_raw": null, "total": null}, "geometry": {"type": "Polygon", "coordinates": [[[7.6932111, 45.0865187], [7.6936234, 45.086292], [7.6947258, 45.0856756], [7.6954723, 45.0852607], [7.6956541, 45.0851705], [7.6958211, 45.0850471], [7.695913, 45.0849521], [7.696059, 45.0847874], [7.6966512, 45.0841325], [7.6974027, 45.0832972], [7.6982234, 45.0836501], [7.698729, 45.0838789], [7.7008602, 45.0848405], [7.7019357, 45.0853262], [7.7028574, 45.0857437], [7.7044078, 45.0864425], [7.7055636, 45.0869611], [7.7062142, 45.0872555], [7.7077922, 45.0879672], [7.7069686, 45.0889174], [7.7064732, 45.0894904], [7.7064049, 45.0895687], [7.7057979, 45.0902577], [7.7055696, 45.0905168], [7.7051527, 45.0909563], [7.7050392, 45.0910436], [7.7068699, 45.0931053], [7.7069157, 45.0931568], [7.7070285, 45.0932839], [7.7071468, 45.0934165], [7.7044631, 45.0945013], [7.7037324, 45.0947976], [7.7031399, 45.0950356], [7.7020256, 45.0954856], [7.7019323, 45.0953418], [7.7016223, 45.0948649], [7.7009138, 45.0937745], [7.7006307, 45.0933388], [7.7002606, 45.0927692], [7.6998323, 45.0921202], [7.699808, 45.0920835], [7.6994873, 45.0915982], [7.6991537, 45.091084], [7.6988404, 45.0905927], [7.698326, 45.0898084], [7.6979777, 45.0892688], [7.6976034, 45.0887144], [7.697635, 45.0886333], [7.6971465, 45.0883673], [7.6970492, 45.0883249], [7.6965062, 45.0880838], [7.6958974, 45.0878077], [7.6959829, 45.087591], [7.6954557, 45.087361], [7.6947233, 45.0871237], [7.6939931, 45.0868845], [7.6936664, 45.0867539], [7.6932111, 45.0865187]]]}}, {"type": "Feature", "properties": {"ZONASTAT": "38", "DENOM": "Borgata Monterosa", "name": "Borgata Monterosa", "pop2023": null, "cafes": null, "cafe_density": null, "stops500m": null, "cafe_norm": null, "traffic_norm": null, "transit_norm": null, "pop_norm": null, "flow_norm": null, "traffic_raw": null, "flow_raw": null, "total": null}, "geometry": {"type": "Polygon", "coordinates": [[[7.6886397, 45.08965], [7.6883108, 45.0890087], [7.6887435, 45.0888268], [7.688854, 45.088774], [7.6893752, 45.0885247], [7.6903824, 45.0880432], [7.6906398, 45.0879117], [7.6908481, 45.087796], [7.6911512, 45.08765], [7.6914093, 45.0875083], [7.6917895, 45.0872991], [7.6920526, 45.0871547], [7.6923373, 45.0869987], [7.6932111, 45.0865187], [7.6936664, 45.0867539], [7.6939931, 45.0868845], [7.6947233, 45.0871237], [7.6954557, 45.087361], [7.6959829, 45.087591], [7.6958974, 45.0878077], [7.6965062, 45.0880838], [7.6970492, 45.0883249], [7.6971465, 45.0883673], [7.697635, 45.0886333], [7.6976034, 45.0887144], [7.6979777, 45.0892688], [7.698326, 45.0898084], [7.6988404, 45.0905927], [7.6991537, 45.091084], [7.6994873, 45.0915982], [7.699808, 45.0920835], [7.6998323, 45.0921202], [7.7002606, 45.0927692], [7.7006307, 45.0933388], [7.7009138, 45.0937745], [7.7016223, 45.0948649], [7.7019323, 45.0953418], [7.7020256, 45.0954856], [7.7003354, 45.0961734], [7.6992398, 45.0966161], [7.6981258, 45.0970765], [7.6973154, 45.0974126], [7.6971642, 45.0974661], [7.6970077, 45.0975243], [7.6958546, 45.0979942], [7.6950666, 45.0983154], [7.6940012, 45.0987496], [7.6932353, 45.0990617], [7.693161, 45.0989032], [7.6928629, 45.0982936], [7.6921937, 45.0969358], [7.6918392, 45.096211], [7.6914911, 45.095502], [7.6910729, 45.0946485], [7.6906211, 45.0937268], [7.6903131, 45.0930984], [7.6900401, 45.0925412], [7.6897038, 45.091855], [7.6894367, 45.0913101], [7.689355, 45.0911433], [7.6892073, 45.0908419], [7.6890737, 45.0905693], [7.6889027, 45.0902203], [7.6887518, 45.089893], [7.6886397, 45.08965]]]}}, {"type": "Feature", "properties": {"ZONASTAT": "56", "DENOM": "Mercato Ortofrutticolo", "name": "Mercato Ortofrutticolo", "pop2023": null, "cafes": null, "cafe_density": null, "stops500m": null, "cafe_norm": null, "traffic_norm": null, "transit_norm": null, "pop_norm": null, "flow_norm": null, "traffic_raw": null, "flow_raw": null, "total": null}, "geometry": {"type": "Polygon", "coordinates": [[[7.6474731, 45.03356], [7.646519, 45.0326957], [7.6476188, 45.0323663], [7.6489464, 45.0319686], [7.6500931, 45.0316251], [7.6518611, 45.0310959], [7.653624, 45.0305702], [7.6550961, 45.0301265], [7.6555393, 45.0299806], [7.6568951, 45.0295701], [7.657979, 45.0292409], [7.6582304, 45.0299821], [7.6594883, 45.0325886], [7.661906, 45.0366134], [7.6623113, 45.0373733], [7.6625101, 45.0376525], [7.6627288, 45.0380413], [7.6631998, 45.038989], [7.663315, 45.039218], [7.6633455, 45.0392642], [7.6633789, 45.0392936], [7.6656349, 45.0423112], [7.665965, 45.0426563], [7.6660862, 45.0427296], [7.6663171, 45.0429403], [7.6663517, 45.0429776], [7.6664996, 45.043194], [7.6666161, 45.0432896], [7.6666399, 45.0433125], [7.6666733, 45.0433512], [7.6667014, 45.043392], [7.6667229, 45.0434284], [7.6667403, 45.0434658], [7.6667553, 45.0435067], [7.6667859, 45.0436113], [7.6669018, 45.0437799], [7.6668031, 45.0439463], [7.6666156, 45.0440247], [7.6665619, 45.0440469], [7.6647143, 45.0451585], [7.6654966, 45.0462912], [7.6654915, 45.0464651], [7.6654196, 45.0466197], [7.6653445, 45.0467164], [7.6654348, 45.0468052], [7.6657457, 45.0469403], [7.6649717, 45.0476822], [7.6642614, 45.0483612], [7.6642524, 45.0483855], [7.6641936, 45.0485441], [7.6639972, 45.0483979], [7.6639003, 45.0483019], [7.6633944, 45.0478508], [7.6627568, 45.0472824], [7.662127, 45.0467208], [7.6610363, 45.0457483], [7.6602437, 45.0450415], [7.6577627, 45.0428292], [7.6563163, 45.0415393], [7.6561887, 45.0414316], [7.6561497, 45.0413966], [7.655452, 45.0407667], [7.6549914, 45.0403568], [7.6548594, 45.0402384], [7.6539646, 45.0394381], [7.6535553, 45.0390696], [7.6532705, 45.038802], [7.6530099, 45.0385756], [7.6512977, 45.0370247], [7.6505699, 45.0363655], [7.6494635, 45.0353632], [7.6485803, 45.0345631], [7.6480248, 45.0340598], [7.6474731, 45.03356]]]}}, {"type": "Feature", "properties": {"ZONASTAT": "47", "DENOM": "Borgata Ceronda", "name": "Borgata Ceronda", "pop2023": null, "cafes": null, "cafe_density": null, "stops500m": null, "cafe_norm": null, "traffic_norm": null, "transit_norm": null, "pop_norm": null, "flow_norm": null, "traffic_raw": null, "flow_raw": null, "total": null}, "geometry": {"type": "Polygon", "coordinates": [[[7.6503762, 45.0931679], [7.6504461, 45.0931466], [7.6504968, 45.0931283], [7.6505441, 45.0931086], [7.6506352, 45.0930637], [7.6508132, 45.0930077], [7.6509925, 45.0929387], [7.6513546, 45.0927491], [7.6516182, 45.0924984], [7.6518876, 45.0922309], [7.6519031, 45.0922145], [7.6519501, 45.0921711], [7.6520315, 45.0921074], [7.6521502, 45.0920104], [7.6522559, 45.0919263], [7.6523564, 45.0918417], [7.6523792, 45.0918208], [7.6525406, 45.0916566], [7.6525577, 45.0916407], [7.6525968, 45.0916142], [7.6526376, 45.091589], [7.6526759, 45.0915636], [7.6527079, 45.091537], [7.6527386, 45.0915095], [7.6527764, 45.0914778], [7.6528226, 45.0914451], [7.652887, 45.0913861], [7.6529257, 45.0913522], [7.6529657, 45.0913191], [7.6530023, 45.0912927], [7.6530409, 45.0912678], [7.6530967, 45.0912349], [7.6531224, 45.0912163], [7.6531755, 45.0911751], [7.6532053, 45.0911566], [7.6532838, 45.0910855], [7.6533099, 45.0910644], [7.6534207, 45.090985], [7.6535481, 45.0908961], [7.6536162, 45.090998], [7.653698, 45.0909454], [7.653894, 45.0908267], [7.6539139, 45.0908128], [7.6539908, 45.0907365], [7.6539886, 45.0907265], [7.654018, 45.0907126], [7.6540294, 45.0907161], [7.6540822, 45.0906909], [7.6541251, 45.0906704], [7.6541571, 45.0906488], [7.6540386, 45.0904755], [7.6540834, 45.0904469], [7.6541731, 45.0904798], [7.6541935, 45.090485], [7.6542041, 45.0904856], [7.6542141, 45.0904841], [7.6542658, 45.0904669], [7.6543258, 45.0904486], [7.654345, 45.090441], [7.6543721, 45.0904277], [7.6543984, 45.0904134], [7.6544658, 45.0903734], [7.6544896, 45.0903635], [7.6545084, 45.09035], [7.6545714, 45.0903209], [7.6546121, 45.0902956], [7.6546237, 45.0902893], [7.6546355, 45.0902832], [7.6546583, 45.0902741], [7.6546749, 45.0902639], [7.6547252, 45.0902389], [7.6547446, 45.0902278], [7.6547602, 45.0902177], [7.6548154, 45.0901717], [7.6549062, 45.0901012], [7.6549459, 45.0900734], [7.6549932, 45.0900297], [7.6550708, 45.089972], [7.6551545, 45.0898985], [7.6552126, 45.0898527], [7.6552327, 45.0898295], [7.6552666, 45.0897782], [7.6552827, 45.0897511], [7.655341, 45.0896403], [7.6553567, 45.0896054], [7.6553708, 45.0895701], [7.6553914, 45.0895055], [7.6553997, 45.0894907], [7.6554096, 45.0894764], [7.6554206, 45.0894641], [7.6554301, 45.0894513], [7.6554364, 45.0894319], [7.6554541, 45.0893321], [7.6554663, 45.0892564], [7.6554839, 45.0891752], [7.6555051, 45.089065], [7.6555057, 45.0890427], [7.6555026, 45.0889634], [7.6555047, 45.0889342], [7.6555199, 45.08882], [7.6555219, 45.0887556], [7.6555246, 45.0887342], [7.6555637, 45.088563], [7.6555849, 45.0884602], [7.6556003, 45.0883783], [7.6556086, 45.0883459], [7.6556289, 45.0882765], [7.6556413, 45.0882395], [7.6556783, 45.088156], [7.6557154, 45.088063], [7.6557765, 45.0879213], [7.6557878, 45.0878884], [7.6557928, 45.0878584], [7.6558003, 45.0878339], [7.6558098, 45.0878098], [7.6558408, 45.0877538], [7.6558443, 45.0877403], [7.6558586, 45.0877195], [7.6558816, 45.0876897], [7.6558909, 45.0876738], [7.6559286, 45.0875983], [7.6559392, 45.0875797], [7.6559512, 45.0875645], [7.6559987, 45.0875123], [7.656045, 45.0874653], [7.656061, 45.0874474], [7.65611, 45.0874054], [7.6561427, 45.0873644], [7.6561759, 45.0873301], [7.6562005, 45.087303], [7.6562845, 45.0872517], [7.6564317, 45.087361], [7.6565212, 45.0873002], [7.6566149, 45.0872366], [7.6568289, 45.087091], [7.656917, 45.0870394], [7.6567536, 45.0869211], [7.6568566, 45.0868658], [7.6570697, 45.0868268], [7.6571088, 45.0868229], [7.6572723, 45.0868155], [7.6573006, 45.0868127], [7.6573285, 45.0868079], [7.6573716, 45.0867954], [7.6574138, 45.0867819], [7.6574951, 45.0867599], [7.657579, 45.0867426], [7.6576025, 45.0867353], [7.6576362, 45.0867221], [7.6576679, 45.0867067], [7.657776, 45.086697], [7.6579721, 45.0866666], [7.6584558, 45.086595], [7.6590313, 45.0865516], [7.6592608, 45.0865451], [7.6597314, 45.0865007], [7.6599856, 45.0864771], [7.6600136, 45.0864725], [7.6600406, 45.0864654], [7.6600934, 45.0864479], [7.6601292, 45.0864373], [7.6601503, 45.0864327], [7.660227, 45.0864198], [7.6603043, 45.0864093], [7.6603563, 45.0864048], [7.6605177, 45.086395], [7.6609523, 45.0863704], [7.6610448, 45.0863631], [7.6611372, 45.0863546], [7.6611988, 45.0863505], [7.6612559, 45.0863505], [7.6613129, 45.086355], [7.6613509, 45.0863601], [7.6614013, 45.0863688], [7.6614681, 45.0863831], [7.6615862, 45.0864111], [7.6617017, 45.0864412], [7.661827, 45.0864758], [7.6619517, 45.0865112], [7.662201, 45.0866074], [7.6622171, 45.0866135], [7.6622561, 45.0866205], [7.6623623, 45.0866395], [7.6624856, 45.0866693], [7.662545, 45.0866889], [7.6628912, 45.0868096], [7.6634603, 45.0870065], [7.6635902, 45.0870502], [7.6636781, 45.0870774], [7.6637415, 45.0870944], [7.663806, 45.0871094], [7.6639361, 45.0871366], [7.6640223, 45.0871561], [7.6643764, 45.0872455], [7.664472, 45.0872802], [7.664487, 45.087279], [7.6644826, 45.0873299], [7.664435, 45.0873601], [7.664406, 45.0873499], [7.6643958, 45.0873516], [7.6644979, 45.0875248], [7.6646366, 45.0876451], [7.6646844, 45.0876645], [7.6647303, 45.0878552], [7.6647481, 45.0878545], [7.6648478, 45.0878815], [7.6646326, 45.0882768], [7.6645011, 45.0884559], [7.6643661, 45.0885956], [7.6641738, 45.0887375], [7.6640858, 45.0887903], [7.6640174, 45.0888265], [7.6639642, 45.0888511], [7.6639231, 45.0888678], [7.6638593, 45.0888895], [7.6638263, 45.0888988], [7.6637924, 45.0889069], [7.6636987, 45.0889262], [7.6635576, 45.088952], [7.6634156, 45.0889752], [7.6631101, 45.0890182], [7.6630091, 45.0890351], [7.6629131, 45.0890541], [7.6627709, 45.0890866], [7.6626308, 45.0891232], [7.6624959, 45.0891554], [7.6624501, 45.0891633], [7.6623715, 45.0891804], [7.6623134, 45.0891956], [7.6622274, 45.0892211], [7.6621419, 45.0892487], [7.6620848, 45.0892696], [7.6620442, 45.0892872], [7.6619859, 45.0893169], [7.6619299, 45.0893504], [7.6618778, 45.0893866], [7.6618426, 45.0894152], [7.6618181, 45.0894376], [7.6617846, 45.0894731], [7.6617545, 45.0895111], [7.6617253, 45.0895556], [7.6617068, 45.0895894], [7.6616837, 45.0896409], [7.6616654, 45.0896938], [7.661653, 45.0897405], [7.661646, 45.0897756], [7.6616393, 45.0898283], [7.6616369, 45.089881], [7.6616385, 45.0899329], [7.661643, 45.0899717], [7.661649, 45.0900008], [7.6616631, 45.0900442], [7.6616728, 45.0900658], [7.6616845, 45.0900873], [7.6617042, 45.0901162], [7.6617384, 45.0901557], [7.6618484, 45.09027], [7.6618681, 45.090288], [7.6619013, 45.0903134], [7.6619201, 45.0903254], [7.6619406, 45.0903367], [7.6619577, 45.0903445], [7.6619886, 45.0903545], [7.6620126, 45.0903596], [7.6620494, 45.0903641], [7.6620867, 45.0903664], [7.6622105, 45.0904297], [7.662256, 45.0904492], [7.662349, 45.0904857], [7.6624232, 45.0905131], [7.6624985, 45.090539], [7.6625682, 45.0905614], [7.6626385, 45.0905826], [7.6627818, 45.0906226], [7.662841, 45.0906406], [7.6629035, 45.0906488], [7.6629146, 45.0906506], [7.6628648, 45.0908298], [7.6630094, 45.0908629], [7.6629782, 45.0910223], [7.6629629, 45.0912309], [7.6629254, 45.0917151], [7.6629029, 45.0919434], [7.6628831, 45.0921448], [7.6629319, 45.0938209], [7.6629662, 45.0949981], [7.6629749, 45.0952957], [7.6629873, 45.0957076], [7.6630041, 45.0962678], [7.6630153, 45.0966513], [7.6630439, 45.097561], [7.6623391, 45.0977608], [7.6616724, 45.0979499], [7.6605191, 45.0982769], [7.6591521, 45.0986644], [7.658045, 45.0989783], [7.6571959, 45.099219], [7.6567591, 45.0986213], [7.6563284, 45.0980189], [7.6562097, 45.0978591], [7.6559056, 45.0974498], [7.6558542, 45.0973806], [7.6557984, 45.0973042], [7.6552254, 45.0965191], [7.6544163, 45.0954105], [7.654176, 45.0950813], [7.6532974, 45.0938774], [7.6529223, 45.0933634], [7.6526095, 45.0929347], [7.6525146, 45.0929985], [7.6519359, 45.0933874], [7.6512619, 45.0938404], [7.6509633, 45.0940346], [7.6507891, 45.0937775], [7.6505313, 45.0933969], [7.6503762, 45.0931679]]]}}, {"type": "Feature", "properties": {"ZONASTAT": "48", "DENOM": "Borgata Lucento", "name": "Borgata Lucento", "pop2023": null, "cafes": null, "cafe_density": null, "stops500m": null, "cafe_norm": null, "traffic_norm": null, "transit_norm": null, "pop_norm": null, "flow_norm": null, "traffic_raw": null, "flow_raw": null, "total": null}, "geometry": {"type": "Polygon", "coordinates": [[[7.6335574, 45.0974866], [7.6339962, 45.0974218], [7.6342647, 45.0973774], [7.6344096, 45.097369], [7.6351583, 45.0972816], [7.638243, 45.0969213], [7.6397237, 45.0967487], [7.6417929, 45.0965075], [7.6424346, 45.0964469], [7.6429099, 45.0963733], [7.6430927, 45.0963423], [7.6445723, 45.0959349], [7.6464851, 45.0954045], [7.6490191, 45.0947044], [7.6491809, 45.0946597], [7.6494929, 45.0945778], [7.6496076, 45.094577], [7.6502643, 45.0943949], [7.6506578, 45.094249], [7.6506703, 45.0942403], [7.6509633, 45.0940346], [7.6512619, 45.0938404], [7.6519359, 45.0933874], [7.6525146, 45.0929985], [7.6526095, 45.0929347], [7.6529223, 45.0933634], [7.6532974, 45.0938774], [7.654176, 45.0950813], [7.6544163, 45.0954105], [7.6552254, 45.0965191], [7.6557984, 45.0973042], [7.6558542, 45.0973806], [7.6559056, 45.0974498], [7.6562097, 45.0978591], [7.6563284, 45.0980189], [7.6567591, 45.0986213], [7.6571959, 45.099219], [7.658045, 45.0989783], [7.6591521, 45.0986644], [7.6605191, 45.0982769], [7.6616724, 45.0979499], [7.6623391, 45.0977608], [7.6630439, 45.097561], [7.6630541, 45.0980077], [7.663067, 45.0984473], [7.6630937, 45.0993598], [7.663096, 45.0994388], [7.6631119, 45.0999806], [7.6631247, 45.1004162], [7.663144, 45.1010762], [7.6631693, 45.1019406], [7.6632097, 45.1034481], [7.6632503, 45.1035305], [7.6631787, 45.1040573], [7.6631953, 45.104289], [7.663219, 45.1046197], [7.6632339, 45.1048271], [7.6632711, 45.1053466], [7.6623953, 45.105386], [7.6617984, 45.1054201], [7.6602046, 45.1055117], [7.6586483, 45.1056014], [7.6580003, 45.1056387], [7.6557454, 45.1057646], [7.6549199, 45.106153], [7.6545844, 45.106441], [7.6542946, 45.1066899], [7.6536103, 45.1072895], [7.6524451, 45.1083373], [7.6522504, 45.1084723], [7.6508442, 45.1076767], [7.6485706, 45.1063584], [7.6482152, 45.1061721], [7.6478401, 45.1059759], [7.6473028, 45.1056637], [7.6459572, 45.1048815], [7.645747, 45.1047631], [7.6455477, 45.1046615], [7.6455072, 45.1046371], [7.6451005, 45.1043916], [7.6448506, 45.104226], [7.6437456, 45.1035671], [7.6437093, 45.1035454], [7.6427686, 45.1029642], [7.6423587, 45.1027138], [7.641652, 45.1022821], [7.6408848, 45.1018133], [7.6406309, 45.1016897], [7.6404645, 45.1015912], [7.6393858, 45.1009267], [7.6386009, 45.1004433], [7.6381375, 45.1001656], [7.6378002, 45.099954], [7.6374655, 45.0997472], [7.6367095, 45.0994036], [7.6360803, 45.0990186], [7.6355734, 45.0987132], [7.6349415, 45.0983299], [7.6345385, 45.0980839], [7.634338, 45.0979618], [7.6335574, 45.0974866]]]}}, {"type": "Feature", "properties": {"ZONASTAT": "49", "DENOM": "Parco Mario Carrara - Istituto Bonafous", "name": "Parco Mario Carrara - Istituto Bonafous", "pop2023": null, "cafes": null, "cafe_density": null, "stops500m": null, "cafe_norm": null, "traffic_norm": null, "transit_norm": null, "pop_norm": null, "flow_norm": null, "traffic_raw": null, "flow_raw": null, "total": null}, "geometry": {"type": "Polygon", "coordinates": [[[7.6285608, 45.0877419], [7.628559, 45.0877403], [7.6285685, 45.0877369], [7.6285783, 45.0877362], [7.6286813, 45.087741], [7.6286911, 45.0877397], [7.628701, 45.087736], [7.6287067, 45.0877307], [7.6287076, 45.087725], [7.6287169, 45.0876838], [7.6287365, 45.0876281], [7.628752, 45.087532], [7.6287591, 45.087499], [7.6287806, 45.0874396], [7.6287885, 45.0874133], [7.6287903, 45.0874025], [7.6287917, 45.0873677], [7.6287959, 45.087355], [7.6288125, 45.0873289], [7.6288702, 45.0872424], [7.6288811, 45.0872292], [7.6289468, 45.0871642], [7.6289822, 45.0871318], [7.6290984, 45.0870201], [7.6291211, 45.0869969], [7.6291791, 45.0869286], [7.6291944, 45.0869126], [7.6292411, 45.0868692], [7.62929, 45.0868164], [7.6293072, 45.0868002], [7.6293452, 45.0867707], [7.6294268, 45.0867025], [7.6294832, 45.0866458], [7.6295219, 45.0866094], [7.6295667, 45.0865705], [7.6296479, 45.0865024], [7.6297076, 45.0864497], [7.6297432, 45.0864156], [7.6297958, 45.0863709], [7.629881, 45.0863008], [7.6299336, 45.086255], [7.6299905, 45.0862175], [7.63005, 45.0861707], [7.6300677, 45.0861584], [7.6301853, 45.0860822], [7.6302194, 45.0860613], [7.6302519, 45.0860357], [7.6302794, 45.0860154], [7.6303391, 45.0859766], [7.6304094, 45.085934], [7.6305381, 45.085862], [7.6305658, 45.0858478], [7.6305899, 45.0858369], [7.6305969, 45.085831], [7.6306008, 45.0858239], [7.6305992, 45.0858167], [7.6306021, 45.0858101], [7.6306067, 45.0858038], [7.6306182, 45.0857934], [7.6306948, 45.0859086], [7.6307221, 45.0859015], [7.6306484, 45.0857846], [7.6307347, 45.0857478], [7.6308445, 45.0856927], [7.6309863, 45.085626], [7.6312233, 45.0855345], [7.6314045, 45.0854914], [7.6314007, 45.0854525], [7.6315871, 45.0854133], [7.6317813, 45.0853833], [7.6319764, 45.085362], [7.6322054, 45.085345], [7.632734, 45.0853316], [7.6331447, 45.0853428], [7.6334135, 45.0853663], [7.6334938, 45.0853761], [7.6335016, 45.08545], [7.6334872, 45.0854577], [7.6334358, 45.0854939], [7.633404, 45.0855524], [7.6334027, 45.0855608], [7.6334748, 45.0856018], [7.6334754, 45.0856027], [7.6334221, 45.0856563], [7.6333869, 45.0856341], [7.6333819, 45.0856325], [7.6333766, 45.0856332], [7.6333727, 45.0856359], [7.6333708, 45.0856393], [7.6333695, 45.0856504], [7.6333687, 45.0856621], [7.6333317, 45.0856815], [7.6332918, 45.0857118], [7.6332765, 45.0857394], [7.6332385, 45.0857288], [7.6332108, 45.085757], [7.6331974, 45.0857937], [7.6331902, 45.085863], [7.633194, 45.0860847], [7.6332001, 45.0861225], [7.6332048, 45.08614], [7.6332134, 45.0861569], [7.6332762, 45.0862294], [7.6332874, 45.0862456], [7.6332958, 45.0862627], [7.6333077, 45.0863131], [7.6333047, 45.0863573], [7.6333059, 45.0863941], [7.6332962, 45.0864382], [7.6332963, 45.0864489], [7.6333126, 45.0864925], [7.6333155, 45.0865056], [7.6333177, 45.0865455], [7.6333209, 45.0865627], [7.6333254, 45.0865797], [7.6333665, 45.0866934], [7.6333802, 45.0867501], [7.633405, 45.0868362], [7.6334102, 45.086877], [7.6334196, 45.0868954], [7.6334326, 45.0869128], [7.6334508, 45.086934], [7.6334693, 45.0869551], [7.6334908, 45.0869768], [7.6335103, 45.0869994], [7.6335462, 45.0870615], [7.6335722, 45.0871041], [7.6335892, 45.0871251], [7.6336143, 45.0871477], [7.6337313, 45.0872361], [7.6337566, 45.087256], [7.6337694, 45.0872676], [7.6337791, 45.0872805], [7.6338296, 45.0873738], [7.6338593, 45.0874134], [7.6338688, 45.0874312], [7.6338758, 45.0874495], [7.6338772, 45.0874596], [7.6338757, 45.0874828], [7.633878, 45.0874902], [7.6338877, 45.0875042], [7.6339004, 45.087517], [7.6339188, 45.0875337], [7.6339389, 45.0875491], [7.6339655, 45.0875658], [7.6340502, 45.0876144], [7.6341322, 45.0876563], [7.6341543, 45.0876655], [7.6341709, 45.0876698], [7.6341882, 45.0876718], [7.6342076, 45.087673], [7.634227, 45.0876736], [7.6342443, 45.0876731], [7.6342544, 45.0876737], [7.6343065, 45.0877028], [7.6343912, 45.0877466], [7.6344221, 45.0877602], [7.6345352, 45.087798], [7.6345528, 45.087802], [7.6346089, 45.0878078], [7.6346477, 45.0878098], [7.6346849, 45.0878166], [7.6347474, 45.0878202], [7.6347759, 45.0878181], [7.6348002, 45.087813], [7.6348172, 45.0878105], [7.6348343, 45.0878093], [7.6348556, 45.0878103], [7.634891, 45.0878169], [7.6349249, 45.0878266], [7.6349566, 45.0878364], [7.6354195, 45.0879578], [7.6353554, 45.088108], [7.635409, 45.0881192], [7.6354733, 45.0879716], [7.6355064, 45.0879819], [7.6355583, 45.0879928], [7.6357399, 45.0880412], [7.6359134, 45.088072], [7.6360469, 45.0880886], [7.6361326, 45.0880954], [7.6362676, 45.0881102], [7.6363347, 45.0881198], [7.6364207, 45.0881257], [7.6365107, 45.0881279], [7.6365338, 45.088126], [7.6365466, 45.0881238], [7.6365587, 45.0881187], [7.6365639, 45.0881148], [7.6365659, 45.0881102], [7.6365636, 45.0880958], [7.6365511, 45.088046], [7.6365432, 45.0880244], [7.63653, 45.0879963], [7.6365248, 45.0879706], [7.6365345, 45.087937], [7.6365342, 45.0879279], [7.6365212, 45.0879059], [7.636514, 45.0878854], [7.6365133, 45.0878574], [7.6365007, 45.0878255], [7.6364758, 45.0877885], [7.6364531, 45.0877611], [7.6364221, 45.0877375], [7.6363769, 45.0877001], [7.6363619, 45.0876928], [7.6364037, 45.0876504], [7.6365064, 45.0877191], [7.6365266, 45.0877375], [7.636561, 45.0877882], [7.6365925, 45.0878524], [7.6366077, 45.0878977], [7.6366191, 45.0879434], [7.6366226, 45.0879734], [7.6366172, 45.0879746], [7.6366085, 45.0879986], [7.636641, 45.088098], [7.6366552, 45.0881123], [7.63666, 45.0881159], [7.636666, 45.0881181], [7.6366818, 45.0881202], [7.6367405, 45.0881254], [7.6369029, 45.0881286], [7.6370031, 45.0881338], [7.637074, 45.0881351], [7.6372383, 45.0881425], [7.6373285, 45.088143], [7.6374174, 45.0881451], [7.6375383, 45.0881433], [7.6375724, 45.0881421], [7.6375926, 45.0881399], [7.6376524, 45.0881296], [7.6377557, 45.088119], [7.6377879, 45.0881165], [7.6378721, 45.0881149], [7.6379409, 45.0881084], [7.6379974, 45.088108], [7.6380874, 45.0881024], [7.6381239, 45.0880983], [7.6382451, 45.0880903], [7.6382872, 45.0880866], [7.6383265, 45.0880822], [7.6384374, 45.0880669], [7.6384778, 45.0880622], [7.6385183, 45.0880588], [7.6386804, 45.0880496], [7.6388199, 45.0880362], [7.6388725, 45.0880352], [7.6389252, 45.0880352], [7.639035, 45.0880301], [7.6391405, 45.0880226], [7.639256, 45.0880121], [7.6393574, 45.0879985], [7.6394373, 45.0879911], [7.6394725, 45.0879888], [7.6395058, 45.0879879], [7.6395905, 45.087987], [7.6396223, 45.087985], [7.639654, 45.0879816], [7.6397388, 45.0879701], [7.6399432, 45.0879552], [7.6400463, 45.0879518], [7.6402284, 45.0879438], [7.6403802, 45.0879303], [7.6404455, 45.087923], [7.6404952, 45.0879204], [7.6405214, 45.0879178], [7.640593, 45.0879083], [7.6406318, 45.0879045], [7.6407826, 45.0878965], [7.6408285, 45.0878986], [7.6408766, 45.0878969], [7.640931, 45.0878975], [7.6409634, 45.0878999], [7.641024, 45.0879094], [7.6410522, 45.0879157], [7.641111, 45.0880495], [7.6410965, 45.0880498], [7.6411029, 45.0880654], [7.641142, 45.0880654], [7.6411833, 45.0880652], [7.6411782, 45.0880518], [7.641161, 45.0880516], [7.6411027, 45.0879161], [7.6411537, 45.0879199], [7.6413265, 45.0879252], [7.6416191, 45.0879464], [7.6417562, 45.0879602], [7.6418978, 45.0879741], [7.6419796, 45.0879818], [7.6420116, 45.0879782], [7.6420255, 45.0879735], [7.6420341, 45.0879694], [7.6420419, 45.0879646], [7.6420438, 45.0879409], [7.6420383, 45.0878912], [7.642059, 45.0878907], [7.6420658, 45.0879437], [7.6420605, 45.0879706], [7.6421406, 45.0879775], [7.642166, 45.0879823], [7.6422188, 45.0879952], [7.642365, 45.0880207], [7.6425662, 45.0880596], [7.6428175, 45.0880993], [7.6431124, 45.0881485], [7.6433571, 45.0881922], [7.6436101, 45.0882494], [7.6436983, 45.0882707], [7.6438754, 45.0883163], [7.6439476, 45.0883373], [7.6440234, 45.0883571], [7.6441611, 45.0883934], [7.6442467, 45.0884239], [7.6443816, 45.0884598], [7.6444984, 45.0885056], [7.6445303, 45.0885228], [7.6445909, 45.0885544], [7.6446691, 45.0885914], [7.6447291, 45.0886175], [7.6447659, 45.0886375], [7.6448077, 45.0886699], [7.6448536, 45.0887132], [7.6449271, 45.088748], [7.6450141, 45.0887801], [7.6450965, 45.0888141], [7.6451285, 45.0888286], [7.6452085, 45.0888573], [7.645245, 45.0888746], [7.6452798, 45.0888884], [7.645309, 45.0889037], [7.6453668, 45.0889221], [7.6454232, 45.0889362], [7.6454795, 45.0889519], [7.6455265, 45.0889628], [7.6455639, 45.088974], [7.6455968, 45.0889863], [7.6456142, 45.0889954], [7.64563, 45.0890058], [7.6454426, 45.0890664], [7.6455247, 45.0891168], [7.6457317, 45.0892439], [7.6459473, 45.0893746], [7.6460282, 45.0894237], [7.6462146, 45.0893587], [7.6463321, 45.0893688], [7.6463319, 45.0893724], [7.6463332, 45.089376], [7.6463362, 45.0893794], [7.6463469, 45.0893858], [7.646354, 45.0893884], [7.6463644, 45.0893907], [7.6468123, 45.0894524], [7.6468977, 45.0894604], [7.6469503, 45.0894667], [7.6470025, 45.0894751], [7.6470632, 45.0894876], [7.6471843, 45.0895156], [7.6472446, 45.089531], [7.6473004, 45.0895471], [7.6474233, 45.0895864], [7.6474904, 45.0896093], [7.6475656, 45.0896371], [7.6476022, 45.0896523], [7.6476379, 45.0896686], [7.6477174, 45.089709], [7.6478407, 45.0897615], [7.648059, 45.0898646], [7.6481486, 45.0899018], [7.6482455, 45.0899546], [7.6483454, 45.0900217], [7.6484083, 45.0900605], [7.6484757, 45.0901091], [7.6485451, 45.0901695], [7.6486099, 45.0902468], [7.6486739, 45.0903524], [7.6487257, 45.0904706], [7.648743, 45.090513], [7.648758, 45.0905548], [7.6487692, 45.0906182], [7.6487791, 45.0906604], [7.6487822, 45.0907212], [7.6487657, 45.0908264], [7.6487656, 45.0908569], [7.6487656, 45.0908721], [7.6487536, 45.0909315], [7.6487287, 45.091031], [7.6487163, 45.091069], [7.6487042, 45.0911157], [7.6486932, 45.0911823], [7.6486504, 45.091329], [7.6486339, 45.0913776], [7.6486195, 45.0914498], [7.6486161, 45.0915402], [7.6486029, 45.091604], [7.6485995, 45.0916611], [7.6486098, 45.0917791], [7.6486194, 45.0918309], [7.6486331, 45.0918789], [7.6486562, 45.0919513], [7.6486959, 45.0921028], [7.6487165, 45.0921568], [7.6487379, 45.0922329], [7.6487668, 45.0923201], [7.6487784, 45.092361], [7.6487911, 45.0924155], [7.6488082, 45.0924832], [7.6488353, 45.0925732], [7.6488673, 45.0926753], [7.6488923, 45.0927397], [7.648912, 45.0927857], [7.6489493, 45.0928661], [7.6489736, 45.0929014], [7.6490069, 45.0929463], [7.6490676, 45.0930175], [7.6493225, 45.0932701], [7.6493262, 45.0932809], [7.649321, 45.0932977], [7.6493096, 45.0933145], [7.6493044, 45.0933318], [7.6493089, 45.0933573], [7.6493193, 45.0933824], [7.6493298, 45.0933975], [7.6493446, 45.0934068], [7.6493841, 45.0934274], [7.6494685, 45.0934632], [7.6495031, 45.0934703], [7.6495351, 45.0934656], [7.6497854, 45.0934034], [7.6498148, 45.0934043], [7.6498344, 45.0934094], [7.6498693, 45.0934029], [7.6498912, 45.0933956], [7.6498948, 45.0933978], [7.6499024, 45.0933998], [7.6499082, 45.0933999], [7.6499128, 45.0934035], [7.6499191, 45.0934055], [7.6499283, 45.0934047], [7.6499639, 45.0934611], [7.6500091, 45.0934483], [7.6499727, 45.0933906], [7.6499781, 45.0933878], [7.6499813, 45.0933835], [7.6499816, 45.0933787], [7.6499809, 45.0933769], [7.6499858, 45.0933723], [7.649988, 45.0933667], [7.6499875, 45.093363], [7.65008, 45.0933277], [7.6502792, 45.0932195], [7.6503762, 45.0931679], [7.6505313, 45.0933969], [7.6507891, 45.0937775], [7.6509633, 45.0940346], [7.6506703, 45.0942403], [7.6506578, 45.094249], [7.6502643, 45.0943949], [7.6496076, 45.094577], [7.6494929, 45.0945778], [7.6491809, 45.0946597], [7.6490191, 45.0947044], [7.6464851, 45.0954045], [7.6445723, 45.0959349], [7.6430927, 45.0963423], [7.6429099, 45.0963733], [7.6424346, 45.0964469], [7.6417929, 45.0965075], [7.6397237, 45.0967487], [7.638243, 45.0969213], [7.6351583, 45.0972816], [7.6344096, 45.097369], [7.634456, 45.0972174], [7.6344102, 45.0971045], [7.6343085, 45.0968947], [7.6342723, 45.0968333], [7.6341193, 45.09657], [7.6339646, 45.0963072], [7.6336567, 45.0957764], [7.6334737, 45.0954584], [7.6331486, 45.0948987], [7.6324214, 45.0936469], [7.6321075, 45.0931123], [7.6301849, 45.0897936], [7.6294892, 45.088577], [7.6294161, 45.0884803], [7.6293336, 45.0883996], [7.6292609, 45.0883407], [7.6291675, 45.0882788], [7.6290469, 45.0882147], [7.6289517, 45.0881749], [7.6286937, 45.0880974], [7.6287539, 45.0879857], [7.6285933, 45.087938], [7.6285932, 45.0879312], [7.628595, 45.0879243], [7.6286024, 45.0879142], [7.6286111, 45.0878934], [7.6286667, 45.0878063], [7.6286777, 45.0877587], [7.6286775, 45.0877564], [7.6286737, 45.0877539], [7.6286656, 45.0877517], [7.6286569, 45.0877508], [7.628649, 45.0877514], [7.628637, 45.0877543], [7.6286252, 45.0877552], [7.6285911, 45.0877468], [7.6285666, 45.0877443], [7.6285608, 45.0877419]]]}}, {"type": "Feature", "properties": {"ZONASTAT": "67", "DENOM": "Basse di Stura - Nuovo Poligono", "name": "Basse di Stura - Nuovo Poligono", "pop2023": null, "cafes": null, "cafe_density": null, "stops500m": null, "cafe_norm": null, "traffic_norm": null, "transit_norm": null, "pop_norm": null, "flow_norm": null, "traffic_raw": null, "flow_raw": null, "total": null}, "geometry": {"type": "Polygon", "coordinates": [[[7.6709613, 45.1097649], [7.6708623, 45.1095164], [7.6735997, 45.1089394], [7.675317, 45.1085821], [7.6756274, 45.1085175], [7.676604, 45.1083297], [7.6776153, 45.1081352], [7.6785653, 45.1079525], [7.679566, 45.1077584], [7.6796613, 45.1078488], [7.6812534, 45.1075419], [7.6813994, 45.10752], [7.6823878, 45.1073296], [7.683429, 45.1071345], [7.684855, 45.1068673], [7.6849911, 45.1068145], [7.6851623, 45.1067476], [7.685489, 45.1067513], [7.6880487, 45.1062653], [7.6884663, 45.1061424], [7.6888043, 45.1059865], [7.689027, 45.1058886], [7.6894249, 45.1056752], [7.6906846, 45.1050141], [7.6907662, 45.1048819], [7.6913385, 45.104884], [7.6918029, 45.1047133], [7.6924185, 45.104487], [7.6928361, 45.1048685], [7.6931255, 45.105133], [7.6931807, 45.1051883], [7.6932388, 45.1052467], [7.6946785, 45.1066921], [7.694764, 45.1067835], [7.6952485, 45.1074486], [7.6959635, 45.1084299], [7.6965896, 45.1095838], [7.6968055, 45.1099706], [7.696978, 45.1104443], [7.69712, 45.1108936], [7.697175, 45.1111482], [7.6972791, 45.1116202], [7.6975754, 45.1132582], [7.6976543, 45.1136632], [7.6977666, 45.1140777], [7.6977885, 45.1141379], [7.6977297, 45.1141397], [7.6973634, 45.1141374], [7.6972598, 45.1141365], [7.6970544, 45.1141347], [7.6956685, 45.114026], [7.695509, 45.1140072], [7.6954583, 45.1140015], [7.6953531, 45.1139958], [7.6948399, 45.1139676], [7.6944155, 45.114003], [7.6938358, 45.1141049], [7.6933547, 45.1141512], [7.6929098, 45.1142236], [7.6926345, 45.114298], [7.6923723, 45.1144016], [7.6911586, 45.1146234], [7.6906932, 45.1147557], [7.6902729, 45.1149466], [7.6901063, 45.1150533], [7.6898498, 45.1154364], [7.6893456, 45.1157538], [7.6880766, 45.1163857], [7.6871075, 45.1170844], [7.6864755, 45.1172907], [7.6859934, 45.1173544], [7.6856034, 45.1173095], [7.6845783, 45.1170251], [7.6841361, 45.1168529], [7.6835039, 45.1167129], [7.6828298, 45.1166243], [7.68212, 45.1166738], [7.6813439, 45.1167688], [7.6798493, 45.1167572], [7.6798959, 45.116663], [7.6799653, 45.1165228], [7.6799536, 45.1164677], [7.6799298, 45.1163544], [7.6796844, 45.1154195], [7.6794349, 45.114481], [7.6792701, 45.1138433], [7.6786625, 45.1114525], [7.6780489, 45.111598], [7.6766379, 45.1130612], [7.676412, 45.1132659], [7.6760115, 45.1135096], [7.6759142, 45.1136001], [7.6755628, 45.1140715], [7.6753296, 45.1143995], [7.6752388, 45.114469], [7.6751538, 45.1145163], [7.67449, 45.1148653], [7.6742989, 45.1149634], [7.6741456, 45.1150137], [7.6740453, 45.1150422], [7.6739459, 45.11478], [7.6736562, 45.1136325], [7.6734732, 45.1129075], [7.6732946, 45.1122004], [7.6729735, 45.1109287], [7.6715377, 45.1111037], [7.6710715, 45.1100416], [7.6709613, 45.1097649]]]}}, {"type": "Feature", "properties": {"ZONASTAT": "50", "DENOM": "Borgata Parella - Lionetto", "name": "Borgata Parella - Lionetto", "pop2023": null, "cafes": null, "cafe_density": null, "stops500m": null, "cafe_norm": null, "traffic_norm": null, "transit_norm": null, "pop_norm": null, "flow_norm": null, "traffic_raw": null, "flow_raw": null, "total": null}, "geometry": {"type": "Polygon", "coordinates": [[[7.6197228, 45.0751337], [7.6196165, 45.0745476], [7.6204993, 45.0745837], [7.621458, 45.074623], [7.6221751, 45.0746523], [7.6240708, 45.0747298], [7.6270661, 45.0748521], [7.6288731, 45.0749259], [7.6300599, 45.0749744], [7.6313372, 45.0750265], [7.6323295, 45.075067], [7.6326039, 45.0750782], [7.6332838, 45.0751059], [7.6339161, 45.0751317], [7.6346536, 45.0751618], [7.635641, 45.075202], [7.6357642, 45.0763962], [7.6357781, 45.0764619], [7.636164, 45.0763999], [7.6368106, 45.0778805], [7.6370967, 45.0785357], [7.6374166, 45.0792684], [7.6376812, 45.0798723], [7.637944, 45.0804723], [7.6381939, 45.0810429], [7.6383885, 45.0814869], [7.6387546, 45.0823227], [7.6389605, 45.0827928], [7.639237, 45.0834238], [7.6394488, 45.0839077], [7.6396, 45.0842577], [7.6397559, 45.0846097], [7.6398136, 45.0847399], [7.6411033, 45.0876394], [7.6410494, 45.0877295], [7.6410382, 45.0878158], [7.641142, 45.0880654], [7.6411029, 45.0880654], [7.6410965, 45.0880498], [7.641111, 45.0880495], [7.6410522, 45.0879157], [7.641024, 45.0879094], [7.6409634, 45.0878999], [7.640931, 45.0878975], [7.6408766, 45.0878969], [7.6408285, 45.0878986], [7.6407826, 45.0878965], [7.6406318, 45.0879045], [7.640593, 45.0879083], [7.6405214, 45.0879178], [7.6404952, 45.0879204], [7.6404455, 45.087923], [7.6403802, 45.0879303], [7.6402284, 45.0879438], [7.6400463, 45.0879518], [7.6399432, 45.0879552], [7.6397388, 45.0879701], [7.639654, 45.0879816], [7.6396223, 45.087985], [7.6395905, 45.087987], [7.6395058, 45.0879879], [7.6394725, 45.0879888], [7.6394373, 45.0879911], [7.6393574, 45.0879985], [7.639256, 45.0880121], [7.6391405, 45.0880226], [7.639035, 45.0880301], [7.6389252, 45.0880352], [7.6388725, 45.0880352], [7.6388199, 45.0880362], [7.6386804, 45.0880496], [7.6385183, 45.0880588], [7.6384778, 45.0880622], [7.6384374, 45.0880669], [7.6383265, 45.0880822], [7.6382872, 45.0880866], [7.6382451, 45.0880903], [7.6381239, 45.0880983], [7.6380874, 45.0881024], [7.6379974, 45.088108], [7.6379409, 45.0881084], [7.6378721, 45.0881149], [7.6377879, 45.0881165], [7.6377557, 45.088119], [7.6376524, 45.0881296], [7.6375926, 45.0881399], [7.6375724, 45.0881421], [7.6375383, 45.0881433], [7.6374174, 45.0881451], [7.6373285, 45.088143], [7.6372383, 45.0881425], [7.637074, 45.0881351], [7.6370031, 45.0881338], [7.6369029, 45.0881286], [7.6367405, 45.0881254], [7.6366818, 45.0881202], [7.636666, 45.0881181], [7.63666, 45.0881159], [7.6366552, 45.0881123], [7.636641, 45.088098], [7.6366085, 45.0879986], [7.6366172, 45.0879746], [7.6366226, 45.0879734], [7.6366191, 45.0879434], [7.6366077, 45.0878977], [7.6365925, 45.0878524], [7.636561, 45.0877882], [7.6365266, 45.0877375], [7.6365064, 45.0877191], [7.6364037, 45.0876504], [7.6363619, 45.0876928], [7.6363769, 45.0877001], [7.6364221, 45.0877375], [7.6364531, 45.0877611], [7.6364758, 45.0877885], [7.6365007, 45.0878255], [7.6365133, 45.0878574], [7.636514, 45.0878854], [7.6365212, 45.0879059], [7.6365342, 45.0879279], [7.6365345, 45.087937], [7.6365248, 45.0879706], [7.63653, 45.0879963], [7.6365432, 45.0880244], [7.6365511, 45.088046], [7.6365636, 45.0880958], [7.6365659, 45.0881102], [7.6365639, 45.0881148], [7.6365587, 45.0881187], [7.6365466, 45.0881238], [7.6365338, 45.088126], [7.6365107, 45.0881279], [7.6364207, 45.0881257], [7.6363347, 45.0881198], [7.6362676, 45.0881102], [7.6361326, 45.0880954], [7.6360469, 45.0880886], [7.6359134, 45.088072], [7.6357399, 45.0880412], [7.6355583, 45.0879928], [7.6355064, 45.0879819], [7.6354733, 45.0879716], [7.635409, 45.0881192], [7.6353554, 45.088108], [7.6354195, 45.0879578], [7.6349566, 45.0878364], [7.6349249, 45.0878266], [7.634891, 45.0878169], [7.6348556, 45.0878103], [7.6348343, 45.0878093], [7.6348172, 45.0878105], [7.6348002, 45.087813], [7.6347759, 45.0878181], [7.6347474, 45.0878202], [7.6346849, 45.0878166], [7.6346477, 45.0878098], [7.6346089, 45.0878078], [7.6345528, 45.087802], [7.6345352, 45.087798], [7.6344221, 45.0877602], [7.6343912, 45.0877466], [7.6343065, 45.0877028], [7.6342544, 45.0876737], [7.6342443, 45.0876731], [7.634227, 45.0876736], [7.6342076, 45.087673], [7.6341882, 45.0876718], [7.6341709, 45.0876698], [7.6341543, 45.0876655], [7.6341322, 45.0876563], [7.6340502, 45.0876144], [7.6339655, 45.0875658], [7.6339389, 45.0875491], [7.6339188, 45.0875337], [7.6339004, 45.087517], [7.6338877, 45.0875042], [7.633878, 45.0874902], [7.6338757, 45.0874828], [7.6338772, 45.0874596], [7.6338758, 45.0874495], [7.6338688, 45.0874312], [7.6338593, 45.0874134], [7.6338296, 45.0873738], [7.6337791, 45.0872805], [7.6337694, 45.0872676], [7.6337566, 45.087256], [7.6337313, 45.0872361], [7.6336143, 45.0871477], [7.6335892, 45.0871251], [7.6335722, 45.0871041], [7.6335462, 45.0870615], [7.6335103, 45.0869994], [7.6334908, 45.0869768], [7.6334693, 45.0869551], [7.6334508, 45.086934], [7.6334326, 45.0869128], [7.6334196, 45.0868954], [7.6334102, 45.086877], [7.633405, 45.0868362], [7.6333802, 45.0867501], [7.6333665, 45.0866934], [7.6333254, 45.0865797], [7.6333209, 45.0865627], [7.6333177, 45.0865455], [7.6333155, 45.0865056], [7.6333126, 45.0864925], [7.6332963, 45.0864489], [7.6332962, 45.0864382], [7.6333059, 45.0863941], [7.6333047, 45.0863573], [7.6333077, 45.0863131], [7.6332958, 45.0862627], [7.6332874, 45.0862456], [7.6332762, 45.0862294], [7.6332134, 45.0861569], [7.6332048, 45.08614], [7.6332001, 45.0861225], [7.633194, 45.0860847], [7.6331902, 45.085863], [7.6331974, 45.0857937], [7.6332108, 45.085757], [7.6332385, 45.0857288], [7.6332765, 45.0857394], [7.6332918, 45.0857118], [7.6333317, 45.0856815], [7.6333687, 45.0856621], [7.6333695, 45.0856504], [7.6333708, 45.0856393], [7.6333727, 45.0856359], [7.6333766, 45.0856332], [7.6333819, 45.0856325], [7.6333869, 45.0856341], [7.6334221, 45.0856563], [7.6334754, 45.0856027], [7.6334748, 45.0856018], [7.6334027, 45.0855608], [7.633404, 45.0855524], [7.6334358, 45.0854939], [7.6334872, 45.0854577], [7.6335016, 45.08545], [7.6334938, 45.0853761], [7.6334135, 45.0853663], [7.6331447, 45.0853428], [7.632734, 45.0853316], [7.6322054, 45.085345], [7.6319764, 45.085362], [7.6317813, 45.0853833], [7.6315871, 45.0854133], [7.6314007, 45.0854525], [7.6314045, 45.0854914], [7.6312233, 45.0855345], [7.6309863, 45.085626], [7.6308445, 45.0856927], [7.6307347, 45.0857478], [7.6306484, 45.0857846], [7.6307221, 45.0859015], [7.6306948, 45.0859086], [7.6306182, 45.0857934], [7.6306067, 45.0858038], [7.6306021, 45.0858101], [7.6305992, 45.0858167], [7.6306008, 45.0858239], [7.6305969, 45.085831], [7.6305899, 45.0858369], [7.6305658, 45.0858478], [7.6305381, 45.085862], [7.6304094, 45.085934], [7.6303391, 45.0859766], [7.6302794, 45.0860154], [7.6302519, 45.0860357], [7.6302194, 45.0860613], [7.6301853, 45.0860822], [7.6300677, 45.0861584], [7.63005, 45.0861707], [7.6299905, 45.0862175], [7.6299336, 45.086255], [7.629881, 45.0863008], [7.6297958, 45.0863709], [7.6297432, 45.0864156], [7.6297076, 45.0864497], [7.6296479, 45.0865024], [7.6295667, 45.0865705], [7.6295219, 45.0866094], [7.6294832, 45.0866458], [7.6294268, 45.0867025], [7.6293452, 45.0867707], [7.6293072, 45.0868002], [7.62929, 45.0868164], [7.6292411, 45.0868692], [7.6291944, 45.0869126], [7.6291791, 45.0869286], [7.6291211, 45.0869969], [7.6290984, 45.0870201], [7.6289822, 45.0871318], [7.6289468, 45.0871642], [7.6288811, 45.0872292], [7.6288702, 45.0872424], [7.6288125, 45.0873289], [7.6287959, 45.087355], [7.6287917, 45.0873677], [7.6287903, 45.0874025], [7.6287885, 45.0874133], [7.6287806, 45.0874396], [7.6287591, 45.087499], [7.628752, 45.087532], [7.6287365, 45.0876281], [7.6287169, 45.0876838], [7.6287076, 45.087725], [7.6287067, 45.0877307], [7.628701, 45.087736], [7.6286911, 45.0877397], [7.6286813, 45.087741], [7.6285783, 45.0877362], [7.6285685, 45.0877369], [7.628559, 45.0877403], [7.6285608, 45.0877419], [7.6285666, 45.0877443], [7.6285911, 45.0877468], [7.6286252, 45.0877552], [7.628637, 45.0877543], [7.628649, 45.0877514], [7.6286569, 45.0877508], [7.6286656, 45.0877517], [7.6286737, 45.0877539], [7.6286775, 45.0877564], [7.6286777, 45.0877587], [7.6286667, 45.0878063], [7.6286111, 45.0878934], [7.6286024, 45.0879142], [7.628595, 45.0879243], [7.6285932, 45.0879312], [7.6285933, 45.087938], [7.6287539, 45.0879857], [7.6286937, 45.0880974], [7.6270358, 45.0876129], [7.6265287, 45.0873921], [7.626191, 45.0870698], [7.6260629, 45.0868182], [7.6259817, 45.0866589], [7.6255295, 45.0855543], [7.6248631, 45.0839122], [7.6243564, 45.08265], [7.6241681, 45.0821857], [7.6238919, 45.0814747], [7.623808, 45.0812622], [7.6236215, 45.0809633], [7.6235458, 45.080888], [7.6229743, 45.0803337], [7.6228765, 45.0802218], [7.6221954, 45.0795012], [7.6216917, 45.0789747], [7.6215022, 45.0787478], [7.6212491, 45.0782741], [7.6211499, 45.0781218], [7.6208828, 45.077618], [7.6204618, 45.0768229], [7.6200324, 45.0760582], [7.6198979, 45.0757903], [7.6198519, 45.0756355], [7.6197373, 45.0752133], [7.6197228, 45.0751337]]]}}, {"type": "Feature", "properties": {"ZONASTAT": "51", "DENOM": "Pozzo Strada", "name": "Pozzo Strada", "pop2023": null, "cafes": null, "cafe_density": null, "stops500m": null, "cafe_norm": null, "traffic_norm": null, "transit_norm": null, "pop_norm": null, "flow_norm": null, "traffic_raw": null, "flow_raw": null, "total": null}, "geometry": {"type": "Polygon", "coordinates": [[[7.6184064, 45.0705738], [7.6185247, 45.0702103], [7.61875, 45.0699407], [7.6193526, 45.0692076], [7.6210335, 45.0692671], [7.6216794, 45.0692913], [7.6233165, 45.0693659], [7.6236873, 45.0693565], [7.6240979, 45.0692945], [7.6275825, 45.0684361], [7.6300736, 45.0678338], [7.6309115, 45.067631], [7.6321916, 45.067321], [7.6333125, 45.0670496], [7.6357322, 45.0664636], [7.637026, 45.0661516], [7.637264, 45.0660975], [7.6376489, 45.0669508], [7.6378023, 45.0672974], [7.6379297, 45.0675852], [7.6382564, 45.0683233], [7.6385183, 45.0689149], [7.636937, 45.0695256], [7.635909, 45.0699225], [7.6349354, 45.0702985], [7.6337056, 45.0707733], [7.6343626, 45.0722767], [7.6345123, 45.0726195], [7.6345687, 45.0727484], [7.6348222, 45.0733286], [7.6350535, 45.0738577], [7.6352948, 45.07441], [7.635641, 45.075202], [7.6346536, 45.0751618], [7.6339161, 45.0751317], [7.6332838, 45.0751059], [7.6326039, 45.0750782], [7.6323295, 45.075067], [7.6313372, 45.0750265], [7.6300599, 45.0749744], [7.6288731, 45.0749259], [7.6270661, 45.0748521], [7.6240708, 45.0747298], [7.6221751, 45.0746523], [7.621458, 45.074623], [7.6204993, 45.0745837], [7.6196165, 45.0745476], [7.6194454, 45.0739526], [7.6189315, 45.072294], [7.6187657, 45.0717597], [7.6187542, 45.0716857], [7.6185293, 45.0709667], [7.6184064, 45.0705738]]]}}, {"type": "Feature", "properties": {"ZONASTAT": "52", "DENOM": "Parco Francesco Ruffini - Borgata Lesna", "name": "Parco Francesco Ruffini - Borgata Lesna", "pop2023": null, "cafes": null, "cafe_density": null, "stops500m": null, "cafe_norm": null, "traffic_norm": null, "transit_norm": null, "pop_norm": null, "flow_norm": null, "traffic_raw": null, "flow_raw": null, "total": null}, "geometry": {"type": "Polygon", "coordinates": [[[7.6193526, 45.0692076], [7.6202589, 45.0681181], [7.6207709, 45.0675026], [7.6209363, 45.0673038], [7.6216141, 45.066489], [7.6224318, 45.0655059], [7.6233532, 45.0643981], [7.6236346, 45.0640599], [7.6246863, 45.0627954], [7.6252353, 45.0621353], [7.6270898, 45.0599053], [7.627189, 45.0597564], [7.6272702, 45.0595637], [7.627964, 45.058626], [7.6280949, 45.0584829], [7.62885, 45.0574247], [7.6289197, 45.0572926], [7.6289782, 45.0571374], [7.6290003, 45.0570756], [7.6291878, 45.0565519], [7.6301393, 45.0563545], [7.6302564, 45.0563344], [7.6332958, 45.0558131], [7.6333685, 45.0558006], [7.6343822, 45.0556103], [7.6345961, 45.0555647], [7.6348548, 45.0555096], [7.6349183, 45.0564781], [7.6349206, 45.0567123], [7.6349783, 45.0577051], [7.6349817, 45.0579619], [7.6350115, 45.0584356], [7.6351268, 45.0602678], [7.6352738, 45.0611677], [7.6353839, 45.061817], [7.6366066, 45.0645962], [7.6368855, 45.0652332], [7.637264, 45.0660975], [7.637026, 45.0661516], [7.6357322, 45.0664636], [7.6333125, 45.0670496], [7.6321916, 45.067321], [7.6309115, 45.067631], [7.6300736, 45.0678338], [7.6275825, 45.0684361], [7.6240979, 45.0692945], [7.6236873, 45.0693565], [7.6233165, 45.0693659], [7.6216794, 45.0692913], [7.6210335, 45.0692671], [7.6193526, 45.0692076]]]}}, {"type": "Feature", "properties": {"ZONASTAT": "57", "DENOM": "Molinette - Vecchia Fiat - Stazione Smistamento", "name": "Molinette - Vecchia Fiat - Stazione Smistamento", "pop2023": null, "cafes": null, "cafe_density": null, "stops500m": null, "cafe_norm": null, "traffic_norm": null, "transit_norm": null, "pop_norm": null, "flow_norm": null, "traffic_raw": null, "flow_raw": null, "total": null}, "geometry": {"type": "Polygon", "coordinates": [[[7.6582304, 45.0299821], [7.657979, 45.0292409], [7.6616959, 45.0281083], [7.6639546, 45.0274185], [7.6653309, 45.0269981], [7.6655845, 45.0276796], [7.666176, 45.0292691], [7.6667946, 45.0290922], [7.6680644, 45.0287291], [7.6690465, 45.0284482], [7.6698657, 45.0282139], [7.6700155, 45.0281701], [7.6705082, 45.0284173], [7.6716307, 45.0289806], [7.6716881, 45.029104], [7.671676, 45.0290975], [7.6716587, 45.029117], [7.6717066, 45.0291421], [7.6717365, 45.0291577], [7.6723286, 45.0304877], [7.6734359, 45.0301751], [7.6739481, 45.0300305], [7.674487, 45.0298783], [7.6747936, 45.0302053], [7.6752749, 45.0305784], [7.6760585, 45.0310211], [7.6765153, 45.031508], [7.67717, 45.0319668], [7.6778512, 45.032688], [7.6783897, 45.0333629], [7.6786234, 45.0338763], [7.6786974, 45.0345727], [7.6783311, 45.0351714], [7.6787381, 45.0352646], [7.6787061, 45.0352758], [7.6786741, 45.035287], [7.6786399, 45.0353028], [7.6786537, 45.0353181], [7.6786788, 45.03534], [7.6788411, 45.0353623], [7.6789093, 45.035359], [7.678963, 45.0353512], [7.6790168, 45.0353434], [7.6790482, 45.0353461], [7.6790727, 45.0353397], [7.6790929, 45.0353304], [7.6791133, 45.0353487], [7.6790334, 45.0353677], [7.6789119, 45.0353795], [7.6788649, 45.0353818], [7.678796, 45.0353779], [7.678677, 45.0353663], [7.678626, 45.0353612], [7.6786094, 45.0353764], [7.6786029, 45.035402], [7.6786139, 45.0354313], [7.6786778, 45.035471], [7.6786859, 45.0354885], [7.6786832, 45.0355134], [7.6786806, 45.0355554], [7.6786467, 45.0358232], [7.6785609, 45.0361224], [7.6785374, 45.0362225], [7.6784772, 45.0363365], [7.6784502, 45.0364229], [7.6784488, 45.0364295], [7.6784184, 45.0365506], [7.6783669, 45.0366139], [7.6783439, 45.0366474], [7.6783149, 45.0367108], [7.678326, 45.0367687], [7.6782706, 45.036843], [7.67823, 45.0369342], [7.6782162, 45.0370053], [7.6781601, 45.0371937], [7.6781115, 45.0372846], [7.678041, 45.0375046], [7.6780147, 45.0375754], [7.6780066, 45.0376574], [7.6779985, 45.0376934], [7.6779963, 45.0377033], [7.6779839, 45.0377585], [7.6779628, 45.0379925], [7.6779373, 45.0381675], [7.6779566, 45.0384631], [7.6779445, 45.038661], [7.677981, 45.03891], [7.6780261, 45.0391259], [7.6780504, 45.0391998], [7.6781028, 45.0396022], [7.6781521, 45.0398435], [7.6782668, 45.0401665], [7.6783817, 45.0403981], [7.678637, 45.0407144], [7.6789024, 45.0409657], [7.6784964, 45.0410883], [7.6784795, 45.0410786], [7.6784389, 45.0410877], [7.6784324, 45.0411081], [7.6782669, 45.0411581], [7.6783213, 45.0412406], [7.6775797, 45.0414674], [7.6767757, 45.0416345], [7.6757785, 45.0418291], [7.6750485, 45.0419658], [7.673822, 45.0421976], [7.67268, 45.0424135], [7.6725134, 45.0424449], [7.6722324, 45.042498], [7.6712573, 45.0426823], [7.6702889, 45.0429006], [7.6700058, 45.0429775], [7.669023, 45.0432444], [7.6681655, 45.043479], [7.6679651, 45.0435369], [7.6676206, 45.0436418], [7.6675584, 45.0436625], [7.6674029, 45.0437143], [7.6668031, 45.0439463], [7.6669018, 45.0437799], [7.6667859, 45.0436113], [7.6667553, 45.0435067], [7.6667403, 45.0434658], [7.6667229, 45.0434284], [7.6667014, 45.043392], [7.6666733, 45.0433512], [7.6666399, 45.0433125], [7.6666161, 45.0432896], [7.6664996, 45.043194], [7.6663517, 45.0429776], [7.6663171, 45.0429403], [7.6660862, 45.0427296], [7.665965, 45.0426563], [7.6656349, 45.0423112], [7.6633789, 45.0392936], [7.6633455, 45.0392642], [7.663315, 45.039218], [7.6631998, 45.038989], [7.6627288, 45.0380413], [7.6625101, 45.0376525], [7.6623113, 45.0373733], [7.661906, 45.0366134], [7.6594883, 45.0325886], [7.6582304, 45.0299821]]]}}, {"type": "Feature", "properties": {"ZONASTAT": "58", "DENOM": "Millefonti - Nuova Barriera di Nizza", "name": "Millefonti - Nuova Barriera di Nizza", "pop2023": null, "cafes": null, "cafe_density": null, "stops500m": null, "cafe_norm": null, "traffic_norm": null, "transit_norm": null, "pop_norm": null, "flow_norm": null, "traffic_raw": null, "flow_raw": null, "total": null}, "geometry": {"type": "Polygon", "coordinates": [[[7.6576484, 45.0228469], [7.6576636, 45.0222442], [7.6576958, 45.0216046], [7.6577612, 45.0209632], [7.6578463, 45.0203364], [7.6579854, 45.0195849], [7.6580072, 45.0193825], [7.6580524, 45.0189629], [7.6581932, 45.0183725], [7.6584148, 45.0176924], [7.6584633, 45.0175688], [7.6584836, 45.0175104], [7.6585532, 45.0173102], [7.6589298, 45.016242], [7.6604351, 45.0163722], [7.6611285, 45.0164322], [7.6630072, 45.016594], [7.6640449, 45.0166849], [7.6648741, 45.0167575], [7.6652665, 45.0167919], [7.6652853, 45.0167928], [7.6686531, 45.0169605], [7.6705974, 45.0170696], [7.6717354, 45.0169312], [7.6728734, 45.0167927], [7.6732013, 45.0167528], [7.6734865, 45.0167181], [7.6754432, 45.0164799], [7.6764021, 45.0163567], [7.675379, 45.0172223], [7.6751175, 45.0174198], [7.6745049, 45.0180223], [7.6738263, 45.0186895], [7.6735936, 45.0191704], [7.6734956, 45.0199765], [7.6736267, 45.0207306], [7.6737677, 45.0212777], [7.6739186, 45.0219135], [7.6739684, 45.0224775], [7.6739793, 45.0232395], [7.6742035, 45.0251804], [7.6742053, 45.0251961], [7.6742057, 45.0252229], [7.6742148, 45.025927], [7.6739768, 45.028289], [7.6739309, 45.0290422], [7.6740397, 45.0292399], [7.6742551, 45.0296309], [7.674487, 45.0298783], [7.6739481, 45.0300305], [7.6734359, 45.0301751], [7.6723286, 45.0304877], [7.6717365, 45.0291577], [7.6717066, 45.0291421], [7.6716587, 45.029117], [7.671676, 45.0290975], [7.6716881, 45.029104], [7.6716307, 45.0289806], [7.6705082, 45.0284173], [7.6700155, 45.0281701], [7.6698657, 45.0282139], [7.6690465, 45.0284482], [7.6680644, 45.0287291], [7.6667946, 45.0290922], [7.666176, 45.0292691], [7.6655845, 45.0276796], [7.6653309, 45.0269981], [7.6639546, 45.0274185], [7.6616959, 45.0281083], [7.657979, 45.0292409], [7.6578517, 45.0288402], [7.6578764, 45.0288388], [7.6578719, 45.0288198], [7.6578446, 45.0288247], [7.6577519, 45.0284622], [7.6576781, 45.0281042], [7.6576184, 45.0276353], [7.6575795, 45.0272298], [7.657579, 45.0268301], [7.6575785, 45.0264593], [7.6576544, 45.023626], [7.6576663, 45.0232666], [7.6576623, 45.0231927], [7.6576582, 45.0231179], [7.6576484, 45.0228469]]]}}, {"type": "Feature", "properties": {"ZONASTAT": "59", "DENOM": "Barriera di Orbassano", "name": "Barriera di Orbassano", "pop2023": null, "cafes": null, "cafe_density": null, "stops500m": null, "cafe_norm": null, "traffic_norm": null, "transit_norm": null, "pop_norm": null, "flow_norm": null, "traffic_raw": null, "flow_raw": null, "total": null}, "geometry": {"type": "Polygon", "coordinates": [[[7.6285242, 45.0374836], [7.6284304, 45.037326], [7.6286241, 45.0374233], [7.629192, 45.0377034], [7.629967, 45.0380857], [7.6307869, 45.0384905], [7.6315619, 45.0388726], [7.6331633, 45.0396623], [7.6339629, 45.0400567], [7.634747, 45.0404396], [7.6359417, 45.0410231], [7.6366742, 45.0413808], [7.6375684, 45.0418174], [7.6381789, 45.0421155], [7.6401933, 45.0430992], [7.6403047, 45.0437095], [7.6405522, 45.0452806], [7.6406573, 45.0459477], [7.6407751, 45.0466954], [7.6408795, 45.0473581], [7.6409643, 45.0478964], [7.6410716, 45.0485772], [7.6411745, 45.0492302], [7.6412737, 45.0498595], [7.6413736, 45.0504939], [7.6414966, 45.0512745], [7.6416061, 45.051969], [7.641909, 45.0538571], [7.6419797, 45.0540408], [7.6413471, 45.0541743], [7.6390161, 45.0546517], [7.6383623, 45.0547856], [7.6374728, 45.0549705], [7.6362949, 45.0552136], [7.6351046, 45.0554581], [7.6348548, 45.0555096], [7.6345961, 45.0555647], [7.6343822, 45.0556103], [7.6333685, 45.0558006], [7.6332958, 45.0558131], [7.6302564, 45.0563344], [7.6301393, 45.0563545], [7.6291878, 45.0565519], [7.6292486, 45.0563823], [7.6292846, 45.0562574], [7.6294445, 45.0556522], [7.6298335, 45.0541746], [7.6298655, 45.0539881], [7.6299233, 45.0537264], [7.6298199, 45.0524242], [7.6297492, 45.0515346], [7.6296687, 45.0505204], [7.6296262, 45.0499875], [7.6295929, 45.0495707], [7.6295586, 45.049139], [7.62943, 45.0475286], [7.6293117, 45.0460449], [7.6292035, 45.0446883], [7.6290736, 45.0430601], [7.6290094, 45.0422547], [7.6289397, 45.0413811], [7.6288694, 45.0404995], [7.6288399, 45.0401203], [7.6287971, 45.0395885], [7.6287655, 45.0391961], [7.6287131, 45.0385391], [7.6287012, 45.0383904], [7.6286913, 45.0382657], [7.6286451, 45.0376864], [7.6285242, 45.0374836]]]}}, {"type": "Feature", "properties": {"ZONASTAT": "60", "DENOM": "Nuova Fiat", "name": "Nuova Fiat", "pop2023": null, "cafes": null, "cafe_density": null, "stops500m": null, "cafe_norm": null, "traffic_norm": null, "transit_norm": null, "pop_norm": null, "flow_norm": null, "traffic_raw": null, "flow_raw": null, "total": null}, "geometry": {"type": "Polygon", "coordinates": [[[7.6190219, 45.0329155], [7.6190683, 45.0328043], [7.6191389, 45.0326347], [7.6190758, 45.0324431], [7.6191115, 45.0323717], [7.6191647, 45.0323374], [7.6191973, 45.0323265], [7.6192877, 45.0323053], [7.6193781, 45.0322841], [7.6195199, 45.0319627], [7.6197642, 45.0319044], [7.6198094, 45.0319911], [7.619822, 45.0320486], [7.6200501, 45.0320103], [7.620153, 45.0319906], [7.6204017, 45.0319239], [7.6206291, 45.0318476], [7.6233983, 45.0307712], [7.6238555, 45.0305911], [7.6218624, 45.028003], [7.6351237, 45.0228319], [7.6360158, 45.0233878], [7.6362182, 45.0235507], [7.6366802, 45.0239737], [7.6370423, 45.024293], [7.6376541, 45.0248623], [7.6389488, 45.0259817], [7.6397586, 45.0267242], [7.6404415, 45.0273321], [7.6411087, 45.0279215], [7.6418134, 45.0285469], [7.6427967, 45.0294524], [7.6442678, 45.0307807], [7.645346, 45.0317431], [7.646272, 45.0325345], [7.646519, 45.0326957], [7.6444658, 45.0338996], [7.6430196, 45.0347476], [7.6408155, 45.0360398], [7.6392384, 45.0369644], [7.6377787, 45.0378201], [7.6362716, 45.0387035], [7.6361128, 45.0387966], [7.6354044, 45.0392118], [7.6347688, 45.0395844], [7.6339629, 45.0400567], [7.6331633, 45.0396623], [7.6315619, 45.0388726], [7.6307869, 45.0384905], [7.629967, 45.0380857], [7.629192, 45.0377034], [7.6286241, 45.0374233], [7.6284304, 45.037326], [7.6283561, 45.0372893], [7.6263847, 45.0363133], [7.6258375, 45.0360427], [7.6256872, 45.0359746], [7.6248989, 45.0356169], [7.6247319, 45.0354467], [7.6241298, 45.0351875], [7.6240558, 45.0351547], [7.6215957, 45.0340644], [7.6190219, 45.0329155]]]}}, {"type": "Feature", "properties": {"ZONASTAT": "61", "DENOM": "Lingotto - Ex Ippodromo", "name": "Lingotto - Ex Ippodromo", "pop2023": null, "cafes": null, "cafe_density": null, "stops500m": null, "cafe_norm": null, "traffic_norm": null, "transit_norm": null, "pop_norm": null, "flow_norm": null, "traffic_raw": null, "flow_raw": null, "total": null}, "geometry": {"type": "Polygon", "coordinates": [[[7.6360158, 45.0233878], [7.6351237, 45.0228319], [7.6360588, 45.0225191], [7.6371786, 45.0221276], [7.6384388, 45.021687], [7.6385841, 45.0216362], [7.6400399, 45.0211273], [7.6401791, 45.0210786], [7.6404068, 45.0209047], [7.6410304, 45.0204285], [7.6418264, 45.0198205], [7.6434709, 45.0185645], [7.6436399, 45.0184622], [7.6447898, 45.0181785], [7.6456685, 45.0179965], [7.6469445, 45.0177321], [7.6479575, 45.0175222], [7.6481146, 45.0175185], [7.6507325, 45.0174578], [7.6519785, 45.0174419], [7.6529762, 45.0174291], [7.6540733, 45.0174151], [7.6553412, 45.0174365], [7.6566285, 45.0174268], [7.6578897, 45.0174201], [7.658354, 45.0174875], [7.6584836, 45.0175104], [7.6584633, 45.0175688], [7.6584148, 45.0176924], [7.6581932, 45.0183725], [7.6580524, 45.0189629], [7.6580072, 45.0193825], [7.6579854, 45.0195849], [7.6578463, 45.0203364], [7.6577612, 45.0209632], [7.6576958, 45.0216046], [7.6576636, 45.0222442], [7.6576484, 45.0228469], [7.6576582, 45.0231179], [7.6576623, 45.0231927], [7.6576663, 45.0232666], [7.6576544, 45.023626], [7.6575785, 45.0264593], [7.657579, 45.0268301], [7.6575795, 45.0272298], [7.6576184, 45.0276353], [7.6576781, 45.0281042], [7.6577519, 45.0284622], [7.6578446, 45.0288247], [7.6578719, 45.0288198], [7.6578764, 45.0288388], [7.6578517, 45.0288402], [7.657979, 45.0292409], [7.6568951, 45.0295701], [7.6555393, 45.0299806], [7.6550961, 45.0301265], [7.653624, 45.0305702], [7.6518611, 45.0310959], [7.6500931, 45.0316251], [7.6489464, 45.0319686], [7.6476188, 45.0323663], [7.646519, 45.0326957], [7.646272, 45.0325345], [7.645346, 45.0317431], [7.6442678, 45.0307807], [7.6427967, 45.0294524], [7.6418134, 45.0285469], [7.6411087, 45.0279215], [7.6404415, 45.0273321], [7.6397586, 45.0267242], [7.6389488, 45.0259817], [7.6376541, 45.0248623], [7.6370423, 45.024293], [7.6366802, 45.0239737], [7.6362182, 45.0235507], [7.6360158, 45.0233878]]]}}, {"type": "Feature", "properties": {"ZONASTAT": "62", "DENOM": "Sanatorio - Gerbido", "name": "Sanatorio - Gerbido", "pop2023": null, "cafes": null, "cafe_density": null, "stops500m": null, "cafe_norm": null, "traffic_norm": null, "transit_norm": null, "pop_norm": null, "flow_norm": null, "traffic_raw": null, "flow_raw": null, "total": null}, "geometry": {"type": "Polygon", "coordinates": [[[7.6116445, 45.0337244], [7.6117338, 45.0336887], [7.6138188, 45.0328029], [7.6153361, 45.0322828], [7.6165432, 45.0318049], [7.6148143, 45.031555], [7.6132155, 45.0312789], [7.6125219, 45.0311739], [7.6136044, 45.0311391], [7.61404, 45.0309852], [7.6153803, 45.0305079], [7.6218624, 45.028003], [7.6238555, 45.0305911], [7.6233983, 45.0307712], [7.6206291, 45.0318476], [7.6204017, 45.0319239], [7.620153, 45.0319906], [7.6200501, 45.0320103], [7.619822, 45.0320486], [7.6198094, 45.0319911], [7.6197642, 45.0319044], [7.6195199, 45.0319627], [7.6193781, 45.0322841], [7.6192877, 45.0323053], [7.6191973, 45.0323265], [7.6191647, 45.0323374], [7.6191115, 45.0323717], [7.6190758, 45.0324431], [7.6191389, 45.0326347], [7.6190683, 45.0328043], [7.6190219, 45.0329155], [7.6215957, 45.0340644], [7.6240558, 45.0351547], [7.6241298, 45.0351875], [7.6247319, 45.0354467], [7.6248989, 45.0356169], [7.6256872, 45.0359746], [7.6258375, 45.0360427], [7.6263847, 45.0363133], [7.6283561, 45.0372893], [7.6284304, 45.037326], [7.6285242, 45.0374836], [7.6286451, 45.0376864], [7.6286913, 45.0382657], [7.6287012, 45.0383904], [7.6287131, 45.0385391], [7.6287655, 45.0391961], [7.6287971, 45.0395885], [7.6288399, 45.0401203], [7.6288694, 45.0404995], [7.6289397, 45.0413811], [7.6290094, 45.0422547], [7.6290736, 45.0430601], [7.6292035, 45.0446883], [7.6293117, 45.0460449], [7.62943, 45.0475286], [7.6295586, 45.049139], [7.6295929, 45.0495707], [7.6296262, 45.0499875], [7.6296687, 45.0505204], [7.6297492, 45.0515346], [7.6298199, 45.0524242], [7.6299233, 45.0537264], [7.6298655, 45.0539881], [7.6298335, 45.0541746], [7.6294445, 45.0556522], [7.6292846, 45.0562574], [7.6292486, 45.0563823], [7.6291878, 45.0565519], [7.6281351, 45.0567666], [7.6256701, 45.0572773], [7.6251198, 45.0574058], [7.6250568, 45.0572548], [7.6246851, 45.0563639], [7.62425, 45.0553211], [7.6240014, 45.0547251], [7.6235084, 45.0537085], [7.6234973, 45.0536856], [7.623474, 45.0536457], [7.62279, 45.052212], [7.6222279, 45.0520363], [7.6216119, 45.0518438], [7.6208752, 45.0514781], [7.6206924, 45.0513679], [7.6202732, 45.051069], [7.6202068, 45.0510134], [7.620091, 45.0508939], [7.6198156, 45.0506099], [7.6193581, 45.0502053], [7.6182743, 45.0494403], [7.6182236, 45.0494045], [7.6173764, 45.0489286], [7.6187311, 45.0483223], [7.618793, 45.048298], [7.6179196, 45.0467454], [7.6184515, 45.046511], [7.6185956, 45.046458], [7.6188769, 45.0463546], [7.6194477, 45.0461767], [7.6194901, 45.0461767], [7.6199474, 45.046154], [7.6200408, 45.0461478], [7.6200837, 45.0461427], [7.6200979, 45.0461424], [7.6201888, 45.0461405], [7.6202465, 45.0461386], [7.6202976, 45.0461351], [7.6204452, 45.0461155], [7.6206325, 45.0460843], [7.620769, 45.046041], [7.6212332, 45.0458958], [7.620883, 45.0453624], [7.6203775, 45.0445924], [7.6202368, 45.0446071], [7.6193724, 45.0448517], [7.6189576, 45.0446969], [7.6186165, 45.044452], [7.6181865, 45.0438939], [7.6184338, 45.0437507], [7.6184248, 45.0437269], [7.6179194, 45.0423934], [7.617653, 45.0416656], [7.6175063, 45.0410659], [7.6174725, 45.0409553], [7.6174348, 45.0408512], [7.6169067, 45.0398197], [7.6165606, 45.0391174], [7.6165422, 45.0390882], [7.616477, 45.0389844], [7.6162639, 45.0390694], [7.6159937, 45.0391622], [7.6156451, 45.0392891], [7.6155943, 45.0393454], [7.6155406, 45.0394587], [7.6147731, 45.0398117], [7.6146232, 45.0398428], [7.6144089, 45.0394627], [7.6143492, 45.0392143], [7.6141118, 45.0387023], [7.6126083, 45.0356647], [7.6116445, 45.0337244]]]}}, {"type": "Feature", "properties": {"ZONASTAT": "63", "DENOM": "Venchi Unica", "name": "Venchi Unica", "pop2023": null, "cafes": null, "cafe_density": null, "stops500m": null, "cafe_norm": null, "traffic_norm": null, "transit_norm": null, "pop_norm": null, "flow_norm": null, "traffic_raw": null, "flow_raw": null, "total": null}, "geometry": {"type": "Polygon", "coordinates": [[[7.6036681, 45.071349], [7.6034995, 45.0711018], [7.6039331, 45.0711104], [7.6044289, 45.0710572], [7.6047621, 45.0710113], [7.6050995, 45.0709508], [7.6051927, 45.0709227], [7.6052716, 45.0708989], [7.6060835, 45.0707796], [7.606639, 45.0707539], [7.6069792, 45.0706883], [7.6070952, 45.0706523], [7.6071694, 45.0706293], [7.6078198, 45.0704941], [7.6079218, 45.0704637], [7.6079907, 45.0704484], [7.6084402, 45.0703538], [7.6084698, 45.0703368], [7.6085175, 45.0702529], [7.6086931, 45.0698127], [7.60898, 45.0691226], [7.6092738, 45.068469], [7.6093141, 45.0683687], [7.6093792, 45.0682597], [7.6093803, 45.0681978], [7.609403, 45.0681505], [7.6095101, 45.0680353], [7.6095699, 45.0680108], [7.6096175, 45.0680013], [7.6097327, 45.0679661], [7.6098254, 45.0679372], [7.6113867, 45.0673342], [7.6114207, 45.0673193], [7.6114891, 45.0672915], [7.6115863, 45.067252], [7.6116794, 45.0672165], [7.6123129, 45.0670395], [7.6124475, 45.0670027], [7.6125246, 45.0669789], [7.6128914, 45.0668701], [7.6130898, 45.0667744], [7.6131027, 45.0668026], [7.6131639, 45.0667665], [7.6132311, 45.0667507], [7.6132952, 45.0667084], [7.6134592, 45.0666256], [7.6135781, 45.0665675], [7.6137101, 45.0664687], [7.6137923, 45.0663613], [7.6138844, 45.0663135], [7.6139746, 45.0662745], [7.6140772, 45.0662317], [7.6141666, 45.0662022], [7.6141718, 45.0661671], [7.6141123, 45.0661552], [7.6140227, 45.0661273], [7.6130275, 45.0658177], [7.6114165, 45.0655381], [7.6113061, 45.065519], [7.6110928, 45.0654483], [7.6102851, 45.0651807], [7.6101633, 45.0651538], [7.6094137, 45.0649879], [7.6094, 45.0649534], [7.6090007, 45.0639507], [7.6089111, 45.0637257], [7.6076473, 45.0605533], [7.6076335, 45.0605185], [7.6081443, 45.0604176], [7.6089773, 45.0602531], [7.6098146, 45.0600877], [7.6098655, 45.0601422], [7.6101486, 45.0604368], [7.6102847, 45.0604878], [7.6103618, 45.0604994], [7.6104507, 45.0604993], [7.6105306, 45.0604871], [7.6109457, 45.0603826], [7.6116069, 45.0602649], [7.6119851, 45.0602372], [7.6122018, 45.0602123], [7.6127856, 45.060092], [7.6130367, 45.0600098], [7.6136886, 45.0598551], [7.6138328, 45.0597999], [7.6151286, 45.0594088], [7.6157239, 45.0592357], [7.6161972, 45.0592341], [7.61662, 45.0591932], [7.6168698, 45.0591596], [7.6186404, 45.0589695], [7.6187877, 45.0589918], [7.6188293, 45.0590013], [7.6196784, 45.0591961], [7.619819, 45.0592283], [7.6202602, 45.0593492], [7.6204725, 45.0593494], [7.6211784, 45.0593498], [7.6221442, 45.0593814], [7.6231681, 45.0594415], [7.624174, 45.0595413], [7.6251184, 45.0596351], [7.6253428, 45.0576562], [7.6253453, 45.0576347], [7.6251443, 45.0574645], [7.6251198, 45.0574058], [7.6256701, 45.0572773], [7.6281351, 45.0567666], [7.6291878, 45.0565519], [7.6290003, 45.0570756], [7.6289782, 45.0571374], [7.6289197, 45.0572926], [7.62885, 45.0574247], [7.6280949, 45.0584829], [7.627964, 45.058626], [7.6272702, 45.0595637], [7.627189, 45.0597564], [7.6270898, 45.0599053], [7.6252353, 45.0621353], [7.6246863, 45.0627954], [7.6236346, 45.0640599], [7.6233532, 45.0643981], [7.6224318, 45.0655059], [7.6216141, 45.066489], [7.6209363, 45.0673038], [7.6207709, 45.0675026], [7.6202589, 45.0681181], [7.6193526, 45.0692076], [7.61875, 45.0699407], [7.6185247, 45.0702103], [7.6184064, 45.0705738], [7.6185293, 45.0709667], [7.6187542, 45.0716857], [7.6187657, 45.0717597], [7.6189315, 45.072294], [7.6194454, 45.0739526], [7.6196165, 45.0745476], [7.6187491, 45.0745121], [7.6186106, 45.0745065], [7.617828, 45.0744744], [7.6177754, 45.0744723], [7.614556, 45.0743403], [7.6139837, 45.0743168], [7.6109375, 45.0741919], [7.6100879, 45.074157], [7.6092225, 45.0741215], [7.6084132, 45.0740883], [7.6080048, 45.0740715], [7.6076321, 45.0740562], [7.6068377, 45.0740236], [7.6061196, 45.0739941], [7.6056303, 45.073974], [7.6056182, 45.0739598], [7.6055962, 45.0739286], [7.6055036, 45.0738058], [7.6043615, 45.0722844], [7.6043099, 45.0722156], [7.6036681, 45.071349]]]}}, {"type": "Feature", "properties": {"ZONASTAT": "89", "DENOM": "Ex Aeroporto di Mirafiori", "name": "Ex Aeroporto di Mirafiori", "pop2023": null, "cafes": null, "cafe_density": null, "stops500m": null, "cafe_norm": null, "traffic_norm": null, "transit_norm": null, "pop_norm": null, "flow_norm": null, "traffic_raw": null, "flow_raw": null, "total": null}, "geometry": {"type": "Polygon", "coordinates": [[[7.6367988, 45.0120411], [7.6363534, 45.0107498], [7.6371072, 45.0106388], [7.6375967, 45.0105667], [7.6389936, 45.0103687], [7.6400212, 45.0102594], [7.6397244, 45.0085866], [7.6401044, 45.0084506], [7.6404701, 45.0082701], [7.640687, 45.0079849], [7.6408766, 45.0077357], [7.6412059, 45.0073027], [7.6418241, 45.0071332], [7.642426, 45.0069681], [7.6427184, 45.0069526], [7.6438826, 45.0068904], [7.6444236, 45.006773], [7.6445846, 45.0070192], [7.6446256, 45.0070279], [7.644774, 45.0069867], [7.645402, 45.0069558], [7.6455056, 45.0069664], [7.6456549, 45.0070268], [7.6458254, 45.007115], [7.6459772, 45.0071575], [7.6462424, 45.0070474], [7.6465231, 45.0071776], [7.6469417, 45.0075376], [7.6474979, 45.0077084], [7.6475675, 45.0077565], [7.6476969, 45.0077807], [7.6478423, 45.0078353], [7.6481896, 45.0078926], [7.6490838, 45.0079811], [7.6498383, 45.0079036], [7.6501143, 45.0080259], [7.6504695, 45.0081833], [7.6505171, 45.0082045], [7.6505833, 45.0082317], [7.6506163, 45.0082449], [7.6506411, 45.0082555], [7.6506812, 45.0082825], [7.6507053, 45.0082987], [7.6508388, 45.0083888], [7.6509723, 45.0084788], [7.6510131, 45.0085063], [7.6510557, 45.008535], [7.6511831, 45.0086207], [7.6512878, 45.0086911], [7.6513093, 45.0086944], [7.6514888, 45.0087222], [7.651578, 45.008736], [7.6516429, 45.0087461], [7.6517398, 45.0087867], [7.6517598, 45.0087951], [7.6519545, 45.0088773], [7.6521247, 45.0088912], [7.6522431, 45.008869], [7.6522787, 45.0088514], [7.6523216, 45.0088078], [7.652361, 45.0087677], [7.65244, 45.0086874], [7.6524489, 45.0086201], [7.65246, 45.0085363], [7.6524679, 45.0084759], [7.6524758, 45.0084164], [7.6524769, 45.0084079], [7.6524854, 45.0083435], [7.6524912, 45.0083002], [7.6524985, 45.0082448], [7.6525042, 45.008202], [7.6525121, 45.0081877], [7.6525376, 45.0081415], [7.6525936, 45.0080426], [7.6533367, 45.0079105], [7.6534663, 45.0079373], [7.6535106, 45.0079341], [7.6535427, 45.0079318], [7.6535707, 45.0079302], [7.6536506, 45.0079265], [7.653774, 45.0079301], [7.6540426, 45.0079352], [7.6540539, 45.0079304], [7.6540905, 45.0079146], [7.6541595, 45.0078858], [7.6542217, 45.0078601], [7.654266, 45.0078417], [7.6543089, 45.0078235], [7.6544246, 45.0077746], [7.6545042, 45.007705], [7.6546076, 45.0076146], [7.654745, 45.007536], [7.6547515, 45.0075334], [7.65515, 45.0072921], [7.6554582, 45.0080283], [7.655546, 45.0082371], [7.6557587, 45.0087424], [7.6557813, 45.0088076], [7.6557966, 45.0088516], [7.6558065, 45.0088722], [7.6564898, 45.0104811], [7.6567576, 45.0111431], [7.6571075, 45.012008], [7.6575187, 45.013018], [7.6579901, 45.0140712], [7.6582312, 45.01461], [7.658772, 45.0158732], [7.6589298, 45.016242], [7.6585532, 45.0173102], [7.6584836, 45.0175104], [7.658354, 45.0174875], [7.6578897, 45.0174201], [7.6566285, 45.0174268], [7.6553412, 45.0174365], [7.6540733, 45.0174151], [7.6529762, 45.0174291], [7.6519785, 45.0174419], [7.6507325, 45.0174578], [7.6481146, 45.0175185], [7.6479575, 45.0175222], [7.6469445, 45.0177321], [7.6456685, 45.0179965], [7.6447898, 45.0181785], [7.6436399, 45.0184622], [7.6434709, 45.0185645], [7.6418264, 45.0198205], [7.6410304, 45.0204285], [7.6404068, 45.0209047], [7.6401791, 45.0210786], [7.6400399, 45.0211273], [7.6399267, 45.0207135], [7.6397133, 45.020128], [7.6392015, 45.0187233], [7.6391089, 45.0184691], [7.6388673, 45.0178062], [7.6388068, 45.0176401], [7.6383303, 45.0164015], [7.637876, 45.015085], [7.6376892, 45.0145564], [7.6367988, 45.0120411]]]}}, {"type": "Feature", "properties": {"ZONASTAT": "64", "DENOM": "Aeronautica - Pellerina", "name": "Aeronautica - Pellerina", "pop2023": null, "cafes": null, "cafe_density": null, "stops500m": null, "cafe_norm": null, "traffic_norm": null, "transit_norm": null, "pop_norm": null, "flow_norm": null, "traffic_raw": null, "flow_raw": null, "total": null}, "geometry": {"type": "Polygon", "coordinates": [[[7.6057083, 45.0740755], [7.6056303, 45.073974], [7.6061196, 45.0739941], [7.6068377, 45.0740236], [7.6076321, 45.0740562], [7.6080048, 45.0740715], [7.6084132, 45.0740883], [7.6092225, 45.0741215], [7.6100879, 45.074157], [7.6109375, 45.0741919], [7.6139837, 45.0743168], [7.614556, 45.0743403], [7.6177754, 45.0744723], [7.617828, 45.0744744], [7.6186106, 45.0745065], [7.6187491, 45.0745121], [7.6196165, 45.0745476], [7.6197228, 45.0751337], [7.6197373, 45.0752133], [7.6198519, 45.0756355], [7.6198979, 45.0757903], [7.6200324, 45.0760582], [7.6204618, 45.0768229], [7.6208828, 45.077618], [7.6211499, 45.0781218], [7.6212491, 45.0782741], [7.6215022, 45.0787478], [7.6216917, 45.0789747], [7.6221954, 45.0795012], [7.6228765, 45.0802218], [7.6229743, 45.0803337], [7.6235458, 45.080888], [7.6236215, 45.0809633], [7.623808, 45.0812622], [7.6238919, 45.0814747], [7.6241681, 45.0821857], [7.6243564, 45.08265], [7.6248631, 45.0839122], [7.6255295, 45.0855543], [7.6259817, 45.0866589], [7.6260629, 45.0868182], [7.626191, 45.0870698], [7.6265287, 45.0873921], [7.6270358, 45.0876129], [7.6286937, 45.0880974], [7.6286378, 45.0882103], [7.6285043, 45.0881712], [7.6285053, 45.0881876], [7.6285045, 45.0882072], [7.6284915, 45.0882692], [7.628487, 45.0882967], [7.6284897, 45.0883232], [7.6284527, 45.0884068], [7.628446, 45.0884313], [7.628397, 45.0885455], [7.6283777, 45.0885781], [7.6283354, 45.0886368], [7.6282888, 45.0886911], [7.6282597, 45.0887312], [7.6282387, 45.0887636], [7.628227, 45.0887777], [7.6282166, 45.0887811], [7.6282033, 45.0887825], [7.628185, 45.0887928], [7.6281684, 45.0888123], [7.6281523, 45.0888332], [7.6281159, 45.0888917], [7.6280835, 45.0889367], [7.6280477, 45.0889838], [7.6280183, 45.0890257], [7.6279991, 45.0890568], [7.6279762, 45.0890899], [7.6279159, 45.0891713], [7.6278467, 45.089254], [7.6277379, 45.0893875], [7.6277124, 45.0894065], [7.627533, 45.0895583], [7.6274409, 45.0896405], [7.6272927, 45.0897687], [7.6272303, 45.0898472], [7.6271702, 45.0899008], [7.6271095, 45.0899575], [7.6268054, 45.0902237], [7.6267382, 45.090277], [7.6266191, 45.0903661], [7.6265114, 45.0904489], [7.6264713, 45.0904804], [7.6263552, 45.0905746], [7.6262793, 45.0906339], [7.6262168, 45.0906848], [7.6261336, 45.0907493], [7.6260494, 45.0908074], [7.625978, 45.090854], [7.6258973, 45.0908974], [7.6256645, 45.0910195], [7.6256005, 45.0910519], [7.6255447, 45.0910734], [7.6254499, 45.0911057], [7.6253266, 45.0911513], [7.6250704, 45.0912349], [7.6249233, 45.0912845], [7.6247003, 45.0913524], [7.6245156, 45.0914102], [7.6243211, 45.0914627], [7.6240815, 45.0915293], [7.623936, 45.0915686], [7.6235426, 45.0916789], [7.6234204, 45.091714], [7.6226125, 45.0920382], [7.6223912, 45.0921574], [7.6221114, 45.0923209], [7.6219556, 45.0924289], [7.6219287, 45.0924579], [7.6218842, 45.0925286], [7.6218717, 45.0925627], [7.6218493, 45.0926021], [7.6217815, 45.0926718], [7.621721, 45.0927326], [7.6216855, 45.0927698], [7.6216054, 45.0929173], [7.6215536, 45.0930779], [7.621544, 45.0931346], [7.6215414, 45.0932841], [7.6215467, 45.0934132], [7.6215431, 45.0934706], [7.6215516, 45.0935507], [7.621568, 45.0936117], [7.6215981, 45.0937078], [7.6216055, 45.0937426], [7.6216391, 45.0938133], [7.621644, 45.0938361], [7.6216406, 45.0938609], [7.6216261, 45.0938756], [7.6215734, 45.0939071], [7.6215028, 45.0939554], [7.6214272, 45.0940139], [7.6213519, 45.0940662], [7.6212982, 45.094097], [7.6212403, 45.0941321], [7.621205, 45.0941555], [7.6211297, 45.0942087], [7.621094, 45.0942393], [7.6210275, 45.0942849], [7.6209736, 45.0943179], [7.6209389, 45.0943334], [7.6208431, 45.0943858], [7.6207457, 45.0944284], [7.6206779, 45.0944504], [7.6205732, 45.0944817], [7.6205019, 45.0944879], [7.6204347, 45.0944895], [7.6203765, 45.0944841], [7.6203185, 45.0944771], [7.6202897, 45.0944708], [7.620264, 45.0944617], [7.6202247, 45.09445], [7.6201817, 45.0944317], [7.6201351, 45.0944135], [7.6200374, 45.0943608], [7.6200054, 45.0943409], [7.6199786, 45.0943149], [7.6199459, 45.0942888], [7.6198735, 45.09422], [7.6198133, 45.0941575], [7.619748, 45.0940837], [7.6197071, 45.0940356], [7.6196935, 45.0940235], [7.619664, 45.0939843], [7.6195993, 45.0939105], [7.6195621, 45.0938632], [7.6195448, 45.0938451], [7.6195321, 45.0938254], [7.6195133, 45.0938013], [7.6194844, 45.0937719], [7.619456, 45.0937403], [7.6194161, 45.0937016], [7.6193872, 45.0936823], [7.6193561, 45.0936548], [7.6193235, 45.0936178], [7.6192697, 45.0935629], [7.6192283, 45.0935274], [7.6191834, 45.0934919], [7.619144, 45.0934622], [7.6191077, 45.0934423], [7.6190692, 45.0934168], [7.619023, 45.0933806], [7.6190117, 45.0933698], [7.6189818, 45.0933094], [7.6183993, 45.0920061], [7.6183933, 45.0918322], [7.6184158, 45.0917585], [7.6184059, 45.0916444], [7.6183874, 45.0914812], [7.6183356, 45.0913253], [7.6183153, 45.0912943], [7.6182706, 45.0911806], [7.6181354, 45.0909904], [7.6180859, 45.090925], [7.6180633, 45.0908862], [7.6180183, 45.0908397], [7.6180031, 45.0908121], [7.6179501, 45.090754], [7.6179092, 45.0907218], [7.6178106, 45.0906761], [7.6177944, 45.0906401], [7.6177342, 45.0905891], [7.6175715, 45.0904511], [7.617341, 45.0902721], [7.61583, 45.0893029], [7.6155676, 45.0890509], [7.6154359, 45.0889438], [7.6149565, 45.0887818], [7.6148031, 45.088771], [7.6146307, 45.0887749], [7.6144755, 45.0887783], [7.6138121, 45.0888167], [7.6135696, 45.0887919], [7.6133681, 45.0887426], [7.6132797, 45.0886614], [7.6130124, 45.0881296], [7.612617, 45.087629], [7.6123791, 45.0873737], [7.6116916, 45.0867178], [7.6112376, 45.0862756], [7.611159, 45.0859351], [7.6111674, 45.0855862], [7.6112599, 45.084659], [7.6114213, 45.0840298], [7.6114535, 45.0825085], [7.6114128, 45.0825384], [7.6113742, 45.0825779], [7.6113704, 45.0825784], [7.6113628, 45.0825531], [7.6112276, 45.0823516], [7.610833, 45.0817697], [7.6107948, 45.0817127], [7.6107565, 45.0816365], [7.6097045, 45.0800598], [7.6090876, 45.0791394], [7.6087726, 45.0786716], [7.6086746, 45.0785219], [7.6085812, 45.0783721], [7.6084078, 45.0781204], [7.60799, 45.0774882], [7.6075483, 45.0768267], [7.6074393, 45.0766622], [7.60742, 45.0766356], [7.6069849, 45.0759819], [7.6067475, 45.0756368], [7.6065157, 45.0753039], [7.6064963, 45.0752773], [7.6064642, 45.0752266], [7.6064373, 45.0751883], [7.605811, 45.0742225], [7.6057499, 45.0741332], [7.6057083, 45.0740755]]]}}, {"type": "Feature", "properties": {"ZONASTAT": "90", "DENOM": "Mirafiori - Citt\u00e0 Giardino", "name": "Mirafiori - Citt\u00e0 Giardino", "pop2023": null, "cafes": null, "cafe_density": null, "stops500m": null, "cafe_norm": null, "traffic_norm": null, "transit_norm": null, "pop_norm": null, "flow_norm": null, "traffic_raw": null, "flow_raw": null, "total": null}, "geometry": {"type": "Polygon", "coordinates": [[[7.6141716, 45.0119076], [7.6142864, 45.0118242], [7.6143252, 45.0117715], [7.6144351, 45.0117048], [7.614545, 45.011644], [7.6145873, 45.0116164], [7.6146296, 45.0115889], [7.6146681, 45.0115509], [7.6148663, 45.0114527], [7.6146599, 45.0110602], [7.6152647, 45.0108245], [7.6153258, 45.0108096], [7.6155092, 45.0107649], [7.6156838, 45.0107223], [7.6162951, 45.0106664], [7.6172341, 45.0104011], [7.6174554, 45.0103661], [7.6181786, 45.0102339], [7.6188663, 45.0099515], [7.6200108, 45.0093946], [7.6202103, 45.0092964], [7.620445, 45.0091965], [7.6213655, 45.0088048], [7.6214076, 45.0087868], [7.6226436, 45.0084115], [7.6230214, 45.0082967], [7.623611, 45.0082039], [7.6241884, 45.008113], [7.6252247, 45.0080653], [7.6265458, 45.0080845], [7.6275986, 45.0083128], [7.6279394, 45.0087985], [7.6280229, 45.009102], [7.6284953, 45.0094989], [7.628627, 45.0096095], [7.6290524, 45.0103425], [7.6293796, 45.0103502], [7.6296303, 45.0103562], [7.630858, 45.0103852], [7.6315584, 45.0103758], [7.6322822, 45.0103132], [7.6325238, 45.0102692], [7.6335663, 45.0100793], [7.6345361, 45.0095671], [7.6347044, 45.0094423], [7.6364088, 45.0081794], [7.6366656, 45.0080866], [7.6367323, 45.0080777], [7.6371761, 45.0081613], [7.6373133, 45.0082757], [7.6373718, 45.0083245], [7.6374292, 45.0083718], [7.6380246, 45.0088632], [7.6382514, 45.0089288], [7.6390686, 45.0088215], [7.6397244, 45.0085866], [7.6400212, 45.0102594], [7.6389936, 45.0103687], [7.6375967, 45.0105667], [7.6371072, 45.0106388], [7.6363534, 45.0107498], [7.6367988, 45.0120411], [7.6376892, 45.0145564], [7.637876, 45.015085], [7.6383303, 45.0164015], [7.6388068, 45.0176401], [7.6388673, 45.0178062], [7.6391089, 45.0184691], [7.6392015, 45.0187233], [7.6397133, 45.020128], [7.6399267, 45.0207135], [7.6400399, 45.0211273], [7.6385841, 45.0216362], [7.6384388, 45.021687], [7.6371786, 45.0221276], [7.6360588, 45.0225191], [7.6351237, 45.0228319], [7.6343035, 45.0221175], [7.6342967, 45.0220847], [7.6342494, 45.0218545], [7.633679, 45.0213462], [7.6323734, 45.0201598], [7.6317657, 45.0196099], [7.6312785, 45.0196905], [7.6254291, 45.0219676], [7.6232163, 45.0228289], [7.6212188, 45.0236064], [7.6202833, 45.0217132], [7.6189176, 45.0189493], [7.6188058, 45.0187446], [7.6186279, 45.0184188], [7.6179782, 45.0172291], [7.6179432, 45.0171662], [7.6172944, 45.016001], [7.6168226, 45.0151537], [7.6168064, 45.0150711], [7.6165244, 45.0151444], [7.6164739, 45.0150218], [7.6160841, 45.0140754], [7.6159785, 45.0138047], [7.616264, 45.0137358], [7.6161242, 45.0134142], [7.6155073, 45.0135518], [7.6152584, 45.0128429], [7.6145651, 45.0129919], [7.6141716, 45.0119076]]]}}, {"type": "Feature", "properties": {"ZONASTAT": "65", "DENOM": "Vallette - Saffarona - Villa Cristina", "name": "Vallette - Saffarona - Villa Cristina", "pop2023": null, "cafes": null, "cafe_density": null, "stops500m": null, "cafe_norm": null, "traffic_norm": null, "transit_norm": null, "pop_norm": null, "flow_norm": null, "traffic_raw": null, "flow_raw": null, "total": null}, "geometry": {"type": "Polygon", "coordinates": [[[7.6118171, 45.1071241], [7.6125096, 45.1051091], [7.6133692, 45.1026077], [7.61351, 45.1022497], [7.6136962, 45.1017761], [7.613682, 45.1017095], [7.6142619, 45.0999945], [7.6144492, 45.0997093], [7.6147899, 45.0994615], [7.6151605, 45.0991926], [7.617875, 45.0972741], [7.6180289, 45.0971641], [7.6181882, 45.0970527], [7.6186844, 45.096702], [7.6196654, 45.0951024], [7.6195772, 45.0948662], [7.6194893, 45.0946369], [7.619443, 45.0945199], [7.6192389, 45.0939918], [7.6190117, 45.0933698], [7.619023, 45.0933806], [7.6190692, 45.0934168], [7.6191077, 45.0934423], [7.619144, 45.0934622], [7.6191834, 45.0934919], [7.6192283, 45.0935274], [7.6192697, 45.0935629], [7.6193235, 45.0936178], [7.6193561, 45.0936548], [7.6193872, 45.0936823], [7.6194161, 45.0937016], [7.619456, 45.0937403], [7.6194844, 45.0937719], [7.6195133, 45.0938013], [7.6195321, 45.0938254], [7.6195448, 45.0938451], [7.6195621, 45.0938632], [7.6195993, 45.0939105], [7.619664, 45.0939843], [7.6196935, 45.0940235], [7.6197071, 45.0940356], [7.619748, 45.0940837], [7.6198133, 45.0941575], [7.6198735, 45.09422], [7.6199459, 45.0942888], [7.6199786, 45.0943149], [7.6200054, 45.0943409], [7.6200374, 45.0943608], [7.6201351, 45.0944135], [7.6201817, 45.0944317], [7.6202247, 45.09445], [7.620264, 45.0944617], [7.6202897, 45.0944708], [7.6203185, 45.0944771], [7.6203765, 45.0944841], [7.6204347, 45.0944895], [7.6205019, 45.0944879], [7.6205732, 45.0944817], [7.6206779, 45.0944504], [7.6207457, 45.0944284], [7.6208431, 45.0943858], [7.6209389, 45.0943334], [7.6209736, 45.0943179], [7.6210275, 45.0942849], [7.621094, 45.0942393], [7.6211297, 45.0942087], [7.621205, 45.0941555], [7.6212403, 45.0941321], [7.6212982, 45.094097], [7.6213519, 45.0940662], [7.6214272, 45.0940139], [7.6215028, 45.0939554], [7.6215734, 45.0939071], [7.6216261, 45.0938756], [7.6216406, 45.0938609], [7.621644, 45.0938361], [7.6216391, 45.0938133], [7.6216055, 45.0937426], [7.6215981, 45.0937078], [7.621568, 45.0936117], [7.6215516, 45.0935507], [7.6215431, 45.0934706], [7.6215467, 45.0934132], [7.6215414, 45.0932841], [7.621544, 45.0931346], [7.6215536, 45.0930779], [7.6216054, 45.0929173], [7.6216855, 45.0927698], [7.621721, 45.0927326], [7.6217815, 45.0926718], [7.6218493, 45.0926021], [7.6218717, 45.0925627], [7.6218842, 45.0925286], [7.6219287, 45.0924579], [7.6219556, 45.0924289], [7.6221114, 45.0923209], [7.6223912, 45.0921574], [7.6226125, 45.0920382], [7.6234204, 45.091714], [7.6235426, 45.0916789], [7.623936, 45.0915686], [7.6240815, 45.0915293], [7.6243211, 45.0914627], [7.6245156, 45.0914102], [7.6247003, 45.0913524], [7.6249233, 45.0912845], [7.6250704, 45.0912349], [7.6253266, 45.0911513], [7.6254499, 45.0911057], [7.6255447, 45.0910734], [7.6256005, 45.0910519], [7.6256645, 45.0910195], [7.6258973, 45.0908974], [7.625978, 45.090854], [7.6260494, 45.0908074], [7.6261336, 45.0907493], [7.6262168, 45.0906848], [7.6262793, 45.0906339], [7.6263552, 45.0905746], [7.6264713, 45.0904804], [7.6265114, 45.0904489], [7.6266191, 45.0903661], [7.6267382, 45.090277], [7.6268054, 45.0902237], [7.6271095, 45.0899575], [7.6271702, 45.0899008], [7.6272303, 45.0898472], [7.6272927, 45.0897687], [7.6274409, 45.0896405], [7.627533, 45.0895583], [7.6277124, 45.0894065], [7.6277379, 45.0893875], [7.6278467, 45.089254], [7.6279159, 45.0891713], [7.6279762, 45.0890899], [7.6279991, 45.0890568], [7.6280183, 45.0890257], [7.6280477, 45.0889838], [7.6280835, 45.0889367], [7.6281159, 45.0888917], [7.6281523, 45.0888332], [7.6281684, 45.0888123], [7.628185, 45.0887928], [7.6282033, 45.0887825], [7.6282166, 45.0887811], [7.628227, 45.0887777], [7.6282387, 45.0887636], [7.6282597, 45.0887312], [7.6282888, 45.0886911], [7.6283354, 45.0886368], [7.6283777, 45.0885781], [7.628397, 45.0885455], [7.628446, 45.0884313], [7.6284527, 45.0884068], [7.6284897, 45.0883232], [7.628487, 45.0882967], [7.6284915, 45.0882692], [7.6285045, 45.0882072], [7.6285053, 45.0881876], [7.6285043, 45.0881712], [7.6286378, 45.0882103], [7.6286937, 45.0880974], [7.6289517, 45.0881749], [7.6290469, 45.0882147], [7.6291675, 45.0882788], [7.6292609, 45.0883407], [7.6293336, 45.0883996], [7.6294161, 45.0884803], [7.6294892, 45.088577], [7.6301849, 45.0897936], [7.6321075, 45.0931123], [7.6324214, 45.0936469], [7.6331486, 45.0948987], [7.6334737, 45.0954584], [7.6336567, 45.0957764], [7.6339646, 45.0963072], [7.6341193, 45.09657], [7.6342723, 45.0968333], [7.6343085, 45.0968947], [7.6344102, 45.0971045], [7.634456, 45.0972174], [7.6344096, 45.097369], [7.6342647, 45.0973774], [7.6339962, 45.0974218], [7.6335574, 45.0974866], [7.634338, 45.0979618], [7.6345385, 45.0980839], [7.6349415, 45.0983299], [7.6355734, 45.0987132], [7.6360803, 45.0990186], [7.6367095, 45.0994036], [7.6374655, 45.0997472], [7.6378002, 45.099954], [7.6381375, 45.1001656], [7.6386009, 45.1004433], [7.6393858, 45.1009267], [7.6404645, 45.1015912], [7.6406309, 45.1016897], [7.6408848, 45.1018133], [7.641652, 45.1022821], [7.6423587, 45.1027138], [7.6427686, 45.1029642], [7.6437093, 45.1035454], [7.6437456, 45.1035671], [7.6448506, 45.104226], [7.6451005, 45.1043916], [7.6455072, 45.1046371], [7.6455477, 45.1046615], [7.645747, 45.1047631], [7.6456695, 45.1048907], [7.6456328, 45.1049458], [7.6455156, 45.1051415], [7.6454543, 45.1052645], [7.6454029, 45.105388], [7.6453577, 45.1055117], [7.6453226, 45.1056321], [7.6452982, 45.1057321], [7.6452604, 45.1059528], [7.6452375, 45.106225], [7.6452237, 45.106365], [7.6452149, 45.1064985], [7.6452043, 45.1065898], [7.6452072, 45.1078062], [7.6452229, 45.1081113], [7.6453706, 45.1109916], [7.645394, 45.1120782], [7.6438401, 45.112184], [7.6391924, 45.1125128], [7.6390301, 45.1125257], [7.637915, 45.1126105], [7.6343537, 45.1128831], [7.6297125, 45.1133115], [7.6294306, 45.1133373], [7.6289953, 45.1133788], [7.627853, 45.1134635], [7.6276681, 45.1134757], [7.6272919, 45.113499], [7.6264378, 45.1135515], [7.6252683, 45.1136482], [7.6245204, 45.1137084], [7.6238568, 45.1137445], [7.6229216, 45.1137954], [7.6227748, 45.1136682], [7.622723, 45.1135999], [7.6226316, 45.1134765], [7.6226129, 45.1133816], [7.6226152, 45.112054], [7.6226298, 45.1101773], [7.6226382, 45.1101075], [7.622622, 45.1099688], [7.6226358, 45.1098827], [7.6226651, 45.1095048], [7.622684, 45.1087779], [7.6227247, 45.1085093], [7.6226926, 45.1085057], [7.6226755, 45.1084922], [7.622661, 45.1084809], [7.6226649, 45.1083826], [7.6221176, 45.1082883], [7.6220302, 45.1082683], [7.6220107, 45.1082616], [7.6218036, 45.1082217], [7.6216219, 45.1081978], [7.6214208, 45.1081516], [7.6214029, 45.1081414], [7.6213367, 45.1081274], [7.6212058, 45.1081136], [7.6210559, 45.1080863], [7.6210356, 45.1080719], [7.6206405, 45.1079998], [7.6205934, 45.1079992], [7.6202319, 45.1079275], [7.6201848, 45.1079265], [7.6201097, 45.1079335], [7.619954, 45.1079738], [7.6198413, 45.1079854], [7.6197248, 45.1079841], [7.6194983, 45.108004], [7.6192187, 45.1080544], [7.6190266, 45.1080648], [7.6188988, 45.1081217], [7.6187884, 45.1081443], [7.6185817, 45.1081424], [7.6183596, 45.1081356], [7.6177576, 45.1081364], [7.6171739, 45.1081239], [7.6164477, 45.108125], [7.6161358, 45.1081225], [7.6159555, 45.1081232], [7.6159248, 45.1081408], [7.6158427, 45.1081877], [7.6158085, 45.1081975], [7.614336, 45.1081225], [7.6143061, 45.1081199], [7.614262, 45.108113], [7.6142182, 45.1081033], [7.6142008, 45.1080982], [7.614177, 45.1080878], [7.6141556, 45.1080738], [7.6141456, 45.1080652], [7.6141341, 45.1080515], [7.614126, 45.1080364], [7.6141183, 45.1080147], [7.6141164, 45.1080038], [7.6141167, 45.1079929], [7.61409, 45.1079668], [7.6140636, 45.107941], [7.6133809, 45.1077321], [7.6126367, 45.1074128], [7.6118171, 45.1071241]]]}}, {"type": "Feature", "properties": {"ZONASTAT": "66", "DENOM": "Stradale di Lanzo", "name": "Stradale di Lanzo", "pop2023": null, "cafes": null, "cafe_density": null, "stops500m": null, "cafe_norm": null, "traffic_norm": null, "transit_norm": null, "pop_norm": null, "flow_norm": null, "traffic_raw": null, "flow_raw": null, "total": null}, "geometry": {"type": "Polygon", "coordinates": [[[7.6452043, 45.1065898], [7.6452149, 45.1064985], [7.6452237, 45.106365], [7.6452375, 45.106225], [7.6452604, 45.1059528], [7.6452982, 45.1057321], [7.6453226, 45.1056321], [7.6453577, 45.1055117], [7.6454029, 45.105388], [7.6454543, 45.1052645], [7.6455156, 45.1051415], [7.6456328, 45.1049458], [7.6456695, 45.1048907], [7.645747, 45.1047631], [7.6459572, 45.1048815], [7.6473028, 45.1056637], [7.6478401, 45.1059759], [7.6482152, 45.1061721], [7.6485706, 45.1063584], [7.6508442, 45.1076767], [7.6522504, 45.1084723], [7.6523496, 45.1085271], [7.6535503, 45.1095139], [7.6545195, 45.1103154], [7.6547824, 45.1105328], [7.6548012, 45.1105483], [7.6556512, 45.11095], [7.6575492, 45.111842], [7.6582149, 45.111844], [7.6598254, 45.1118692], [7.6599919, 45.1118642], [7.6601916, 45.111856], [7.6608444, 45.1117875], [7.6611429, 45.111718], [7.6615547, 45.1116287], [7.6622114, 45.1114863], [7.6634381, 45.1112202], [7.6635878, 45.1111771], [7.6642003, 45.1110402], [7.6644124, 45.1109203], [7.6652939, 45.1107215], [7.6661101, 45.1105472], [7.6669343, 45.1103721], [7.6677945, 45.1101833], [7.6696403, 45.1097808], [7.6705739, 45.1095772], [7.6708623, 45.1095164], [7.6709613, 45.1097649], [7.6710715, 45.1100416], [7.6715377, 45.1111037], [7.6729735, 45.1109287], [7.6732946, 45.1122004], [7.6734732, 45.1129075], [7.6736562, 45.1136325], [7.6739459, 45.11478], [7.6740453, 45.1150422], [7.6741456, 45.1150137], [7.6742989, 45.1149634], [7.67449, 45.1148653], [7.6751538, 45.1145163], [7.6752388, 45.114469], [7.6753296, 45.1143995], [7.6755628, 45.1140715], [7.6759142, 45.1136001], [7.6760115, 45.1135096], [7.676412, 45.1132659], [7.6766379, 45.1130612], [7.6780489, 45.111598], [7.6786625, 45.1114525], [7.6792701, 45.1138433], [7.6794349, 45.114481], [7.6796844, 45.1154195], [7.6799298, 45.1163544], [7.6799536, 45.1164677], [7.6799653, 45.1165228], [7.6798959, 45.116663], [7.6798493, 45.1167572], [7.6793241, 45.1167454], [7.6789073, 45.1168041], [7.6785289, 45.1169613], [7.6779906, 45.1173417], [7.6778022, 45.1176469], [7.6772223, 45.1179761], [7.6770559, 45.1181016], [7.6775111, 45.1188944], [7.6770237, 45.1193122], [7.6763357, 45.1198962], [7.6755715, 45.1205927], [7.6752087, 45.120963], [7.6743254, 45.1218483], [7.6738613, 45.1223155], [7.673421, 45.1225735], [7.6729232, 45.1223269], [7.6718088, 45.1220643], [7.670979, 45.1218567], [7.6701647, 45.1216333], [7.6694625, 45.1215369], [7.6689687, 45.121341], [7.6685207, 45.1210268], [7.6680189, 45.120763], [7.6673628, 45.120444], [7.6662991, 45.1200242], [7.6652477, 45.1196996], [7.6645152, 45.1195798], [7.6639263, 45.1195593], [7.6628526, 45.1197624], [7.6612054, 45.1199749], [7.6610862, 45.1199903], [7.6609666, 45.1200057], [7.6605514, 45.1200593], [7.6601624, 45.1202202], [7.6589787, 45.1206882], [7.6583302, 45.1210315], [7.6576384, 45.1215099], [7.6569295, 45.1220036], [7.6561763, 45.1224899], [7.6549165, 45.1237696], [7.6546709, 45.1239035], [7.654222, 45.124481], [7.6541447, 45.1243934], [7.6537626, 45.1239603], [7.6536897, 45.1238927], [7.65363, 45.1238376], [7.6526398, 45.1232147], [7.6527053, 45.1225499], [7.6527396, 45.1211264], [7.6527482, 45.1207261], [7.6527779, 45.1203893], [7.6528293, 45.1198119], [7.652909, 45.1184121], [7.6529317, 45.1179892], [7.6529341, 45.1179168], [7.6529343, 45.1178372], [7.6529966, 45.1171059], [7.6530541, 45.1163414], [7.6534023, 45.1160199], [7.6534332, 45.1159883], [7.6535187, 45.1159068], [7.6540951, 45.1153879], [7.6543561, 45.1151518], [7.6546716, 45.1148689], [7.6545433, 45.114783], [7.6545077, 45.1127683], [7.6537619, 45.1126614], [7.6506259, 45.1122106], [7.6499459, 45.1121159], [7.6483243, 45.1121271], [7.6481645, 45.1121354], [7.6479162, 45.1121484], [7.647703, 45.1121462], [7.6473154, 45.112114], [7.646588, 45.1120186], [7.6464613, 45.1120089], [7.6461552, 45.1120124], [7.6459161, 45.1120276], [7.645394, 45.1120782], [7.6453706, 45.1109916], [7.6452229, 45.1081113], [7.6452072, 45.1078062], [7.6452043, 45.1065898]]]}}, {"type": "Feature", "properties": {"ZONASTAT": "68", "DENOM": "Barriera di Stura - Istituto Rebaudengo", "name": "Barriera di Stura - Istituto Rebaudengo", "pop2023": null, "cafes": null, "cafe_density": null, "stops500m": null, "cafe_norm": null, "traffic_norm": null, "transit_norm": null, "pop_norm": null, "flow_norm": null, "traffic_raw": null, "flow_raw": null, "total": null}, "geometry": {"type": "Polygon", "coordinates": [[[7.6928361, 45.1048685], [7.6924185, 45.104487], [7.6930095, 45.1043042], [7.6931483, 45.1042612], [7.6948272, 45.1037483], [7.6954269, 45.1035504], [7.6960279, 45.1033521], [7.6960644, 45.103343], [7.6970865, 45.1030883], [7.6997061, 45.1024382], [7.7003077, 45.1022895], [7.700919, 45.1021391], [7.7017333, 45.1019388], [7.7026019, 45.1017251], [7.7044737, 45.1012548], [7.7055685, 45.1008969], [7.707255, 45.100347], [7.7073442, 45.1003159], [7.7074386, 45.1002784], [7.7075051, 45.1002474], [7.7075947, 45.1001978], [7.707905, 45.1000222], [7.7111803, 45.0981086], [7.7112485, 45.0980706], [7.7133322, 45.0968573], [7.7138536, 45.0965574], [7.7142127, 45.0963463], [7.7163199, 45.0951154], [7.7168192, 45.0948237], [7.717325, 45.0945555], [7.7176925, 45.0943558], [7.7176912, 45.0942866], [7.7176515, 45.094157], [7.7174944, 45.0940196], [7.7174878, 45.0938832], [7.717641, 45.0936796], [7.7179226, 45.0934721], [7.7180241, 45.0932897], [7.7182554, 45.0932099], [7.7185437, 45.092995], [7.7187041, 45.0928184], [7.7193211, 45.0923785], [7.71973, 45.0921697], [7.7201414, 45.0920059], [7.7209738, 45.0916746], [7.7211269, 45.0919197], [7.7218832, 45.0926636], [7.7232581, 45.0937341], [7.7244482, 45.0941273], [7.7258941, 45.0942186], [7.7273835, 45.0939473], [7.7293189, 45.0932202], [7.7293735, 45.0933212], [7.7293648, 45.0933258], [7.7293617, 45.0933332], [7.7293656, 45.0933405], [7.7293748, 45.0933446], [7.7293876, 45.0933434], [7.7295296, 45.0935713], [7.729522, 45.0935769], [7.7295205, 45.0935846], [7.7295259, 45.0935914], [7.7295359, 45.0935945], [7.7295432, 45.0935939], [7.7296865, 45.0938249], [7.7296803, 45.0938312], [7.7296808, 45.0938389], [7.7296877, 45.0938448], [7.7296998, 45.0938463], [7.7297869, 45.0939871], [7.7296995, 45.0940129], [7.7296877, 45.0940247], [7.729687, 45.0940418], [7.7288594, 45.0942968], [7.7288481, 45.0942927], [7.7288354, 45.0942938], [7.7286349, 45.0943606], [7.7286074, 45.0943744], [7.7285938, 45.0943848], [7.7285825, 45.0943965], [7.7285739, 45.0944092], [7.7285637, 45.0944106], [7.728544, 45.0944148], [7.7285254, 45.0944211], [7.7285084, 45.0944292], [7.7284429, 45.0944704], [7.7280769, 45.0946252], [7.7277058, 45.0948412], [7.7266447, 45.0955588], [7.7265145, 45.0956444], [7.7248943, 45.0967391], [7.7238808, 45.0974714], [7.7236893, 45.0976156], [7.7227547, 45.0983037], [7.7225414, 45.0984648], [7.7221447, 45.0986077], [7.7215671, 45.0981831], [7.7214763, 45.0982506], [7.721389, 45.0983178], [7.7215407, 45.098431], [7.7215393, 45.0984354], [7.721541, 45.0984399], [7.721545, 45.0984429], [7.72155, 45.0984446], [7.7215558, 45.0984451], [7.7215615, 45.0984443], [7.7217896, 45.0986134], [7.7217888, 45.0986172], [7.7217901, 45.0986212], [7.7217928, 45.098624], [7.7217967, 45.0986258], [7.7218026, 45.0986268], [7.7218084, 45.0986262], [7.7218917, 45.0986831], [7.7216107, 45.0989119], [7.7213907, 45.0991024], [7.7212237, 45.0993042], [7.7210459, 45.0994887], [7.7208787, 45.0997203], [7.7204146, 45.1003859], [7.7200194, 45.1008184], [7.7199175, 45.1009098], [7.7192938, 45.1016674], [7.7191841, 45.1018574], [7.7191331, 45.1019526], [7.7189497, 45.102274], [7.7188469, 45.1024702], [7.7188425, 45.1024876], [7.7188378, 45.1025062], [7.7188347, 45.1025185], [7.7187637, 45.1027837], [7.7187668, 45.1027982], [7.7186673, 45.1029491], [7.7183019, 45.1035632], [7.7182041, 45.1036557], [7.7181618, 45.1037207], [7.7177031, 45.1044203], [7.71725, 45.1047186], [7.7171717, 45.1047695], [7.7171108, 45.1048286], [7.7168806, 45.1049765], [7.7167982, 45.1050294], [7.716674, 45.1051091], [7.7165439, 45.1051551], [7.7164227, 45.1052586], [7.7162917, 45.1053625], [7.716269, 45.1053805], [7.7162234, 45.1054166], [7.7162097, 45.1054275], [7.7161816, 45.1054498], [7.716016, 45.1055116], [7.7158799, 45.1056], [7.7158577, 45.1056144], [7.7157681, 45.1056723], [7.7155186, 45.1058156], [7.7154629, 45.1058422], [7.7151273, 45.1060025], [7.7148837, 45.10615], [7.7147225, 45.1062309], [7.7144925, 45.1062658], [7.7141501, 45.106533], [7.7141109, 45.106559], [7.7140889, 45.1065738], [7.7140832, 45.1065792], [7.7140126, 45.1066146], [7.7139077, 45.1066869], [7.7138708, 45.1067133], [7.7136941, 45.1068017], [7.7134049, 45.1069926], [7.7132677, 45.1070832], [7.7131942, 45.1071323], [7.7128495, 45.1073597], [7.7127836, 45.1073951], [7.7126759, 45.1074795], [7.7125569, 45.1075741], [7.7125177, 45.1076064], [7.712452, 45.1076529], [7.7123479, 45.1077198], [7.7122899, 45.1077461], [7.7122186, 45.1077797], [7.7122009, 45.1077909], [7.7121636, 45.1078145], [7.7120759, 45.1079111], [7.7120194, 45.1079611], [7.7119813, 45.1079873], [7.7119363, 45.1080182], [7.7118886, 45.1080604], [7.711869, 45.108077], [7.7118386, 45.1080995], [7.7117957, 45.1081308], [7.7115548, 45.108334], [7.7115199, 45.1083527], [7.7114672, 45.1083695], [7.7114333, 45.1083882], [7.7113831, 45.1084452], [7.7113461, 45.1084625], [7.7113062, 45.1084864], [7.7112728, 45.1085105], [7.7112375, 45.1085472], [7.7112259, 45.1085552], [7.7111993, 45.1085689], [7.7111908, 45.1085851], [7.7111693, 45.1086028], [7.7110993, 45.1086452], [7.710989, 45.1087315], [7.7108987, 45.1088012], [7.7106581, 45.1089786], [7.7104619, 45.1091285], [7.710139, 45.1093442], [7.7100464, 45.1094058], [7.7099922, 45.1094417], [7.709943, 45.1094749], [7.7099203, 45.1094889], [7.7098142, 45.109551], [7.7096587, 45.1096455], [7.7094525, 45.109784], [7.7094373, 45.1098068], [7.709399, 45.1098469], [7.7092689, 45.1099352], [7.7091725, 45.1099916], [7.7091302, 45.1100378], [7.7090816, 45.1100706], [7.7090455, 45.1100634], [7.7090127, 45.1100699], [7.7090287, 45.1101513], [7.708997, 45.1101537], [7.7089846, 45.1100855], [7.7089444, 45.1101075], [7.7089272, 45.1101317], [7.7089295, 45.1101704], [7.7089172, 45.1101855], [7.7088863, 45.1101934], [7.7087952, 45.1102532], [7.7087576, 45.1102852], [7.7087042, 45.1103171], [7.708637, 45.1103645], [7.7085826, 45.1104012], [7.7085481, 45.1104173], [7.7085331, 45.1104296], [7.708513, 45.1104376], [7.7084738, 45.1104615], [7.7085221, 45.1105253], [7.7084841, 45.1105421], [7.7084335, 45.1104822], [7.7081621, 45.1106434], [7.708037, 45.1107304], [7.707777, 45.1109117], [7.7077137, 45.1109559], [7.7073955, 45.1111334], [7.7073749, 45.1111522], [7.7072703, 45.1112104], [7.7071843, 45.111271], [7.7070966, 45.111307], [7.7070699, 45.1113411], [7.7070291, 45.1113624], [7.7069796, 45.1113871], [7.7068633, 45.1114454], [7.7067502, 45.1114998], [7.7066352, 45.111556], [7.7062834, 45.1110163], [7.706094, 45.1111147], [7.7058969, 45.1112121], [7.7062459, 45.1117437], [7.706206, 45.1117603], [7.7061746, 45.1117662], [7.7060745, 45.1117728], [7.705929, 45.1118456], [7.7058451, 45.1118933], [7.7058161, 45.1118976], [7.7058022, 45.111911], [7.7057839, 45.1119112], [7.7057266, 45.1119404], [7.7056739, 45.1119764], [7.7056405, 45.1120004], [7.7055941, 45.1120168], [7.7055662, 45.1120244], [7.7054433, 45.1120836], [7.7052832, 45.1121414], [7.7048484, 45.1123611], [7.7047667, 45.112388], [7.7047565, 45.1123995], [7.7047235, 45.1124077], [7.7046593, 45.1124375], [7.7044907, 45.1125258], [7.7044792, 45.1125339], [7.704466, 45.1125512], [7.7044575, 45.1125588], [7.7042718, 45.1126436], [7.7041768, 45.1126963], [7.7039793, 45.1127923], [7.7037807, 45.1128968], [7.7036416, 45.1129736], [7.7035575, 45.1130088], [7.7032667, 45.1131468], [7.7029933, 45.1132807], [7.7027684, 45.1133685], [7.7025651, 45.1134492], [7.7022385, 45.1135611], [7.7020231, 45.1136239], [7.7019435, 45.1136461], [7.7018822, 45.1136504], [7.7018399, 45.1136709], [7.7018407, 45.1136847], [7.7017588, 45.1137111], [7.7017425, 45.1137114], [7.7017156, 45.1137159], [7.701681, 45.1137129], [7.7016142, 45.1137327], [7.7015822, 45.1137549], [7.7015276, 45.1137716], [7.7014692, 45.1137845], [7.701403, 45.1137867], [7.7013234, 45.1137938], [7.70128, 45.1138065], [7.7012399, 45.1138292], [7.7011757, 45.1138355], [7.7011353, 45.1138569], [7.7011191, 45.1138736], [7.7010569, 45.11389], [7.7010144, 45.1138963], [7.7009698, 45.1138981], [7.7009023, 45.1139196], [7.700876, 45.1139359], [7.7007967, 45.1139634], [7.7007605, 45.1139664], [7.7007246, 45.1139595], [7.7006883, 45.1139431], [7.7006779, 45.1139237], [7.7006601, 45.1139048], [7.7006333, 45.1139023], [7.7005699, 45.1139203], [7.7005627, 45.1139323], [7.7005685, 45.1139468], [7.7005735, 45.1139669], [7.7004947, 45.1139741], [7.7004433, 45.1139754], [7.700403, 45.1139748], [7.7003221, 45.1139907], [7.7002901, 45.1140088], [7.7002694, 45.1140303], [7.7002261, 45.1140411], [7.7001557, 45.1140466], [7.7001179, 45.1140524], [7.700088, 45.1140686], [7.7000648, 45.1140827], [7.7000189, 45.1140906], [7.699991, 45.1140997], [7.69995, 45.1141031], [7.699941, 45.1141185], [7.699916, 45.1141353], [7.6998657, 45.1141546], [7.6997179, 45.114187], [7.6995479, 45.1142121], [7.6993622, 45.1142323], [7.6992658, 45.1142453], [7.6992065, 45.1142629], [7.6991491, 45.1142856], [7.6991171, 45.1143018], [7.6990932, 45.1143263], [7.6990902, 45.1143448], [7.69903, 45.1143521], [7.6989513, 45.1140521], [7.6987471, 45.1140766], [7.6986658, 45.1140813], [7.6985791, 45.1140872], [7.6986454, 45.1143418], [7.6985868, 45.1143431], [7.6985629, 45.1143459], [7.6985352, 45.1143537], [7.6985254, 45.1143664], [7.6984571, 45.1143789], [7.6980909, 45.1144489], [7.6980697, 45.1144554], [7.6979865, 45.114467], [7.6979578, 45.1144817], [7.6979231, 45.1143915], [7.6979287, 45.1143889], [7.6979343, 45.114382], [7.6979346, 45.1143784], [7.6979326, 45.1143755], [7.697924, 45.11437], [7.6979192, 45.1143682], [7.6979141, 45.1143682], [7.6978707, 45.1142523], [7.6978761, 45.1142499], [7.6978815, 45.1142433], [7.6978819, 45.1142398], [7.6978803, 45.114237], [7.6978726, 45.1142312], [7.6978681, 45.1142293], [7.6978632, 45.1142291], [7.6978334, 45.1141366], [7.6977885, 45.1141379], [7.6977666, 45.1140777], [7.6976543, 45.1136632], [7.6975754, 45.1132582], [7.6972791, 45.1116202], [7.697175, 45.1111482], [7.69712, 45.1108936], [7.696978, 45.1104443], [7.6968055, 45.1099706], [7.6965896, 45.1095838], [7.6959635, 45.1084299], [7.6952485, 45.1074486], [7.694764, 45.1067835], [7.6946785, 45.1066921], [7.6932388, 45.1052467], [7.6931807, 45.1051883], [7.6931255, 45.105133], [7.6928361, 45.1048685]]]}}, {"type": "Feature", "properties": {"ZONASTAT": "91", "DENOM": "Drosso - Fornaci", "name": "Drosso - Fornaci", "pop2023": null, "cafes": null, "cafe_density": null, "stops500m": null, "cafe_norm": null, "traffic_norm": null, "transit_norm": null, "pop_norm": null, "flow_norm": null, "traffic_raw": null, "flow_raw": null, "total": null}, "geometry": {"type": "Polygon", "coordinates": [[[7.5897973, 45.0163606], [7.5905526, 45.0161435], [7.5908443, 45.0160596], [7.5909576, 45.0160271], [7.5915843, 45.0153614], [7.5924369, 45.0145265], [7.5931595, 45.0140096], [7.5941675, 45.014057], [7.5947062, 45.0144273], [7.5947876, 45.0145812], [7.594907, 45.0148067], [7.5949636, 45.0149137], [7.5953886, 45.0149596], [7.595509, 45.0149646], [7.5961266, 45.0147371], [7.5966761, 45.0145347], [7.5967281, 45.0144373], [7.596918, 45.0140824], [7.5964179, 45.0131212], [7.5961942, 45.0125362], [7.5964444, 45.0122547], [7.5967026, 45.012181], [7.5982728, 45.0120771], [7.5988666, 45.0125567], [7.5991945, 45.0127595], [7.5994882, 45.0129459], [7.5996489, 45.0130451], [7.6011282, 45.0134862], [7.6026441, 45.0132613], [7.6034173, 45.0127982], [7.6045802, 45.0123421], [7.6046531, 45.0123114], [7.605934, 45.0117758], [7.6059567, 45.0117663], [7.6061483, 45.0116014], [7.6066067, 45.0112075], [7.6072111, 45.0110884], [7.6074242, 45.0110465], [7.6075633, 45.0110517], [7.607573, 45.0110521], [7.6080636, 45.0110627], [7.6083242, 45.0108238], [7.6085554, 45.010612], [7.6088705, 45.0103231], [7.609122, 45.0100926], [7.6092432, 45.0100361], [7.6100883, 45.0097765], [7.6105099, 45.0098041], [7.6105993, 45.00983], [7.6109382, 45.0099476], [7.6113592, 45.0100937], [7.6117632, 45.0102333], [7.6134453, 45.0108159], [7.6139718, 45.0110783], [7.6144034, 45.0111601], [7.6146599, 45.0110602], [7.6148663, 45.0114527], [7.6146681, 45.0115509], [7.6146296, 45.0115889], [7.6145873, 45.0116164], [7.614545, 45.011644], [7.6144351, 45.0117048], [7.6143252, 45.0117715], [7.6142864, 45.0118242], [7.6141716, 45.0119076], [7.6145651, 45.0129919], [7.6152584, 45.0128429], [7.6155073, 45.0135518], [7.6161242, 45.0134142], [7.616264, 45.0137358], [7.6159785, 45.0138047], [7.6160841, 45.0140754], [7.6164739, 45.0150218], [7.6165244, 45.0151444], [7.6168064, 45.0150711], [7.6168226, 45.0151537], [7.6172944, 45.016001], [7.6179432, 45.0171662], [7.6179782, 45.0172291], [7.6186279, 45.0184188], [7.6188058, 45.0187446], [7.6189176, 45.0189493], [7.6202833, 45.0217132], [7.6212188, 45.0236064], [7.6232163, 45.0228289], [7.6254291, 45.0219676], [7.6312785, 45.0196905], [7.6317657, 45.0196099], [7.6323734, 45.0201598], [7.633679, 45.0213462], [7.6342494, 45.0218545], [7.6342967, 45.0220847], [7.6343035, 45.0221175], [7.6351237, 45.0228319], [7.6218624, 45.028003], [7.6153803, 45.0305079], [7.61404, 45.0309852], [7.6136044, 45.0311391], [7.6125219, 45.0311739], [7.6121948, 45.0311244], [7.6114191, 45.0310126], [7.6108345, 45.0308433], [7.609397, 45.030367], [7.6083222, 45.0300523], [7.6074379, 45.0298491], [7.6073851, 45.0297603], [7.6066516, 45.0285269], [7.605793, 45.0271488], [7.6049381, 45.0257944], [7.6036902, 45.0237762], [7.6032338, 45.023025], [7.6023469, 45.0216232], [7.6005474, 45.0187572], [7.5976842, 45.0192305], [7.5963493, 45.0194354], [7.5947227, 45.019691], [7.5944858, 45.0197289], [7.5942993, 45.01974], [7.5940527, 45.0197548], [7.5934225, 45.0198722], [7.5927264, 45.0198912], [7.5919911, 45.019719], [7.5918805, 45.019422], [7.5918717, 45.0193428], [7.5919199, 45.0188867], [7.5923127, 45.0176107], [7.5924263, 45.0172417], [7.5915837, 45.0169592], [7.5897973, 45.0163606]]]}}, {"type": "Feature", "properties": {"ZONASTAT": "69", "DENOM": "Fioccardo - Alberoni", "name": "Fioccardo - Alberoni", "pop2023": null, "cafes": null, "cafe_density": null, "stops500m": null, "cafe_norm": null, "traffic_norm": null, "transit_norm": null, "pop_norm": null, "flow_norm": null, "traffic_raw": null, "flow_raw": null, "total": null}, "geometry": {"type": "Polygon", "coordinates": [[[7.6734956, 45.0199765], [7.6735936, 45.0191704], [7.6738263, 45.0186895], [7.6745049, 45.0180223], [7.6751175, 45.0174198], [7.675379, 45.0172223], [7.6764021, 45.0163567], [7.6773241, 45.0162485], [7.6774743, 45.0162309], [7.6778231, 45.0161859], [7.6790087, 45.0172921], [7.6793419, 45.0175979], [7.6796213, 45.0176843], [7.6796939, 45.017744], [7.6797429, 45.0177843], [7.680106, 45.0179997], [7.680469, 45.0182152], [7.6805698, 45.0183146], [7.6808897, 45.018594], [7.6809157, 45.0186456], [7.680985, 45.0190206], [7.6813238, 45.0193972], [7.681374, 45.0198464], [7.681461, 45.019993], [7.6815728, 45.0201299], [7.6816514, 45.0201825], [7.6818505, 45.0202604], [7.6820496, 45.0203383], [7.6821486, 45.0204576], [7.6822024, 45.020554], [7.6822561, 45.0206504], [7.6822932, 45.0206913], [7.6823181, 45.0207243], [7.6823754, 45.0208168], [7.6824105, 45.0208755], [7.6824369, 45.0209247], [7.6824447, 45.0209415], [7.6824565, 45.0209695], [7.6824661, 45.0210033], [7.6824725, 45.0210488], [7.6824742, 45.021084], [7.6824741, 45.0211368], [7.6824741, 45.0211897], [7.6824758, 45.0212037], [7.6824775, 45.0212176], [7.6824815, 45.0212315], [7.6824856, 45.0212454], [7.6824886, 45.0212515], [7.6824993, 45.0212694], [7.6825191, 45.0212908], [7.6825599, 45.0213268], [7.6825107, 45.0213786], [7.6824224, 45.0213921], [7.6823677, 45.0214069], [7.6823129, 45.0214217], [7.6822038, 45.0214179], [7.6818727, 45.0212651], [7.6817594, 45.0213007], [7.6816854, 45.0213352], [7.6815918, 45.0214578], [7.6814982, 45.0215804], [7.6814567, 45.0215964], [7.6814343, 45.0215722], [7.6813736, 45.0215386], [7.6813129, 45.0215049], [7.6812755, 45.021474], [7.6812498, 45.0214466], [7.6812315, 45.0214155], [7.6812336, 45.0213935], [7.6812646, 45.0213583], [7.6812946, 45.021335], [7.6813245, 45.0213117], [7.6813359, 45.0212986], [7.6813533, 45.0212705], [7.6813653, 45.0212281], [7.6813645, 45.0211744], [7.6813637, 45.0211207], [7.6813802, 45.0210934], [7.6813967, 45.0210661], [7.6813991, 45.0210439], [7.6814016, 45.0210217], [7.681398, 45.0210086], [7.6813944, 45.0209956], [7.6813777, 45.0209494], [7.6813488, 45.0208904], [7.6813381, 45.0208577], [7.6813273, 45.020825], [7.6813065, 45.02079], [7.6812856, 45.0207551], [7.6812536, 45.0207105], [7.6812151, 45.0206752], [7.6811889, 45.0206474], [7.6811329, 45.0205651], [7.6807474, 45.0206778], [7.6807691, 45.0206974], [7.6808353, 45.0207811], [7.6808769, 45.0208405], [7.6808949, 45.0208982], [7.6809057, 45.0209476], [7.6808934, 45.0210075], [7.6808978, 45.0212371], [7.6808698, 45.0216081], [7.6808294, 45.022042], [7.6808361, 45.0221756], [7.6808549, 45.0222851], [7.6809201, 45.0225492], [7.6809965, 45.0228039], [7.6810259, 45.0231341], [7.681076, 45.0233073], [7.6811094, 45.0233642], [7.6812123, 45.0235139], [7.6812534, 45.0235886], [7.6811911, 45.0235592], [7.6810793, 45.0234301], [7.6810432, 45.0234109], [7.6809616, 45.0233983], [7.6807933, 45.0233758], [7.6806535, 45.0234247], [7.6804728, 45.0237553], [7.6803212, 45.0239517], [7.6802888, 45.0240531], [7.6802788, 45.0241345], [7.6802679, 45.0241847], [7.6802527, 45.0242158], [7.6802202, 45.0242709], [7.6801002, 45.024507], [7.6800584, 45.0246148], [7.6800264, 45.0247039], [7.6799393, 45.024958], [7.6798991, 45.025044], [7.6798638, 45.0250868], [7.6798583, 45.0252952], [7.679892, 45.0254112], [7.6799513, 45.0255258], [7.6800995, 45.0256604], [7.680275, 45.0257701], [7.6803872, 45.0258193], [7.6805244, 45.025868], [7.6805967, 45.0259063], [7.6807148, 45.0259801], [7.6808161, 45.0260488], [7.6808976, 45.0261147], [7.6809517, 45.026162], [7.681154, 45.0263705], [7.6812512, 45.0264788], [7.681291, 45.0265258], [7.6813198, 45.0265802], [7.6813481, 45.0266537], [7.6813706, 45.0267237], [7.6813855, 45.0267634], [7.6814061, 45.0268068], [7.6814402, 45.0268456], [7.6814835, 45.0268833], [7.6815867, 45.0269414], [7.6819013, 45.0271134], [7.6819737, 45.0271548], [7.6820578, 45.0271975], [7.6820912, 45.0272129], [7.682161, 45.0272395], [7.6825889, 45.0273755], [7.6826177, 45.0273869], [7.6826444, 45.0274014], [7.6826773, 45.027424], [7.6827104, 45.0274523], [7.682887, 45.0276266], [7.6830028, 45.0277613], [7.6831953, 45.027877], [7.6834981, 45.0280066], [7.6833717, 45.0281886], [7.6833228, 45.028295], [7.6833041, 45.0283653], [7.6833081, 45.0284369], [7.6833884, 45.0287922], [7.6834408, 45.0289325], [7.6837589, 45.0295022], [7.6836831, 45.0296959], [7.6837106, 45.029736], [7.6837694, 45.0297592], [7.6838559, 45.0297628], [7.6839289, 45.0297476], [7.6842247, 45.0296373], [7.6843317, 45.0296498], [7.6843835, 45.029678], [7.6844071, 45.0297199], [7.6844045, 45.0297709], [7.6843864, 45.0298148], [7.6843052, 45.0298986], [7.6842407, 45.0299481], [7.6841455, 45.0299926], [7.6840488, 45.0300203], [7.6839142, 45.0300378], [7.6837897, 45.030045], [7.6836361, 45.0300384], [7.6834658, 45.030019], [7.6834064, 45.0300064], [7.6831822, 45.0299662], [7.6825416, 45.0298228], [7.6824525, 45.0298386], [7.6824217, 45.0299034], [7.6823953, 45.0299311], [7.6823603, 45.029968], [7.6823589, 45.0300051], [7.6823687, 45.0300445], [7.682581, 45.0304181], [7.6826399, 45.0305216], [7.6826596, 45.0306166], [7.6826009, 45.0310801], [7.6825676, 45.0312414], [7.6824874, 45.0314388], [7.682464, 45.0315236], [7.6824609, 45.0315843], [7.6824706, 45.0316082], [7.682484, 45.0316256], [7.682509, 45.0316359], [7.6825399, 45.0316397], [7.6826009, 45.0316389], [7.6827079, 45.0316401], [7.6827814, 45.0316591], [7.6829313, 45.0317081], [7.6830797, 45.0317661], [7.68339, 45.0319257], [7.68368, 45.0319349], [7.6838451, 45.0319799], [7.6840433, 45.0319775], [7.684143, 45.0320155], [7.6842403, 45.0321478], [7.6843637, 45.0323551], [7.6844633, 45.0323898], [7.6846639, 45.0323499], [7.6857196, 45.0319884], [7.6857547, 45.0319699], [7.6857117, 45.0320211], [7.6855163, 45.0321292], [7.6848712, 45.0325173], [7.6847093, 45.0326273], [7.6846211, 45.0326975], [7.684599, 45.0327311], [7.6845177, 45.0329183], [7.6844362, 45.0330961], [7.684366, 45.0332181], [7.6842928, 45.0333211], [7.6841785, 45.0334538], [7.6839982, 45.0335916], [7.6838883, 45.0336699], [7.6837633, 45.0337276], [7.6837263, 45.0337372], [7.6835136, 45.0337453], [7.6834092, 45.0337866], [7.6833936, 45.0338334], [7.683386, 45.0339184], [7.6833773, 45.0340664], [7.6832995, 45.0341111], [7.6830381, 45.0341229], [7.682781, 45.034085], [7.6826275, 45.0340731], [7.6824381, 45.0340661], [7.6823074, 45.0340659], [7.6822474, 45.0340758], [7.6821013, 45.0341331], [7.6817704, 45.0342241], [7.6817398, 45.0342207], [7.6816194, 45.0341336], [7.6815901, 45.0340994], [7.6815549, 45.0340884], [7.6810414, 45.034222], [7.6801252, 45.0344347], [7.6804313, 45.0351256], [7.6801155, 45.0352119], [7.6800576, 45.0352254], [7.6799632, 45.0352408], [7.6798546, 45.0352489], [7.6797871, 45.0352458], [7.6795591, 45.0351976], [7.679483, 45.0351889], [7.6794321, 45.0351891], [7.6793799, 45.0351948], [7.679341, 45.0352038], [7.6793019, 45.0352227], [7.6792267, 45.0352562], [7.679125, 45.0353157], [7.6790929, 45.0353304], [7.6790727, 45.0353397], [7.6790482, 45.0353461], [7.6790168, 45.0353434], [7.678963, 45.0353512], [7.6789093, 45.035359], [7.6788411, 45.0353623], [7.6786788, 45.03534], [7.6786537, 45.0353181], [7.6786399, 45.0353028], [7.6786741, 45.035287], [7.6787061, 45.0352758], [7.6787381, 45.0352646], [7.6783311, 45.0351714], [7.6786974, 45.0345727], [7.6786234, 45.0338763], [7.6783897, 45.0333629], [7.6778512, 45.032688], [7.67717, 45.0319668], [7.6765153, 45.031508], [7.6760585, 45.0310211], [7.6752749, 45.0305784], [7.6747936, 45.0302053], [7.674487, 45.0298783], [7.6742551, 45.0296309], [7.6740397, 45.0292399], [7.6739309, 45.0290422], [7.6739768, 45.028289], [7.6742148, 45.025927], [7.6742057, 45.0252229], [7.6742053, 45.0251961], [7.6742035, 45.0251804], [7.6739793, 45.0232395], [7.6739684, 45.0224775], [7.6739186, 45.0219135], [7.6737677, 45.0212777], [7.6736267, 45.0207306], [7.6734956, 45.0199765]]]}}, {"type": "Feature", "properties": {"ZONASTAT": "92", "DENOM": "Tre Tetti - Bellezia", "name": "Tre Tetti - Bellezia", "pop2023": null, "cafes": null, "cafe_density": null, "stops500m": null, "cafe_norm": null, "traffic_norm": null, "transit_norm": null, "pop_norm": null, "flow_norm": null, "traffic_raw": null, "flow_raw": null, "total": null}, "geometry": {"type": "Polygon", "coordinates": [[[7.5778672, 45.0418134], [7.5801507, 45.0396052], [7.5808953, 45.0385541], [7.5811005, 45.0382642], [7.5827248, 45.037381], [7.5829159, 45.0372788], [7.5835838, 45.0365431], [7.5835419, 45.0365052], [7.5841803, 45.0361415], [7.5843187, 45.0360771], [7.5856686, 45.0355181], [7.5858803, 45.0354189], [7.5873693, 45.03483], [7.5880163, 45.03457], [7.5885933, 45.0344529], [7.5888533, 45.0343891], [7.5890738, 45.0343188], [7.5897218, 45.0340377], [7.5908382, 45.0334747], [7.5926213, 45.0326944], [7.5926527, 45.0326728], [7.5939565, 45.032086], [7.5946751, 45.0316268], [7.5956899, 45.0310826], [7.5977839, 45.0299283], [7.5981223, 45.0298724], [7.5984892, 45.0298985], [7.5988375, 45.0300167], [7.6015948, 45.0282786], [7.6033757, 45.0287343], [7.6061352, 45.0294413], [7.6073851, 45.0297603], [7.6074379, 45.0298491], [7.6083222, 45.0300523], [7.609397, 45.030367], [7.6108345, 45.0308433], [7.6114191, 45.0310126], [7.6121948, 45.0311244], [7.6125219, 45.0311739], [7.6132155, 45.0312789], [7.6148143, 45.031555], [7.6165432, 45.0318049], [7.6153361, 45.0322828], [7.6138188, 45.0328029], [7.6117338, 45.0336887], [7.6116445, 45.0337244], [7.6091653, 45.034781], [7.6081627, 45.0351387], [7.6077049, 45.0352949], [7.6074453, 45.0353522], [7.6073396, 45.0353992], [7.6065799, 45.0355965], [7.6065443, 45.0356058], [7.6052, 45.0362669], [7.6048532, 45.0364669], [7.6045024, 45.0366436], [7.6033085, 45.0372179], [7.6000701, 45.0387754], [7.5994981, 45.0389893], [7.5990821, 45.0391672], [7.5986966, 45.0393321], [7.5982084, 45.0395512], [7.5969261, 45.0397993], [7.5967683, 45.0398305], [7.5962727, 45.0400154], [7.5952749, 45.0404358], [7.5944212, 45.040811], [7.5931104, 45.0414016], [7.5927518, 45.0415642], [7.5926497, 45.041669], [7.5926403, 45.0419618], [7.5926089, 45.0421013], [7.5918822, 45.0424658], [7.5904515, 45.0431344], [7.5896331, 45.0434798], [7.5867451, 45.0448278], [7.585717, 45.0438157], [7.5839538, 45.042056], [7.5838032, 45.0421318], [7.5830462, 45.0425678], [7.5828463, 45.0426696], [7.5825321, 45.0428511], [7.5823041, 45.0430105], [7.582234, 45.0430255], [7.5821902, 45.0430523], [7.5822766, 45.0435633], [7.5822745, 45.0436119], [7.5822503, 45.0436569], [7.5821937, 45.043696], [7.5816842, 45.0438586], [7.5814127, 45.0439556], [7.5812677, 45.0439712], [7.5812279, 45.0439096], [7.5803455, 45.0442735], [7.5778672, 45.0418134]]]}}, {"type": "Feature", "properties": {"ZONASTAT": "71", "DENOM": "Madonna del Pilone", "name": "Madonna del Pilone", "pop2023": null, "cafes": null, "cafe_density": null, "stops500m": null, "cafe_norm": null, "traffic_norm": null, "transit_norm": null, "pop_norm": null, "flow_norm": null, "traffic_raw": null, "flow_raw": null, "total": null}, "geometry": {"type": "Polygon", "coordinates": [[[7.7202046, 45.0696333], [7.7202501, 45.0695112], [7.7203551, 45.0692297], [7.7206101, 45.0685412], [7.7209631, 45.0675953], [7.7210702, 45.0672926], [7.7213562, 45.0671196], [7.7213944, 45.0670951], [7.7219931, 45.0667117], [7.7222744, 45.0665315], [7.7224419, 45.0667125], [7.722452, 45.0667234], [7.7229221, 45.0671252], [7.722956, 45.0671793], [7.7229834, 45.0672158], [7.7230825, 45.0672581], [7.7232434, 45.0673034], [7.7233589, 45.067328], [7.7236265, 45.0673725], [7.7237581, 45.0673914], [7.724007, 45.0674579], [7.7239918, 45.0674773], [7.7241145, 45.0675229], [7.7242362, 45.0676495], [7.7243696, 45.0678705], [7.7244355, 45.0680013], [7.7244679, 45.0680518], [7.7244716, 45.0680662], [7.7247214, 45.0678645], [7.7251656, 45.0677681], [7.7252066, 45.0678511], [7.7254505, 45.0681793], [7.7254661, 45.0681492], [7.725567, 45.0681004], [7.7259201, 45.068435], [7.7260915, 45.068613], [7.7260936, 45.0686805], [7.7259803, 45.0688862], [7.7260301, 45.0689325], [7.7263076, 45.0689662], [7.7264899, 45.0689941], [7.7266565, 45.0689965], [7.7267033, 45.0689811], [7.7268402, 45.0689545], [7.7270526, 45.0689463], [7.7271346, 45.0689807], [7.7272252, 45.0689457], [7.727322, 45.0688745], [7.7273986, 45.0688296], [7.7274524, 45.0688261], [7.7275186, 45.0688638], [7.7276427, 45.0690016], [7.7276882, 45.0690234], [7.7277136, 45.06903], [7.7277516, 45.0690282], [7.7280567, 45.0688719], [7.7281995, 45.0689518], [7.7284489, 45.0691098], [7.7284977, 45.069149], [7.7285484, 45.0692489], [7.7285532, 45.069298], [7.7285441, 45.0693425], [7.7284739, 45.0694808], [7.7284126, 45.069696], [7.7283907, 45.0697729], [7.7280129, 45.0700622], [7.7281132, 45.0701295], [7.7280916, 45.0702941], [7.7283787, 45.0701349], [7.72872, 45.0699388], [7.728756, 45.0699169], [7.7289302, 45.0700082], [7.7292263, 45.0701309], [7.7294323, 45.0702202], [7.7296916, 45.0704452], [7.7293804, 45.0705532], [7.7290691, 45.0706612], [7.7289819, 45.0706802], [7.7290159, 45.0707423], [7.7290195, 45.0709782], [7.7290254, 45.0710278], [7.7290557, 45.0710801], [7.7294554, 45.0711663], [7.7295244, 45.0712017], [7.7297648, 45.0713851], [7.729923, 45.0714958], [7.7304297, 45.0717961], [7.7304491, 45.0718056], [7.7304748, 45.0718089], [7.7304912, 45.0718026], [7.7305111, 45.0717865], [7.7305451, 45.0718066], [7.7305659, 45.0718296], [7.7306424, 45.0719127], [7.7308075, 45.072092], [7.7309999, 45.0722804], [7.7310274, 45.0722936], [7.7310689, 45.0723003], [7.7310307, 45.0728578], [7.731064, 45.0728833], [7.7311488, 45.072922], [7.7311518, 45.0729591], [7.731163, 45.0730474], [7.7311936, 45.0731353], [7.7312104, 45.0731693], [7.7312284, 45.0735994], [7.7312474, 45.0736412], [7.7313124, 45.0737838], [7.7319686, 45.0741408], [7.7321532, 45.0742509], [7.7329971, 45.0748215], [7.7330767, 45.0748786], [7.7333419, 45.0751492], [7.7333153, 45.0753045], [7.7333148, 45.0753574], [7.7335184, 45.0756483], [7.7334993, 45.0756773], [7.7334344, 45.0756538], [7.7331924, 45.0756386], [7.7331989, 45.0756559], [7.7332662, 45.0756474], [7.733683, 45.0759519], [7.7339235, 45.0762169], [7.7335601, 45.0762363], [7.7335608, 45.0762543], [7.7332343, 45.0762964], [7.7329467, 45.0763494], [7.7328581, 45.0763683], [7.7321854, 45.0765046], [7.7316683, 45.0766189], [7.7315559, 45.0766567], [7.7312611, 45.0762144], [7.7308233, 45.0755622], [7.7307267, 45.0754182], [7.7306113, 45.0754178], [7.729648, 45.0754148], [7.7294712, 45.0754114], [7.7291301, 45.0754049], [7.7290148, 45.0754017], [7.7288759, 45.0753978], [7.7280989, 45.0753762], [7.728104, 45.0752935], [7.7282292, 45.0752969], [7.7282292, 45.0752886], [7.7282574, 45.0752891], [7.7282725, 45.0752701], [7.7283028, 45.0752702], [7.7283197, 45.0752903], [7.7283445, 45.0752909], [7.7283446, 45.0752991], [7.7286471, 45.0753051], [7.7286471, 45.0752996], [7.728674, 45.0753001], [7.7286669, 45.0752751], [7.7286676, 45.0752578], [7.7286629, 45.075235], [7.7286595, 45.0751813], [7.7286839, 45.0750563], [7.7286942, 45.074956], [7.7286942, 45.0749377], [7.7286876, 45.0748926], [7.7286778, 45.0748764], [7.7286814, 45.0748285], [7.7286694, 45.0747865], [7.7286634, 45.074728], [7.7286768, 45.0746241], [7.7286719, 45.0746064], [7.7286284, 45.0744875], [7.728607, 45.0744775], [7.7285863, 45.0744657], [7.7285707, 45.0744502], [7.7285608, 45.0744195], [7.7285627, 45.074398], [7.7285951, 45.0743279], [7.7285967, 45.0743112], [7.7286006, 45.074296], [7.7286005, 45.0742843], [7.7285978, 45.0742727], [7.7285942, 45.0742627], [7.7285894, 45.074253], [7.7285757, 45.0742333], [7.7285588, 45.0742153], [7.7285476, 45.074197], [7.7285396, 45.0741805], [7.7285219, 45.0741648], [7.7285144, 45.0741517], [7.7285092, 45.0741382], [7.7284957, 45.0740867], [7.7284893, 45.0740727], [7.7284707, 45.0740483], [7.728461, 45.0740376], [7.7284399, 45.074017], [7.7284301, 45.0740056], [7.7284225, 45.0739935], [7.7284126, 45.0739679], [7.7284033, 45.0739387], [7.7283848, 45.0738976], [7.7283662, 45.0738736], [7.728358, 45.0738606], [7.7283507, 45.0738473], [7.728325, 45.0737939], [7.7283158, 45.0737763], [7.7283064, 45.0737608], [7.7282954, 45.0737456], [7.7282702, 45.0737147], [7.7282043, 45.0736299], [7.7281758, 45.073579], [7.7281251, 45.0734984], [7.7280859, 45.0734269], [7.7280722, 45.0734076], [7.7280187, 45.0733383], [7.7279768, 45.0732904], [7.7279433, 45.0732496], [7.7279079, 45.073211], [7.727874, 45.0731682], [7.727853, 45.0731446], [7.7277151, 45.0729963], [7.7276061, 45.0728894], [7.727532, 45.0728279], [7.7274925, 45.0728238], [7.7274598, 45.0728127], [7.7274352, 45.0727978], [7.727417, 45.0727767], [7.7274131, 45.0727464], [7.7274192, 45.0727223], [7.727433, 45.0726945], [7.7274374, 45.0726778], [7.7274361, 45.0726687], [7.727431, 45.07266], [7.7274217, 45.0726506], [7.7273868, 45.0726191], [7.727369, 45.0725942], [7.7273085, 45.0725343], [7.7272815, 45.072502], [7.7272225, 45.0724372], [7.7271837, 45.0724015], [7.7271252, 45.0723441], [7.7271034, 45.072324], [7.727031, 45.0722621], [7.7270088, 45.0722446], [7.726985, 45.0722282], [7.7268178, 45.0721218], [7.7267678, 45.072093], [7.7266684, 45.0720314], [7.7266625, 45.0720277], [7.72661, 45.0719973], [7.726565, 45.0719693], [7.726502, 45.0719345], [7.7264048, 45.0718785], [7.7262899, 45.0718061], [7.7262067, 45.0717524], [7.7261824, 45.0717382], [7.7261355, 45.071714], [7.7261098, 45.0716994], [7.7259804, 45.0716226], [7.7259327, 45.0715888], [7.7258849, 45.0715414], [7.7258112, 45.071484], [7.7257245, 45.0714467], [7.7256563, 45.0714014], [7.7255938, 45.0713289], [7.7255828, 45.0713175], [7.7255825, 45.0713076], [7.7255869, 45.0712919], [7.7256148, 45.0712621], [7.7255943, 45.0712477], [7.725588, 45.0712433], [7.7255579, 45.0712685], [7.7255216, 45.0712767], [7.7254877, 45.071279], [7.7253712, 45.0712584], [7.7251754, 45.0711761], [7.7250379, 45.071128], [7.7249036, 45.0710563], [7.724852, 45.0710267], [7.724829, 45.0710089], [7.7247649, 45.0709735], [7.7247, 45.0709426], [7.724676, 45.0709356], [7.7246645, 45.0709293], [7.7246546, 45.0709218], [7.7245807, 45.0708587], [7.7245592, 45.070844], [7.7245358, 45.0708307], [7.7244968, 45.0708105], [7.7244685, 45.0707931], [7.724412, 45.0707483], [7.7243615, 45.0707166], [7.7243424, 45.0707073], [7.724322, 45.0706997], [7.724295, 45.0706924], [7.7242679, 45.0706837], [7.7242445, 45.0706706], [7.7240408, 45.0705864], [7.7239404, 45.0705658], [7.7238429, 45.0705383], [7.7237183, 45.0704929], [7.7236159, 45.070453], [7.7235888, 45.0704406], [7.7235713, 45.0704298], [7.7235559, 45.0704176], [7.723534, 45.0704187], [7.7235104, 45.0704176], [7.7234977, 45.0704149], [7.7234859, 45.0704099], [7.7234767, 45.0704034], [7.7234701, 45.0703957], [7.723464, 45.0703845], [7.72346, 45.070373], [7.7234568, 45.0703587], [7.7234571, 45.0703445], [7.7234403, 45.0703426], [7.7234217, 45.0703442], [7.7233981, 45.0703485], [7.7233872, 45.0703493], [7.7233765, 45.0703483], [7.7233525, 45.0703419], [7.7233181, 45.0703312], [7.7232746, 45.0703246], [7.7232102, 45.0703113], [7.7231465, 45.0702962], [7.7231153, 45.0702875], [7.7230517, 45.0702681], [7.7230204, 45.0702563], [7.7227504, 45.070133], [7.7227209, 45.0701206], [7.7226905, 45.0701093], [7.7226277, 45.0700894], [7.7223992, 45.0700251], [7.7222983, 45.0699986], [7.7222, 45.0699778], [7.7219983, 45.0699246], [7.7219395, 45.069912], [7.7218775, 45.0698912], [7.7218174, 45.0698759], [7.7217509, 45.0698532], [7.7217275, 45.0698497], [7.721651, 45.0698289], [7.7216104, 45.0698188], [7.7215504, 45.0698068], [7.7213265, 45.0697695], [7.7211952, 45.0697488], [7.7210259, 45.0697188], [7.7209145, 45.0697047], [7.7208137, 45.0696887], [7.7207136, 45.069677], [7.7206131, 45.0696671], [7.7202046, 45.0696333]]]}}, {"type": "Feature", "properties": {"ZONASTAT": "72", "DENOM": "Borgata Sassi - Meisino", "name": "Borgata Sassi - Meisino", "pop2023": null, "cafes": null, "cafe_density": null, "stops500m": null, "cafe_norm": null, "traffic_norm": null, "transit_norm": null, "pop_norm": null, "flow_norm": null, "traffic_raw": null, "flow_raw": null, "total": null}, "geometry": {"type": "Polygon", "coordinates": [[[7.720089, 45.0896228], [7.7199602, 45.0889744], [7.7207264, 45.0889218], [7.7206996, 45.0888045], [7.7206947, 45.0887481], [7.7206736, 45.0881954], [7.7206703, 45.0880279], [7.7207112, 45.0876878], [7.7207249, 45.0873754], [7.7207341, 45.0872801], [7.7208687, 45.0868404], [7.7209436, 45.0866114], [7.7209953, 45.08649], [7.7210241, 45.0864536], [7.7210355, 45.0864317], [7.7210453, 45.0864092], [7.7210506, 45.0863947], [7.7210528, 45.0863671], [7.7210492, 45.0863543], [7.7211306, 45.0862181], [7.7211592, 45.0861527], [7.7211915, 45.0860881], [7.7212349, 45.0859286], [7.7212668, 45.0858884], [7.721394, 45.0857095], [7.7215805, 45.085407], [7.7219855, 45.0848288], [7.7230607, 45.0833965], [7.7230776, 45.0832897], [7.7231432, 45.083147], [7.7232818, 45.0829113], [7.7233807, 45.0826472], [7.723526, 45.0824293], [7.7236354, 45.0823033], [7.7236668, 45.0822836], [7.7237, 45.0822579], [7.7237226, 45.0822351], [7.7237405, 45.0822103], [7.7237596, 45.0821667], [7.7237787, 45.0821394], [7.7238532, 45.0820582], [7.7238749, 45.0820214], [7.7238905, 45.0820013], [7.7238991, 45.0819953], [7.72391, 45.0819907], [7.7239157, 45.0819884], [7.7239231, 45.0819844], [7.7239281, 45.0819793], [7.7239693, 45.0819069], [7.7239763, 45.0818977], [7.7239897, 45.081885], [7.7240016, 45.0818718], [7.7240176, 45.0818465], [7.7240324, 45.081821], [7.7240603, 45.081767], [7.7240804, 45.0817402], [7.7241034, 45.0817145], [7.7241515, 45.0816639], [7.724202, 45.0816146], [7.7242168, 45.0816031], [7.7242415, 45.0815875], [7.724253, 45.0815792], [7.7242627, 45.0815698], [7.7242789, 45.0815477], [7.724305, 45.0815047], [7.7243158, 45.0814841], [7.7243249, 45.0814601], [7.724331, 45.0814357], [7.7243389, 45.0814098], [7.7243495, 45.0813843], [7.7243639, 45.0813577], [7.7243809, 45.081332], [7.7244034, 45.0813001], [7.7244275, 45.0812689], [7.7245, 45.0811814], [7.7245525, 45.0811166], [7.724575, 45.0810849], [7.7245919, 45.0810536], [7.7246076, 45.081022], [7.7246259, 45.0809901], [7.7246341, 45.0809801], [7.7246491, 45.0809663], [7.7246625, 45.0809518], [7.7247078, 45.0808859], [7.7247113, 45.0808773], [7.7247132, 45.0808685], [7.7246943, 45.0808652], [7.7246932, 45.0808549], [7.7247004, 45.0808416], [7.724718, 45.0808354], [7.724734, 45.0808265], [7.7247409, 45.0808212], [7.7247457, 45.080815], [7.7247497, 45.0807954], [7.7247548, 45.0807851], [7.7247612, 45.080775], [7.7247844, 45.0807503], [7.7248017, 45.0807197], [7.7248174, 45.0807057], [7.7248268, 45.0806856], [7.7248294, 45.0806652], [7.7248286, 45.0806535], [7.7248264, 45.0806419], [7.7248437, 45.0806329], [7.7248595, 45.0806228], [7.724868, 45.0806149], [7.7249625, 45.0805002], [7.7250224, 45.0804334], [7.7250357, 45.0804188], [7.7250534, 45.080404], [7.7250724, 45.0803898], [7.7250823, 45.0803791], [7.7251425, 45.0802862], [7.7251723, 45.0802343], [7.7252033, 45.0801927], [7.7252423, 45.0801329], [7.7253046, 45.0800312], [7.7253097, 45.0800116], [7.725319, 45.0799925], [7.725324, 45.0799862], [7.725334, 45.0799777], [7.7253418, 45.0799685], [7.7253523, 45.0799321], [7.7253567, 45.0799203], [7.7253636, 45.079909], [7.7253971, 45.0798791], [7.7254139, 45.0798625], [7.7254474, 45.0798271], [7.7254548, 45.0798174], [7.7254604, 45.0798071], [7.7254945, 45.0797256], [7.7255013, 45.079715], [7.7255309, 45.0796862], [7.7255656, 45.079641], [7.7255769, 45.0796223], [7.7256025, 45.0796029], [7.7256225, 45.0795834], [7.7256526, 45.0795561], [7.7256853, 45.0795325], [7.7257229, 45.0794908], [7.7257709, 45.0794415], [7.7259262, 45.0792757], [7.7259779, 45.0792249], [7.7260171, 45.0791892], [7.7260467, 45.0791543], [7.7260548, 45.0791484], [7.7260692, 45.079141], [7.7260823, 45.0791328], [7.7261081, 45.0791091], [7.7261313, 45.079084], [7.7261602, 45.0790483], [7.7261867, 45.0790118], [7.7262348, 45.0789344], [7.7262624, 45.078892], [7.7262927, 45.0788505], [7.7263354, 45.0787996], [7.7263546, 45.0787809], [7.7264301, 45.078713], [7.7265133, 45.0786365], [7.7265601, 45.0785839], [7.7265904, 45.0785539], [7.7266356, 45.0785032], [7.7266603, 45.0784782], [7.7266878, 45.0784547], [7.7267409, 45.0784182], [7.7268136, 45.0783643], [7.7268391, 45.0783342], [7.7268665, 45.0783049], [7.7268983, 45.0782747], [7.7269256, 45.0782448], [7.7269432, 45.0782279], [7.7269619, 45.0782116], [7.7270117, 45.0781742], [7.7270425, 45.0781437], [7.7270525, 45.0781352], [7.7270629, 45.0781269], [7.7270982, 45.0781023], [7.7271354, 45.0780641], [7.7272462, 45.0779351], [7.7272957, 45.0778852], [7.7273162, 45.0778664], [7.727344, 45.0778491], [7.7273643, 45.0778352], [7.7273833, 45.0778203], [7.7273956, 45.0778087], [7.7274067, 45.0777965], [7.7274126, 45.0777866], [7.7274211, 45.0777777], [7.7274473, 45.0777588], [7.7274589, 45.0777493], [7.7274998, 45.0777049], [7.7275812, 45.0776329], [7.7276232, 45.0775922], [7.7277515, 45.0774587], [7.7278714, 45.0773551], [7.7279502, 45.0773034], [7.7280154, 45.0772471], [7.7280399, 45.0772189], [7.7280826, 45.0771922], [7.7281337, 45.0771457], [7.7281908, 45.0770795], [7.7282164, 45.0770485], [7.728259, 45.0769906], [7.7282852, 45.0769609], [7.7283372, 45.0769074], [7.7283505, 45.0768928], [7.7283642, 45.076876], [7.728384, 45.0768621], [7.7284079, 45.076842], [7.7284345, 45.0768101], [7.7284657, 45.076761], [7.7284983, 45.076719], [7.7284996, 45.0767062], [7.7284982, 45.0767026], [7.7284892, 45.076696], [7.7284803, 45.0766941], [7.728449, 45.0766895], [7.7284358, 45.0766847], [7.7284252, 45.0766767], [7.7284204, 45.0766694], [7.7284179, 45.0766465], [7.7284201, 45.0766312], [7.7284274, 45.0766142], [7.7284382, 45.0766023], [7.7284505, 45.0765662], [7.7284284, 45.0765456], [7.7284246, 45.0765395], [7.7284303, 45.0765298], [7.7284387, 45.0765135], [7.7284509, 45.0764982], [7.7284473, 45.0764825], [7.7284797, 45.0764494], [7.7284979, 45.0764298], [7.7285256, 45.0763895], [7.7285398, 45.0763599], [7.7285545, 45.0763489], [7.7285923, 45.0763241], [7.7285903, 45.076277], [7.7286099, 45.0761078], [7.7286151, 45.076008], [7.7286233, 45.0759062], [7.7286236, 45.0758769], [7.7286291, 45.075847], [7.7286354, 45.0758228], [7.7286379, 45.0757859], [7.7286373, 45.0757589], [7.7286455, 45.0757053], [7.7286453, 45.0756944], [7.72864, 45.075673], [7.7286374, 45.0756384], [7.7286442, 45.0756042], [7.7286511, 45.0755766], [7.728652, 45.0754924], [7.7286429, 45.0754922], [7.7286433, 45.0754862], [7.7283428, 45.0754806], [7.7283426, 45.075486], [7.7283115, 45.0754854], [7.7283114, 45.0754925], [7.7282969, 45.0755085], [7.7282641, 45.0755079], [7.7282525, 45.075492], [7.7282523, 45.0754842], [7.7282246, 45.0754836], [7.728225, 45.0754783], [7.7280929, 45.0754749], [7.7280989, 45.0753762], [7.7288759, 45.0753978], [7.7290148, 45.0754017], [7.7291301, 45.0754049], [7.7294712, 45.0754114], [7.729648, 45.0754148], [7.7306113, 45.0754178], [7.7307267, 45.0754182], [7.7308233, 45.0755622], [7.7312611, 45.0762144], [7.7315559, 45.0766567], [7.7316683, 45.0766189], [7.7321854, 45.0765046], [7.7328581, 45.0763683], [7.7329467, 45.0763494], [7.7332343, 45.0762964], [7.7335608, 45.0762543], [7.7335601, 45.0762363], [7.7339235, 45.0762169], [7.7338726, 45.0765988], [7.7343755, 45.0765587], [7.7344701, 45.0763017], [7.735072, 45.0761349], [7.7353966, 45.0760263], [7.735547, 45.0760125], [7.735668, 45.0761348], [7.7357334, 45.0762014], [7.7358649, 45.0761161], [7.735948, 45.0760488], [7.7359662, 45.075953], [7.7360672, 45.0758663], [7.7361631, 45.0758126], [7.7362103, 45.0757883], [7.7362288, 45.0758071], [7.7362491, 45.0758135], [7.7362667, 45.0758086], [7.736311, 45.0757781], [7.7363399, 45.0757928], [7.7363732, 45.0758025], [7.7364994, 45.0757636], [7.7366094, 45.0757318], [7.7367764, 45.0756958], [7.7369625, 45.0756762], [7.7372084, 45.0756581], [7.7373306, 45.0756852], [7.737565, 45.0758071], [7.7376635, 45.0758625], [7.7377213, 45.075886], [7.7377644, 45.0758789], [7.7378321, 45.0758655], [7.7378862, 45.0758487], [7.7379467, 45.0758167], [7.7387948, 45.075264], [7.738864, 45.0752319], [7.7389224, 45.0752081], [7.7389998, 45.0751651], [7.7389904, 45.0750953], [7.7389602, 45.0749814], [7.7389829, 45.0749403], [7.7390741, 45.074931], [7.7391599, 45.0750068], [7.7392375, 45.0751187], [7.7392375, 45.0752864], [7.7390626, 45.0754574], [7.7390945, 45.0754939], [7.7394963, 45.0752738], [7.7395577, 45.0752951], [7.7396038, 45.0753499], [7.7395508, 45.0754422], [7.7394594, 45.0756244], [7.7393625, 45.0757292], [7.739172, 45.07606], [7.7392824, 45.0760962], [7.739777, 45.076265], [7.7399418, 45.0763213], [7.740166, 45.0762914], [7.7406802, 45.0761859], [7.7409185, 45.0761187], [7.7409444, 45.0762302], [7.740779, 45.0762795], [7.7406293, 45.076345], [7.7404674, 45.0764301], [7.7403211, 45.0765266], [7.7401897, 45.0766493], [7.7399597, 45.0769324], [7.7393504, 45.0777215], [7.7390997, 45.0779598], [7.7381582, 45.0789018], [7.7381102, 45.078938], [7.7380239, 45.0790028], [7.7376122, 45.0792865], [7.737155, 45.079605], [7.7368392, 45.0798165], [7.7359543, 45.0804295], [7.7358543, 45.0806006], [7.7356743, 45.0807178], [7.7354805, 45.0808333], [7.7353685, 45.0808974], [7.7349384, 45.0810722], [7.7345988, 45.0812171], [7.7344027, 45.0813041], [7.7342066, 45.0813829], [7.7332167, 45.0816956], [7.7330935, 45.0817148], [7.7329694, 45.0816804], [7.7328159, 45.081526], [7.7325015, 45.0813183], [7.7318021, 45.0808522], [7.7317144, 45.0807881], [7.7315027, 45.0806841], [7.7315016, 45.0806822], [7.7310385, 45.0804967], [7.7309458, 45.0806351], [7.7294988, 45.0828002], [7.7295416, 45.0831462], [7.7296911, 45.0835604], [7.7298669, 45.0837683], [7.7306615, 45.0842279], [7.7315719, 45.0847771], [7.7322803, 45.0852108], [7.7328498, 45.0855702], [7.7331109, 45.0857349], [7.7333921, 45.0859001], [7.7336304, 45.08604], [7.7339705, 45.0862534], [7.7345816, 45.0866367], [7.7351115, 45.0869691], [7.735244, 45.0870408], [7.735467, 45.0871616], [7.7357989, 45.0873414], [7.7364493, 45.0876936], [7.7365925, 45.0877922], [7.7367852, 45.0878931], [7.7388333, 45.0889657], [7.7397453, 45.089442], [7.7407909, 45.0900118], [7.7413409, 45.0902635], [7.7414445, 45.0903056], [7.7415833, 45.0903389], [7.7419626, 45.0904019], [7.7422543, 45.090446], [7.7440041, 45.0906389], [7.7439775, 45.0906829], [7.7439803, 45.0906885], [7.7438832, 45.0908183], [7.7434599, 45.0911297], [7.7429507, 45.091519], [7.7424752, 45.0919464], [7.741416, 45.0914403], [7.7403622, 45.0911783], [7.7393921, 45.0911301], [7.7377852, 45.0911318], [7.7369402, 45.0911615], [7.7361324, 45.0911656], [7.7335495, 45.0917615], [7.729654, 45.0931285], [7.7294479, 45.0931775], [7.7293189, 45.0932202], [7.7273835, 45.0939473], [7.7258941, 45.0942186], [7.7244482, 45.0941273], [7.7232581, 45.0937341], [7.7218832, 45.0926636], [7.7211269, 45.0919197], [7.7209738, 45.0916746], [7.7206911, 45.0912218], [7.720565, 45.0910199], [7.720089, 45.0896228]]]}}, {"type": "Feature", "properties": {"ZONASTAT": "73", "DENOM": "Strada di Soperga", "name": "Strada di Soperga", "pop2023": null, "cafes": null, "cafe_density": null, "stops500m": null, "cafe_norm": null, "traffic_norm": null, "transit_norm": null, "pop_norm": null, "flow_norm": null, "traffic_raw": null, "flow_raw": null, "total": null}, "geometry": {"type": "Polygon", "coordinates": [[[7.7295416, 45.0831462], [7.7294988, 45.0828002], [7.7309458, 45.0806351], [7.7310385, 45.0804967], [7.7315016, 45.0806822], [7.7315027, 45.0806841], [7.7317144, 45.0807881], [7.7318021, 45.0808522], [7.7325015, 45.0813183], [7.7328159, 45.081526], [7.7329694, 45.0816804], [7.7330935, 45.0817148], [7.7332167, 45.0816956], [7.7342066, 45.0813829], [7.7344027, 45.0813041], [7.7345988, 45.0812171], [7.7349384, 45.0810722], [7.7353685, 45.0808974], [7.7354805, 45.0808333], [7.7356743, 45.0807178], [7.7358543, 45.0806006], [7.7359543, 45.0804295], [7.7368392, 45.0798165], [7.737155, 45.079605], [7.7376122, 45.0792865], [7.7380239, 45.0790028], [7.7381102, 45.078938], [7.7381582, 45.0789018], [7.7390997, 45.0779598], [7.7393504, 45.0777215], [7.7399597, 45.0769324], [7.7401897, 45.0766493], [7.7403211, 45.0765266], [7.7404674, 45.0764301], [7.7406293, 45.076345], [7.740779, 45.0762795], [7.7409444, 45.0762302], [7.7425557, 45.0758002], [7.743188, 45.0756347], [7.7447613, 45.0751874], [7.7447309, 45.0753271], [7.7447661, 45.0754497], [7.7448439, 45.0755888], [7.744948, 45.0758706], [7.7449474, 45.075893], [7.7451688, 45.075978], [7.7452958, 45.076067], [7.7455677, 45.0760604], [7.7457806, 45.0760988], [7.7460723, 45.0760835], [7.746364, 45.0760682], [7.7463774, 45.0760622], [7.746505, 45.0760743], [7.7464697, 45.0761135], [7.7463966, 45.0761698], [7.7462523, 45.0763084], [7.7462282, 45.076475], [7.7457231, 45.0764937], [7.7454738, 45.0765485], [7.7451181, 45.0765865], [7.744954, 45.0766433], [7.7449129, 45.076643], [7.744702, 45.0768249], [7.7446094, 45.0769367], [7.7446335, 45.0772867], [7.7447004, 45.0773814], [7.7449306, 45.0775306], [7.7449998, 45.077595], [7.7450192, 45.0777487], [7.7449714, 45.0778491], [7.7449293, 45.0779496], [7.7448857, 45.0781188], [7.7449039, 45.078329], [7.7448482, 45.0784377], [7.7448282, 45.0785459], [7.7444689, 45.0786533], [7.7444731, 45.0786861], [7.7444636, 45.0787248], [7.7444407, 45.0787515], [7.7442296, 45.0788921], [7.7441225, 45.0789956], [7.7441172, 45.0790268], [7.7441274, 45.0790488], [7.7451447, 45.0795565], [7.7453107, 45.0793622], [7.7454525, 45.0791746], [7.7455639, 45.0791257], [7.7454774, 45.0790723], [7.7454598, 45.0789898], [7.7454519, 45.0788634], [7.7455407, 45.0789577], [7.7456573, 45.0789889], [7.7457844, 45.0789737], [7.7459123, 45.0789152], [7.7459737, 45.07892], [7.7461069, 45.07901], [7.746175, 45.0790562], [7.7462679, 45.0791191], [7.746759, 45.078981], [7.7469643, 45.0789229], [7.7476524, 45.0785718], [7.7481052, 45.0783425], [7.7477527, 45.078095], [7.7472687, 45.0778159], [7.747135, 45.0776913], [7.7474044, 45.0776045], [7.7481902, 45.0775828], [7.7486052, 45.0780114], [7.7488452, 45.0779134], [7.7487234, 45.0778143], [7.7490066, 45.0775726], [7.7491613, 45.0777055], [7.7492777, 45.0777731], [7.7496091, 45.0779615], [7.7498112, 45.078058], [7.7501067, 45.0779579], [7.7504211, 45.0778734], [7.7504949, 45.0779217], [7.7506523, 45.0778297], [7.7507471, 45.0777472], [7.7507958, 45.0777184], [7.7508858, 45.0777226], [7.7509812, 45.077772], [7.751453, 45.0777441], [7.7516603, 45.0776196], [7.7518816, 45.0776915], [7.7519644, 45.0776944], [7.7520043, 45.0777148], [7.7522325, 45.0777471], [7.7522862, 45.0777619], [7.7524123, 45.0778034], [7.7525131, 45.0778509], [7.7527456, 45.0779675], [7.7528, 45.0780073], [7.7528219, 45.0780423], [7.752825, 45.0780735], [7.752803, 45.0781009], [7.7526281, 45.0782042], [7.7522116, 45.0784401], [7.7519359, 45.0785901], [7.7514164, 45.0785096], [7.7513495, 45.0785137], [7.7509776, 45.0786517], [7.7509021, 45.0786843], [7.7508449, 45.0787253], [7.7508304, 45.0787531], [7.7508312, 45.0787938], [7.7509064, 45.0788865], [7.7510561, 45.0789449], [7.7511383, 45.0789582], [7.7513658, 45.0789656], [7.7515576, 45.0790027], [7.7517486, 45.0790842], [7.7525158, 45.0794762], [7.7525837, 45.0795142], [7.7526166, 45.0795448], [7.7526389, 45.0795862], [7.7526261, 45.0796147], [7.7525821, 45.0796317], [7.7525277, 45.0796385], [7.752483, 45.0796334], [7.7523306, 45.0795924], [7.7520506, 45.0795293], [7.7516413, 45.0794566], [7.7515372, 45.079445], [7.7514619, 45.07945], [7.751354, 45.0794829], [7.7511002, 45.0795669], [7.7510339, 45.0795875], [7.7509525, 45.0796144], [7.7508941, 45.07964], [7.7508495, 45.0796712], [7.7507802, 45.0797264], [7.750686, 45.0798073], [7.750623, 45.0798758], [7.7505813, 45.0799435], [7.7505161, 45.0801096], [7.7505023, 45.0801968], [7.7504886, 45.0802673], [7.7504666, 45.0803117], [7.7504218, 45.0803394], [7.7505233, 45.0805721], [7.7506036, 45.0805844], [7.7506416, 45.0805851], [7.7506762, 45.0805777], [7.7507207, 45.0805605], [7.7507544, 45.0805335], [7.7508094, 45.0804804], [7.750876, 45.0803961], [7.7509429, 45.0803626], [7.751087, 45.0803329], [7.7511862, 45.0803369], [7.7512616, 45.0803602], [7.7513262, 45.0803668], [7.7513429, 45.080364], [7.7514458, 45.0803296], [7.7514964, 45.080335], [7.7515434, 45.0803522], [7.7520242, 45.0806295], [7.7522526, 45.0807782], [7.7523078, 45.0808076], [7.7523429, 45.0808236], [7.752466, 45.0808393], [7.7526153, 45.0808937], [7.7527323, 45.0809582], [7.7527705, 45.0809717], [7.752809, 45.0809721], [7.7528492, 45.0809627], [7.7529316, 45.0809298], [7.7530401, 45.0808294], [7.7531042, 45.0807832], [7.7531914, 45.0806673], [7.7532072, 45.0806522], [7.7532397, 45.0806438], [7.7532799, 45.0806366], [7.7533847, 45.0806345], [7.7534111, 45.0806217], [7.7534564, 45.0805927], [7.7534879, 45.0805646], [7.7535162, 45.0805267], [7.753569, 45.0803466], [7.7535895, 45.0803192], [7.753615, 45.0802913], [7.753651, 45.0802832], [7.75368, 45.0802814], [7.7537225, 45.0802932], [7.7537481, 45.0803083], [7.7538225, 45.080378], [7.753862, 45.0803966], [7.7538988, 45.0804042], [7.7539329, 45.0804043], [7.7539539, 45.0804083], [7.7540845, 45.0804731], [7.7542789, 45.0806037], [7.7545046, 45.0807127], [7.7545419, 45.0807215], [7.7545878, 45.0807235], [7.7547383, 45.0807074], [7.7547862, 45.0807109], [7.7548421, 45.0807317], [7.7549025, 45.0807688], [7.7550255, 45.0808748], [7.7550732, 45.0808959], [7.7551368, 45.0809006], [7.7552148, 45.0808813], [7.7553661, 45.0807894], [7.7553908, 45.0807765], [7.7554272, 45.0807733], [7.7554618, 45.0807811], [7.7554747, 45.0808105], [7.7555022, 45.0809136], [7.7555521, 45.0810085], [7.7556135, 45.0810903], [7.7557154, 45.0812758], [7.7557748, 45.0813658], [7.7559197, 45.0815582], [7.7560218, 45.0817316], [7.7560373, 45.0817472], [7.7560613, 45.0817582], [7.7561023, 45.0817725], [7.7561383, 45.0817771], [7.7561765, 45.0817729], [7.7562278, 45.081764], [7.7562767, 45.0817228], [7.7563081, 45.0816989], [7.7563452, 45.0816793], [7.7563889, 45.0816649], [7.7564331, 45.0816552], [7.7564881, 45.0816468], [7.7565112, 45.081652], [7.7567039, 45.0817054], [7.7567436, 45.0817124], [7.7567982, 45.0817094], [7.7570193, 45.0816854], [7.7571008, 45.0816884], [7.7571478, 45.081703], [7.7572682, 45.0817621], [7.7573694, 45.0817688], [7.7575195, 45.0817615], [7.7576535, 45.0817085], [7.7576817, 45.081705], [7.7577209, 45.0817051], [7.7577778, 45.0817125], [7.7578063, 45.0817318], [7.7578362, 45.0817551], [7.7578421, 45.0817738], [7.7578259, 45.0818167], [7.757769, 45.0818665], [7.7577518, 45.0818977], [7.7577466, 45.0819174], [7.7577484, 45.0819731], [7.7577209, 45.0820074], [7.7576392, 45.08206], [7.7575979, 45.082119], [7.75737, 45.0822584], [7.7569543, 45.0820837], [7.7568503, 45.0821245], [7.756746, 45.0821086], [7.7566405, 45.0821107], [7.7565821, 45.082118], [7.7565441, 45.0821479], [7.756299, 45.0821738], [7.7562203, 45.0821965], [7.7561433, 45.0822957], [7.756099, 45.0823202], [7.7560358, 45.0823843], [7.755942, 45.0824278], [7.7558559, 45.0824946], [7.7556962, 45.0825725], [7.755629, 45.0825952], [7.7555031, 45.0825838], [7.7553583, 45.0825887], [7.755215, 45.0826477], [7.7550922, 45.0827398], [7.7549869, 45.0827816], [7.754916, 45.0828295], [7.7549074, 45.0828772], [7.7548124, 45.0829351], [7.7548342, 45.0829783], [7.754804, 45.0830432], [7.7547143, 45.0831289], [7.7546623, 45.0831507], [7.754619, 45.083149], [7.754534, 45.0831628], [7.7543038, 45.0831292], [7.7540325, 45.0830102], [7.7537478, 45.0830119], [7.7536045, 45.0830717], [7.7535092, 45.0830801], [7.7533833, 45.0830462], [7.7533134, 45.0830509], [7.7531753, 45.0831314], [7.7530876, 45.083129], [7.75284, 45.0831711], [7.7526735, 45.0831689], [7.7526341, 45.0831717], [7.7525403, 45.0832115], [7.7523738, 45.0832147], [7.7522255, 45.0832862], [7.7519711, 45.0833474], [7.7517997, 45.0833964], [7.7516075, 45.0834307], [7.7514172, 45.0835461], [7.7513178, 45.0835817], [7.7512033, 45.0836037], [7.7510463, 45.0835427], [7.7509599, 45.0835352], [7.7508262, 45.0835751], [7.7507838, 45.0836308], [7.7506659, 45.0837446], [7.7501515, 45.0840162], [7.7500812, 45.0840735], [7.7500066, 45.0841713], [7.7499144, 45.0842592], [7.7497831, 45.0843081], [7.7496119, 45.0844118], [7.7495532, 45.0845962], [7.7494016, 45.0846468], [7.7492789, 45.0847283], [7.7492423, 45.0848406], [7.7491605, 45.084897], [7.7490561, 45.0849281], [7.7489302, 45.0849384], [7.7488941, 45.0849985], [7.7488312, 45.0850784], [7.7487021, 45.0851607], [7.7486033, 45.0852827], [7.7485821, 45.0853834], [7.7485562, 45.0854365], [7.7485215, 45.0854876], [7.7485425, 45.0855534], [7.7485711, 45.085622], [7.7485647, 45.0856337], [7.7485263, 45.0856614], [7.7484792, 45.0856774], [7.7484588, 45.0856809], [7.7482003, 45.0857474], [7.7481288, 45.0857858], [7.7481321, 45.0858488], [7.7481021, 45.0859441], [7.7480164, 45.0860059], [7.7479153, 45.0860892], [7.7476427, 45.08617], [7.7474379, 45.0861979], [7.747339, 45.0862765], [7.7472568, 45.0864014], [7.7470858, 45.0865061], [7.7470279, 45.086605], [7.7469652, 45.0866633], [7.7469418, 45.086737], [7.7469933, 45.0868245], [7.7469789, 45.086883], [7.7468628, 45.0869429], [7.7467596, 45.0869858], [7.7466918, 45.0870504], [7.7466657, 45.0871484], [7.7466901, 45.0872854], [7.7466859, 45.0873475], [7.7467293, 45.0874953], [7.7467732, 45.087581], [7.7467597, 45.0876899], [7.7466645, 45.087848], [7.74664, 45.0878992], [7.7465811, 45.0879657], [7.7464322, 45.087994], [7.7462783, 45.0880087], [7.7461892, 45.0880372], [7.7461252, 45.0880892], [7.7460688, 45.0881638], [7.7458451, 45.0883503], [7.7456836, 45.0885352], [7.7456019, 45.0885853], [7.7455192, 45.0886021], [7.7452842, 45.0885851], [7.7451582, 45.0886045], [7.7450701, 45.0886744], [7.7450431, 45.0887148], [7.7449728, 45.0887793], [7.7448716, 45.0888781], [7.7448086, 45.0889751], [7.7446225, 45.0890582], [7.7445729, 45.0892399], [7.7445256, 45.089282], [7.7444247, 45.0893474], [7.7443876, 45.0893851], [7.7443771, 45.0894274], [7.7444383, 45.089586], [7.7444071, 45.0896751], [7.7443611, 45.0897172], [7.744257, 45.0898843], [7.7441622, 45.0899812], [7.7441218, 45.090126], [7.7440472, 45.0902428], [7.7440198, 45.0903445], [7.7440144, 45.0903913], [7.744031, 45.0905642], [7.7440294, 45.0906128], [7.7440041, 45.0906389], [7.7422543, 45.090446], [7.7419626, 45.0904019], [7.7415833, 45.0903389], [7.7414445, 45.0903056], [7.7413409, 45.0902635], [7.7407909, 45.0900118], [7.7397453, 45.089442], [7.7388333, 45.0889657], [7.7367852, 45.0878931], [7.7365925, 45.0877922], [7.7364493, 45.0876936], [7.7357989, 45.0873414], [7.735467, 45.0871616], [7.735244, 45.0870408], [7.7351115, 45.0869691], [7.7345816, 45.0866367], [7.7339705, 45.0862534], [7.7336304, 45.08604], [7.7333921, 45.0859001], [7.7331109, 45.0857349], [7.7328498, 45.0855702], [7.7322803, 45.0852108], [7.7315719, 45.0847771], [7.7306615, 45.0842279], [7.7298669, 45.0837683], [7.7296911, 45.0835604], [7.7295416, 45.0831462]]]}}, {"type": "Feature", "properties": {"ZONASTAT": "75", "DENOM": "Villa della Regina - Val Salice", "name": "Villa della Regina - Val Salice", "pop2023": null, "cafes": null, "cafe_density": null, "stops500m": null, "cafe_norm": null, "traffic_norm": null, "transit_norm": null, "pop_norm": null, "flow_norm": null, "traffic_raw": null, "flow_raw": null, "total": null}, "geometry": {"type": "Polygon", "coordinates": [[[7.690074, 45.0481602], [7.6900721, 45.048054], [7.690081, 45.0479681], [7.6900952, 45.0479148], [7.6901118, 45.0478725], [7.6901561, 45.0478046], [7.6902684, 45.047713], [7.6903577, 45.047668], [7.6905569, 45.047638], [7.6905993, 45.0476226], [7.6911586, 45.0471641], [7.6912732, 45.047098], [7.6913526, 45.0470539], [7.6915026, 45.0469827], [7.691675, 45.0469028], [7.6919463, 45.0468022], [7.6925477, 45.0466047], [7.6926218, 45.0465682], [7.6926861, 45.0465327], [7.6927515, 45.0464944], [7.6928354, 45.0464361], [7.6929326, 45.046358], [7.6930653, 45.046241], [7.6930979, 45.0461994], [7.6932869, 45.045791], [7.6938722, 45.045046], [7.6939108, 45.0450117], [7.6940012, 45.0450385], [7.6940501, 45.045072], [7.6941069, 45.0451243], [7.694185, 45.045153], [7.6942671, 45.0453276], [7.6945007, 45.0458103], [7.6945097, 45.045875], [7.6945078, 45.045958], [7.6944003, 45.0462208], [7.6943827, 45.0462826], [7.6943897, 45.0463444], [7.6945316, 45.0468389], [7.6947028, 45.0474782], [7.6946898, 45.0475924], [7.6945559, 45.0477372], [7.6944575, 45.0477909], [7.6942689, 45.0478665], [7.694103, 45.0479265], [7.6939522, 45.0479848], [7.6938009, 45.0480411], [7.693718, 45.0480764], [7.6936096, 45.0481488], [7.6935139, 45.048255], [7.6934596, 45.0483829], [7.6934421, 45.0484869], [7.6934389, 45.0485719], [7.6934512, 45.0486751], [7.6934797, 45.048768], [7.6935249, 45.0488319], [7.6935919, 45.0488761], [7.6937124, 45.0489087], [7.6941654, 45.048984], [7.6942902, 45.0490229], [7.6943888, 45.0490912], [7.6944799, 45.0491698], [7.6945401, 45.0492467], [7.6945781, 45.0493403], [7.6947589, 45.0512361], [7.6947723, 45.0512986], [7.6948087, 45.0513674], [7.6948659, 45.0514193], [7.6949494, 45.0514667], [7.6952919, 45.0515906], [7.6953605, 45.0516361], [7.6954812, 45.0518195], [7.6955361, 45.051876], [7.6956065, 45.0519143], [7.695718, 45.0519268], [7.69584, 45.0519282], [7.6960479, 45.0519238], [7.6961746, 45.051936], [7.6963563, 45.0519935], [7.6966249, 45.0520859], [7.6967143, 45.0520963], [7.6968348, 45.0520801], [7.6969124, 45.052047], [7.6969703, 45.0519999], [7.6972047, 45.0516304], [7.6972704, 45.0515821], [7.6975171, 45.0514612], [7.697645, 45.0513848], [7.6977028, 45.0513267], [7.6977307, 45.051278], [7.6977399, 45.0512237], [7.6977258, 45.0511406], [7.697654, 45.0510465], [7.6975325, 45.0509119], [7.6974689, 45.0508114], [7.6974551, 45.05073], [7.6974655, 45.0506378], [7.6975412, 45.050529], [7.6976515, 45.0504146], [7.6978914, 45.0502103], [7.6980201, 45.0501058], [7.6980787, 45.0500694], [7.6981728, 45.0500393], [7.6982765, 45.0500131], [7.6983937, 45.0499989], [7.6985117, 45.050009], [7.6986103, 45.0500257], [7.6986924, 45.0500462], [7.6987548, 45.0500704], [7.698893, 45.0501402], [7.699029, 45.0502281], [7.6991349, 45.0502847], [7.699223, 45.0503217], [7.6992916, 45.0503418], [7.6993605, 45.0503452], [7.6994628, 45.0503219], [7.699629, 45.0502731], [7.6997691, 45.0502674], [7.6998921, 45.0502825], [7.7000035, 45.050334], [7.7000957, 45.050433], [7.7001635, 45.0506736], [7.7001938, 45.0507553], [7.7001911, 45.0507708], [7.7001696, 45.0507828], [7.7001413, 45.050787], [7.7001106, 45.0507888], [7.7000746, 45.050784], [7.7000319, 45.0507629], [7.7000052, 45.0507385], [7.699983, 45.0507033], [7.6999603, 45.0506388], [7.6999418, 45.0505716], [7.6998886, 45.0505156], [7.699806, 45.050476], [7.6997152, 45.050475], [7.6996296, 45.0504843], [7.6993725, 45.0506128], [7.6992069, 45.0507049], [7.6988643, 45.0508738], [7.6989343, 45.0508759], [7.6990042, 45.050878], [7.6990702, 45.0508692], [7.6992574, 45.0508282], [7.6993796, 45.0508063], [7.699454, 45.0508002], [7.6994676, 45.0508088], [7.6994699, 45.0508248], [7.6994599, 45.0509162], [7.6994489, 45.0509595], [7.6994136, 45.0510648], [7.6994056, 45.0511268], [7.6994123, 45.0511768], [7.6994923, 45.0514101], [7.6995372, 45.0515542], [7.6995582, 45.0516546], [7.6995454, 45.0518096], [7.6995483, 45.0518484], [7.699559, 45.0519106], [7.6995873, 45.0520083], [7.6996239, 45.052102], [7.6996575, 45.0521959], [7.6996696, 45.0522502], [7.6996667, 45.0522831], [7.699658, 45.0523378], [7.6996077, 45.0525906], [7.6995865, 45.0526337], [7.6994936, 45.0527949], [7.6994565, 45.0529232], [7.6994522, 45.0530179], [7.699422, 45.0531558], [7.6994217, 45.0532096], [7.6994312, 45.0532655], [7.6995244, 45.053435], [7.6995503, 45.0534982], [7.6995583, 45.0535257], [7.6995556, 45.0535582], [7.6995382, 45.053602], [7.699457, 45.053732], [7.6994026, 45.0538921], [7.6994678, 45.0538781], [7.6997478, 45.0539122], [7.6998032, 45.0539155], [7.699847, 45.0539147], [7.6998735, 45.0539128], [7.6999406, 45.0539041], [7.7003396, 45.0538003], [7.7004441, 45.0537797], [7.7004981, 45.053774], [7.7005745, 45.0537694], [7.7006368, 45.0537691], [7.7019359, 45.0538277], [7.7022062, 45.0538509], [7.7022633, 45.0538614], [7.7025152, 45.0539074], [7.7025473, 45.0539124], [7.7025802, 45.0539156], [7.7026362, 45.0539158], [7.7026648, 45.053914], [7.7028898, 45.0538907], [7.7032162, 45.0538555], [7.7038418, 45.053788], [7.703923, 45.0537752], [7.7040392, 45.053753], [7.7047066, 45.0535704], [7.7048783, 45.053529], [7.7049893, 45.0535023], [7.7054293, 45.0533858], [7.7056101, 45.0533214], [7.7058557, 45.0532268], [7.7065591, 45.0523735], [7.7071033, 45.0526786], [7.7072734, 45.0528311], [7.707654, 45.0528576], [7.7079245, 45.0528722], [7.7080096, 45.0528821], [7.7081033, 45.0529034], [7.7082332, 45.0529355], [7.7083727, 45.0529735], [7.7085301, 45.0530196], [7.7087397, 45.0530915], [7.7088701, 45.0531339], [7.7090054, 45.0531734], [7.7094357, 45.05329], [7.7095554, 45.0533088], [7.7097213, 45.0533268], [7.7098186, 45.053332], [7.7099287, 45.0533276], [7.7101242, 45.0533037], [7.7102054, 45.053284], [7.7102812, 45.0533282], [7.710624, 45.0535992], [7.7105683, 45.0537233], [7.7105476, 45.0537466], [7.7104636, 45.0537838], [7.7101543, 45.0538366], [7.7097737, 45.0538986], [7.7097315, 45.053931], [7.7097169, 45.0539634], [7.7101104, 45.0543112], [7.7103334, 45.0544995], [7.7104544, 45.0545806], [7.7106156, 45.0546692], [7.7109379, 45.0548189], [7.7109589, 45.0548391], [7.7109739, 45.054865], [7.7109776, 45.0548939], [7.7109704, 45.054919], [7.7109408, 45.0549431], [7.7108939, 45.0549685], [7.7108373, 45.0549851], [7.7107749, 45.0549954], [7.7105364, 45.0550195], [7.7103971, 45.0550298], [7.7103368, 45.0550315], [7.7102364, 45.0550292], [7.7101454, 45.0550145], [7.7100781, 45.0549888], [7.7100491, 45.0549741], [7.709886, 45.0548916], [7.7098212, 45.054865], [7.7097945, 45.0548627], [7.7097693, 45.0548689], [7.7097413, 45.0548823], [7.7096915, 45.0549381], [7.7097892, 45.0550253], [7.7098646, 45.0550969], [7.7099175, 45.0551653], [7.7099441, 45.0552226], [7.7099829, 45.0553207], [7.7099755, 45.055431], [7.7099587, 45.0555198], [7.7099585, 45.0555671], [7.7099044, 45.0555695], [7.7098129, 45.0555521], [7.7096929, 45.0555539], [7.7094952, 45.0555922], [7.7095781, 45.0555942], [7.7096611, 45.0555962], [7.7098082, 45.0556033], [7.709987, 45.0556462], [7.7101077, 45.05571], [7.7103093, 45.0559112], [7.7103791, 45.0559662], [7.7104592, 45.0560229], [7.7105272, 45.0560566], [7.7106142, 45.0560975], [7.7106978, 45.0561246], [7.7114031, 45.0562711], [7.7115273, 45.0563172], [7.7118839, 45.0564262], [7.7120844, 45.0565247], [7.7122462, 45.0565956], [7.712374, 45.0566445], [7.7125166, 45.0566795], [7.7126259, 45.0568376], [7.7128057, 45.0570434], [7.7130124, 45.0572799], [7.7130043, 45.057286], [7.7132066, 45.0574996], [7.713033, 45.0575774], [7.7130026, 45.0575889], [7.7129726, 45.0575971], [7.7129067, 45.0577485], [7.7131111, 45.0576988], [7.7133034, 45.0576235], [7.7134235, 45.057546], [7.7136541, 45.0574234], [7.7139344, 45.0573906], [7.7140537, 45.057509], [7.7145043, 45.057475], [7.7145499, 45.0573527], [7.7146807, 45.0573275], [7.7148844, 45.0575243], [7.7151007, 45.0577326], [7.7162776, 45.0585081], [7.7162799, 45.0585391], [7.7161341, 45.0586337], [7.7160809, 45.058795], [7.7161275, 45.0589281], [7.7160994, 45.0591848], [7.7160632, 45.0592577], [7.7160774, 45.0592622], [7.7161404, 45.0592812], [7.7162117, 45.0592694], [7.7162171, 45.0592596], [7.7163964, 45.0593306], [7.7164844, 45.0593698], [7.7165982, 45.0594341], [7.7172679, 45.0597766], [7.7173468, 45.0598009], [7.7172872, 45.0599469], [7.7172484, 45.0600185], [7.7171591, 45.0601352], [7.7170671, 45.060224], [7.7169773, 45.0602946], [7.7166703, 45.0604678], [7.7164922, 45.0606064], [7.7164244, 45.0606503], [7.7160439, 45.0608114], [7.7159993, 45.0608354], [7.7159763, 45.0608512], [7.7159487, 45.0608903], [7.7156909, 45.0613012], [7.715673, 45.0613338], [7.7156662, 45.0613476], [7.7156493, 45.0613823], [7.715628, 45.0614532], [7.7156198, 45.0615417], [7.7156409, 45.0616668], [7.7156134, 45.062018], [7.7156046, 45.0621051], [7.7155934, 45.0622986], [7.7156001, 45.0624763], [7.7156257, 45.0625386], [7.7155883, 45.0627296], [7.7155412, 45.0629339], [7.7155004, 45.0630173], [7.7154537, 45.0630794], [7.7153851, 45.0631298], [7.7152861, 45.0631864], [7.7147903, 45.0634109], [7.7143784, 45.0635199], [7.714227, 45.0630663], [7.7142186, 45.0630409], [7.7141633, 45.0629718], [7.7141212, 45.062934], [7.7140734, 45.0628974], [7.7140019, 45.0628653], [7.7139313, 45.0628544], [7.7138814, 45.0628509], [7.7138129, 45.0628578], [7.713745, 45.0628778], [7.7135006, 45.0629797], [7.7134131, 45.0629958], [7.713329, 45.0629956], [7.7132616, 45.0629864], [7.7131992, 45.0629674], [7.7125155, 45.0626713], [7.7121579, 45.0625151], [7.7118139, 45.0624318], [7.7116117, 45.062383], [7.7115551, 45.0623534], [7.7112477, 45.0620645], [7.7110361, 45.0619644], [7.711, 45.0619473], [7.7107413, 45.0618361], [7.710677, 45.0617881], [7.7103428, 45.0615164], [7.7103015, 45.0614881], [7.7102601, 45.0614598], [7.7102104, 45.0614304], [7.7098225, 45.0613101], [7.7096751, 45.0612563], [7.709602, 45.0612151], [7.7095522, 45.0611617], [7.7095142, 45.0611047], [7.7094934, 45.061049], [7.7094853, 45.0609629], [7.7094645, 45.0608258], [7.7094167, 45.060758], [7.7093656, 45.0607126], [7.7092861, 45.0606677], [7.7092135, 45.0606365], [7.7091311, 45.0606161], [7.7090641, 45.0606075], [7.7089645, 45.0606121], [7.7088837, 45.0606219], [7.7088032, 45.0606335], [7.7085012, 45.0607267], [7.7083573, 45.0607633], [7.7082871, 45.060775], [7.7082284, 45.0607821], [7.7081272, 45.0607813], [7.708037, 45.060764], [7.7079511, 45.0607405], [7.7076585, 45.0606216], [7.7075538, 45.0605729], [7.7074737, 45.060521], [7.7074287, 45.0604765], [7.7069201, 45.0599175], [7.7068592, 45.0598717], [7.7067916, 45.0598279], [7.706715, 45.0597862], [7.7065954, 45.0597497], [7.7064745, 45.0597343], [7.7063044, 45.0597202], [7.7056655, 45.059681], [7.7055965, 45.0596749], [7.7053728, 45.059571], [7.7055701, 45.0593942], [7.7054535, 45.0593248], [7.7054427, 45.0593221], [7.7053238, 45.0592919], [7.7052303, 45.0592909], [7.7047392, 45.0593963], [7.7045346, 45.0594152], [7.7043099, 45.0594239], [7.7039055, 45.0594249], [7.7035956, 45.0593964], [7.7029297, 45.0592738], [7.7028144, 45.0592543], [7.7026468, 45.0592356], [7.7024128, 45.0592445], [7.7014781, 45.0593515], [7.7012681, 45.0593755], [7.7011038, 45.0593937], [7.7007501, 45.0594012], [7.7004117, 45.059374], [7.700118, 45.0593123], [7.699789, 45.0592348], [7.6992119, 45.0591037], [7.6990039, 45.0590453], [7.6988086, 45.0589509], [7.6986942, 45.0588412], [7.6986301, 45.0587625], [7.6985957, 45.0586784], [7.6985901, 45.0584869], [7.6985873, 45.0581927], [7.698577, 45.0580672], [7.6985422, 45.0578637], [7.6984821, 45.0576349], [7.6984429, 45.0575129], [7.6984104, 45.0574197], [7.6983722, 45.057329], [7.6983278, 45.057239], [7.698176, 45.0569607], [7.6980067, 45.0567096], [7.6978344, 45.056494], [7.6975134, 45.0561428], [7.6974082, 45.0560463], [7.6971376, 45.055826], [7.6968039, 45.0555726], [7.6966584, 45.0554676], [7.6964927, 45.055379], [7.6959111, 45.055068], [7.6956857, 45.0550514], [7.6951765, 45.0548469], [7.6947951, 45.0547126], [7.6946257, 45.0546631], [7.6943363, 45.0545573], [7.6941857, 45.0545023], [7.6939297, 45.0544087], [7.6936694, 45.0542956], [7.6934086, 45.0541822], [7.6927072, 45.0538597], [7.6924332, 45.0537164], [7.6918641, 45.0533786], [7.6914599, 45.0531027], [7.6916021, 45.0530322], [7.6916275, 45.0529964], [7.6916367, 45.0529393], [7.6914685, 45.0527318], [7.6914537, 45.0526973], [7.6914833, 45.0526658], [7.6915279, 45.0526605], [7.6915614, 45.0526786], [7.6918047, 45.0529116], [7.6918356, 45.0529356], [7.6918792, 45.0529324], [7.6919257, 45.0529129], [7.691925, 45.0528726], [7.6918787, 45.052814], [7.6917306, 45.0526608], [7.6915688, 45.0524524], [7.6914696, 45.0522847], [7.691433, 45.0521703], [7.6914183, 45.0520778], [7.6914269, 45.0520024], [7.6914605, 45.0519474], [7.6915361, 45.0519286], [7.6915989, 45.051934], [7.691639, 45.0519742], [7.6916727, 45.0522196], [7.6917019, 45.0522718], [7.6917717, 45.0522981], [7.6918282, 45.0522772], [7.6918509, 45.0521971], [7.6918598, 45.0521105], [7.6918524, 45.0520567], [7.6915123, 45.0508532], [7.6915899, 45.0508105], [7.6915154, 45.0507722], [7.6913296, 45.0506398], [7.6912014, 45.0505326], [7.6909519, 45.0503204], [7.6906814, 45.05007], [7.6904178, 45.0498091], [7.6901621, 45.0495307], [7.6901689, 45.0494824], [7.6903036, 45.0492903], [7.6903595, 45.0492076], [7.6903654, 45.0489815], [7.6903227, 45.0488745], [7.6902943, 45.0488104], [7.690228, 45.0487301], [7.6901277, 45.0486282], [7.6901025, 45.0485727], [7.6900885, 45.0485001], [7.6900803, 45.0483652], [7.690074, 45.0481602]]]}}, {"type": "Feature", "properties": {"ZONASTAT": "76", "DENOM": "Villaretto", "name": "Villaretto", "pop2023": null, "cafes": null, "cafe_density": null, "stops500m": null, "cafe_norm": null, "traffic_norm": null, "transit_norm": null, "pop_norm": null, "flow_norm": null, "traffic_raw": null, "flow_raw": null, "total": null}, "geometry": {"type": "Polygon", "coordinates": [[[7.6528852, 45.1350083], [7.6528976, 45.1349834], [7.6530491, 45.1348436], [7.6531488, 45.1348042], [7.6532502, 45.134744], [7.6532661, 45.1347412], [7.6533824, 45.134709], [7.6534026, 45.1346329], [7.6534901, 45.1345987], [7.6535834, 45.134538], [7.6536786, 45.1345169], [7.6537779, 45.1344447], [7.6538809, 45.1343938], [7.6540094, 45.1342626], [7.6541238, 45.134218], [7.6541576, 45.1342019], [7.6541857, 45.1341779], [7.6542007, 45.1341489], [7.6542255, 45.1341195], [7.654307, 45.1340137], [7.6545022, 45.1339106], [7.6545854, 45.1338378], [7.6547066, 45.1337907], [7.6548425, 45.1336715], [7.655006, 45.1335783], [7.6550347, 45.1335519], [7.6550878, 45.1334857], [7.6552525, 45.1334247], [7.6553982, 45.1333552], [7.655547, 45.1332798], [7.6555904, 45.1332735], [7.6556857, 45.133255], [7.6557601, 45.1332405], [7.6543611, 45.1314484], [7.655343, 45.1304454], [7.6551989, 45.1303028], [7.6548735, 45.1299788], [7.6549371, 45.1299255], [7.6546279, 45.129523], [7.6553477, 45.1290996], [7.6557776, 45.1296099], [7.6561034, 45.1294035], [7.6561939, 45.1293276], [7.6566926, 45.1289138], [7.6571329, 45.1281533], [7.657141, 45.1277305], [7.656315, 45.1268152], [7.654686, 45.1250036], [7.6544501, 45.1247395], [7.654222, 45.124481], [7.6546709, 45.1239035], [7.6549165, 45.1237696], [7.6561763, 45.1224899], [7.6569295, 45.1220036], [7.6576384, 45.1215099], [7.6583302, 45.1210315], [7.6589787, 45.1206882], [7.6601624, 45.1202202], [7.6605514, 45.1200593], [7.6609666, 45.1200057], [7.6610862, 45.1199903], [7.6612054, 45.1199749], [7.6628526, 45.1197624], [7.6639263, 45.1195593], [7.6645152, 45.1195798], [7.6652477, 45.1196996], [7.6662991, 45.1200242], [7.6673628, 45.120444], [7.6680189, 45.120763], [7.6685207, 45.1210268], [7.6689687, 45.121341], [7.6694625, 45.1215369], [7.6701647, 45.1216333], [7.670979, 45.1218567], [7.6718088, 45.1220643], [7.6729232, 45.1223269], [7.673421, 45.1225735], [7.6738613, 45.1223155], [7.6743254, 45.1218483], [7.6752087, 45.120963], [7.6755715, 45.1205927], [7.6763357, 45.1198962], [7.6770237, 45.1193122], [7.6775111, 45.1188944], [7.6770559, 45.1181016], [7.6772223, 45.1179761], [7.6778022, 45.1176469], [7.6779906, 45.1173417], [7.6785289, 45.1169613], [7.6789073, 45.1168041], [7.6793241, 45.1167454], [7.6798493, 45.1167572], [7.6813439, 45.1167688], [7.68212, 45.1166738], [7.6828298, 45.1166243], [7.6835039, 45.1167129], [7.6841361, 45.1168529], [7.6845783, 45.1170251], [7.6856034, 45.1173095], [7.6859934, 45.1173544], [7.6864755, 45.1172907], [7.6871075, 45.1170844], [7.6870308, 45.1172172], [7.6870166, 45.1172425], [7.6865419, 45.1180644], [7.6887864, 45.1200891], [7.6883185, 45.1211997], [7.6887632, 45.1213061], [7.6892825, 45.1214267], [7.6900146, 45.1215988], [7.6905754, 45.1217323], [7.6910227, 45.1218338], [7.691569, 45.1219728], [7.6915621, 45.1220558], [7.6921093, 45.123715], [7.6922434, 45.1239675], [7.6924831, 45.1241499], [7.6936126, 45.125134], [7.6941169, 45.1256007], [7.6944118, 45.1258638], [7.6953201, 45.1268539], [7.6954461, 45.1269914], [7.6954963, 45.1272033], [7.6951916, 45.128285], [7.6949253, 45.1293622], [7.6948616, 45.1295962], [7.6948032, 45.1298229], [7.694385, 45.1314484], [7.6942137, 45.1321261], [7.6940462, 45.1327645], [7.6939165, 45.1329563], [7.6941006, 45.1343508], [7.6937061, 45.1343684], [7.6931969, 45.1343911], [7.6906496, 45.1345654], [7.6905213, 45.1335171], [7.6905191, 45.1334893], [7.690193, 45.1329552], [7.6889634, 45.1333955], [7.6876627, 45.1338551], [7.6874148, 45.1339269], [7.6871844, 45.1339363], [7.6866377, 45.13396], [7.6866595, 45.1340173], [7.686685, 45.1340387], [7.686709, 45.1340798], [7.6867242, 45.134286], [7.6861458, 45.1345716], [7.6861374, 45.1347804], [7.6860816, 45.1349043], [7.6858607, 45.1351309], [7.6855269, 45.1351852], [7.68404, 45.1354802], [7.6836466, 45.1357775], [7.6834445, 45.1360321], [7.6832286, 45.1363957], [7.6832049, 45.1365084], [7.6834424, 45.1371749], [7.6832918, 45.1372702], [7.6820609, 45.1378605], [7.6816905, 45.1377179], [7.680595, 45.1388047], [7.6792354, 45.137751], [7.6792061, 45.1377749], [7.6791137, 45.1378242], [7.6789474, 45.1378358], [7.6787857, 45.1378625], [7.6787529, 45.1379065], [7.6786595, 45.1379793], [7.6785793, 45.1380593], [7.6785461, 45.1381228], [7.6785314, 45.1381936], [7.6783888, 45.1382755], [7.6783086, 45.138342], [7.6782333, 45.1384312], [7.6781256, 45.1384948], [7.6780594, 45.1385217], [7.6779646, 45.1384672], [7.6777892, 45.1382828], [7.6776153, 45.1381726], [7.6768339, 45.1379569], [7.6764077, 45.1372467], [7.6751817, 45.1370679], [7.6739701, 45.1373592], [7.6725107, 45.1379398], [7.6723651, 45.1377339], [7.6717405, 45.1381435], [7.6714037, 45.1379347], [7.6712522, 45.1377873], [7.6711768, 45.1377558], [7.6709112, 45.1376903], [7.6707169, 45.1376573], [7.6706367, 45.1376359], [7.6704195, 45.1376355], [7.6703093, 45.1376411], [7.6701541, 45.1376965], [7.6699652, 45.1378135], [7.669904, 45.1378625], [7.669792, 45.1379106], [7.6697321, 45.1379282], [7.669571, 45.1379188], [7.669349, 45.1379157], [7.6693138, 45.1379214], [7.669145, 45.1379596], [7.6689489, 45.137973], [7.6688597, 45.1380026], [7.6688006, 45.1380358], [7.6687275, 45.1380951], [7.6686442, 45.1381782], [7.6685912, 45.1382181], [7.6683871, 45.1383536], [7.6683281, 45.1383843], [7.668261, 45.1384064], [7.6680234, 45.138461], [7.6679225, 45.1384777], [7.667814, 45.1384743], [7.6674999, 45.1384148], [7.6672009, 45.1384343], [7.6670459, 45.1384375], [7.6667676, 45.1384218], [7.6667087, 45.1384217], [7.6666399, 45.1384263], [7.6665654, 45.138426], [7.6664093, 45.1384435], [7.6663105, 45.13849], [7.6661957, 45.1385708], [7.6661646, 45.1386306], [7.66617, 45.1386719], [7.6661958, 45.1386988], [7.6662405, 45.1387227], [7.6663775, 45.1387528], [7.6664526, 45.1387835], [7.6665567, 45.1388663], [7.6665887, 45.1389025], [7.6665873, 45.1389397], [7.666555, 45.1389741], [7.6665002, 45.139012], [7.6663696, 45.1390283], [7.6661837, 45.1390271], [7.6660557, 45.1390618], [7.6659766, 45.1391031], [7.6659251, 45.1391301], [7.6658779, 45.1391812], [7.6657095, 45.1393149], [7.6655793, 45.1394748], [7.6654337, 45.1396116], [7.6653649, 45.1397066], [7.6652595, 45.1398069], [7.6650724, 45.1399219], [7.6648709, 45.1400678], [7.6647458, 45.140122], [7.6646163, 45.1401556], [7.6642401, 45.1401876], [7.6640555, 45.1401615], [7.6639738, 45.1401305], [7.6638937, 45.1400613], [7.6638461, 45.1399967], [7.663736, 45.1399203], [7.663658, 45.1399144], [7.6633151, 45.1399592], [7.663311, 45.1398747], [7.6632955, 45.1395516], [7.6630234, 45.1394993], [7.6624712, 45.1391554], [7.6622006, 45.1386156], [7.661816, 45.1379148], [7.661423, 45.1370435], [7.6614148, 45.1370463], [7.6613464, 45.1368977], [7.6613546, 45.1368946], [7.6613116, 45.1367972], [7.6611753, 45.1363994], [7.6611353, 45.1361426], [7.6619753, 45.135568], [7.6626434, 45.1354234], [7.6637276, 45.1352528], [7.6637784, 45.1352468], [7.6634693, 45.1341197], [7.6634352, 45.1339954], [7.663422, 45.1340017], [7.6616499, 45.1348559], [7.6608201, 45.135056], [7.6595005, 45.1349615], [7.6589476, 45.1349447], [7.6585493, 45.1349326], [7.6575835, 45.1347453], [7.6573534, 45.1347377], [7.656833, 45.1347775], [7.6562232, 45.1348561], [7.6561929, 45.13486], [7.6559013, 45.1348801], [7.6538098, 45.1349797], [7.6528852, 45.1350083]]]}}, {"type": "Feature", "properties": {"ZONASTAT": "77", "DENOM": "Falchera", "name": "Falchera", "pop2023": null, "cafes": null, "cafe_density": null, "stops500m": null, "cafe_norm": null, "traffic_norm": null, "transit_norm": null, "pop_norm": null, "flow_norm": null, "traffic_raw": null, "flow_raw": null, "total": null}, "geometry": {"type": "Polygon", "coordinates": [[[7.6865419, 45.1180644], [7.6870166, 45.1172425], [7.6870308, 45.1172172], [7.6871075, 45.1170844], [7.6880766, 45.1163857], [7.6893456, 45.1157538], [7.6898498, 45.1154364], [7.6901063, 45.1150533], [7.6902729, 45.1149466], [7.6906932, 45.1147557], [7.6911586, 45.1146234], [7.6923723, 45.1144016], [7.6926345, 45.114298], [7.6929098, 45.1142236], [7.6933547, 45.1141512], [7.6938358, 45.1141049], [7.6944155, 45.114003], [7.6948399, 45.1139676], [7.6953531, 45.1139958], [7.6954583, 45.1140015], [7.695509, 45.1140072], [7.6956685, 45.114026], [7.6970544, 45.1141347], [7.6972598, 45.1141365], [7.6975298, 45.1146362], [7.6977501, 45.1149827], [7.6980726, 45.1153976], [7.6982623, 45.1156092], [7.6985773, 45.1159605], [7.6989046, 45.1162824], [7.6992583, 45.1165933], [7.6994624, 45.1167605], [7.6996563, 45.1169159], [7.6998138, 45.1170282], [7.7001514, 45.1172662], [7.7003966, 45.1174259], [7.7007645, 45.1176584], [7.7012348, 45.1179214], [7.701463, 45.1180359], [7.7018239, 45.1182086], [7.7021193, 45.1183412], [7.7023222, 45.1184237], [7.7025632, 45.11852], [7.7030198, 45.1186894], [7.7035267, 45.118861], [7.7050071, 45.1193137], [7.7055636, 45.1194862], [7.706925, 45.1199214], [7.7072982, 45.1200381], [7.7082028, 45.1203227], [7.7091625, 45.1206281], [7.7098912, 45.120861], [7.7102452, 45.1209731], [7.7103886, 45.1209474], [7.7109943, 45.1211228], [7.7125142, 45.1215991], [7.7130577, 45.1217676], [7.7136563, 45.1219586], [7.7166018, 45.1229471], [7.7175675, 45.1232549], [7.7188478, 45.1236808], [7.7193207, 45.1238291], [7.720016, 45.1240507], [7.7204055, 45.1241762], [7.7208614, 45.124322], [7.7213481, 45.1244739], [7.7214755, 45.1245148], [7.7221179, 45.1247207], [7.7250573, 45.1256518], [7.7258602, 45.1259073], [7.7262382, 45.1260267], [7.7269128, 45.1262413], [7.7267894, 45.1262934], [7.7263046, 45.1264757], [7.7263182, 45.1265162], [7.7249428, 45.1269229], [7.7247373, 45.1269327], [7.724498, 45.126873], [7.7224517, 45.1262233], [7.721415, 45.1250733], [7.7212799, 45.1250896], [7.7207436, 45.1255247], [7.7195591, 45.1265427], [7.7192387, 45.1267238], [7.7188041, 45.1268543], [7.7184907, 45.1269485], [7.7173917, 45.127281], [7.7178004, 45.1287822], [7.7178125, 45.1287975], [7.7177981, 45.1288036], [7.71787, 45.1289198], [7.7180159, 45.1294513], [7.7180593, 45.1296456], [7.7181618, 45.1300001], [7.7181864, 45.1301649], [7.7182591, 45.1303654], [7.7182254, 45.1304096], [7.7181418, 45.1304701], [7.7184472, 45.1305109], [7.7188228, 45.1305194], [7.7194174, 45.1305346], [7.7201858, 45.1305419], [7.7204405, 45.1305064], [7.7209749, 45.1304978], [7.7210184, 45.130611], [7.7209885, 45.1307144], [7.7210197, 45.1308978], [7.7212721, 45.131331], [7.7228838, 45.1315925], [7.7228681, 45.1323977], [7.722938, 45.1327909], [7.7234849, 45.1326832], [7.7237514, 45.1338026], [7.7238859, 45.1341882], [7.7242054, 45.1354035], [7.7245635, 45.1354649], [7.7246659, 45.13576], [7.7248322, 45.1367018], [7.7247758, 45.1367674], [7.7246886, 45.1367774], [7.7246518, 45.1367966], [7.7245802, 45.1368558], [7.7244439, 45.1369423], [7.7241679, 45.1369953], [7.7241548, 45.1370337], [7.7239996, 45.1371102], [7.723795, 45.1371568], [7.7236593, 45.1371385], [7.7235861, 45.1370742], [7.7235548, 45.1369824], [7.723516, 45.1369533], [7.7234727, 45.1369389], [7.7232941, 45.1369289], [7.7232223, 45.1369172], [7.7230964, 45.1368812], [7.7230141, 45.1368464], [7.7228332, 45.136869], [7.7227432, 45.136911], [7.7226009, 45.1369454], [7.722541, 45.1369823], [7.7224352, 45.1369955], [7.7223477, 45.1369662], [7.7222746, 45.1369699], [7.7222055, 45.1370104], [7.7221853, 45.1370489], [7.7221717, 45.1371469], [7.7219443, 45.1372084], [7.7218871, 45.1372566], [7.7218611, 45.1372785], [7.7216605, 45.1373733], [7.7216252, 45.1373099], [7.7215439, 45.1373156], [7.721392, 45.1373487], [7.7212461, 45.137398], [7.7212303, 45.1374295], [7.7211098, 45.1374729], [7.7210191, 45.137532], [7.7209271, 45.1375524], [7.7209077, 45.1375656], [7.7207965, 45.1376412], [7.720613, 45.1376244], [7.7204974, 45.1376584], [7.7203338, 45.1376887], [7.720336, 45.1378658], [7.7200495, 45.1379427], [7.7199078, 45.1380005], [7.719813, 45.1380041], [7.7197586, 45.1380363], [7.7196484, 45.1380396], [7.7196046, 45.1380173], [7.7195611, 45.1379719], [7.719489, 45.1378654], [7.719401, 45.1378435], [7.7192636, 45.1378306], [7.7191963, 45.1377613], [7.7191177, 45.1377242], [7.7188936, 45.1377676], [7.7188222, 45.1378154], [7.7185885, 45.1379275], [7.7183697, 45.137927], [7.7181848, 45.1380308], [7.7180968, 45.1380307], [7.7180421, 45.1379862], [7.7180313, 45.1379006], [7.7179234, 45.1379043], [7.7177485, 45.137864], [7.7176947, 45.1378757], [7.7175947, 45.1378656], [7.7175835, 45.1379004], [7.7175775, 45.1380059], [7.7173518, 45.1379972], [7.7170367, 45.1380264], [7.7167019, 45.1380452], [7.7165537, 45.1379952], [7.7165086, 45.1379911], [7.7164438, 45.1378603], [7.7163118, 45.1377088], [7.716128, 45.1376564], [7.7160358, 45.1376568], [7.7159591, 45.1375833], [7.7158159, 45.1375618], [7.715752, 45.1375287], [7.7155079, 45.1374932], [7.7154555, 45.1374584], [7.7154239, 45.1374259], [7.7154967, 45.137322], [7.7154589, 45.1372949], [7.715342, 45.1373482], [7.7152153, 45.1373879], [7.7150681, 45.137384], [7.7150154, 45.137365], [7.7150373, 45.1373388], [7.7150251, 45.1372841], [7.714949, 45.1371926], [7.7149029, 45.1372297], [7.7149153, 45.1372552], [7.714848, 45.1373155], [7.7146243, 45.1373486], [7.7145168, 45.13733], [7.7145229, 45.1372685], [7.7146357, 45.1372525], [7.7145166, 45.1371865], [7.7143254, 45.1371366], [7.7143864, 45.1370402], [7.7142705, 45.1370482], [7.7142196, 45.1370802], [7.714166, 45.1371419], [7.7140889, 45.1371888], [7.714032, 45.1371884], [7.7139459, 45.1372513], [7.7139628, 45.1373213], [7.7140147, 45.1374115], [7.713955, 45.137476], [7.713851, 45.1375332], [7.7136753, 45.1375494], [7.713564, 45.1375126], [7.7133983, 45.137514], [7.7133178, 45.1375032], [7.71321, 45.1375114], [7.7131421, 45.1374648], [7.7130617, 45.1372793], [7.7128986, 45.1371913], [7.7128825, 45.1371618], [7.7126667, 45.1370664], [7.7126658, 45.1370923], [7.7125336, 45.1371834], [7.7124772, 45.137178], [7.7124116, 45.1371538], [7.7122996, 45.1371256], [7.7122462, 45.1371013], [7.7121684, 45.1370146], [7.712154, 45.1369596], [7.7121337, 45.1369333], [7.7120853, 45.1369267], [7.7120406, 45.1369351], [7.7117326, 45.1356067], [7.7114431, 45.1343678], [7.7112878, 45.1337003], [7.7112033, 45.1333372], [7.7111479, 45.133141], [7.7098383, 45.1335013], [7.7093867, 45.1325366], [7.7068774, 45.1321284], [7.7037646, 45.1316219], [7.7035233, 45.1316077], [7.7032029, 45.1315883], [7.7012389, 45.1314675], [7.6994024, 45.1312701], [7.697552, 45.1310568], [7.6971258, 45.1310088], [7.6963781, 45.1309287], [7.6963763, 45.1325151], [7.6942898, 45.1329], [7.6939165, 45.1329563], [7.6940462, 45.1327645], [7.6942137, 45.1321261], [7.694385, 45.1314484], [7.6948032, 45.1298229], [7.6948616, 45.1295962], [7.6949253, 45.1293622], [7.6951916, 45.128285], [7.6954963, 45.1272033], [7.6954461, 45.1269914], [7.6953201, 45.1268539], [7.6944118, 45.1258638], [7.6941169, 45.1256007], [7.6936126, 45.125134], [7.6924831, 45.1241499], [7.6922434, 45.1239675], [7.6921093, 45.123715], [7.6915621, 45.1220558], [7.691569, 45.1219728], [7.6910227, 45.1218338], [7.6905754, 45.1217323], [7.6900146, 45.1215988], [7.6892825, 45.1214267], [7.6887632, 45.1213061], [7.6883185, 45.1211997], [7.6887864, 45.1200891], [7.6865419, 45.1180644]]]}}, {"type": "Feature", "properties": {"ZONASTAT": "78", "DENOM": "Villaggio Snia", "name": "Villaggio Snia", "pop2023": null, "cafes": null, "cafe_density": null, "stops500m": null, "cafe_norm": null, "traffic_norm": null, "transit_norm": null, "pop_norm": null, "flow_norm": null, "traffic_raw": null, "flow_raw": null, "total": null}, "geometry": {"type": "Polygon", "coordinates": [[[7.6972598, 45.1141365], [7.6973634, 45.1141374], [7.6977297, 45.1141397], [7.6977885, 45.1141379], [7.6978334, 45.1141366], [7.6978632, 45.1142291], [7.6978681, 45.1142293], [7.6978726, 45.1142312], [7.6978803, 45.114237], [7.6978819, 45.1142398], [7.6978815, 45.1142433], [7.6978761, 45.1142499], [7.6978707, 45.1142523], [7.6979141, 45.1143682], [7.6979192, 45.1143682], [7.697924, 45.11437], [7.6979326, 45.1143755], [7.6979346, 45.1143784], [7.6979343, 45.114382], [7.6979287, 45.1143889], [7.6979231, 45.1143915], [7.6979578, 45.1144817], [7.6979865, 45.114467], [7.6980697, 45.1144554], [7.6980909, 45.1144489], [7.6984571, 45.1143789], [7.6985254, 45.1143664], [7.6985352, 45.1143537], [7.6985629, 45.1143459], [7.6985868, 45.1143431], [7.6986454, 45.1143418], [7.6985791, 45.1140872], [7.6986658, 45.1140813], [7.6987471, 45.1140766], [7.6989513, 45.1140521], [7.69903, 45.1143521], [7.6990902, 45.1143448], [7.6990932, 45.1143263], [7.6991171, 45.1143018], [7.6991491, 45.1142856], [7.6992065, 45.1142629], [7.6992658, 45.1142453], [7.6993622, 45.1142323], [7.6995479, 45.1142121], [7.6997179, 45.114187], [7.6998657, 45.1141546], [7.699916, 45.1141353], [7.699941, 45.1141185], [7.69995, 45.1141031], [7.699991, 45.1140997], [7.7000189, 45.1140906], [7.7000648, 45.1140827], [7.700088, 45.1140686], [7.7001179, 45.1140524], [7.7001557, 45.1140466], [7.7002261, 45.1140411], [7.7002694, 45.1140303], [7.7002901, 45.1140088], [7.7003221, 45.1139907], [7.700403, 45.1139748], [7.7004433, 45.1139754], [7.7004947, 45.1139741], [7.7005735, 45.1139669], [7.7005685, 45.1139468], [7.7005627, 45.1139323], [7.7005699, 45.1139203], [7.7006333, 45.1139023], [7.7006601, 45.1139048], [7.7006779, 45.1139237], [7.7006883, 45.1139431], [7.7007246, 45.1139595], [7.7007605, 45.1139664], [7.7007967, 45.1139634], [7.700876, 45.1139359], [7.7009023, 45.1139196], [7.7009698, 45.1138981], [7.7010144, 45.1138963], [7.7010569, 45.11389], [7.7011191, 45.1138736], [7.7011353, 45.1138569], [7.7011757, 45.1138355], [7.7012399, 45.1138292], [7.70128, 45.1138065], [7.7013234, 45.1137938], [7.701403, 45.1137867], [7.7014692, 45.1137845], [7.7015276, 45.1137716], [7.7015822, 45.1137549], [7.7016142, 45.1137327], [7.701681, 45.1137129], [7.7017156, 45.1137159], [7.7017425, 45.1137114], [7.7017588, 45.1137111], [7.7018407, 45.1136847], [7.7018399, 45.1136709], [7.7018822, 45.1136504], [7.7019435, 45.1136461], [7.7020231, 45.1136239], [7.7022385, 45.1135611], [7.7025651, 45.1134492], [7.7027684, 45.1133685], [7.7029933, 45.1132807], [7.7032667, 45.1131468], [7.7035575, 45.1130088], [7.7036416, 45.1129736], [7.7037807, 45.1128968], [7.7039793, 45.1127923], [7.7041768, 45.1126963], [7.7042718, 45.1126436], [7.7044575, 45.1125588], [7.704466, 45.1125512], [7.7044792, 45.1125339], [7.7044907, 45.1125258], [7.7046593, 45.1124375], [7.7047235, 45.1124077], [7.7047565, 45.1123995], [7.7047667, 45.112388], [7.7048484, 45.1123611], [7.7052832, 45.1121414], [7.7054433, 45.1120836], [7.7055662, 45.1120244], [7.7055941, 45.1120168], [7.7056405, 45.1120004], [7.7056739, 45.1119764], [7.7057266, 45.1119404], [7.7057839, 45.1119112], [7.7058022, 45.111911], [7.7058161, 45.1118976], [7.7058451, 45.1118933], [7.705929, 45.1118456], [7.7060745, 45.1117728], [7.7061746, 45.1117662], [7.706206, 45.1117603], [7.7062459, 45.1117437], [7.7058969, 45.1112121], [7.706094, 45.1111147], [7.7062834, 45.1110163], [7.7066352, 45.111556], [7.7067502, 45.1114998], [7.7068633, 45.1114454], [7.7069796, 45.1113871], [7.7070291, 45.1113624], [7.7070699, 45.1113411], [7.7070966, 45.111307], [7.7071843, 45.111271], [7.7072703, 45.1112104], [7.7073749, 45.1111522], [7.7073955, 45.1111334], [7.7077137, 45.1109559], [7.707777, 45.1109117], [7.708037, 45.1107304], [7.7081621, 45.1106434], [7.7084335, 45.1104822], [7.7084841, 45.1105421], [7.7085221, 45.1105253], [7.7084738, 45.1104615], [7.708513, 45.1104376], [7.7085331, 45.1104296], [7.7085481, 45.1104173], [7.7085826, 45.1104012], [7.708637, 45.1103645], [7.7087042, 45.1103171], [7.7087576, 45.1102852], [7.7087952, 45.1102532], [7.7088863, 45.1101934], [7.7089172, 45.1101855], [7.7089295, 45.1101704], [7.7089272, 45.1101317], [7.7089444, 45.1101075], [7.7089846, 45.1100855], [7.708997, 45.1101537], [7.7090287, 45.1101513], [7.7090127, 45.1100699], [7.7090455, 45.1100634], [7.7090816, 45.1100706], [7.7091302, 45.1100378], [7.7091725, 45.1099916], [7.7092689, 45.1099352], [7.709399, 45.1098469], [7.7094373, 45.1098068], [7.7094525, 45.109784], [7.7096587, 45.1096455], [7.7098142, 45.109551], [7.7099203, 45.1094889], [7.709943, 45.1094749], [7.7099922, 45.1094417], [7.7100464, 45.1094058], [7.710139, 45.1093442], [7.7104619, 45.1091285], [7.7106581, 45.1089786], [7.7108987, 45.1088012], [7.710989, 45.1087315], [7.7110993, 45.1086452], [7.7111693, 45.1086028], [7.7111908, 45.1085851], [7.7111993, 45.1085689], [7.7112259, 45.1085552], [7.7112375, 45.1085472], [7.7112728, 45.1085105], [7.7113062, 45.1084864], [7.7113461, 45.1084625], [7.7113831, 45.1084452], [7.7114333, 45.1083882], [7.7114672, 45.1083695], [7.7115199, 45.1083527], [7.7115548, 45.108334], [7.7117957, 45.1081308], [7.7118386, 45.1080995], [7.711869, 45.108077], [7.7118886, 45.1080604], [7.7119363, 45.1080182], [7.7119813, 45.1079873], [7.7120194, 45.1079611], [7.7120759, 45.1079111], [7.7121636, 45.1078145], [7.7122009, 45.1077909], [7.7122186, 45.1077797], [7.7122899, 45.1077461], [7.7123479, 45.1077198], [7.712452, 45.1076529], [7.7125177, 45.1076064], [7.7125569, 45.1075741], [7.7126759, 45.1074795], [7.7127836, 45.1073951], [7.7128495, 45.1073597], [7.7131942, 45.1071323], [7.7132677, 45.1070832], [7.7134049, 45.1069926], [7.7136941, 45.1068017], [7.7138708, 45.1067133], [7.7139077, 45.1066869], [7.7140126, 45.1066146], [7.7140832, 45.1065792], [7.7140889, 45.1065738], [7.7141109, 45.106559], [7.7141501, 45.106533], [7.7144925, 45.1062658], [7.7147225, 45.1062309], [7.7148837, 45.10615], [7.7151273, 45.1060025], [7.7154629, 45.1058422], [7.7155186, 45.1058156], [7.7157681, 45.1056723], [7.7158577, 45.1056144], [7.7158799, 45.1056], [7.716016, 45.1055116], [7.7161816, 45.1054498], [7.7162097, 45.1054275], [7.7162234, 45.1054166], [7.716269, 45.1053805], [7.7162917, 45.1053625], [7.7164227, 45.1052586], [7.7165439, 45.1051551], [7.716674, 45.1051091], [7.7167982, 45.1050294], [7.7168806, 45.1049765], [7.7186632, 45.1054337], [7.7189352, 45.1055072], [7.7206231, 45.1059459], [7.7247909, 45.1070293], [7.7275083, 45.1077408], [7.7281188, 45.1078941], [7.7297121, 45.1115517], [7.7300302, 45.1120066], [7.730993, 45.1133836], [7.7313652, 45.113811], [7.7336759, 45.1152671], [7.7343357, 45.1156621], [7.7353209, 45.1162018], [7.7354616, 45.11629], [7.7369869, 45.1172467], [7.7381085, 45.1179517], [7.7385164, 45.1182081], [7.738575, 45.1184962], [7.7386005, 45.1188656], [7.738528, 45.1191828], [7.7355913, 45.1194961], [7.7351374, 45.1195445], [7.7359469, 45.1220074], [7.7362102, 45.1221098], [7.7362797, 45.1221858], [7.7362548, 45.122236], [7.7365344, 45.1230969], [7.7366934, 45.1233684], [7.7365928, 45.1234968], [7.7357754, 45.1236823], [7.735372, 45.1237433], [7.7351957, 45.1237078], [7.7349891, 45.1237049], [7.7345435, 45.1236713], [7.7344807, 45.1236376], [7.73425, 45.1237263], [7.7339646, 45.1237978], [7.7336412, 45.1237882], [7.7331546, 45.1237068], [7.7325502, 45.1236288], [7.7324951, 45.1236316], [7.7323772, 45.1236375], [7.7316174, 45.1237834], [7.7312875, 45.1237511], [7.7306395, 45.1236201], [7.7304674, 45.1236405], [7.7301621, 45.1238096], [7.7299017, 45.1238919], [7.7298264, 45.1239832], [7.7293393, 45.1240873], [7.7292169, 45.1241166], [7.7291149, 45.1241779], [7.7290869, 45.124199], [7.7289685, 45.1242001], [7.7288912, 45.1242711], [7.7289989, 45.1243751], [7.7292756, 45.1246217], [7.7295467, 45.1248571], [7.7296551, 45.1251995], [7.7279937, 45.1258407], [7.7279864, 45.1258263], [7.7271301, 45.1261497], [7.7269128, 45.1262413], [7.7262382, 45.1260267], [7.7258602, 45.1259073], [7.7250573, 45.1256518], [7.7221179, 45.1247207], [7.7214755, 45.1245148], [7.7213481, 45.1244739], [7.7208614, 45.124322], [7.7204055, 45.1241762], [7.720016, 45.1240507], [7.7193207, 45.1238291], [7.7188478, 45.1236808], [7.7175675, 45.1232549], [7.7166018, 45.1229471], [7.7136563, 45.1219586], [7.7130577, 45.1217676], [7.7125142, 45.1215991], [7.7109943, 45.1211228], [7.7103886, 45.1209474], [7.7102452, 45.1209731], [7.7098912, 45.120861], [7.7091625, 45.1206281], [7.7082028, 45.1203227], [7.7072982, 45.1200381], [7.706925, 45.1199214], [7.7055636, 45.1194862], [7.7050071, 45.1193137], [7.7035267, 45.118861], [7.7030198, 45.1186894], [7.7025632, 45.11852], [7.7023222, 45.1184237], [7.7021193, 45.1183412], [7.7018239, 45.1182086], [7.701463, 45.1180359], [7.7012348, 45.1179214], [7.7007645, 45.1176584], [7.7003966, 45.1174259], [7.7001514, 45.1172662], [7.6998138, 45.1170282], [7.6996563, 45.1169159], [7.6994624, 45.1167605], [7.6992583, 45.1165933], [7.6989046, 45.1162824], [7.6985773, 45.1159605], [7.6982623, 45.1156092], [7.6980726, 45.1153976], [7.6977501, 45.1149827], [7.6975298, 45.1146362], [7.6972598, 45.1141365]]]}}, {"type": "Feature", "properties": {"ZONASTAT": "79", "DENOM": "Barca - Bertolla - Abbadia di Stura", "name": "Barca - Bertolla - Abbadia di Stura", "pop2023": null, "cafes": null, "cafe_density": null, "stops500m": null, "cafe_norm": null, "traffic_norm": null, "transit_norm": null, "pop_norm": null, "flow_norm": null, "traffic_raw": null, "flow_raw": null, "total": null}, "geometry": {"type": "MultiPolygon", "coordinates": [[[[7.740462, 45.1194522], [7.7406207, 45.1192561], [7.7422381, 45.1180908], [7.7434027, 45.1172718], [7.7443932, 45.1179259], [7.7445431, 45.1180177], [7.7462546, 45.1190255], [7.7466341, 45.1192831], [7.7475763, 45.1199536], [7.7480768, 45.1203184], [7.7481517, 45.1203677], [7.7482294, 45.1204189], [7.748566, 45.1206863], [7.7487811, 45.1209347], [7.7488817, 45.1212587], [7.7489653, 45.1214353], [7.7490472, 45.1215243], [7.7494839, 45.1219983], [7.7496562, 45.1222597], [7.7494379, 45.1233249], [7.7493199, 45.1236819], [7.7492109, 45.1238619], [7.7488355, 45.1242127], [7.7483811, 45.1246082], [7.7471393, 45.1238213], [7.7470531, 45.1238873], [7.7460275, 45.1246666], [7.7457074, 45.124537], [7.7453991, 45.1243638], [7.7445342, 45.1237669], [7.7443151, 45.1235517], [7.7437466, 45.1227862], [7.7436017, 45.1226415], [7.7434744, 45.1225137], [7.7431402, 45.122321], [7.7429834, 45.1222588], [7.7428864, 45.1222643], [7.743094, 45.1213834], [7.7431275, 45.121269], [7.7418331, 45.1203237], [7.7415221, 45.120126], [7.740462, 45.1194522]]], [[[7.7168806, 45.1049765], [7.7171108, 45.1048286], [7.7171717, 45.1047695], [7.71725, 45.1047186], [7.7177031, 45.1044203], [7.7181618, 45.1037207], [7.7182041, 45.1036557], [7.7183019, 45.1035632], [7.7186673, 45.1029491], [7.7187668, 45.1027982], [7.7187637, 45.1027837], [7.7188347, 45.1025185], [7.7188378, 45.1025062], [7.7188425, 45.1024876], [7.7188469, 45.1024702], [7.7189497, 45.102274], [7.7191331, 45.1019526], [7.7191841, 45.1018574], [7.7192938, 45.1016674], [7.7199175, 45.1009098], [7.7200194, 45.1008184], [7.7204146, 45.1003859], [7.7208787, 45.0997203], [7.7210459, 45.0994887], [7.7212237, 45.0993042], [7.7213907, 45.0991024], [7.7216107, 45.0989119], [7.7218917, 45.0986831], [7.7218084, 45.0986262], [7.7218026, 45.0986268], [7.7217967, 45.0986258], [7.7217928, 45.098624], [7.7217901, 45.0986212], [7.7217888, 45.0986172], [7.7217896, 45.0986134], [7.7215615, 45.0984443], [7.7215558, 45.0984451], [7.72155, 45.0984446], [7.721545, 45.0984429], [7.721541, 45.0984399], [7.7215393, 45.0984354], [7.7215407, 45.098431], [7.721389, 45.0983178], [7.7214763, 45.0982506], [7.7215671, 45.0981831], [7.7221447, 45.0986077], [7.7225414, 45.0984648], [7.7227547, 45.0983037], [7.7236893, 45.0976156], [7.7238808, 45.0974714], [7.7248943, 45.0967391], [7.7265145, 45.0956444], [7.7266447, 45.0955588], [7.7277058, 45.0948412], [7.7280769, 45.0946252], [7.7284429, 45.0944704], [7.7285084, 45.0944292], [7.7285254, 45.0944211], [7.728544, 45.0944148], [7.7285637, 45.0944106], [7.7285739, 45.0944092], [7.7285825, 45.0943965], [7.7285938, 45.0943848], [7.7286074, 45.0943744], [7.7286349, 45.0943606], [7.7288354, 45.0942938], [7.7288481, 45.0942927], [7.7288594, 45.0942968], [7.729687, 45.0940418], [7.7296877, 45.0940247], [7.7296995, 45.0940129], [7.7297869, 45.0939871], [7.7296998, 45.0938463], [7.7296877, 45.0938448], [7.7296808, 45.0938389], [7.7296803, 45.0938312], [7.7296865, 45.0938249], [7.7295432, 45.0935939], [7.7295359, 45.0935945], [7.7295259, 45.0935914], [7.7295205, 45.0935846], [7.729522, 45.0935769], [7.7295296, 45.0935713], [7.7293876, 45.0933434], [7.7293748, 45.0933446], [7.7293656, 45.0933405], [7.7293617, 45.0933332], [7.7293648, 45.0933258], [7.7293735, 45.0933212], [7.7293189, 45.0932202], [7.7294479, 45.0931775], [7.729654, 45.0931285], [7.7335495, 45.0917615], [7.7361324, 45.0911656], [7.7369402, 45.0911615], [7.7377852, 45.0911318], [7.7393921, 45.0911301], [7.7403622, 45.0911783], [7.741416, 45.0914403], [7.7424752, 45.0919464], [7.7420688, 45.0922655], [7.7416457, 45.0925913], [7.7428029, 45.0930829], [7.745832, 45.0943674], [7.7478737, 45.095404], [7.7509763, 45.0972914], [7.7513523, 45.0986046], [7.7513596, 45.0994881], [7.7513775, 45.1001458], [7.7513884, 45.1003394], [7.7513968, 45.1004384], [7.752399, 45.1026305], [7.7520863, 45.1027635], [7.7513224, 45.1030773], [7.7511656, 45.1031494], [7.7505558, 45.1034146], [7.7502449, 45.1035458], [7.7491812, 45.1040005], [7.7486313, 45.1042106], [7.7480207, 45.1044747], [7.7477269, 45.1046296], [7.7474137, 45.1048045], [7.7472429, 45.1049218], [7.747131, 45.1050125], [7.7471127, 45.10502], [7.7468822, 45.1052098], [7.746445, 45.105551], [7.7460977, 45.1057655], [7.74579, 45.1059234], [7.7453625, 45.1060775], [7.7453347, 45.106096], [7.7439668, 45.1067027], [7.74434, 45.1072926], [7.7443718, 45.107353], [7.7443327, 45.1075781], [7.743888, 45.1081618], [7.7438566, 45.10817], [7.743714, 45.1082268], [7.7434867, 45.1083257], [7.7433528, 45.1084035], [7.7432123, 45.1084817], [7.74295, 45.1086542], [7.7426692, 45.1087995], [7.742588, 45.1088423], [7.7423618, 45.108954], [7.7423332, 45.1089673], [7.742299, 45.108985], [7.7421885, 45.1090363], [7.7419259, 45.109165], [7.7418783, 45.109184], [7.7417508, 45.1092475], [7.7416681, 45.109338], [7.7416382, 45.1093627], [7.7415279, 45.1094071], [7.7413223, 45.1094377], [7.7409451, 45.1094619], [7.7407285, 45.1094793], [7.740438, 45.1095118], [7.7403692, 45.1095157], [7.7399979, 45.1095175], [7.7401273, 45.1096873], [7.7401285, 45.1097366], [7.7400688, 45.109789], [7.739884, 45.109868], [7.7398788, 45.1098952], [7.7399315, 45.1099569], [7.7400705, 45.1100089], [7.7401614, 45.1100357], [7.7399546, 45.1110777], [7.739929, 45.1128026], [7.7399281, 45.1128597], [7.7397952, 45.1129382], [7.7396165, 45.1130153], [7.739515, 45.1130462], [7.7390998, 45.1130756], [7.7388201, 45.1130271], [7.737917, 45.1127662], [7.7377048, 45.1127284], [7.7373313, 45.1126284], [7.7372789, 45.1126333], [7.7370187, 45.1127049], [7.73667, 45.1128013], [7.7366127, 45.112824], [7.736611, 45.1128548], [7.7366375, 45.1129808], [7.7366727, 45.1131237], [7.7366819, 45.1132281], [7.7369869, 45.1172467], [7.7354616, 45.11629], [7.7353209, 45.1162018], [7.7343357, 45.1156621], [7.7336759, 45.1152671], [7.7313652, 45.113811], [7.730993, 45.1133836], [7.7300302, 45.1120066], [7.7297121, 45.1115517], [7.7281188, 45.1078941], [7.7275083, 45.1077408], [7.7247909, 45.1070293], [7.7206231, 45.1059459], [7.7189352, 45.1055072], [7.7186632, 45.1054337], [7.7168806, 45.1049765]]]]}}, {"type": "Feature", "properties": {"ZONASTAT": "80", "DENOM": "Soperga", "name": "Soperga", "pop2023": null, "cafes": null, "cafe_density": null, "stops500m": null, "cafe_norm": null, "traffic_norm": null, "transit_norm": null, "pop_norm": null, "flow_norm": null, "traffic_raw": null, "flow_raw": null, "total": null}, "geometry": {"type": "Polygon", "coordinates": [[[7.7409444, 45.0762302], [7.7409185, 45.0761187], [7.7410375, 45.0760614], [7.7410865, 45.0760246], [7.7411284, 45.0759798], [7.741151, 45.0759137], [7.7411603, 45.0758256], [7.7411866, 45.0754301], [7.7412286, 45.075393], [7.7414098, 45.0753819], [7.7415388, 45.0753585], [7.741621, 45.0753725], [7.741841, 45.0753792], [7.7419688, 45.0753661], [7.7421815, 45.0753115], [7.7423959, 45.0752318], [7.7426122, 45.0751535], [7.7429318, 45.0750293], [7.7435915, 45.0746074], [7.7435555, 45.0745967], [7.7435013, 45.0745548], [7.743286, 45.074692], [7.743251, 45.0746009], [7.7431898, 45.0744414], [7.7432616, 45.0742993], [7.7433416, 45.0741858], [7.7434201, 45.0741124], [7.7437231, 45.0739501], [7.7438231, 45.0740399], [7.74393, 45.0741036], [7.7440986, 45.0740898], [7.7441223, 45.0740632], [7.744188, 45.0739972], [7.7442452, 45.0739616], [7.7443448, 45.0739043], [7.7444716, 45.0738468], [7.7445558, 45.0738109], [7.744633, 45.0737339], [7.7447533, 45.0736325], [7.7448445, 45.0735795], [7.744941, 45.0735841], [7.7450737, 45.0736206], [7.7451764, 45.0736909], [7.7452331, 45.0736546], [7.7450916, 45.0735505], [7.745146, 45.0735098], [7.745198, 45.0735045], [7.7451604, 45.0735198], [7.7452398, 45.0735121], [7.7454227, 45.0734616], [7.7455804, 45.0734938], [7.7456896, 45.0734366], [7.7458663, 45.0736757], [7.745879, 45.0736901], [7.7459658, 45.073642], [7.745964, 45.0735594], [7.7459822, 45.0734628], [7.7460144, 45.0734502], [7.7460446, 45.0733666], [7.7461768, 45.0733394], [7.7461987, 45.0734], [7.746519, 45.0733347], [7.746438, 45.0732582], [7.7468052, 45.073126], [7.7471168, 45.0729806], [7.7474134, 45.072826], [7.7474994, 45.0729417], [7.7475378, 45.0729397], [7.7475685, 45.0729828], [7.7476443, 45.0729511], [7.7477231, 45.0729642], [7.7468842, 45.0717757], [7.7472449, 45.0717035], [7.7477141, 45.0714811], [7.7486683, 45.0723761], [7.7490716, 45.0722097], [7.749209, 45.0723766], [7.7496451, 45.0722165], [7.749739, 45.0724462], [7.7499439, 45.0725643], [7.749971, 45.0725906], [7.7501967, 45.0724898], [7.7504225, 45.072389], [7.7507325, 45.0722916], [7.7510426, 45.0721942], [7.7509125, 45.0720989], [7.7507887, 45.07199], [7.7506226, 45.0718356], [7.750612, 45.071812], [7.7507351, 45.0717417], [7.7507328, 45.0717007], [7.7508765, 45.0716599], [7.7509529, 45.0716412], [7.7510206, 45.0716119], [7.7509932, 45.0715705], [7.751126, 45.0715095], [7.7511719, 45.0715595], [7.7515797, 45.0714061], [7.7517757, 45.0715708], [7.7518841, 45.0716647], [7.7516832, 45.071813], [7.7516929, 45.0719043], [7.7517992, 45.071951], [7.7518678, 45.0719312], [7.7519329, 45.0719031], [7.7519813, 45.0718769], [7.7520174, 45.0718496], [7.7520361, 45.0718226], [7.7520729, 45.0717629], [7.7520971, 45.0717009], [7.7521213, 45.0716389], [7.7521416, 45.0715671], [7.7522499, 45.0712359], [7.7522764, 45.0711053], [7.7522837, 45.070629], [7.7523671, 45.070461], [7.7525665, 45.0702956], [7.7526157, 45.0702586], [7.7527028, 45.0702047], [7.7528163, 45.0701612], [7.7528828, 45.0701282], [7.7529121, 45.0701096], [7.7528875, 45.0700908], [7.7525077, 45.0699524], [7.7524745, 45.0699402], [7.7523987, 45.0699315], [7.7524041, 45.0699038], [7.7523381, 45.06984], [7.7524048, 45.0697561], [7.7524137, 45.0697488], [7.7524541, 45.0696974], [7.7524721, 45.069653], [7.7524495, 45.0696268], [7.7525086, 45.0695499], [7.7526495, 45.0695673], [7.7527785, 45.0696021], [7.7528115, 45.069611], [7.7528773, 45.0695045], [7.7523994, 45.0692836], [7.75267, 45.0690632], [7.7528751, 45.068954], [7.7531813, 45.068791], [7.7531086, 45.0687267], [7.753187, 45.0687011], [7.75323, 45.0686952], [7.753751, 45.068615], [7.7538768, 45.0685941], [7.7539899, 45.068596], [7.7543044, 45.0685421], [7.7543686, 45.0686434], [7.7543937, 45.0686899], [7.7543972, 45.0686965], [7.7544123, 45.0687124], [7.7544408, 45.0687207], [7.7545049, 45.0687155], [7.7551733, 45.0686189], [7.7552209, 45.0686164], [7.7552804, 45.06862], [7.7553614, 45.0686333], [7.7556624, 45.0687219], [7.7557571, 45.0687678], [7.7558123, 45.0688056], [7.7558644, 45.0688485], [7.7559069, 45.0688834], [7.7560174, 45.0688111], [7.7562186, 45.0689918], [7.7563901, 45.0690174], [7.7565079, 45.0689113], [7.7565661, 45.0688336], [7.7566826, 45.0687876], [7.7567904, 45.0687906], [7.7568514, 45.0688185], [7.757049, 45.0690591], [7.75759, 45.0694012], [7.7578829, 45.0693481], [7.7583432, 45.0696207], [7.758782, 45.0697132], [7.7589296, 45.0697845], [7.7593911, 45.0697063], [7.7597316, 45.0699483], [7.7602129, 45.0701345], [7.7606398, 45.0702525], [7.7609663, 45.0703138], [7.7611607, 45.0704062], [7.7614187, 45.0704744], [7.7615635, 45.0705127], [7.7617083, 45.0704817], [7.7618778, 45.0703681], [7.7620565, 45.0703152], [7.7622149, 45.0703303], [7.7625633, 45.0706406], [7.7626642, 45.0706949], [7.7627609, 45.0706908], [7.7628256, 45.0706633], [7.7630203, 45.0706347], [7.7632718, 45.0706631], [7.7633647, 45.0706784], [7.7634299, 45.0706961], [7.7635349, 45.0707321], [7.763673, 45.0706996], [7.7638302, 45.0707129], [7.7639019, 45.0707042], [7.7640064, 45.0706762], [7.7641707, 45.0706932], [7.7642508, 45.0707367], [7.7644261, 45.0707741], [7.7646753, 45.0707588], [7.7648043, 45.0706996], [7.7648493, 45.0706907], [7.7649163, 45.0707022], [7.7650154, 45.0707329], [7.7651143, 45.0707973], [7.765205, 45.0708541], [7.7653766, 45.0709095], [7.7654349, 45.0709442], [7.7655546, 45.0709742], [7.7656246, 45.0709758], [7.7657642, 45.0709959], [7.7657971, 45.0709892], [7.7658116, 45.0709778], [7.7658187, 45.0709515], [7.7657936, 45.0708481], [7.7658344, 45.0708182], [7.7658941, 45.0708201], [7.765955, 45.0708464], [7.7660685, 45.0708746], [7.7661241, 45.0708983], [7.766264, 45.070955], [7.7663076, 45.0709577], [7.7664089, 45.0709527], [7.766499, 45.0709703], [7.7666144, 45.0709416], [7.7666429, 45.0709415], [7.7667277, 45.0709754], [7.7668147, 45.0709707], [7.7669619, 45.0708519], [7.767087, 45.0708132], [7.7671615, 45.0707989], [7.76724, 45.0708035], [7.769919, 45.0738897], [7.771729, 45.0759756], [7.7729605, 45.0773899], [7.7732964, 45.0777756], [7.7733594, 45.0778254], [7.7733848, 45.077874], [7.773103, 45.0781689], [7.7729816, 45.0782516], [7.7727265, 45.0783235], [7.7723263, 45.0784039], [7.7716741, 45.0784078], [7.7716043, 45.0783907], [7.771422, 45.0782908], [7.7713579, 45.0782084], [7.7711675, 45.0781359], [7.7711687, 45.0781449], [7.7709542, 45.0781178], [7.7707345, 45.0781051], [7.770695, 45.0781238], [7.7700179, 45.0782522], [7.7699605, 45.0782699], [7.769819, 45.0783233], [7.7697284, 45.0783679], [7.7696142, 45.0784898], [7.7695311, 45.0785507], [7.7691302, 45.0786263], [7.7688421, 45.0787303], [7.768599, 45.0787733], [7.7680256, 45.0790912], [7.7677857, 45.0793386], [7.7675231, 45.0797084], [7.7674399, 45.0799214], [7.7674071, 45.0801671], [7.7677348, 45.0803217], [7.767911, 45.0803687], [7.7690545, 45.0806447], [7.7692102, 45.0808453], [7.7690911, 45.0815066], [7.7689857, 45.0816358], [7.7669274, 45.0809402], [7.7667563, 45.081024], [7.7665143, 45.0812304], [7.7664592, 45.0812793], [7.7663901, 45.0813322], [7.7662956, 45.0814146], [7.7662666, 45.0814382], [7.7660247, 45.0816447], [7.765665, 45.0819394], [7.7654913, 45.082067], [7.7650967, 45.0823877], [7.7644909, 45.0825494], [7.7638424, 45.0823934], [7.7635979, 45.082346], [7.7633588, 45.0824499], [7.7632374, 45.0824651], [7.7631189, 45.08248], [7.7627917, 45.0825501], [7.7622693, 45.0825474], [7.7615758, 45.0824574], [7.760516, 45.0823423], [7.7599896, 45.0823198], [7.7584284, 45.0822693], [7.7582164, 45.0822929], [7.757839, 45.0823003], [7.7573748, 45.0822604], [7.75737, 45.0822584], [7.7575979, 45.082119], [7.7576392, 45.08206], [7.7577209, 45.0820074], [7.7577484, 45.0819731], [7.7577466, 45.0819174], [7.7577518, 45.0818977], [7.757769, 45.0818665], [7.7578259, 45.0818167], [7.7578421, 45.0817738], [7.7578362, 45.0817551], [7.7578063, 45.0817318], [7.7577778, 45.0817125], [7.7577209, 45.0817051], [7.7576817, 45.081705], [7.7576535, 45.0817085], [7.7575195, 45.0817615], [7.7573694, 45.0817688], [7.7572682, 45.0817621], [7.7571478, 45.081703], [7.7571008, 45.0816884], [7.7570193, 45.0816854], [7.7567982, 45.0817094], [7.7567436, 45.0817124], [7.7567039, 45.0817054], [7.7565112, 45.081652], [7.7564881, 45.0816468], [7.7564331, 45.0816552], [7.7563889, 45.0816649], [7.7563452, 45.0816793], [7.7563081, 45.0816989], [7.7562767, 45.0817228], [7.7562278, 45.081764], [7.7561765, 45.0817729], [7.7561383, 45.0817771], [7.7561023, 45.0817725], [7.7560613, 45.0817582], [7.7560373, 45.0817472], [7.7560218, 45.0817316], [7.7559197, 45.0815582], [7.7557748, 45.0813658], [7.7557154, 45.0812758], [7.7556135, 45.0810903], [7.7555521, 45.0810085], [7.7555022, 45.0809136], [7.7554747, 45.0808105], [7.7554618, 45.0807811], [7.7554272, 45.0807733], [7.7553908, 45.0807765], [7.7553661, 45.0807894], [7.7552148, 45.0808813], [7.7551368, 45.0809006], [7.7550732, 45.0808959], [7.7550255, 45.0808748], [7.7549025, 45.0807688], [7.7548421, 45.0807317], [7.7547862, 45.0807109], [7.7547383, 45.0807074], [7.7545878, 45.0807235], [7.7545419, 45.0807215], [7.7545046, 45.0807127], [7.7542789, 45.0806037], [7.7540845, 45.0804731], [7.7539539, 45.0804083], [7.7539329, 45.0804043], [7.7538988, 45.0804042], [7.753862, 45.0803966], [7.7538225, 45.080378], [7.7537481, 45.0803083], [7.7537225, 45.0802932], [7.75368, 45.0802814], [7.753651, 45.0802832], [7.753615, 45.0802913], [7.7535895, 45.0803192], [7.753569, 45.0803466], [7.7535162, 45.0805267], [7.7534879, 45.0805646], [7.7534564, 45.0805927], [7.7534111, 45.0806217], [7.7533847, 45.0806345], [7.7532799, 45.0806366], [7.7532397, 45.0806438], [7.7532072, 45.0806522], [7.7531914, 45.0806673], [7.7531042, 45.0807832], [7.7530401, 45.0808294], [7.7529316, 45.0809298], [7.7528492, 45.0809627], [7.752809, 45.0809721], [7.7527705, 45.0809717], [7.7527323, 45.0809582], [7.7526153, 45.0808937], [7.752466, 45.0808393], [7.7523429, 45.0808236], [7.7523078, 45.0808076], [7.7522526, 45.0807782], [7.7520242, 45.0806295], [7.7515434, 45.0803522], [7.7514964, 45.080335], [7.7514458, 45.0803296], [7.7513429, 45.080364], [7.7513262, 45.0803668], [7.7512616, 45.0803602], [7.7511862, 45.0803369], [7.751087, 45.0803329], [7.7509429, 45.0803626], [7.750876, 45.0803961], [7.7508094, 45.0804804], [7.7507544, 45.0805335], [7.7507207, 45.0805605], [7.7506762, 45.0805777], [7.7506416, 45.0805851], [7.7506036, 45.0805844], [7.7505233, 45.0805721], [7.7504218, 45.0803394], [7.7504666, 45.0803117], [7.7504886, 45.0802673], [7.7505023, 45.0801968], [7.7505161, 45.0801096], [7.7505813, 45.0799435], [7.750623, 45.0798758], [7.750686, 45.0798073], [7.7507802, 45.0797264], [7.7508495, 45.0796712], [7.7508941, 45.07964], [7.7509525, 45.0796144], [7.7510339, 45.0795875], [7.7511002, 45.0795669], [7.751354, 45.0794829], [7.7514619, 45.07945], [7.7515372, 45.079445], [7.7516413, 45.0794566], [7.7520506, 45.0795293], [7.7523306, 45.0795924], [7.752483, 45.0796334], [7.7525277, 45.0796385], [7.7525821, 45.0796317], [7.7526261, 45.0796147], [7.7526389, 45.0795862], [7.7526166, 45.0795448], [7.7525837, 45.0795142], [7.7525158, 45.0794762], [7.7517486, 45.0790842], [7.7515576, 45.0790027], [7.7513658, 45.0789656], [7.7511383, 45.0789582], [7.7510561, 45.0789449], [7.7509064, 45.0788865], [7.7508312, 45.0787938], [7.7508304, 45.0787531], [7.7508449, 45.0787253], [7.7509021, 45.0786843], [7.7509776, 45.0786517], [7.7513495, 45.0785137], [7.7514164, 45.0785096], [7.7519359, 45.0785901], [7.7522116, 45.0784401], [7.7526281, 45.0782042], [7.752803, 45.0781009], [7.752825, 45.0780735], [7.7528219, 45.0780423], [7.7528, 45.0780073], [7.7527456, 45.0779675], [7.7525131, 45.0778509], [7.7524123, 45.0778034], [7.7522862, 45.0777619], [7.7522325, 45.0777471], [7.7520043, 45.0777148], [7.7519644, 45.0776944], [7.7518816, 45.0776915], [7.7516603, 45.0776196], [7.751453, 45.0777441], [7.7509812, 45.077772], [7.7508858, 45.0777226], [7.7507958, 45.0777184], [7.7507471, 45.0777472], [7.7506523, 45.0778297], [7.7504949, 45.0779217], [7.7504211, 45.0778734], [7.7501067, 45.0779579], [7.7498112, 45.078058], [7.7496091, 45.0779615], [7.7492777, 45.0777731], [7.7491613, 45.0777055], [7.7490066, 45.0775726], [7.7487234, 45.0778143], [7.7488452, 45.0779134], [7.7486052, 45.0780114], [7.7481902, 45.0775828], [7.7474044, 45.0776045], [7.747135, 45.0776913], [7.7472687, 45.0778159], [7.7477527, 45.078095], [7.7481052, 45.0783425], [7.7476524, 45.0785718], [7.7469643, 45.0789229], [7.746759, 45.078981], [7.7462679, 45.0791191], [7.746175, 45.0790562], [7.7461069, 45.07901], [7.7459737, 45.07892], [7.7459123, 45.0789152], [7.7457844, 45.0789737], [7.7456573, 45.0789889], [7.7455407, 45.0789577], [7.7454519, 45.0788634], [7.7454598, 45.0789898], [7.7454774, 45.0790723], [7.7455639, 45.0791257], [7.7454525, 45.0791746], [7.7453107, 45.0793622], [7.7451447, 45.0795565], [7.7441274, 45.0790488], [7.7441172, 45.0790268], [7.7441225, 45.0789956], [7.7442296, 45.0788921], [7.7444407, 45.0787515], [7.7444636, 45.0787248], [7.7444731, 45.0786861], [7.7444689, 45.0786533], [7.7448282, 45.0785459], [7.7448482, 45.0784377], [7.7449039, 45.078329], [7.7448857, 45.0781188], [7.7449293, 45.0779496], [7.7449714, 45.0778491], [7.7450192, 45.0777487], [7.7449998, 45.077595], [7.7449306, 45.0775306], [7.7447004, 45.0773814], [7.7446335, 45.0772867], [7.7446094, 45.0769367], [7.744702, 45.0768249], [7.7449129, 45.076643], [7.744954, 45.0766433], [7.7451181, 45.0765865], [7.7454738, 45.0765485], [7.7457231, 45.0764937], [7.7462282, 45.076475], [7.7462523, 45.0763084], [7.7463966, 45.0761698], [7.7464697, 45.0761135], [7.746505, 45.0760743], [7.7463774, 45.0760622], [7.746364, 45.0760682], [7.7460723, 45.0760835], [7.7457806, 45.0760988], [7.7455677, 45.0760604], [7.7452958, 45.076067], [7.7451688, 45.075978], [7.7449474, 45.075893], [7.744948, 45.0758706], [7.7448439, 45.0755888], [7.7447661, 45.0754497], [7.7447309, 45.0753271], [7.7447613, 45.0751874], [7.743188, 45.0756347], [7.7425557, 45.0758002], [7.7409444, 45.0762302]]]}}, {"type": "Feature", "properties": {"ZONASTAT": "84", "DENOM": "Strada di Pecetto - Eremo", "name": "Strada di Pecetto - Eremo", "pop2023": null, "cafes": null, "cafe_density": null, "stops500m": null, "cafe_norm": null, "traffic_norm": null, "transit_norm": null, "pop_norm": null, "flow_norm": null, "traffic_raw": null, "flow_raw": null, "total": null}, "geometry": {"type": "Polygon", "coordinates": [[[7.7204673, 45.0532914], [7.7204711, 45.0532742], [7.7204918, 45.0532467], [7.7205175, 45.0532223], [7.720688, 45.0531076], [7.72109, 45.0528629], [7.7213926, 45.0526629], [7.7215741, 45.052559], [7.7216627, 45.052514], [7.7217081, 45.0524823], [7.7217349, 45.0524479], [7.7217247, 45.0523761], [7.7218112, 45.0523521], [7.7218746, 45.0523399], [7.7218343, 45.0519696], [7.7220485, 45.0519834], [7.7218524, 45.0516911], [7.7216311, 45.0513922], [7.7215948, 45.0513469], [7.721878, 45.0512014], [7.7216596, 45.0509929], [7.7215827, 45.0509545], [7.7214665, 45.0509095], [7.7214282, 45.0509236], [7.7211081, 45.0508376], [7.7207827, 45.0507496], [7.720757, 45.0507304], [7.7208606, 45.0506034], [7.7209643, 45.0504765], [7.7210559, 45.0503866], [7.7211625, 45.050279], [7.7211984, 45.0502246], [7.7212061, 45.0501775], [7.7212098, 45.0500707], [7.7212711, 45.0499861], [7.7213126, 45.0497843], [7.7213367, 45.0497303], [7.7215112, 45.0492777], [7.7215222, 45.0492162], [7.7215127, 45.0491303], [7.7215034, 45.049083], [7.7214657, 45.0489963], [7.7214281, 45.0489096], [7.721426, 45.0488766], [7.7214239, 45.0488437], [7.7214321, 45.0488111], [7.7214404, 45.0487784], [7.7214746, 45.0486773], [7.7215088, 45.0485764], [7.7216067, 45.0483227], [7.7217853, 45.0480884], [7.7218387, 45.0480206], [7.7220836, 45.0475378], [7.722212, 45.0472919], [7.7224286, 45.0469948], [7.7226887, 45.0467133], [7.7227159, 45.0466717], [7.7227202, 45.0466452], [7.7227126, 45.0466079], [7.7226728, 45.0465025], [7.7226585, 45.0464724], [7.7226687, 45.046434], [7.7227607, 45.0462705], [7.7227631, 45.0462556], [7.7227485, 45.0462318], [7.7226249, 45.0461169], [7.7224899, 45.0459835], [7.7224503, 45.0459039], [7.7224513, 45.0458451], [7.7224688, 45.0457637], [7.7224863, 45.0456823], [7.7225315, 45.0455335], [7.7225955, 45.0453414], [7.7226624, 45.0451567], [7.7227342, 45.0449505], [7.7227391, 45.044929], [7.7227325, 45.0449119], [7.7226372, 45.0447306], [7.7225485, 45.0445665], [7.722546, 45.0444949], [7.7225774, 45.0444556], [7.7226003, 45.0444167], [7.7226286, 45.0443725], [7.7226426, 45.0443313], [7.7226147, 45.0442685], [7.7225125, 45.0441617], [7.7224825, 45.0440857], [7.7224533, 45.0439551], [7.7224237, 45.0439301], [7.7223772, 45.0439107], [7.7223102, 45.0438982], [7.7222017, 45.0439047], [7.7221334, 45.0439103], [7.7220429, 45.0439103], [7.7219731, 45.0438929], [7.7217183, 45.043799], [7.7216637, 45.0437846], [7.7216241, 45.0437792], [7.7214559, 45.0438017], [7.7214105, 45.0438005], [7.7213634, 45.0437855], [7.7213273, 45.0437504], [7.7212999, 45.0437129], [7.7212408, 45.0434283], [7.7212126, 45.0431993], [7.7212088, 45.0431588], [7.7212723, 45.042274], [7.7212912, 45.0422223], [7.7213287, 45.0421922], [7.7216567, 45.0420423], [7.7217735, 45.0419917], [7.7219671, 45.0418668], [7.7220175, 45.0418492], [7.7220772, 45.041846], [7.7221256, 45.0418557], [7.7224339, 45.041963], [7.722592, 45.0420179], [7.722647, 45.0420312], [7.7227039, 45.0420275], [7.7228791, 45.0419831], [7.7229269, 45.0419797], [7.7229943, 45.042], [7.7230484, 45.0420421], [7.7231482, 45.0421594], [7.7231928, 45.0421765], [7.7232481, 45.0421877], [7.7232954, 45.0421853], [7.7233442, 45.0421579], [7.7234263, 45.0421086], [7.7234589, 45.0420955], [7.723522, 45.0420915], [7.7236833, 45.0421024], [7.7237108, 45.0420959], [7.7237484, 45.0420776], [7.7238157, 45.042031], [7.7238369, 45.0419988], [7.7238489, 45.0419651], [7.7238541, 45.041874], [7.7238652, 45.041809], [7.7238815, 45.0417707], [7.7239156, 45.0417232], [7.7241951, 45.0414305], [7.7245572, 45.0410953], [7.724656, 45.0409508], [7.7247107, 45.0408416], [7.7247598, 45.0407638], [7.7248147, 45.0407191], [7.7248583, 45.0406898], [7.7249152, 45.0406649], [7.7252243, 45.0406173], [7.7254418, 45.0405417], [7.7256653, 45.0404616], [7.7257987, 45.0404023], [7.7259501, 45.0403332], [7.7260123, 45.0403011], [7.7260901, 45.0402584], [7.7261893, 45.040183], [7.7262656, 45.0401024], [7.7262623, 45.0400675], [7.7262447, 45.0400361], [7.7262077, 45.0400028], [7.7260913, 45.0399115], [7.7260262, 45.039877], [7.7259877, 45.0398524], [7.7259554, 45.0398261], [7.7259268, 45.0397946], [7.7259216, 45.0397607], [7.7259252, 45.0397011], [7.7259378, 45.0395731], [7.7259863, 45.0393588], [7.7259834, 45.0392993], [7.7259377, 45.0392494], [7.7258751, 45.0390061], [7.7260044, 45.0389434], [7.7259928, 45.0386471], [7.7260014, 45.0385623], [7.7259962, 45.0384886], [7.7259945, 45.0384113], [7.7259955, 45.0383666], [7.7260151, 45.0383282], [7.7260415, 45.0382886], [7.7260746, 45.0382527], [7.7261147, 45.0382121], [7.7261629, 45.0381708], [7.726208, 45.0381404], [7.7262334, 45.0381275], [7.726331, 45.0380929], [7.726535, 45.0380307], [7.7266844, 45.0380094], [7.7266834, 45.0379892], [7.7268606, 45.0379392], [7.7270519, 45.0379649], [7.7271464, 45.0380133], [7.7272096, 45.0380318], [7.7274542, 45.0380597], [7.727862, 45.0382112], [7.7285175, 45.0383502], [7.7289793, 45.0380979], [7.7291179, 45.0380774], [7.7294336, 45.038104], [7.7295862, 45.0382626], [7.7296301, 45.0384624], [7.7298913, 45.0385756], [7.7302255, 45.0387989], [7.7303678, 45.0385324], [7.7304149, 45.0383005], [7.7304609, 45.0382319], [7.7306338, 45.0382448], [7.7306782, 45.038244], [7.7307512, 45.0382356], [7.7307761, 45.0382355], [7.7307969, 45.0382373], [7.7308536, 45.0382544], [7.7308919, 45.0382624], [7.731039, 45.0382797], [7.7311002, 45.0382797], [7.7311345, 45.0382856], [7.7314579, 45.0383623], [7.7317137, 45.0384162], [7.7317352, 45.0384176], [7.7317588, 45.0384134], [7.73182, 45.0384105], [7.7319339, 45.0384098], [7.7320739, 45.0384118], [7.7321012, 45.0384137], [7.7321211, 45.0384173], [7.7321732, 45.0384422], [7.7324169, 45.0386975], [7.73247, 45.0387329], [7.7326141, 45.0387999], [7.7326278, 45.0388119], [7.7326339, 45.0388221], [7.7326373, 45.0388462], [7.7327619, 45.038957], [7.7327983, 45.0389974], [7.7329163, 45.0391122], [7.7329405, 45.0391377], [7.7333083, 45.0391423], [7.7337654, 45.039157], [7.7338089, 45.0391499], [7.7339461, 45.039112], [7.7339765, 45.0390899], [7.7339908, 45.0390827], [7.7340251, 45.0390722], [7.7344357, 45.0394689], [7.7344609, 45.0394894], [7.7344856, 45.0395094], [7.7345005, 45.0395275], [7.7351384, 45.0401419], [7.735197, 45.0401998], [7.7351975, 45.040202], [7.7360667, 45.0410386], [7.7374364, 45.0422334], [7.7377403, 45.0424963], [7.7402617, 45.0446726], [7.7402815, 45.0446931], [7.7403013, 45.0447135], [7.7430961, 45.0469819], [7.7454454, 45.0488921], [7.745371, 45.0489894], [7.7452608, 45.049017], [7.7453141, 45.04909], [7.7452437, 45.0491535], [7.745231, 45.0492205], [7.7451792, 45.0493182], [7.7450953, 45.0493698], [7.7451723, 45.0495556], [7.7452989, 45.0496647], [7.7451869, 45.0497059], [7.7451601, 45.0496606], [7.7449706, 45.0497291], [7.7449142, 45.0497495], [7.7448697, 45.0497544], [7.7448398, 45.0496916], [7.7448212, 45.0495966], [7.7447512, 45.049526], [7.7446456, 45.0494416], [7.744561, 45.0493897], [7.7445081, 45.0493478], [7.7444552, 45.049306], [7.7444177, 45.0492624], [7.7443256, 45.0491633], [7.7442827, 45.0491405], [7.7442451, 45.049129], [7.7441971, 45.0491188], [7.7441518, 45.0491252], [7.7441188, 45.0491372], [7.7440903, 45.0491553], [7.7440431, 45.0491053], [7.7440109, 45.0489753], [7.7439561, 45.0488646], [7.7440049, 45.0488521], [7.7439722, 45.0487921], [7.7439099, 45.0487485], [7.7438179, 45.0487201], [7.7437859, 45.0486792], [7.7437671, 45.0486041], [7.7437743, 45.0485566], [7.7437495, 45.0485212], [7.7436538, 45.0485102], [7.74358, 45.0484852], [7.7435388, 45.0484137], [7.7435603, 45.0483614], [7.7435409, 45.0483257], [7.7434647, 45.0482706], [7.7433874, 45.0481958], [7.743183, 45.0482121], [7.7430823, 45.048001], [7.7428316, 45.0477132], [7.7425035, 45.0477883], [7.7424799, 45.0477868], [7.7423968, 45.047731], [7.7422927, 45.0476701], [7.7422415, 45.0476854], [7.7422239, 45.0477584], [7.7421603, 45.0478728], [7.7421078, 45.0479636], [7.7420923, 45.0480128], [7.7420879, 45.0480511], [7.7420888, 45.048109], [7.7421028, 45.048157], [7.7419906, 45.048166], [7.7419885, 45.0481517], [7.7409431, 45.0482126], [7.7409466, 45.0483115], [7.7404545, 45.048311], [7.7404841, 45.0484543], [7.7403622, 45.0486162], [7.7403538, 45.0486906], [7.740449, 45.0488327], [7.7404394, 45.0489066], [7.7403905, 45.0489772], [7.740331, 45.0490239], [7.7402635, 45.0490508], [7.7402083, 45.0490178], [7.7400406, 45.0489127], [7.7399376, 45.048847], [7.7397912, 45.0487529], [7.7397646, 45.0487446], [7.7394455, 45.0489683], [7.7390686, 45.0487355], [7.7390246, 45.0487163], [7.7389723, 45.0487031], [7.7389302, 45.0486995], [7.738878, 45.0487018], [7.7387805, 45.0487145], [7.7386658, 45.0487385], [7.7385645, 45.0487669], [7.7384656, 45.0488004], [7.7381369, 45.0489452], [7.737852, 45.0490239], [7.7377254, 45.0490555], [7.7376511, 45.0490642], [7.7374829, 45.0484215], [7.7373887, 45.0484322], [7.7371414, 45.0484127], [7.7365482, 45.0482996], [7.7365335, 45.0483673], [7.7365433, 45.0484649], [7.7365698, 45.0485626], [7.7366077, 45.0487246], [7.7366117, 45.0487712], [7.7366158, 45.0488178], [7.7366116, 45.0489275], [7.7366073, 45.0490372], [7.7366044, 45.0491412], [7.7366014, 45.0492452], [7.7366029, 45.0492888], [7.7365978, 45.0494068], [7.736553, 45.0496313], [7.7365217, 45.0497462], [7.7364775, 45.0498799], [7.7364348, 45.0499879], [7.7362842, 45.0503199], [7.7361895, 45.0505199], [7.7361847, 45.0505554], [7.7361846, 45.0505976], [7.7361889, 45.0506431], [7.7361986, 45.0506898], [7.7362084, 45.0507533], [7.7362062, 45.0508271], [7.7361992, 45.0508893], [7.7361778, 45.0510018], [7.7360709, 45.0513322], [7.7359728, 45.0515209], [7.735961, 45.0515518], [7.7359512, 45.0515847], [7.7359515, 45.0516191], [7.7359546, 45.0516702], [7.7359699, 45.0517408], [7.7359715, 45.0517707], [7.7359568, 45.0518181], [7.7359497, 45.0518802], [7.7358236, 45.0518954], [7.7357347, 45.0518973], [7.7356402, 45.0518748], [7.7351756, 45.051721], [7.7350513, 45.0516652], [7.7350058, 45.0516607], [7.7349375, 45.0516678], [7.7347555, 45.0517264], [7.734698, 45.0517472], [7.7346435, 45.0517758], [7.7345214, 45.0518475], [7.7343122, 45.0519947], [7.7341717, 45.052068], [7.7341082, 45.0520964], [7.7338506, 45.0521877], [7.7335726, 45.0522993], [7.7333969, 45.052388], [7.7333541, 45.0524213], [7.7333331, 45.0524512], [7.7332993, 45.0525366], [7.7332835, 45.0526764], [7.7332386, 45.0527903], [7.7331894, 45.0529026], [7.7331533, 45.0529985], [7.7331251, 45.0531366], [7.7331099, 45.0532429], [7.7330887, 45.0532848], [7.7330523, 45.0533286], [7.7330155, 45.0533595], [7.7329695, 45.0533838], [7.7329072, 45.0534062], [7.7327847, 45.0534354], [7.7326801, 45.0534578], [7.7326367, 45.0534747], [7.7323325, 45.0536522], [7.7322352, 45.0537174], [7.7321928, 45.05375], [7.7321392, 45.0538353], [7.7320851, 45.0539403], [7.7320418, 45.0540159], [7.7319258, 45.0541708], [7.7317437, 45.05442], [7.7315084, 45.0547812], [7.7313364, 45.0549649], [7.7312559, 45.054927], [7.7312008, 45.0549117], [7.7311014, 45.0548951], [7.7307642, 45.0548805], [7.7305981, 45.0548716], [7.7304998, 45.0548624], [7.7303916, 45.0548487], [7.7303429, 45.0548406], [7.7302723, 45.0548203], [7.7302375, 45.0548059], [7.7301375, 45.0547496], [7.7300551, 45.0547084], [7.7300156, 45.0546832], [7.7299691, 45.0546496], [7.7297658, 45.0544928], [7.7294787, 45.0542437], [7.7292379, 45.0540269], [7.729025, 45.0538401], [7.7289224, 45.0537591], [7.7288115, 45.0536873], [7.728736, 45.0537449], [7.7284133, 45.0540472], [7.7283834, 45.054094], [7.7283524, 45.0541267], [7.7283307, 45.0541395], [7.7283029, 45.054147], [7.7282647, 45.0541519], [7.7280828, 45.0541598], [7.7279186, 45.0541695], [7.7278533, 45.0541814], [7.7277789, 45.0542047], [7.7277217, 45.0542307], [7.7276525, 45.054271], [7.7275932, 45.0543104], [7.7275369, 45.0543611], [7.7273535, 45.0544726], [7.7272769, 45.0544956], [7.7271928, 45.0545357], [7.7271192, 45.0545862], [7.7270675, 45.0546357], [7.7270117, 45.0547019], [7.7269637, 45.054752], [7.7269356, 45.0547891], [7.7269167, 45.0548329], [7.726902, 45.0548934], [7.7268983, 45.054942], [7.7269152, 45.0549936], [7.7270168, 45.0552389], [7.7270398, 45.0553005], [7.7270501, 45.055347], [7.7270438, 45.0553949], [7.7270248, 45.0554281], [7.7270012, 45.0554644], [7.7269671, 45.0554921], [7.7269042, 45.0555205], [7.726846, 45.0555392], [7.726791, 45.0555526], [7.7267271, 45.0555595], [7.7266465, 45.0555629], [7.7265813, 45.0555524], [7.7265079, 45.0555319], [7.726166, 45.0554115], [7.7260794, 45.0553872], [7.7259397, 45.0553684], [7.7257029, 45.0553434], [7.7255464, 45.0553093], [7.7255, 45.0553023], [7.7254449, 45.0553021], [7.7253704, 45.0553233], [7.7253028, 45.0553544], [7.7252396, 45.055396], [7.7251491, 45.0554795], [7.725089, 45.0555283], [7.7249504, 45.0556339], [7.7245548, 45.0558991], [7.7244039, 45.05599], [7.7243506, 45.056017], [7.7242836, 45.0560415], [7.7242145, 45.056057], [7.7241812, 45.0560615], [7.7241261, 45.0560665], [7.724047, 45.0560665], [7.7239807, 45.0560576], [7.723777, 45.0559866], [7.7237091, 45.05601], [7.7236865, 45.0560344], [7.7236688, 45.0560713], [7.7235777, 45.0563636], [7.7235085, 45.0566383], [7.7234499, 45.0567644], [7.7232544, 45.0572969], [7.7232243, 45.057353], [7.7231877, 45.0573971], [7.7231442, 45.057429], [7.7228148, 45.0576437], [7.7227612, 45.0577038], [7.7226924, 45.0578372], [7.7225848, 45.0579522], [7.7222711, 45.0582404], [7.7221741, 45.0583083], [7.7221296, 45.0583249], [7.7220974, 45.0583369], [7.7220092, 45.0583501], [7.7219531, 45.0583453], [7.7219013, 45.0583316], [7.7218584, 45.0583078], [7.7216185, 45.0580829], [7.7215297, 45.0580058], [7.7214563, 45.0579716], [7.7212162, 45.0578629], [7.7210978, 45.0577728], [7.7209552, 45.0576001], [7.7207876, 45.0573973], [7.7207409, 45.0573611], [7.7207502, 45.0573118], [7.7207889, 45.0572614], [7.7208383, 45.05722], [7.7209312, 45.0571511], [7.7209573, 45.0571232], [7.720958, 45.0570939], [7.7209373, 45.0570381], [7.7210316, 45.056987], [7.7211006, 45.0569401], [7.7211772, 45.0568747], [7.7212101, 45.0568299], [7.72133, 45.0566755], [7.7213643, 45.0566237], [7.7213945, 45.0565617], [7.7214143, 45.0565007], [7.721419, 45.0564824], [7.7215268, 45.0560083], [7.7216042, 45.0558256], [7.7216097, 45.0557635], [7.7215445, 45.0553838], [7.7215556, 45.0553117], [7.7216062, 45.0552426], [7.7216478, 45.0552021], [7.7218722, 45.0550213], [7.7219919, 45.0549313], [7.7222295, 45.0547781], [7.7223543, 45.0547087], [7.7225303, 45.0545792], [7.7225916, 45.0545234], [7.7228681, 45.0542456], [7.7228953, 45.0541587], [7.7229042, 45.0541011], [7.7228989, 45.0540619], [7.7228859, 45.0540291], [7.7227669, 45.0537883], [7.7226872, 45.0536448], [7.7226351, 45.0535606], [7.7225928, 45.0535215], [7.7225215, 45.0534717], [7.7224491, 45.0534341], [7.7217531, 45.0532616], [7.7216901, 45.053244], [7.7216285, 45.0532368], [7.721548, 45.0532375], [7.7214712, 45.053249], [7.7213034, 45.0532866], [7.7210716, 45.0533426], [7.7208459, 45.0533987], [7.7207726, 45.0534077], [7.720716, 45.0534105], [7.7206777, 45.053411], [7.7206474, 45.0534045], [7.7206016, 45.0533904], [7.7205629, 45.0533739], [7.7204848, 45.0533328], [7.7204712, 45.0533124], [7.7204673, 45.0532914]]]}}, {"type": "Feature", "properties": {"ZONASTAT": "85", "DENOM": "San Vito - Val Salice", "name": "San Vito - Val Salice", "pop2023": null, "cafes": null, "cafe_density": null, "stops500m": null, "cafe_norm": null, "traffic_norm": null, "transit_norm": null, "pop_norm": null, "flow_norm": null, "traffic_raw": null, "flow_raw": null, "total": null}, "geometry": {"type": "Polygon", "coordinates": [[[7.6870041, 45.0388338], [7.6870331, 45.0388274], [7.6870326, 45.038814], [7.6873841, 45.0387621], [7.6874391, 45.0386599], [7.6880753, 45.0384654], [7.6883014, 45.0384837], [7.6885007, 45.0384599], [7.6887604, 45.0383906], [7.6890522, 45.0383316], [7.6889911, 45.0378536], [7.6891967, 45.0378131], [7.6890997, 45.0377358], [7.6890511, 45.0376568], [7.6890437, 45.037624], [7.6892233, 45.0376685], [7.6893359, 45.0377323], [7.6893865, 45.0377449], [7.6894489, 45.0377304], [7.6894799, 45.0376935], [7.6895061, 45.0376533], [7.6895371, 45.0375807], [7.6895607, 45.037557], [7.689624, 45.037521], [7.6896608, 45.0375052], [7.6899108, 45.0374242], [7.6901929, 45.037302], [7.6902979, 45.0373061], [7.6905934, 45.0373974], [7.6908888, 45.0374887], [7.6910501, 45.0374474], [7.6915228, 45.037357], [7.6917797, 45.0373272], [7.6920314, 45.0372896], [7.6922677, 45.0372117], [7.6924945, 45.0371085], [7.6925323, 45.0370977], [7.6926029, 45.0370865], [7.6927647, 45.037066], [7.6929168, 45.0370499], [7.6933942, 45.0370455], [7.6939943, 45.0371733], [7.6941987, 45.037201], [7.6947453, 45.0371131], [7.6951057, 45.0371779], [7.6952243, 45.0372061], [7.6953464, 45.0372539], [7.6954234, 45.037302], [7.6955157, 45.037379], [7.6957014, 45.037479], [7.6959204, 45.0375762], [7.6962651, 45.0377032], [7.6963327, 45.0377194], [7.6964037, 45.0377254], [7.6964827, 45.0377211], [7.6965942, 45.0377053], [7.6969903, 45.0376005], [7.6970767, 45.037585], [7.6972137, 45.0375355], [7.6972753, 45.0375107], [7.6973304, 45.0374931], [7.6974203, 45.0374793], [7.697652, 45.0374662], [7.6979619, 45.0374111], [7.6983511, 45.0373005], [7.6985867, 45.0372398], [7.6990752, 45.0370414], [7.6992133, 45.0371153], [7.6996737, 45.0373369], [7.6998837, 45.03745], [7.6999856, 45.0375083], [7.7000436, 45.0375344], [7.7001102, 45.0375466], [7.7002856, 45.0375465], [7.7003672, 45.0375482], [7.7007406, 45.0375818], [7.7008132, 45.037591], [7.7008657, 45.037602], [7.7008984, 45.0376139], [7.7009393, 45.0376325], [7.7011339, 45.0377461], [7.7014454, 45.0378578], [7.7016033, 45.0379173], [7.7017733, 45.0379722], [7.7022829, 45.0380492], [7.7025393, 45.0380728], [7.7025915, 45.0380817], [7.7026572, 45.0380412], [7.7028557, 45.0379765], [7.7030604, 45.037867], [7.7031614, 45.0378268], [7.7033151, 45.0377735], [7.703498, 45.0376783], [7.7037623, 45.0378149], [7.7037367, 45.0380297], [7.7034957, 45.0380874], [7.7035596, 45.0385046], [7.7030479, 45.0385983], [7.7031163, 45.039635], [7.7026061, 45.0394837], [7.7023271, 45.0399172], [7.7022146, 45.0399658], [7.7023392, 45.0401081], [7.7024638, 45.0402505], [7.7025519, 45.0403272], [7.7029704, 45.0403595], [7.703685, 45.0404535], [7.7038311, 45.0404881], [7.7039456, 45.040534], [7.7040149, 45.0405793], [7.7041862, 45.0407138], [7.7043371, 45.0408482], [7.7043817, 45.0408801], [7.7044618, 45.0409281], [7.7045593, 45.0409676], [7.7046541, 45.0409926], [7.7050484, 45.0410548], [7.7061956, 45.0411818], [7.7063329, 45.0411916], [7.7070135, 45.0411031], [7.7070805, 45.0412335], [7.7073223, 45.0416144], [7.7073955, 45.0416619], [7.7074555, 45.0416858], [7.7075282, 45.0416927], [7.7084865, 45.0417447], [7.7085898, 45.041744], [7.7086759, 45.0417197], [7.7087278, 45.0416917], [7.7092318, 45.0409518], [7.7094085, 45.040674], [7.7094754, 45.0405916], [7.7095471, 45.0405258], [7.7097782, 45.040344], [7.7099661, 45.0402205], [7.7100565, 45.0401758], [7.7101987, 45.0401216], [7.7103797, 45.0400678], [7.7107212, 45.0399833], [7.7108038, 45.0399692], [7.7111501, 45.0398784], [7.7114921, 45.0397871], [7.7115865, 45.0397656], [7.7116807, 45.0397536], [7.7117912, 45.0397507], [7.7118954, 45.0397507], [7.7123626, 45.0397844], [7.7124576, 45.0397992], [7.7126032, 45.0398182], [7.7126723, 45.039822], [7.7127585, 45.039814], [7.7128426, 45.039791], [7.7132709, 45.0396473], [7.7133312, 45.039635], [7.7134068, 45.0396309], [7.7134959, 45.0396358], [7.7135398, 45.0396426], [7.7136104, 45.0396722], [7.7136759, 45.0397059], [7.7138534, 45.0398521], [7.7139215, 45.0399376], [7.7140823, 45.0401723], [7.713998, 45.0401519], [7.7138863, 45.0401006], [7.7137075, 45.0400561], [7.7135197, 45.040099], [7.7132283, 45.0402032], [7.7129215, 45.0403623], [7.7126304, 45.0404541], [7.7122787, 45.0405726], [7.7122412, 45.0405534], [7.7121589, 45.0405875], [7.7121317, 45.0405683], [7.7120909, 45.0405861], [7.7118699, 45.040612], [7.7118908, 45.0406913], [7.7119823, 45.0412803], [7.7120805, 45.0413798], [7.7126605, 45.0412836], [7.7127441, 45.0411773], [7.7128371, 45.0411417], [7.7128387, 45.0410684], [7.712841, 45.0409664], [7.7128871, 45.0408858], [7.7129926, 45.0407902], [7.7131239, 45.0406896], [7.7132847, 45.0407715], [7.7134107, 45.0408132], [7.7135364, 45.0406998], [7.7135681, 45.0407204], [7.7136159, 45.0407571], [7.7136817, 45.0408132], [7.7138354, 45.0408942], [7.7138686, 45.0409156], [7.7138975, 45.0409402], [7.7139208, 45.0409641], [7.713941, 45.0409892], [7.713973, 45.0409651], [7.7140841, 45.0410144], [7.7141087, 45.04103], [7.7142248, 45.0410875], [7.7142895, 45.0411109], [7.7143153, 45.0410919], [7.7145331, 45.0409062], [7.7150876, 45.0417989], [7.7151503, 45.0418755], [7.7155544, 45.0422675], [7.7159422, 45.042632], [7.7162628, 45.0429332], [7.7162926, 45.0429982], [7.7162782, 45.0430659], [7.7162476, 45.0431164], [7.7161801, 45.0431571], [7.7161079, 45.043182], [7.716012, 45.0431953], [7.7159326, 45.0431859], [7.7157505, 45.0431179], [7.7156793, 45.04311], [7.7156165, 45.0431222], [7.7155786, 45.0431509], [7.7155544, 45.0431987], [7.7155672, 45.043256], [7.7156045, 45.0432945], [7.7157104, 45.0433372], [7.7159191, 45.0433796], [7.7160759, 45.0433999], [7.7161701, 45.0434212], [7.7162496, 45.0434733], [7.7162897, 45.043523], [7.7163076, 45.0435855], [7.7162902, 45.0436425], [7.71626, 45.0436947], [7.7162093, 45.0437446], [7.7161417, 45.0437896], [7.7160724, 45.0438287], [7.7159249, 45.0438996], [7.7158504, 45.043921], [7.7158077, 45.0439313], [7.7157671, 45.043933], [7.715527, 45.0439303], [7.7154092, 45.0439405], [7.7153247, 45.0439604], [7.7152498, 45.0439909], [7.7150436, 45.0441548], [7.7149957, 45.0441877], [7.7149453, 45.0442122], [7.7148502, 45.0442459], [7.7147225, 45.0442824], [7.7145951, 45.0443041], [7.7145042, 45.0443121], [7.7144, 45.044309], [7.713925, 45.0442638], [7.7137927, 45.0442585], [7.7136986, 45.0442681], [7.7135815, 45.0442985], [7.7134364, 45.0443431], [7.7133467, 45.0443774], [7.7131818, 45.0444688], [7.7130546, 45.044561], [7.7129994, 45.0446222], [7.7129558, 45.0446879], [7.7128925, 45.0448498], [7.7128511, 45.0450988], [7.7128547, 45.0453139], [7.7126802, 45.0455848], [7.7124956, 45.0458603], [7.7123905, 45.0460536], [7.7123274, 45.0461142], [7.712111, 45.0462889], [7.7120162, 45.0463655], [7.7116665, 45.046655], [7.7115603, 45.0467705], [7.711552, 45.046782], [7.7114527, 45.0469199], [7.7112251, 45.0471828], [7.7110631, 45.047321], [7.710954, 45.0473906], [7.7108392, 45.0475396], [7.7107583, 45.0476107], [7.7106702, 45.0476691], [7.7097048, 45.0481108], [7.709444, 45.0482211], [7.7093089, 45.0482657], [7.7091859, 45.0482673], [7.7091113, 45.0482456], [7.7090593, 45.0482084], [7.7087871, 45.0475777], [7.7087402, 45.0474785], [7.7086821, 45.0474397], [7.7086089, 45.0474261], [7.7085099, 45.0474362], [7.7080557, 45.0477913], [7.7077615, 45.04815], [7.7072878, 45.0487769], [7.7071033, 45.0491546], [7.7067648, 45.0498752], [7.7067299, 45.0499258], [7.7066948, 45.0500027], [7.7066714, 45.0500828], [7.7066428, 45.0501638], [7.706426, 45.0508729], [7.7063769, 45.0509605], [7.706366, 45.0510015], [7.7063644, 45.0510707], [7.7063787, 45.051129], [7.7067564, 45.0516812], [7.706844, 45.0518387], [7.7068534, 45.0519057], [7.7068362, 45.05196], [7.7067851, 45.0520552], [7.7066922, 45.0522121], [7.7065591, 45.0523735], [7.7058557, 45.0532268], [7.7056101, 45.0533214], [7.7054293, 45.0533858], [7.7049893, 45.0535023], [7.7048783, 45.053529], [7.7047066, 45.0535704], [7.7040392, 45.053753], [7.703923, 45.0537752], [7.7038418, 45.053788], [7.7032162, 45.0538555], [7.7028898, 45.0538907], [7.7026648, 45.053914], [7.7026362, 45.0539158], [7.7025802, 45.0539156], [7.7025473, 45.0539124], [7.7025152, 45.0539074], [7.7022633, 45.0538614], [7.7022062, 45.0538509], [7.7019359, 45.0538277], [7.7006368, 45.0537691], [7.7005745, 45.0537694], [7.7004981, 45.053774], [7.7004441, 45.0537797], [7.7003396, 45.0538003], [7.6999406, 45.0539041], [7.6998735, 45.0539128], [7.699847, 45.0539147], [7.6998032, 45.0539155], [7.6997478, 45.0539122], [7.6994678, 45.0538781], [7.6994026, 45.0538921], [7.699457, 45.053732], [7.6995382, 45.053602], [7.6995556, 45.0535582], [7.6995583, 45.0535257], [7.6995503, 45.0534982], [7.6995244, 45.053435], [7.6994312, 45.0532655], [7.6994217, 45.0532096], [7.699422, 45.0531558], [7.6994522, 45.0530179], [7.6994565, 45.0529232], [7.6994936, 45.0527949], [7.6995865, 45.0526337], [7.6996077, 45.0525906], [7.699658, 45.0523378], [7.6996667, 45.0522831], [7.6996696, 45.0522502], [7.6996575, 45.0521959], [7.6996239, 45.052102], [7.6995873, 45.0520083], [7.699559, 45.0519106], [7.6995483, 45.0518484], [7.6995454, 45.0518096], [7.6995582, 45.0516546], [7.6995372, 45.0515542], [7.6994923, 45.0514101], [7.6994123, 45.0511768], [7.6994056, 45.0511268], [7.6994136, 45.0510648], [7.6994489, 45.0509595], [7.6994599, 45.0509162], [7.6994699, 45.0508248], [7.6994676, 45.0508088], [7.699454, 45.0508002], [7.6993796, 45.0508063], [7.6992574, 45.0508282], [7.6990702, 45.0508692], [7.6990042, 45.050878], [7.6989343, 45.0508759], [7.6988643, 45.0508738], [7.6992069, 45.0507049], [7.6993725, 45.0506128], [7.6996296, 45.0504843], [7.6997152, 45.050475], [7.699806, 45.050476], [7.6998886, 45.0505156], [7.6999418, 45.0505716], [7.6999603, 45.0506388], [7.699983, 45.0507033], [7.7000052, 45.0507385], [7.7000319, 45.0507629], [7.7000746, 45.050784], [7.7001106, 45.0507888], [7.7001413, 45.050787], [7.7001696, 45.0507828], [7.7001911, 45.0507708], [7.7001938, 45.0507553], [7.7001635, 45.0506736], [7.7000957, 45.050433], [7.7000035, 45.050334], [7.6998921, 45.0502825], [7.6997691, 45.0502674], [7.699629, 45.0502731], [7.6994628, 45.0503219], [7.6993605, 45.0503452], [7.6992916, 45.0503418], [7.699223, 45.0503217], [7.6991349, 45.0502847], [7.699029, 45.0502281], [7.698893, 45.0501402], [7.6987548, 45.0500704], [7.6986924, 45.0500462], [7.6986103, 45.0500257], [7.6985117, 45.050009], [7.6983937, 45.0499989], [7.6982765, 45.0500131], [7.6981728, 45.0500393], [7.6980787, 45.0500694], [7.6980201, 45.0501058], [7.6978914, 45.0502103], [7.6976515, 45.0504146], [7.6975412, 45.050529], [7.6974655, 45.0506378], [7.6974551, 45.05073], [7.6974689, 45.0508114], [7.6975325, 45.0509119], [7.697654, 45.0510465], [7.6977258, 45.0511406], [7.6977399, 45.0512237], [7.6977307, 45.051278], [7.6977028, 45.0513267], [7.697645, 45.0513848], [7.6975171, 45.0514612], [7.6972704, 45.0515821], [7.6972047, 45.0516304], [7.6969703, 45.0519999], [7.6969124, 45.052047], [7.6968348, 45.0520801], [7.6967143, 45.0520963], [7.6966249, 45.0520859], [7.6963563, 45.0519935], [7.6961746, 45.051936], [7.6960479, 45.0519238], [7.69584, 45.0519282], [7.695718, 45.0519268], [7.6956065, 45.0519143], [7.6955361, 45.051876], [7.6954812, 45.0518195], [7.6953605, 45.0516361], [7.6952919, 45.0515906], [7.6949494, 45.0514667], [7.6948659, 45.0514193], [7.6948087, 45.0513674], [7.6947723, 45.0512986], [7.6947589, 45.0512361], [7.6945781, 45.0493403], [7.6945401, 45.0492467], [7.6944799, 45.0491698], [7.6943888, 45.0490912], [7.6942902, 45.0490229], [7.6941654, 45.048984], [7.6937124, 45.0489087], [7.6935919, 45.0488761], [7.6935249, 45.0488319], [7.6934797, 45.048768], [7.6934512, 45.0486751], [7.6934389, 45.0485719], [7.6934421, 45.0484869], [7.6934596, 45.0483829], [7.6935139, 45.048255], [7.6936096, 45.0481488], [7.693718, 45.0480764], [7.6938009, 45.0480411], [7.6939522, 45.0479848], [7.694103, 45.0479265], [7.6942689, 45.0478665], [7.6944575, 45.0477909], [7.6945559, 45.0477372], [7.6946898, 45.0475924], [7.6947028, 45.0474782], [7.6945316, 45.0468389], [7.6943897, 45.0463444], [7.6943827, 45.0462826], [7.6944003, 45.0462208], [7.6945078, 45.045958], [7.6945097, 45.045875], [7.6945007, 45.0458103], [7.6942671, 45.0453276], [7.694185, 45.045153], [7.6941069, 45.0451243], [7.6940501, 45.045072], [7.6940012, 45.0450385], [7.6939108, 45.0450117], [7.6938722, 45.045046], [7.6937846, 45.0450522], [7.6937275, 45.0447102], [7.6936937, 45.0446264], [7.6935378, 45.0446425], [7.693164, 45.0446669], [7.6930848, 45.0446536], [7.6929847, 45.044631], [7.6925569, 45.0444709], [7.6924674, 45.0444397], [7.6921269, 45.0441019], [7.6919667, 45.0441778], [7.6918942, 45.0442197], [7.6918308, 45.0442519], [7.6916704, 45.0443231], [7.6916274, 45.0443394], [7.6914385, 45.0443818], [7.6913268, 45.0444113], [7.691257, 45.0444376], [7.6911751, 45.0444702], [7.6910909, 45.0445088], [7.6909753, 45.0445544], [7.6908858, 45.0445835], [7.6907774, 45.0446172], [7.690726, 45.0446279], [7.6906721, 45.0446303], [7.6904496, 45.0446298], [7.6904203, 45.0446311], [7.69039, 45.0446353], [7.6903254, 45.0446541], [7.6902371, 45.0446671], [7.6901993, 45.0446686], [7.6900147, 45.0446345], [7.6899747, 45.0446337], [7.6899306, 45.0446349], [7.6898875, 45.0446423], [7.6898496, 45.0446515], [7.689815, 45.0446655], [7.6898001, 45.0446736], [7.6897866, 45.0446748], [7.6897625, 45.0446658], [7.6897361, 45.0446629], [7.6897138, 45.0446576], [7.6896884, 45.0446537], [7.6896652, 45.0446488], [7.6896424, 45.044641], [7.6896223, 45.0446295], [7.689605, 45.0446156], [7.6895937, 45.0446042], [7.6895688, 45.0445739], [7.6895465, 45.0445553], [7.6895375, 45.0445487], [7.6894957, 45.0445256], [7.6894765, 45.0445125], [7.6894685, 45.0445055], [7.6894626, 45.0444976], [7.6894582, 45.044489], [7.6894271, 45.0444251], [7.6894064, 45.0443721], [7.689384, 45.0443093], [7.6893625, 45.0441873], [7.6893557, 45.0441125], [7.6893554, 45.0440755], [7.6893599, 45.044038], [7.6893675, 45.0440102], [7.6899175, 45.0435445], [7.6899854, 45.0434085], [7.6903084, 45.0427595], [7.6906047, 45.0425266], [7.6909131, 45.0422491], [7.6909876, 45.0421642], [7.691024, 45.042081], [7.6910235, 45.0420088], [7.6908703, 45.0416719], [7.6907872, 45.0414568], [7.6907955, 45.0413945], [7.6908404, 45.0413581], [7.6907281, 45.041303], [7.690529, 45.0412473], [7.6904492, 45.0411895], [7.6904294, 45.041152], [7.6899866, 45.0403119], [7.6898675, 45.0400859], [7.6898529, 45.0400605], [7.6898156, 45.0399313], [7.6896989, 45.0399111], [7.6896818, 45.0398889], [7.6896423, 45.0398751], [7.6892556, 45.0398902], [7.6891689, 45.0398901], [7.6890859, 45.039879], [7.6889295, 45.0398499], [7.6887006, 45.0397655], [7.6879775, 45.0394232], [7.6879035, 45.0394114], [7.6878187, 45.0394043], [7.6877297, 45.0394036], [7.687513, 45.0390042], [7.6875437, 45.0389911], [7.687564, 45.0389692], [7.6875699, 45.038954], [7.6875693, 45.0389353], [7.687557, 45.0389079], [7.6875364, 45.0388907], [7.6875043, 45.0388785], [7.6874547, 45.0388672], [7.6871745, 45.0388874], [7.6871698, 45.0388608], [7.6870041, 45.0388338]]]}}, {"type": "Feature", "properties": {"ZONASTAT": "86", "DENOM": "Parco della Rimembranza", "name": "Parco della Rimembranza", "pop2023": null, "cafes": null, "cafe_density": null, "stops500m": null, "cafe_norm": null, "traffic_norm": null, "transit_norm": null, "pop_norm": null, "flow_norm": null, "traffic_raw": null, "flow_raw": null, "total": null}, "geometry": {"type": "Polygon", "coordinates": [[[7.7022146, 45.0399658], [7.7023271, 45.0399172], [7.7026061, 45.0394837], [7.7031163, 45.039635], [7.7030479, 45.0385983], [7.7035596, 45.0385046], [7.7034957, 45.0380874], [7.7037367, 45.0380297], [7.7037623, 45.0378149], [7.703498, 45.0376783], [7.7033151, 45.0377735], [7.7031614, 45.0378268], [7.7030604, 45.037867], [7.7028557, 45.0379765], [7.7026572, 45.0380412], [7.7025915, 45.0380817], [7.7025393, 45.0380728], [7.702502, 45.0379492], [7.702448, 45.0377975], [7.7023941, 45.0376459], [7.702481, 45.0376235], [7.7029244, 45.0372974], [7.703539, 45.0367693], [7.703776, 45.0365745], [7.7037931, 45.0365531], [7.7037669, 45.0365374], [7.7037187, 45.0363148], [7.7037555, 45.0362575], [7.7038231, 45.0361992], [7.7041096, 45.0360097], [7.704198, 45.0359461], [7.7042123, 45.0359029], [7.7041727, 45.0358553], [7.7042413, 45.0358139], [7.7043694, 45.0357798], [7.7044063, 45.0357764], [7.7043929, 45.0355419], [7.704356, 45.03551], [7.7041687, 45.0355738], [7.7041068, 45.0355687], [7.7039772, 45.0355453], [7.7038844, 45.0355354], [7.7038032, 45.0355609], [7.7036703, 45.0356825], [7.7034355, 45.0356534], [7.7033, 45.0356123], [7.7032409, 45.0354841], [7.7031373, 45.0354082], [7.7029947, 45.035411], [7.7029196, 45.0354409], [7.7027894, 45.0354438], [7.7026601, 45.0354028], [7.702529, 45.0352862], [7.7025677, 45.0351642], [7.7026499, 45.035109], [7.702641, 45.0348954], [7.7027642, 45.0347383], [7.7027422, 45.0347092], [7.7027842, 45.0346504], [7.702891, 45.034618], [7.702905, 45.0346006], [7.7030273, 45.0345811], [7.703056, 45.0345094], [7.7031857, 45.0344612], [7.7032349, 45.0343849], [7.7034204, 45.0342638], [7.7034737, 45.0342541], [7.7034815, 45.0342536], [7.7035478, 45.0342399], [7.7036252, 45.0342064], [7.7036702, 45.034145], [7.7037155, 45.0341118], [7.7037663, 45.0340993], [7.7039752, 45.0339923], [7.704067, 45.0339246], [7.704232, 45.0339018], [7.7041907, 45.0339867], [7.7042289, 45.0340389], [7.7044895, 45.0340829], [7.7046384, 45.0339976], [7.7048873, 45.0337398], [7.704933, 45.0335633], [7.7051222, 45.0334433], [7.7052357, 45.0333414], [7.7053507, 45.0332476], [7.7054402, 45.0332099], [7.705597, 45.0331875], [7.7057192, 45.0331787], [7.7057829, 45.0332788], [7.7058198, 45.0333229], [7.7058529, 45.0333475], [7.7058951, 45.033356], [7.7060856, 45.0333097], [7.7062217, 45.0332919], [7.7064432, 45.0331746], [7.7064926, 45.0331554], [7.7065297, 45.0331959], [7.7065592, 45.0332639], [7.7065828, 45.0332995], [7.7066348, 45.033338], [7.706721, 45.0333774], [7.7068454, 45.0334209], [7.7069683, 45.0334503], [7.707135, 45.033456], [7.7072346, 45.0334664], [7.7074626, 45.0334211], [7.7077387, 45.0333288], [7.7079709, 45.0333865], [7.7080794, 45.0333818], [7.7082852, 45.0334728], [7.708878, 45.0333101], [7.7094805, 45.0331002], [7.7097058, 45.0330472], [7.7098835, 45.0329646], [7.7099868, 45.0329336], [7.7102695, 45.0328763], [7.7102766, 45.0328696], [7.710275, 45.03286], [7.7102507, 45.0328161], [7.7101744, 45.0326982], [7.7101359, 45.0326323], [7.7100259, 45.0325016], [7.7099532, 45.0324288], [7.709925, 45.0323938], [7.7098595, 45.0322814], [7.7098214, 45.0322193], [7.7098144, 45.032201], [7.7098195, 45.0321648], [7.7098274, 45.0321433], [7.7098384, 45.0321287], [7.7098505, 45.0321154], [7.709877, 45.0321003], [7.7101264, 45.0319833], [7.7102307, 45.0319414], [7.7103171, 45.0318994], [7.7106256, 45.0317363], [7.7102279, 45.0313806], [7.7100653, 45.0311924], [7.7099099, 45.0309967], [7.7097831, 45.0308151], [7.7096686, 45.0305978], [7.7096083, 45.0305128], [7.7095825, 45.0304817], [7.7095334, 45.0304572], [7.7094735, 45.0304483], [7.7093231, 45.0304515], [7.7092121, 45.0304574], [7.7091218, 45.0304475], [7.7090515, 45.0304165], [7.7090205, 45.0303759], [7.7090408, 45.0303408], [7.7090734, 45.0303135], [7.7091437, 45.0302627], [7.709192, 45.0301518], [7.7092385, 45.0300789], [7.7092804, 45.0300041], [7.7093129, 45.0299226], [7.7093641, 45.0297322], [7.7093913, 45.0294896], [7.7093823, 45.0294326], [7.7092942, 45.0291619], [7.709287, 45.0290901], [7.7093039, 45.0290117], [7.709336, 45.0289387], [7.709387, 45.028858], [7.709458, 45.0287727], [7.709678, 45.0286212], [7.7097646, 45.0285428], [7.7102461, 45.0280753], [7.7103024, 45.027995], [7.7103257, 45.0279189], [7.710408, 45.0276778], [7.7104528, 45.0276924], [7.7132388, 45.0284386], [7.7139442, 45.0286285], [7.7147553, 45.0288534], [7.7158627, 45.029169], [7.7168535, 45.0294622], [7.7182144, 45.029886], [7.7196705, 45.0303142], [7.7225876, 45.0311795], [7.7226526, 45.0311973], [7.725377, 45.0329787], [7.7271672, 45.0341401], [7.7289134, 45.0352886], [7.7317994, 45.0371835], [7.7326525, 45.0377406], [7.7327549, 45.0378448], [7.7340251, 45.0390722], [7.7339908, 45.0390827], [7.7339765, 45.0390899], [7.7339461, 45.039112], [7.7338089, 45.0391499], [7.7337654, 45.039157], [7.7333083, 45.0391423], [7.7329405, 45.0391377], [7.7329163, 45.0391122], [7.7327983, 45.0389974], [7.7327619, 45.038957], [7.7326373, 45.0388462], [7.7326339, 45.0388221], [7.7326278, 45.0388119], [7.7326141, 45.0387999], [7.73247, 45.0387329], [7.7324169, 45.0386975], [7.7321732, 45.0384422], [7.7321211, 45.0384173], [7.7321012, 45.0384137], [7.7320739, 45.0384118], [7.7319339, 45.0384098], [7.73182, 45.0384105], [7.7317588, 45.0384134], [7.7317352, 45.0384176], [7.7317137, 45.0384162], [7.7314579, 45.0383623], [7.7311345, 45.0382856], [7.7311002, 45.0382797], [7.731039, 45.0382797], [7.7308919, 45.0382624], [7.7308536, 45.0382544], [7.7307969, 45.0382373], [7.7307761, 45.0382355], [7.7307512, 45.0382356], [7.7306782, 45.038244], [7.7306338, 45.0382448], [7.7304609, 45.0382319], [7.7304149, 45.0383005], [7.7303678, 45.0385324], [7.7302255, 45.0387989], [7.7298913, 45.0385756], [7.7296301, 45.0384624], [7.7295862, 45.0382626], [7.7294336, 45.038104], [7.7291179, 45.0380774], [7.7289793, 45.0380979], [7.7285175, 45.0383502], [7.727862, 45.0382112], [7.7274542, 45.0380597], [7.7272096, 45.0380318], [7.7271464, 45.0380133], [7.7270519, 45.0379649], [7.7268606, 45.0379392], [7.7266834, 45.0379892], [7.7266844, 45.0380094], [7.726535, 45.0380307], [7.726331, 45.0380929], [7.7262334, 45.0381275], [7.726208, 45.0381404], [7.7261629, 45.0381708], [7.7261147, 45.0382121], [7.7260746, 45.0382527], [7.7260415, 45.0382886], [7.7260151, 45.0383282], [7.7259955, 45.0383666], [7.7259945, 45.0384113], [7.7259962, 45.0384886], [7.7260014, 45.0385623], [7.7259928, 45.0386471], [7.7260044, 45.0389434], [7.7258751, 45.0390061], [7.7259377, 45.0392494], [7.7259834, 45.0392993], [7.7259863, 45.0393588], [7.7259378, 45.0395731], [7.7259252, 45.0397011], [7.7259216, 45.0397607], [7.7259268, 45.0397946], [7.7259554, 45.0398261], [7.7259877, 45.0398524], [7.7260262, 45.039877], [7.7260913, 45.0399115], [7.7262077, 45.0400028], [7.7262447, 45.0400361], [7.7262623, 45.0400675], [7.7262656, 45.0401024], [7.7261893, 45.040183], [7.7260901, 45.0402584], [7.7260123, 45.0403011], [7.7259501, 45.0403332], [7.7257987, 45.0404023], [7.7256653, 45.0404616], [7.7254418, 45.0405417], [7.7252243, 45.0406173], [7.7249152, 45.0406649], [7.7248583, 45.0406898], [7.7248147, 45.0407191], [7.7247598, 45.0407638], [7.7247107, 45.0408416], [7.724656, 45.0409508], [7.7245572, 45.0410953], [7.7241951, 45.0414305], [7.7239156, 45.0417232], [7.7238815, 45.0417707], [7.7238652, 45.041809], [7.7238541, 45.041874], [7.7238489, 45.0419651], [7.7238369, 45.0419988], [7.7238157, 45.042031], [7.7237484, 45.0420776], [7.7237108, 45.0420959], [7.7236833, 45.0421024], [7.723522, 45.0420915], [7.7234589, 45.0420955], [7.7234263, 45.0421086], [7.7233442, 45.0421579], [7.7232954, 45.0421853], [7.7232481, 45.0421877], [7.7231928, 45.0421765], [7.7231482, 45.0421594], [7.7230484, 45.0420421], [7.7229943, 45.042], [7.7229269, 45.0419797], [7.7228791, 45.0419831], [7.7227039, 45.0420275], [7.722647, 45.0420312], [7.722592, 45.0420179], [7.7224339, 45.041963], [7.7221256, 45.0418557], [7.7220772, 45.041846], [7.7220175, 45.0418492], [7.7219671, 45.0418668], [7.7217735, 45.0419917], [7.7216567, 45.0420423], [7.721697, 45.0419574], [7.7217429, 45.0418889], [7.7217753, 45.0418153], [7.7217931, 45.0417472], [7.7218109, 45.0416321], [7.7217964, 45.0415978], [7.7218393, 45.0415481], [7.7219812, 45.0414821], [7.7221338, 45.0413877], [7.7223141, 45.0411727], [7.7224748, 45.0410667], [7.7225672, 45.0409505], [7.7223941, 45.0405103], [7.7222643, 45.0404303], [7.7220981, 45.0403748], [7.7218325, 45.0402467], [7.7215578, 45.040136], [7.7213828, 45.0400378], [7.7211391, 45.0398314], [7.7209616, 45.0396992], [7.7209214, 45.039658], [7.7207925, 45.039403], [7.7207513, 45.0393549], [7.7207136, 45.0393237], [7.7205991, 45.0392401], [7.7203627, 45.0390287], [7.7202052, 45.0389099], [7.7200983, 45.0388123], [7.7198631, 45.0389426], [7.719789, 45.0389768], [7.7194202, 45.039129], [7.7193121, 45.039178], [7.7192139, 45.0392268], [7.7191575, 45.0392579], [7.7191253, 45.0392911], [7.7190947, 45.0393314], [7.7190419, 45.0394092], [7.7188367, 45.0396964], [7.718739, 45.0398824], [7.7185325, 45.0402653], [7.7179748, 45.0400537], [7.7175032, 45.0404144], [7.7174637, 45.040327], [7.7172864, 45.0399374], [7.7174101, 45.0398315], [7.7174799, 45.0396039], [7.7174304, 45.0391707], [7.7174404, 45.038986], [7.7174582, 45.0386563], [7.7169158, 45.0383957], [7.7164786, 45.0381035], [7.7162389, 45.0382445], [7.715971, 45.0383846], [7.7159499, 45.0383601], [7.7159207, 45.038372], [7.7158916, 45.0383839], [7.7158338, 45.0383447], [7.7156375, 45.0382806], [7.7152299, 45.0385339], [7.715125, 45.0384508], [7.7149964, 45.0385315], [7.7146808, 45.0388997], [7.7146082, 45.0391597], [7.7144493, 45.0394348], [7.7142882, 45.0396459], [7.7142004, 45.0401247], [7.7140823, 45.0401723], [7.7139215, 45.0399376], [7.7138534, 45.0398521], [7.7136759, 45.0397059], [7.7136104, 45.0396722], [7.7135398, 45.0396426], [7.7134959, 45.0396358], [7.7134068, 45.0396309], [7.7133312, 45.039635], [7.7132709, 45.0396473], [7.7128426, 45.039791], [7.7127585, 45.039814], [7.7126723, 45.039822], [7.7126032, 45.0398182], [7.7124576, 45.0397992], [7.7123626, 45.0397844], [7.7118954, 45.0397507], [7.7117912, 45.0397507], [7.7116807, 45.0397536], [7.7115865, 45.0397656], [7.7114921, 45.0397871], [7.7111501, 45.0398784], [7.7108038, 45.0399692], [7.7107212, 45.0399833], [7.7103797, 45.0400678], [7.7101987, 45.0401216], [7.7100565, 45.0401758], [7.7099661, 45.0402205], [7.7097782, 45.040344], [7.7095471, 45.0405258], [7.7094754, 45.0405916], [7.7094085, 45.040674], [7.7092318, 45.0409518], [7.7087278, 45.0416917], [7.7086759, 45.0417197], [7.7085898, 45.041744], [7.7084865, 45.0417447], [7.7075282, 45.0416927], [7.7074555, 45.0416858], [7.7073955, 45.0416619], [7.7073223, 45.0416144], [7.7070805, 45.0412335], [7.7070135, 45.0411031], [7.7063329, 45.0411916], [7.7061956, 45.0411818], [7.7050484, 45.0410548], [7.7046541, 45.0409926], [7.7045593, 45.0409676], [7.7044618, 45.0409281], [7.7043817, 45.0408801], [7.7043371, 45.0408482], [7.7041862, 45.0407138], [7.7040149, 45.0405793], [7.7039456, 45.040534], [7.7038311, 45.0404881], [7.703685, 45.0404535], [7.7029704, 45.0403595], [7.7025519, 45.0403272], [7.7024638, 45.0402505], [7.7023392, 45.0401081], [7.7022146, 45.0399658]]]}}, {"type": "Feature", "properties": {"ZONASTAT": "88", "DENOM": "Tetti Gramaglia - Strada dei Ronchi", "name": "Tetti Gramaglia - Strada dei Ronchi", "pop2023": null, "cafes": null, "cafe_density": null, "stops500m": null, "cafe_norm": null, "traffic_norm": null, "transit_norm": null, "pop_norm": null, "flow_norm": null, "traffic_raw": null, "flow_raw": null, "total": null}, "geometry": {"type": "Polygon", "coordinates": [[[7.6901886, 45.0291861], [7.6900822, 45.0291674], [7.690342, 45.0289758], [7.6904402, 45.0289341], [7.6907305, 45.0286983], [7.6909464, 45.0285466], [7.6910365, 45.028487], [7.6911123, 45.0284386], [7.6912117, 45.028392], [7.6913347, 45.0283373], [7.6914302, 45.0283], [7.6915621, 45.028238], [7.691602, 45.0282235], [7.6916265, 45.0282091], [7.6915339, 45.0280831], [7.6914737, 45.0279959], [7.6914564, 45.0279672], [7.6914238, 45.0278594], [7.6914002, 45.0278117], [7.6913451, 45.027714], [7.6913227, 45.0276887], [7.6912829, 45.0276531], [7.6912429, 45.0276222], [7.6911958, 45.0275607], [7.6911628, 45.027523], [7.691135, 45.0274936], [7.6910755, 45.0274466], [7.6909806, 45.0273795], [7.6908764, 45.0273205], [7.6908368, 45.027305], [7.6907948, 45.0272948], [7.6907368, 45.0272877], [7.6905553, 45.0272689], [7.6905205, 45.0272609], [7.6904838, 45.0272443], [7.6904148, 45.0272065], [7.6903348, 45.0271547], [7.690299, 45.0271237], [7.6902697, 45.0270908], [7.6903984, 45.0270599], [7.6904954, 45.0270348], [7.6905602, 45.027015], [7.6906299, 45.0269862], [7.6907452, 45.0269351], [7.6908101, 45.0269084], [7.6908537, 45.0268964], [7.6909248, 45.0268801], [7.6909882, 45.0268691], [7.6911635, 45.0268451], [7.6913444, 45.0268284], [7.6915121, 45.0268158], [7.6915547, 45.0268152], [7.6915838, 45.0268239], [7.6916229, 45.0268483], [7.691672, 45.0268853], [7.6917126, 45.0269066], [7.6917695, 45.0269219], [7.6918473, 45.0269248], [7.6919604, 45.026922], [7.6920854, 45.026914], [7.6921796, 45.0268995], [7.6922769, 45.0268818], [7.6923774, 45.0268528], [7.6924717, 45.0268205], [7.6925308, 45.0268114], [7.6925884, 45.0268038], [7.6926298, 45.0268032], [7.6926624, 45.0268078], [7.6927022, 45.0268154], [7.6927377, 45.0268241], [7.6927542, 45.0268325], [7.6927877, 45.0268608], [7.6928203, 45.0268988], [7.6928636, 45.0269416], [7.6928872, 45.0269609], [7.6929188, 45.0269762], [7.6929564, 45.0269839], [7.6929956, 45.0269874], [7.6930262, 45.0269847], [7.6930459, 45.0269798], [7.6930613, 45.0269661], [7.6930631, 45.0269507], [7.6930426, 45.0268927], [7.6930355, 45.0268565], [7.6930344, 45.026841], [7.693037, 45.0268209], [7.6930461, 45.0268031], [7.6930567, 45.0267897], [7.6930664, 45.0267831], [7.6931599, 45.0267565], [7.693204, 45.0267407], [7.6932739, 45.026706], [7.6933397, 45.0266752], [7.6933671, 45.026658], [7.6933833, 45.0266424], [7.6934047, 45.0266105], [7.6934172, 45.0265842], [7.6934247, 45.0265525], [7.6934273, 45.0265312], [7.6934214, 45.026471], [7.6934241, 45.0264439], [7.6934328, 45.0264257], [7.6934736, 45.0264049], [7.6935499, 45.026369], [7.6936169, 45.0263317], [7.6936798, 45.026292], [7.6937187, 45.0262646], [7.693743, 45.0262436], [7.6938023, 45.026179], [7.6938269, 45.0261426], [7.6938337, 45.0261207], [7.6938307, 45.0261], [7.693828, 45.0260549], [7.6938401, 45.0260236], [7.6938782, 45.0259691], [7.693921, 45.0259272], [7.6939571, 45.0259006], [7.6940357, 45.0258511], [7.6941181, 45.0258016], [7.6942644, 45.0257294], [7.6943377, 45.0256998], [7.6943825, 45.025675], [7.6944274, 45.0256406], [7.6944468, 45.0256095], [7.6944631, 45.0255663], [7.6944694, 45.0255121], [7.6944728, 45.0254945], [7.6944777, 45.0254835], [7.6944822, 45.0254758], [7.6945295, 45.0254315], [7.6946593, 45.0253273], [7.6946995, 45.0253074], [7.694738, 45.0252918], [7.6948195, 45.0252728], [7.6949323, 45.0252514], [7.6950205, 45.0252265], [7.6950581, 45.0252127], [7.6951049, 45.0251756], [7.6951454, 45.025117], [7.695165, 45.0250969], [7.6951991, 45.0250761], [7.6952357, 45.0250684], [7.6952704, 45.0250647], [7.6953357, 45.0250641], [7.6955045, 45.0250749], [7.6955862, 45.025071], [7.6956575, 45.0250572], [7.6957004, 45.0250342], [7.6957261, 45.024999], [7.6957404, 45.0249638], [7.695751, 45.0249203], [7.695767, 45.0248891], [7.6958199, 45.0248461], [7.6958572, 45.0248097], [7.6959065, 45.0247544], [7.6959702, 45.0246557], [7.6960092, 45.0246275], [7.6960692, 45.0246091], [7.6961634, 45.0246061], [7.6962536, 45.0246085], [7.696483, 45.024603], [7.6965559, 45.0245983], [7.6966191, 45.0245892], [7.6967142, 45.0245554], [7.6967719, 45.0245282], [7.6968234, 45.0245106], [7.6968649, 45.0245041], [7.6969225, 45.0244769], [7.6970043, 45.024429], [7.6970459, 45.0244141], [7.6971502, 45.0244125], [7.6972314, 45.0244221], [7.6973344, 45.0244375], [7.6974281, 45.0244551], [7.6974983, 45.0244739], [7.697538, 45.0244757], [7.697585, 45.024468], [7.6977124, 45.0244246], [7.6979919, 45.0243456], [7.6981497, 45.024295], [7.6982773, 45.0242261], [7.6983757, 45.0241804], [7.6984591, 45.0241512], [7.6985718, 45.0241151], [7.6987613, 45.0240768], [7.6988377, 45.0240602], [7.6988888, 45.0240513], [7.6989375, 45.0240534], [7.6989749, 45.0240572], [7.6990434, 45.0240578], [7.6990821, 45.0240511], [7.6991343, 45.0240336], [7.6991994, 45.0239996], [7.6992908, 45.023938], [7.6993201, 45.0239218], [7.6993368, 45.0239143], [7.6993562, 45.0239076], [7.6993851, 45.0239077], [7.699422, 45.0239135], [7.6994575, 45.0239231], [7.6996869, 45.0240057], [7.6997343, 45.0240295], [7.6997933, 45.0240522], [7.6998465, 45.0240635], [7.6999443, 45.0240631], [7.7000599, 45.024077], [7.7001029, 45.0240997], [7.7001486, 45.0241091], [7.7002127, 45.0241042], [7.7002621, 45.0240959], [7.7002845, 45.0240845], [7.7003265, 45.0240551], [7.7003619, 45.0240271], [7.7004108, 45.0239972], [7.7006138, 45.0239511], [7.7006937, 45.0239521], [7.7007623, 45.0239447], [7.7008994, 45.0239319], [7.7009327, 45.0239133], [7.7010017, 45.0238067], [7.7010863, 45.0237579], [7.7011921, 45.0237336], [7.7013542, 45.0237493], [7.7015318, 45.0236797], [7.7016344, 45.0236931], [7.7019093, 45.0238683], [7.7022077, 45.0239347], [7.702342, 45.0239511], [7.7024292, 45.023968], [7.702735, 45.0239732], [7.7028965, 45.0239539], [7.7030093, 45.0239611], [7.7031018, 45.0239691], [7.7031788, 45.0239922], [7.7032982, 45.0239878], [7.703403, 45.0240193], [7.7035737, 45.0239793], [7.7036299, 45.0239878], [7.7036664, 45.0240061], [7.7036937, 45.0240442], [7.7037196, 45.0240894], [7.7037637, 45.0241114], [7.7038042, 45.024118], [7.703838, 45.0241453], [7.7038976, 45.0241521], [7.7039594, 45.0241715], [7.7040492, 45.0241939], [7.7040794, 45.0242122], [7.7041135, 45.0242196], [7.7041397, 45.0242514], [7.7041725, 45.0242606], [7.7042238, 45.0242314], [7.7042594, 45.0242254], [7.7042889, 45.0242103], [7.7043587, 45.0242091], [7.7043897, 45.0241787], [7.7045193, 45.0241681], [7.704582, 45.0241398], [7.7046388, 45.0241565], [7.7046857, 45.0241641], [7.7047558, 45.0241467], [7.7048215, 45.024167], [7.7049121, 45.0241354], [7.7049514, 45.0241366], [7.7050163, 45.0241264], [7.7050748, 45.0241215], [7.7051563, 45.0241059], [7.7052441, 45.024095], [7.7052961, 45.0240972], [7.7053686, 45.0240906], [7.7054247, 45.0240722], [7.7055156, 45.0240243], [7.7056342, 45.0239929], [7.7056893, 45.02396], [7.7057415, 45.0239551], [7.7058614, 45.0239165], [7.7059569, 45.0238966], [7.7060189, 45.0239124], [7.7060681, 45.023929], [7.7061546, 45.0239225], [7.706204, 45.0239256], [7.7062951, 45.0239453], [7.7063966, 45.0239488], [7.7064891, 45.023955], [7.7065677, 45.0239638], [7.706706, 45.0239667], [7.7069133, 45.0239468], [7.7069523, 45.0239661], [7.7069836, 45.023996], [7.7070252, 45.0240126], [7.7071113, 45.0240223], [7.7071797, 45.0240346], [7.7073192, 45.0240439], [7.7074056, 45.0240365], [7.7074681, 45.0240172], [7.7075749, 45.0239326], [7.707686, 45.0238876], [7.7076819, 45.02391], [7.7080285, 45.026174], [7.7081405, 45.0269297], [7.7082189, 45.0269539], [7.7102688, 45.0276351], [7.7103615, 45.0276657], [7.710408, 45.0276778], [7.7103257, 45.0279189], [7.7103024, 45.027995], [7.7102461, 45.0280753], [7.7097646, 45.0285428], [7.709678, 45.0286212], [7.709458, 45.0287727], [7.709387, 45.028858], [7.709336, 45.0289387], [7.7093039, 45.0290117], [7.709287, 45.0290901], [7.7092942, 45.0291619], [7.7093823, 45.0294326], [7.7093913, 45.0294896], [7.7093641, 45.0297322], [7.7093129, 45.0299226], [7.7092804, 45.0300041], [7.7092385, 45.0300789], [7.709192, 45.0301518], [7.7091437, 45.0302627], [7.7090734, 45.0303135], [7.7090408, 45.0303408], [7.7090205, 45.0303759], [7.7090515, 45.0304165], [7.7091218, 45.0304475], [7.7092121, 45.0304574], [7.7093231, 45.0304515], [7.7094735, 45.0304483], [7.7095334, 45.0304572], [7.7095825, 45.0304817], [7.7096083, 45.0305128], [7.7096686, 45.0305978], [7.7097831, 45.0308151], [7.7099099, 45.0309967], [7.7100653, 45.0311924], [7.7102279, 45.0313806], [7.7106256, 45.0317363], [7.7103171, 45.0318994], [7.7102307, 45.0319414], [7.7101264, 45.0319833], [7.709877, 45.0321003], [7.7098505, 45.0321154], [7.7098384, 45.0321287], [7.7098274, 45.0321433], [7.7098195, 45.0321648], [7.7098144, 45.032201], [7.7098214, 45.0322193], [7.7098595, 45.0322814], [7.709925, 45.0323938], [7.7099532, 45.0324288], [7.7100259, 45.0325016], [7.7101359, 45.0326323], [7.7101744, 45.0326982], [7.7102507, 45.0328161], [7.710275, 45.03286], [7.7102766, 45.0328696], [7.7102695, 45.0328763], [7.7099868, 45.0329336], [7.7098835, 45.0329646], [7.7097058, 45.0330472], [7.7094805, 45.0331002], [7.708878, 45.0333101], [7.7082852, 45.0334728], [7.7080794, 45.0333818], [7.7079709, 45.0333865], [7.7077387, 45.0333288], [7.7074626, 45.0334211], [7.7072346, 45.0334664], [7.707135, 45.033456], [7.7069683, 45.0334503], [7.7068454, 45.0334209], [7.706721, 45.0333774], [7.7066348, 45.033338], [7.7065828, 45.0332995], [7.7065592, 45.0332639], [7.7065297, 45.0331959], [7.7064926, 45.0331554], [7.7064432, 45.0331746], [7.7062217, 45.0332919], [7.7060856, 45.0333097], [7.7058951, 45.033356], [7.7058529, 45.0333475], [7.7058198, 45.0333229], [7.7057829, 45.0332788], [7.7057192, 45.0331787], [7.705597, 45.0331875], [7.7054402, 45.0332099], [7.7053507, 45.0332476], [7.7052357, 45.0333414], [7.7051222, 45.0334433], [7.704933, 45.0335633], [7.7048873, 45.0337398], [7.7046384, 45.0339976], [7.7044895, 45.0340829], [7.7042289, 45.0340389], [7.7041907, 45.0339867], [7.704232, 45.0339018], [7.704067, 45.0339246], [7.7039752, 45.0339923], [7.7037663, 45.0340993], [7.7037155, 45.0341118], [7.7036702, 45.034145], [7.7036252, 45.0342064], [7.7035478, 45.0342399], [7.7034815, 45.0342536], [7.7034737, 45.0342541], [7.7034204, 45.0342638], [7.7032349, 45.0343849], [7.7031857, 45.0344612], [7.703056, 45.0345094], [7.7030273, 45.0345811], [7.702905, 45.0346006], [7.702891, 45.034618], [7.7027842, 45.0346504], [7.7027422, 45.0347092], [7.7027642, 45.0347383], [7.702641, 45.0348954], [7.7026499, 45.035109], [7.7025677, 45.0351642], [7.702529, 45.0352862], [7.7023684, 45.0354694], [7.7021771, 45.0355003], [7.7020634, 45.0354378], [7.7018019, 45.0353953], [7.701725, 45.0352159], [7.7016404, 45.0351839], [7.701631, 45.0351426], [7.7016306, 45.0351061], [7.7016198, 45.0350785], [7.7015753, 45.0350166], [7.7013762, 45.0348445], [7.7013113, 45.034722], [7.7012773, 45.0346898], [7.7012017, 45.0346377], [7.7011307, 45.0346048], [7.7010231, 45.034564], [7.7009481, 45.0345322], [7.7009058, 45.0345097], [7.7008653, 45.0344842], [7.7008372, 45.0344627], [7.7008114, 45.0344364], [7.7007982, 45.0344129], [7.700788, 45.034387], [7.7007832, 45.0343477], [7.7007862, 45.0342876], [7.7007843, 45.0342558], [7.7007784, 45.0342408], [7.7007679, 45.0342241], [7.7007407, 45.0342018], [7.7007096, 45.0341846], [7.700643, 45.0341565], [7.7006122, 45.0341417], [7.7005849, 45.0341146], [7.7005702, 45.0340887], [7.7005186, 45.0339703], [7.7004741, 45.0338816], [7.7004288, 45.0337968], [7.700349, 45.0336981], [7.7002607, 45.0336095], [7.7002411, 45.0335461], [7.7002263, 45.0334887], [7.7002162, 45.0334664], [7.7002026, 45.0334465], [7.7001827, 45.0334277], [7.7001564, 45.0334116], [7.70013, 45.0333976], [7.7000575, 45.0333668], [7.7000136, 45.0333525], [7.6999681, 45.0333402], [7.6999207, 45.0333318], [7.6997129, 45.0333091], [7.6996929, 45.0333054], [7.6996589, 45.0332963], [7.6996304, 45.0332856], [7.6994146, 45.0331583], [7.699375, 45.0331379], [7.6992326, 45.0331083], [7.699131, 45.0330817], [7.6988693, 45.0327323], [7.6988386, 45.0327004], [7.6987112, 45.0326081], [7.6986745, 45.0325852], [7.6986169, 45.0325587], [7.6985524, 45.0325229], [7.6985266, 45.0325006], [7.6985069, 45.0324767], [7.6984392, 45.0323821], [7.6984076, 45.0323233], [7.698378, 45.0322724], [7.6983688, 45.0322233], [7.6983733, 45.032189], [7.698386, 45.0321626], [7.6984381, 45.0320829], [7.6984886, 45.0320182], [7.6984751, 45.0319973], [7.6984613, 45.0319809], [7.6983437, 45.0319357], [7.698221, 45.0318699], [7.6980985, 45.0317952], [7.6979176, 45.0316332], [7.6978814, 45.03161], [7.6978367, 45.0315905], [7.6975216, 45.0314896], [7.6967059, 45.0312372], [7.6965097, 45.0312009], [7.6962358, 45.0311325], [7.6961984, 45.0311203], [7.6965746, 45.0307664], [7.6962805, 45.0306551], [7.696344, 45.0306415], [7.6963083, 45.0306349], [7.6961014, 45.030555], [7.6958944, 45.0304752], [7.6956817, 45.0304598], [7.6950334, 45.0304428], [7.6943851, 45.0304258], [7.6937895, 45.0304276], [7.6926034, 45.0303054], [7.6923514, 45.0303004], [7.6920293, 45.0303048], [7.6919488, 45.0302857], [7.6919044, 45.0302665], [7.6918633, 45.0302349], [7.6918079, 45.0301756], [7.6918028, 45.0301419], [7.6918071, 45.0298307], [7.6917901, 45.0295678], [7.6917665, 45.0294963], [7.6916842, 45.0294563], [7.6913921, 45.0293439], [7.6911493, 45.0292839], [7.6907818, 45.0292414], [7.6901886, 45.0291861]]]}}]}